⚠ [2621/2637] Replayed denote.Denote
warning: denote/Denote.lean:1:0: 'Mathlib.Data.Real.Archimedean' has been deprecated: please replace this import by

import Mathlib.Algebra.Order.Archimedean.Real.Basic
warning: denote/Denote.lean:1:0: 'Mathlib.Data.Real.Sqrt' has been deprecated: please replace this import by

import Mathlib.Analysis.Real.Sqrt
warning: denote/Denote.lean:20:0: Unscoped option linter.flexible is not allowed:
Please scope this to individual declarations, as in
```
set_option linter.flexible in
-- comment explaining why this is necessary
example : ... := ...
```

Note: This linter can be disabled with `set_option linter.style.setOption false`
warning: denote/Denote.lean:676:14: The `show` tactic should only be used to indicate intermediate goal states for readability.
However, this tactic invocation changed the goal. Please use `change` instead for these purposes.

Note: This linter can be disabled with `set_option linter.style.show false`
warning: denote/Denote.lean:715:2: The `show` tactic should only be used to indicate intermediate goal states for readability.
However, this tactic invocation changed the goal. Please use `change` instead for these purposes.

Note: This linter can be disabled with `set_option linter.style.show false`
warning: denote/Denote.lean:2404:2: The `show` tactic should only be used to indicate intermediate goal states for readability.
However, this tactic invocation changed the goal. Please use `change` instead for these purposes.

Note: This linter can be disabled with `set_option linter.style.show false`
warning: denote/Denote.lean:2572:35: This simp argument is unused:
  List.foldl

Hint: Omit it from the simp argument list.
  simp [tensorSum, Tensor.mkShape,̵ ̵L̵i̵s̵t̵.̵f̵o̵l̵d̵l̵]

Note: This linter can be disabled with `set_option linter.unusedSimpArgs false`
warning: denote/Denote.lean:2576:32: Variable name `hb` is not explicitly referenced.

The binding can be removed (if unused) or named `_` (if used implicitly).

Note: This linter can be disabled with `set_option linter.unusedVariables false`
warning: denote/Denote.lean:2594:13: The `show` tactic should only be used to indicate intermediate goal states for readability.
However, this tactic invocation changed the goal. Please use `change` instead for these purposes.

Note: This linter can be disabled with `set_option linter.style.show false`
warning: denote/Denote.lean:2608:4: The `show` tactic should only be used to indicate intermediate goal states for readability.
However, this tactic invocation changed the goal. Please use `change` instead for these purposes.

Note: This linter can be disabled with `set_option linter.style.show false`
warning: denote/Denote.lean:2680:34: Variable name `hb1` is not explicitly referenced.

The binding can be removed (if unused) or named `_` (if used implicitly).

Note: This linter can be disabled with `set_option linter.unusedVariables false`
warning: denote/Denote.lean:2681:5: Variable name `hb2` is not explicitly referenced.

The binding can be removed (if unused) or named `_` (if used implicitly).

Note: This linter can be disabled with `set_option linter.unusedVariables false`
warning: denote/Denote.lean:2681:34: Variable name `hb3` is not explicitly referenced.

The binding can be removed (if unused) or named `_` (if used implicitly).

Note: This linter can be disabled with `set_option linter.unusedVariables false`
warning: denote/Denote.lean:2750:24: This simp argument is unused:
  List.getD

Hint: Omit it from the simp argument list.
  simp only [List.getD̵,̵ ̵L̵i̵s̵t̵.̵g̵e̵t̵Elem?_cons_zero, List.getElem?_cons_succ, Option.getD_some]

Note: This linter can be disabled with `set_option linter.unusedSimpArgs false`
warning: denote/Denote.lean:2750:60: This simp argument is unused:
  List.getElem?_cons_succ

Hint: Omit it from the simp argument list.
  simp only [List.getD, List.getElem?_cons_zero, L̵i̵s̵t̵.̵g̵e̵t̵E̵l̵e̵m̵?̵_̵c̵o̵n̵s̵_̵s̵u̵c̵c̵,̵ ̵Option.getD_some]

Note: This linter can be disabled with `set_option linter.unusedSimpArgs false`
warning: denote/Denote.lean:2755:24: This simp argument is unused:
  List.getD

Hint: Omit it from the simp argument list.
  simp only [List.getD̵,̵ ̵L̵i̵s̵t̵.̵g̵e̵t̵Elem?_cons_zero, List.getElem?_cons_succ, Option.getD_some]

Note: This linter can be disabled with `set_option linter.unusedSimpArgs false`
warning: denote/Denote.lean:2760:24: This simp argument is unused:
  List.getD

Hint: Omit it from the simp argument list.
  simp only [List.getD̵,̵ ̵L̵i̵s̵t̵.̵g̵e̵t̵Elem?_cons_zero, List.getElem?_cons_succ, Option.getD_some]

Note: This linter can be disabled with `set_option linter.unusedSimpArgs false`
warning: denote/Denote.lean:2765:24: This simp argument is unused:
  List.getD

Hint: Omit it from the simp argument list.
  simp only [List.getD̵,̵ ̵L̵i̵s̵t̵.̵g̵e̵t̵Elem?_cons_zero, List.getElem?_cons_succ, Option.getD_some]

Note: This linter can be disabled with `set_option linter.unusedSimpArgs false`
warning: denote/Denote.lean:2931:4: This simp argument is unused:
  show (8 : Nat) ≠ 0 by omega

Hint: Omit it from the simp argument list.
  simp only [hheadR, List.getD, List.getElem?_cons_zero, List.getElem?_cons_succ, Option.getD_some,
  ̲  ̲ ̲ ̲List.drop, List.foldl, show (̵8̵ ̵:̵ ̵N̵a̵t̵)̵ ̵≠̵ ̵0̵ ̵b̵y̵ ̵o̵m̵e̵g̵a̵,̵ ̵s̵h̵o̵w̵ ̵(32 : Nat) ≠ 0 by omega, show (1 : Nat) ≠ 0 by omega, ite_false]

Note: This linter can be disabled with `set_option linter.unusedSimpArgs false`
warning: denote/Denote.lean:4142:13: This simp argument is unused:
  Prod.fst

Hint: Omit it from the simp argument list.
  simp only [̵P̵r̵o̵d̵.̵f̵s̵t̵]̵ ̵at heq

Note: This linter can be disabled with `set_option linter.unusedSimpArgs false`
warning: denote/Denote.lean:4438:5: Variable name `hne` is not explicitly referenced.

The binding can be removed (if unused) or named `_` (if used implicitly).

Note: This linter can be disabled with `set_option linter.unusedVariables false`
warning: denote/Denote.lean:4447:20: This simp argument is unused:
  hne

Hint: Omit it from the simp argument list.
  simp [List.find?,̵ ̵h̵n̵e̵]

Note: This linter can be disabled with `set_option linter.unusedSimpArgs false`
warning: denote/Denote.lean:4602:61: This simp argument is unused:
  List.foldl

Hint: Omit it from the simp argument list.
  simp only [zeroTensor, Tensor.mkShape, valAt, prodShape,̵ ̵L̵i̵s̵t̵.̵f̵o̵l̵d̵l̵]

Note: This linter can be disabled with `set_option linter.unusedSimpArgs false`
warning: denote/Denote.lean:4751:48: This simp argument is unused:
  List.find?

Hint: Omit it from the simp argument list.
  simp [List.zip, List.zipWith, List.replicate,̵ ̵L̵i̵s̵t̵.̵f̵i̵n̵d̵?̵]

Note: This linter can be disabled with `set_option linter.unusedSimpArgs false`
warning: denote/Denote.lean:5021:2: The `show` tactic should only be used to indicate intermediate goal states for readability.
However, this tactic invocation changed the goal. Please use `change` instead for these purposes.

Note: This linter can be disabled with `set_option linter.style.show false`
warning: denote/Denote.lean:5112:26: This simp argument is unused:
  decide_eq_true_iff

Hint: Omit it from the simp argument list.
  simp [List.find?, hne',̵ ̵d̵e̵c̵i̵d̵e̵_̵e̵q̵_̵t̵r̵u̵e̵_̵i̵f̵f̵]

Note: This linter can be disabled with `set_option linter.unusedSimpArgs false`
warning: denote/Denote.lean:5138:4: This simp argument is unused:
  show (8 : Nat) ≠ 0 by omega

Hint: Omit it from the simp argument list.
  simp only [hx, List.getD, List.getElem?_cons_zero, List.getElem?_cons_succ,
  ̵  ̵ ̵ ̵Option.getD_some,
  ̲  ̲ ̲ ̲List.drop, List.foldl,
  ̵  ̵ ̵ ̵show (4 : Nat) ≠ 0 by omega, show (32 : Nat) ≠ 0 by omega,
      show (8̵ ̵:̵ ̵N̵a̵t̵)̵ ̵≠̵ ̵0̵ ̵b̵y̵ ̵o̵m̵e̵g̵a̵,̵ ̵s̵h̵o̵w̵ ̵(̵2 : Nat) ≠ 0 by omega,
  ̵  ̵ ̵ ̵show (1 : Nat) ≠ 0 by omega, ite_false]

Note: This linter can be disabled with `set_option linter.unusedSimpArgs false`
warning: denote/Denote.lean:5138:33: This simp argument is unused:
  show (2 : Nat) ≠ 0 by omega

Hint: Omit it from the simp argument list.
  simp only [hx, List.getD, List.getElem?_cons_zero, List.getElem?_cons_succ,
  ̵  ̵ ̵ ̵Option.getD_some,
  ̲  ̲ ̲ ̲List.drop, List.foldl,
  ̵  ̵ ̵ ̵show (4 : Nat) ≠ 0 by omega, show (32 : Nat) ≠ 0 by omega,
      show (8 : Nat) ≠ 0 by omega, show (2̵ ̵:̵ ̵N̵a̵t̵)̵ ̵≠̵ ̵0̵ ̵b̵y̵ ̵o̵m̵e̵g̵a̵,̵
  ̵ ̵ ̵ ̵ ̵s̵h̵o̵w̵ ̵(̵1 : Nat) ≠ 0 by omega, ite_false]

Note: This linter can be disabled with `set_option linter.unusedSimpArgs false`
warning: denote/Denote.lean:5139:4: This simp argument is unused:
  show (1 : Nat) ≠ 0 by omega

Hint: Omit it from the simp argument list.
  simp only [hx, List.getD, List.getElem?_cons_zero, List.getElem?_cons_succ,
  ̵  ̵ ̵ ̵Option.getD_some,
  ̲  ̲ ̲ ̲List.drop, List.foldl,
  ̵  ̵ ̵ ̵show (4 : Nat) ≠ 0 by omega, show (32 : Nat) ≠ 0 by omega,
      show (8 : Nat) ≠ 0 by omega, show (2 : Nat) ≠ 0 by omega,
  ̵  ̵ ̵ ̵s̵h̵o̵w̵ ̵(̵1̵ ̵:̵ ̵N̵a̵t̵)̵ ̵≠̵ ̵0̵ ̵b̵y̵ ̵o̵m̵e̵g̵a̵,̵ ̵ite_false]

Note: This linter can be disabled with `set_option linter.unusedSimpArgs false`
warning: denote/Denote.lean:5150:59: This simp argument is unused:
  show (32 : Nat) ≠ 0 by omega

Hint: Omit it from the simp argument list.
  simp only [h1, h2, h3, h4, show (64 : Nat) ≠ 0 by omega, s̵h̵o̵w̵ ̵(̵3̵2̵ ̵:̵ ̵N̵a̵t̵)̵ ̵≠̵ ̵0̵ ̵b̵y̵ ̵o̵m̵e̵g̵a̵,̵
  ̵ ̵ ̵ ̵ ̵ite_false]

Note: This linter can be disabled with `set_option linter.unusedSimpArgs false`
warning: denote/Denote.lean:5324:6: This simp argument is unused:
  show (8 : Nat) ≠ 0 by omega

Hint: Omit it from the simp argument list.
  simp only [hhead, List.getD, List.getElem?_cons_zero, List.getElem?_cons_succ, Option.getD_some,
  ̲  ̲ ̲ ̲ ̲ ̲List.drop, List.foldl, show (̵8̵ ̵:̵ ̵N̵a̵t̵)̵ ̵≠̵ ̵0̵ ̵b̵y̵ ̵o̵m̵e̵g̵a̵,̵ ̵s̵h̵o̵w̵ ̵(32 : Nat) ≠ 0 by omega, show (4 : Nat) ≠ 0 by omega,
  ̲  ̲ ̲ ̲ ̲ ̲show (2 : Nat) ≠ 0 by omega, show (1 : Nat) ≠ 0 by omega, ite_false]

Note: This linter can be disabled with `set_option linter.unusedSimpArgs false`
warning: denote/Denote.lean:5325:6: This simp argument is unused:
  show (4 : Nat) ≠ 0 by omega

Hint: Omit it from the simp argument list.
  simp only [hhead, List.getD, List.getElem?_cons_zero, List.getElem?_cons_succ, Option.getD_some,
  ̲  ̲ ̲ ̲ ̲ ̲List.drop, List.foldl, show (8 : Nat) ≠ 0 by omega, show (32 : Nat) ≠ 0 by omega,
        show (̵4̵ ̵:̵ ̵N̵a̵t̵)̵ ̵≠̵ ̵0̵ ̵b̵y̵ ̵o̵m̵e̵g̵a̵,̵ ̵s̵h̵o̵w̵ ̵(2 : Nat) ≠ 0 by omega, show (1 : Nat) ≠ 0 by omega, ite_false]

Note: This linter can be disabled with `set_option linter.unusedSimpArgs false`
warning: denote/Denote.lean:5326:6: This simp argument is unused:
  show (1 : Nat) ≠ 0 by omega

Hint: Omit it from the simp argument list.
  simp only [hhead, List.getD, List.getElem?_cons_zero, List.getElem?_cons_succ, Option.getD_some,
  ̲  ̲ ̲ ̲ ̲ ̲List.drop, List.foldl, show (8 : Nat) ≠ 0 by omega, show (32 : Nat) ≠ 0 by omega,
        show (4 : Nat) ≠ 0 by omega, show (2 : Nat) ≠ 0 by omega, s̵h̵o̵w̵ ̵(̵1̵ ̵:̵ ̵N̵a̵t̵)̵ ̵≠̵ ̵0̵ ̵b̵y̵ ̵o̵m̵e̵g̵a̵,̵ ̵ite_false]

Note: This linter can be disabled with `set_option linter.unusedSimpArgs false`
warning: denote/Denote.lean:5329:6: This simp argument is unused:
  show (2 : Nat) * 1 = 2 by norm_num

Hint: Omit it from the simp argument list.
  simp only [show (2 : Nat) * 4 * 1 = 8 by norm_num, show (̵2̵ ̵:̵ ̵N̵a̵t̵)̵ ̵*̵ ̵1̵ ̵=̵ ̵2̵ ̵b̵y̵ ̵n̵o̵r̵m̵_̵n̵u̵m̵,̵
  ̵ ̵ ̵ ̵ ̵ ̵ ̵s̵h̵o̵w̵ ̵(8 : Nat) * (1 * 32) = 256 by norm_num,
        show (1 : Nat) * 32 = 32 by norm_num, show (2 : Nat) * (1 * 32) = 64 by norm_num,
        show (256 : Nat) = 0 ↔ False by simp, show (32 : Nat) = 0 ↔ False by simp,
        show (64 : Nat) = 0 ↔ False by simp, ite_false]

Note: This linter can be disabled with `set_option linter.unusedSimpArgs false`
warning: denote/Denote.lean:5334:6: This simp argument is unused:
  show (32 : Nat) = 0 ↔ False by simp

Hint: Omit it from the simp argument list.
  simp only [show (2 : Nat) * 4 * 1 = 8 by norm_num, show (2 : Nat) * 1 = 2 by norm_num,
        show (8 : Nat) * (1 * 32) = 256 by norm_num, show (1 : Nat) * 32 = 32 by norm_num,
        show (2 : Nat) * (1 * 32) = 64 by norm_num, show (256 : Nat) = 0 ↔ False by simp,
        show (̵3̵2̵ ̵:̵ ̵N̵a̵t̵)̵ ̵=̵ ̵0̵ ̵↔̵ ̵F̵a̵l̵s̵e̵ ̵b̵y̵ ̵s̵i̵m̵p̵,̵
  ̵ ̵ ̵ ̵ ̵ ̵ ̵s̵h̵o̵w̵ ̵(64 : Nat) = 0 ↔ False by simp, ite_false]

Note: This linter can be disabled with `set_option linter.unusedSimpArgs false`
warning: denote/Denote.lean:5335:6: This simp argument is unused:
  show (64 : Nat) = 0 ↔ False by simp

Hint: Omit it from the simp argument list.
  simp only [show (2 : Nat) * 4 * 1 = 8 by norm_num, show (2 : Nat) * 1 = 2 by norm_num,
        show (8 : Nat) * (1 * 32) = 256 by norm_num, show (1 : Nat) * 32 = 32 by norm_num,
        show (2 : Nat) * (1 * 32) = 64 by norm_num, show (256 : Nat) = 0 ↔ False by simp,
        show (32 : Nat) = 0 ↔ False by simp, s̵h̵o̵w̵ ̵(̵6̵4̵ ̵:̵ ̵N̵a̵t̵)̵ ̵=̵ ̵0̵ ̵↔̵ ̵F̵a̵l̵s̵e̵ ̵b̵y̵ ̵s̵i̵m̵p̵,̵ite_false]

Note: This linter can be disabled with `set_option linter.unusedSimpArgs false`
warning: denote/Denote.lean:5404:4: This simp argument is unused:
  show (8 : Nat) ≠ 0 by omega

Hint: Omit it from the simp argument list.
  simp only [hhead, List.getD, List.getElem?_cons_zero, List.getElem?_cons_succ, Option.getD_some,
  ̲  ̲ ̲ ̲List.drop, List.foldl, show (̵8̵ ̵:̵ ̵N̵a̵t̵)̵ ̵≠̵ ̵0̵ ̵b̵y̵ ̵o̵m̵e̵g̵a̵,̵ ̵s̵h̵o̵w̵ ̵(32 : Nat) ≠ 0 by omega, show (4 : Nat) ≠ 0 by omega,
  ̲  ̲ ̲ ̲show (2 : Nat) ≠ 0 by omega, show (1 : Nat) ≠ 0 by omega, ite_false]

Note: This linter can be disabled with `set_option linter.unusedSimpArgs false`
warning: denote/Denote.lean:5405:4: This simp argument is unused:
  show (4 : Nat) ≠ 0 by omega

Hint: Omit it from the simp argument list.
  simp only [hhead, List.getD, List.getElem?_cons_zero, List.getElem?_cons_succ,
  ̵  ̵ ̵ ̵Option.getD_some,
  ̲  ̲ ̲ ̲List.drop, List.foldl,
  ̵  ̵ ̵ ̵show (8 : Nat) ≠ 0 by omega, show (32 : Nat) ≠ 0 by omega,
      show (4̵ ̵:̵ ̵N̵a̵t̵)̵ ̵≠̵ ̵0̵ ̵b̵y̵ ̵o̵m̵e̵g̵a̵,̵ ̵s̵h̵o̵w̵ ̵(̵2 : Nat) ≠ 0 by omega,
  ̵  ̵ ̵ ̵show (1 : Nat) ≠ 0 by omega, ite_false]

Note: This linter can be disabled with `set_option linter.unusedSimpArgs false`
warning: denote/Denote.lean:5406:4: This simp argument is unused:
  show (1 : Nat) ≠ 0 by omega

Hint: Omit it from the simp argument list.
  simp only [hhead, List.getD, List.getElem?_cons_zero, List.getElem?_cons_succ,
  ̵  ̵ ̵ ̵Option.getD_some,
  ̲  ̲ ̲ ̲List.drop, List.foldl,
  ̵  ̵ ̵ ̵show (8 : Nat) ≠ 0 by omega, show (32 : Nat) ≠ 0 by omega,
      show (4 : Nat) ≠ 0 by omega, show (2 : Nat) ≠ 0 by omega,
  ̵  ̵ ̵ ̵s̵h̵o̵w̵ ̵(̵1̵ ̵:̵ ̵N̵a̵t̵)̵ ̵≠̵ ̵0̵ ̵b̵y̵ ̵o̵m̵e̵g̵a̵,̵ ̵ite_false]

Note: This linter can be disabled with `set_option linter.unusedSimpArgs false`
warning: denote/Denote.lean:5409:4: This simp argument is unused:
  show (2 : Nat) * 1 = 2 by norm_num

Hint: Omit it from the simp argument list.
  simp only [show (2 : Nat) * 4 * 1 = 8 by norm_num,
  ̵  ̵ ̵ ̵show (2̵ ̵:̵ ̵N̵a̵t̵)̵ ̵*̵ ̵1̵ ̵=̵ ̵2̵ ̵b̵y̵ ̵n̵o̵r̵m̵_̵n̵u̵m̵,̵
  ̵ ̵ ̵ ̵ ̵s̵h̵o̵w̵ ̵(̵8 : Nat) * (1 * 32) = 256 by norm_num,
      show (1 : Nat) * 32 = 32 by norm_num,
  ̵  ̵ ̵ ̵show (2 : Nat) * (1 * 32) = 64 by norm_num,
      show (256 : Nat) = 0 ↔ False by simp,
  ̵  ̵ ̵ ̵show (32 : Nat) = 0 ↔ False by simp,
      show (64 : Nat) = 0 ↔ False by simp,
  ̵  ̵ ̵ ̵ite_false]

Note: This linter can be disabled with `set_option linter.unusedSimpArgs false`
warning: denote/Denote.lean:5414:4: This simp argument is unused:
  show (32 : Nat) = 0 ↔ False by simp

Hint: Omit it from the simp argument list.
  simp only [show (2 : Nat) * 4 * 1 = 8 by norm_num,
  ̵  ̵ ̵ ̵show (2 : Nat) * 1 = 2 by norm_num,
      show (8 : Nat) * (1 * 32) = 256 by norm_num,
  ̵  ̵ ̵ ̵show (1 : Nat) * 32 = 32 by norm_num,
      show (2 : Nat) * (1 * 32) = 64 by norm_num,
  ̵  ̵ ̵ ̵show (256 : Nat) = 0 ↔ False by simp,
      show (3̵2̵ ̵:̵ ̵N̵a̵t̵)̵ ̵=̵ ̵0̵ ̵↔̵ ̵F̵a̵l̵s̵e̵ ̵b̵y̵ ̵s̵i̵m̵p̵,̵
  ̵ ̵ ̵ ̵ ̵s̵h̵o̵w̵ ̵(̵64 : Nat) = 0 ↔ False by simp,
  ̵  ̵ ̵ ̵ite_false]

Note: This linter can be disabled with `set_option linter.unusedSimpArgs false`
warning: denote/Denote.lean:5415:4: This simp argument is unused:
  show (64 : Nat) = 0 ↔ False by simp

Hint: Omit it from the simp argument list.
  simp only [show (2 : Nat) * 4 * 1 = 8 by norm_num,
  ̵  ̵ ̵ ̵show (2 : Nat) * 1 = 2 by norm_num,
      show (8 : Nat) * (1 * 32) = 256 by norm_num,
  ̵  ̵ ̵ ̵show (1 : Nat) * 32 = 32 by norm_num,
      show (2 : Nat) * (1 * 32) = 64 by norm_num,
  ̵  ̵ ̵ ̵show (256 : Nat) = 0 ↔ False by simp,
      show (32 : Nat) = 0 ↔ False by simp,
  ̵  ̵ ̵ ̵s̵h̵o̵w̵ ̵(̵6̵4̵ ̵:̵ ̵N̵a̵t̵)̵ ̵=̵ ̵0̵ ̵↔̵ ̵F̵a̵l̵s̵e̵ ̵b̵y̵ ̵s̵im̵p̵,̵
  ̵ ̵ ̵ ̵ ̵i̵te_false]

Note: This linter can be disabled with `set_option linter.unusedSimpArgs false`
warning: denote/Denote.lean:5491:25: This simp argument is unused:
  List.getD

Hint: Omit it from the simp argument list.
  simp only [List.map, List.getD̵,̵ ̵L̵i̵s̵t̵.̵g̵e̵t̵Elem?_cons_zero, List.getElem?_cons_succ,
  ̵  ̵ ̵ ̵ ̵ ̵Option.getD_some]

Note: This linter can be disabled with `set_option linter.unusedSimpArgs false`
warning: denote/Denote.lean:5491:36: This simp argument is unused:
  List.getElem?_cons_zero

Hint: Omit it from the simp argument list.
  simp only [List.map, List.getD, L̵i̵s̵t̵.̵g̵e̵t̵E̵l̵e̵m̵?̵_̵c̵o̵n̵s̵_̵z̵e̵r̵o̵,̵ ̵List.getElem?_cons_succ, Option.getD_some]

Note: This linter can be disabled with `set_option linter.unusedSimpArgs false`
warning: denote/Denote.lean:5491:61: This simp argument is unused:
  List.getElem?_cons_succ

Hint: Omit it from the simp argument list.
  simp only [List.map, List.getD, List.getElem?_cons_zero, L̵i̵s̵t̵.̵g̵e̵t̵E̵l̵e̵m̵?̵_̵c̵o̵n̵s̵_̵s̵u̵c̵c̵,̵
  ̵ ̵ ̵ ̵ ̵ ̵ ̵Option.getD_some]

Note: This linter can be disabled with `set_option linter.unusedSimpArgs false`
warning: denote/Denote.lean:5492:6: This simp argument is unused:
  Option.getD_some

Hint: Omit it from the simp argument list.
  simp only [List.map, List.getD, List.getElem?_cons_zero, List.getElem?_cons_succ,̵
  ̵ ̵ ̵ ̵ ̵ ̵ ̵O̵p̵t̵i̵o̵n̵.̵g̵e̵t̵D̵_̵s̵o̵m̵e̵]

Note: This linter can be disabled with `set_option linter.unusedSimpArgs false`
warning: denote/Denote.lean:5708:0: Please, add a comment explaining the need for modifying the maxHeartbeat limit, as in
set_option maxHeartbeats 1600000 in
-- reason for change
...

Note: This linter can be disabled with `set_option linter.style.maxHeartbeats false`
warning: denote/Denote.lean:5804:0: Please, add a comment explaining the need for modifying the maxHeartbeat limit, as in
set_option maxHeartbeats 4000000 in
-- reason for change
...

Note: This linter can be disabled with `set_option linter.style.maxHeartbeats false`
warning: denote/Denote.lean:5813:49: missing space in the source

This part of the code
  '(s+1) 0'
should be written as
  '(s + 1)'


Note: This linter can be disabled with `set_option linter.style.whitespace false`
warning: denote/Denote.lean:5928:9: Variable name `h` is not explicitly referenced.

The binding can be removed (if unused) or named `_` (if used implicitly).

Note: This linter can be disabled with `set_option linter.unusedVariables false`
warning: denote/Denote.lean:5941:9: Variable name `h` is not explicitly referenced.

The binding can be removed (if unused) or named `_` (if used implicitly).

Note: This linter can be disabled with `set_option linter.unusedVariables false`
warning: denote/Denote.lean:5978:33: This simp argument is unused:
  show (8 : Nat) ≠ 0 by omega

Hint: Omit it from the simp argument list.
  simp only [hx, List.getD, List.getElem?_cons_zero, List.getElem?_cons_succ, Option.getD_some,
  ̲  ̲ ̲ ̲List.drop, List.foldl, show (4 : Nat) ≠ 0 by omega, show (̵8̵ ̵:̵ ̵N̵a̵t̵)̵ ̵≠̵ ̵0̵ ̵b̵y̵ ̵o̵m̵e̵g̵a̵,̵
  ̵ ̵ ̵ ̵ ̵s̵h̵o̵w̵ ̵(2 : Nat) ≠ 0 by omega,
  ̲  ̲ ̲ ̲show (1 : Nat) ≠ 0 by omega, ite_false]

Note: This linter can be disabled with `set_option linter.unusedSimpArgs false`
warning: denote/Denote.lean:5985:4: This simp argument is unused:
  show (2 : Nat) ≠ 0 by omega

Hint: Omit it from the simp argument list.
  simp only [h1, show (2 : Nat) * 1 = 2 by norm_num, show (8 : Nat) * 1 = 8 by norm_num,
      show (2̵ ̵:̵ ̵N̵a̵t̵)̵ ̵≠̵ ̵0̵ ̵b̵y̵ ̵o̵m̵e̵g̵a̵,̵ ̵s̵h̵o̵w̵ ̵(̵1 : Nat) ≠ 0 by omega, ite_false]

Note: This linter can be disabled with `set_option linter.unusedSimpArgs false`
warning: denote/Denote.lean:5985:33: This simp argument is unused:
  show (1 : Nat) ≠ 0 by omega

Hint: Omit it from the simp argument list.
  simp only [h1, show (2 : Nat) * 1 = 2 by norm_num, show (8 : Nat) * 1 = 8 by norm_num,
      show (2 : Nat) ≠ 0 by omega, s̵h̵o̵w̵ ̵(̵1̵ ̵:̵ ̵N̵a̵t̵)̵ ̵≠̵ ̵0̵ ̵b̵y̵ ̵o̵m̵e̵g̵a̵,̵ ̵ite_false]

Note: This linter can be disabled with `set_option linter.unusedSimpArgs false`
warning: denote/Denote.lean:5985:62: This simp argument is unused:
  ite_false

Hint: Omit it from the simp argument list.
  simp only [h1, show (2 : Nat) * 1 = 2 by norm_num, show (8 : Nat) * 1 = 8 by norm_num,
      show (2 : Nat) ≠ 0 by omega, show (1 : Nat) ≠ 0 by omega,̵ ̵i̵t̵e̵_̵f̵a̵l̵s̵e̵]

Note: This linter can be disabled with `set_option linter.unusedSimpArgs false`
warning: denote/Denote.lean:6255:4: `push_neg` has been deprecated. Prefer using `push Not` instead.
If you'd rather continue using `push_neg` in your project, you can implement it as follows:
```
open Lean.Parser.Tactic in
macro "push_neg" cfg:optConfig loc:(location)? : tactic =>
  `(tactic| push $cfg:optConfig Not $[$loc]?)
```
warning: denote/Denote.lean:6513:35: This simp argument is unused:
  List.foldl

Hint: Omit it from the simp argument list.
  simp [tensorSum, Tensor.mkShape,̵ ̵L̵i̵s̵t̵.̵f̵o̵l̵d̵l̵]

Note: This linter can be disabled with `set_option linter.unusedSimpArgs false`
warning: denote/Denote.lean:6619:59: This simp argument is unused:
  Nat.zero_add

Hint: Omit it from the simp argument list.
  simp only [Finset.sum_range_succ, Finset.sum_range_zero,̵ ̵N̵a̵t̵.̵z̵e̵r̵o̵_̵a̵d̵d̵]

Note: This linter can be disabled with `set_option linter.unusedSimpArgs false`
warning: denote/Denote.lean:7152:0: Please, add a comment explaining the need for modifying the maxHeartbeat limit, as in
set_option maxHeartbeats 1600000 in
-- reason for change
...

Note: This linter can be disabled with `set_option linter.style.maxHeartbeats false`
warning: denote/Denote.lean:7417:20: `push_neg` has been deprecated. Prefer using `push Not` instead.
If you'd rather continue using `push_neg` in your project, you can implement it as follows:
```
open Lean.Parser.Tactic in
macro "push_neg" cfg:optConfig loc:(location)? : tactic =>
  `(tactic| push $cfg:optConfig Not $[$loc]?)
```
warning: denote/Denote.lean:7976:53: This simp argument is unused:
  Nat.one_mul

Hint: Omit it from the simp argument list.
  simp ̵[̵N̵a̵t̵.̵o̵n̵e̵_̵m̵u̵l̵]̵

Note: This linter can be disabled with `set_option linter.unusedSimpArgs false`
warning: denote/Denote.lean:7882:0: Please, add a comment explaining the need for modifying the maxHeartbeat limit, as in
set_option maxHeartbeats 800000 in
-- reason for change
...

Note: This linter can be disabled with `set_option linter.style.maxHeartbeats false`
warning: denote/Denote.lean:8020:45: This simp argument is unused:
  List.set

Hint: Omit it from the simp argument list.
  simp only [allGatherPrimDimN, allGatherPrim, Tensor.mkShape, hhead, List.getD,
  ̲  ̲ ̲ ̲List.getElem?_cons_zero, List.getElem?_cons_succ, Option.getD_some, List.drop, List.foldl,
  ̲  ̲ ̲ ̲L̵i̵s̵t̵.̵s̵e̵t̵,̵ ̵dropLast, lastD, appendLast, Nat.mul_one, Nat.add_zero, Nat.div_one, Nat.mod_one,
      show shard ≠ 0 from Nat.ne_of_gt hshard,
      show shard * numParts ≠ 0 from Nat.ne_of_gt (Nat.mul_pos hshard hnp),
      show (1 : Nat) ≠ 0 from by omega, ite_false,
      show ([o, shard] : List Nat).getLastD 0 = shard from by simp [List.getLastD],
      show ([o, shard] : List Nat).dropLast = [o] from by simp [List.dropLast]]

Note: This linter can be disabled with `set_option linter.unusedSimpArgs false`
warning: denote/Denote.lean:8044:4: This simp argument is unused:
  Nat.reduceDiv

Hint: Omit it from the simp argument list.
  simp only [hhead, List.getD, List.getElem?_cons_zero, List.getElem?_cons_succ,
  ̵  ̵ ̵ ̵Option.getD_some,
  ̲  ̲ ̲ ̲List.drop, List.foldl, Nat.reduceMul, Nat.reduceAdd,
  ̵  ̵ ̵ ̵Nat.reduceD̵i̵v̵,̵ ̵N̵a̵t̵.̵r̵e̵d̵u̵c̵e̵Mod, Nat.div_one, Nat.mod_one,
  ̲  ̲ ̲ ̲Nat.mul_one,
  ̵  ̵ ̵ ̵Nat.add_zero, Nat.zero_add, show (8 : Nat) ≠ 0 from by omega,
      show (32 : Nat) ≠ 0 from by omega,
  ̵  ̵ ̵ ̵show (1 : Nat) ≠ 0 from by omega, ite_false, List.set]

Note: This linter can be disabled with `set_option linter.unusedSimpArgs false`
warning: denote/Denote.lean:8044:19: This simp argument is unused:
  Nat.reduceMod

Hint: Omit it from the simp argument list.
  simp only [hhead, List.getD, List.getElem?_cons_zero, List.getElem?_cons_succ,
  ̵  ̵ ̵ ̵Option.getD_some,
  ̲  ̲ ̲ ̲List.drop, List.foldl, Nat.reduceMul, Nat.reduceAdd,
  ̵  ̵ ̵ ̵Nat.reduceDiv, Nat.r̵e̵du̵c̵e̵M̵o̵d̵,̵ ̵N̵a̵t̵.̵d̵iv_one, Nat.mod_one,
  ̲  ̲ ̲ ̲Nat.mul_one,
  ̵  ̵ ̵ ̵Nat.add_zero, Nat.zero_add, show (8 : Nat) ≠ 0 from by omega,
      show (32 : Nat) ≠ 0 from by omega,
  ̵  ̵ ̵ ̵show (1 : Nat) ≠ 0 from by omega, ite_false, List.set]

Note: This linter can be disabled with `set_option linter.unusedSimpArgs false`
warning: denote/Denote.lean:8045:18: This simp argument is unused:
  Nat.zero_add

Hint: Omit it from the simp argument list.
  simp only [hhead, List.getD, List.getElem?_cons_zero, List.getElem?_cons_succ,
  ̵  ̵ ̵ ̵Option.getD_some,
  ̲  ̲ ̲ ̲List.drop, List.foldl, Nat.reduceMul, Nat.reduceAdd,
  ̵  ̵ ̵ ̵Nat.reduceDiv, Nat.reduceMod, Nat.div_one,
  ̲  ̲ ̲ ̲Nat.mod_one, Nat.mul_one,
  ̵  ̵ ̵ ̵Nat.add_zero, N̵a̵t̵.̵z̵e̵r̵o̵_̵a̵d̵d̵,̵ ̵show (8 : Nat) ≠ 0 from by omega,
      show (32 : Nat) ≠ 0 from by omega,
  ̵  ̵ ̵ ̵show (1 : Nat) ≠ 0 from by omega, ite_false, List.set]

Note: This linter can be disabled with `set_option linter.unusedSimpArgs false`
warning: denote/Denote.lean:8047:49: This simp argument is unused:
  List.set

Hint: Omit it from the simp argument list.
  simp only [hhead, List.getD, List.getElem?_cons_zero, List.getElem?_cons_succ,
  ̵  ̵ ̵ ̵Option.getD_some,
  ̲  ̲ ̲ ̲List.drop, List.foldl, Nat.reduceMul, Nat.reduceAdd,
  ̵  ̵ ̵ ̵Nat.reduceDiv, Nat.reduceMod, Nat.div_one,
  ̲  ̲ ̲ ̲Nat.mod_one, Nat.mul_one,
  ̵  ̵ ̵ ̵Nat.add_zero, Nat.zero_add, show (8 : Nat) ≠ 0 from by omega,
      show (32 : Nat) ≠ 0 from by omega,
  ̵  ̵ ̵ ̵show (1 : Nat) ≠ 0 from by omega, ite_false,̵ ̵L̵i̵s̵t̵.̵s̵e̵t̵]

Note: This linter can be disabled with `set_option linter.unusedSimpArgs false`
warning: denote/Denote.lean:8068:23: This simp argument is unused:
  List.getElem?_cons_zero

Hint: Omit it from the simp argument list.
  simp [List.getD, L̵i̵s̵t̵.̵g̵e̵t̵E̵l̵e̵m̵?̵_̵c̵o̵n̵s̵_̵z̵e̵r̵o̵,̵ ̵List.getElem?_cons_succ, hc0, hc1, hc2, hc3]

Note: This linter can be disabled with `set_option linter.unusedSimpArgs false`
warning: denote/Denote.lean:8068:48: This simp argument is unused:
  List.getElem?_cons_succ

Hint: Omit it from the simp argument list.
  simp [List.getD, List.getElem?_cons_zero, L̵i̵s̵t̵.̵g̵e̵t̵E̵l̵e̵m̵?̵_̵c̵o̵n̵s̵_̵s̵u̵c̵c̵,̵ ̵hc0, hc1, hc2, hc3]

Note: This linter can be disabled with `set_option linter.unusedSimpArgs false`
warning: denote/Denote.lean:8052:0: Please, add a comment explaining the need for modifying the maxHeartbeat limit, as in
set_option maxHeartbeats 800000 in
-- reason for change
...

Note: This linter can be disabled with `set_option linter.style.maxHeartbeats false`
warning: denote/Denote.lean:8341:33: This simp argument is unused:
  show (8 : Nat) ≠ 0 by omega

Hint: Omit it from the simp argument list.
  simp only [hx, List.getD, List.getElem?_cons_zero, List.getElem?_cons_succ,
  ̵  ̵ ̵ ̵Option.getD_some,
  ̲  ̲ ̲ ̲List.drop, List.foldl,
  ̵  ̵ ̵ ̵show (4 : Nat) ≠ 0 by omega, show (8̵ ̵:̵ ̵N̵a̵t̵)̵ ̵≠̵ ̵0̵ ̵b̵y̵ ̵o̵m̵e̵g̵a̵,̵
  ̵ ̵ ̵ ̵ ̵s̵h̵o̵w̵ ̵(̵1 : Nat) ≠ 0 by omega, ite_false,
      show (4 / 4 * (1 * 8 * 8) : Nat) ≠ 0 by decide,
  ̵  ̵ ̵ ̵show (1 * 8 * 8 : Nat) ≠ 0 by decide]

Note: This linter can be disabled with `set_option linter.unusedSimpArgs false`
warning: denote/Denote.lean:8342:4: This simp argument is unused:
  show (1 : Nat) ≠ 0 by omega

Hint: Omit it from the simp argument list.
  simp only [hx, List.getD, List.getElem?_cons_zero, List.getElem?_cons_succ,
  ̵  ̵ ̵ ̵Option.getD_some,
  ̲  ̲ ̲ ̲List.drop, List.foldl,
  ̵  ̵ ̵ ̵show (4 : Nat) ≠ 0 by omega, show (8 : Nat) ≠ 0 by omega,
  ̵  ̵ ̵ ̵s̵h̵o̵w̵ ̵(̵1̵ ̵:̵ ̵N̵a̵t̵)̵ ̵≠̵ ̵0̵ ̵b̵y̵ ̵o̵m̵e̵g̵a̵,̵ ̵ite_false,
      show (4 / 4 * (1 * 8 * 8) : Nat) ≠ 0 by decide,
  ̵  ̵ ̵ ̵show (1 * 8 * 8 : Nat) ≠ 0 by decide]

Note: This linter can be disabled with `set_option linter.unusedSimpArgs false`
warning: denote/Denote.lean:8344:4: This simp argument is unused:
  show (1 * 8 * 8 : Nat) ≠ 0 by decide

Hint: Omit it from the simp argument list.
  simp only [hx, List.getD, List.getElem?_cons_zero, List.getElem?_cons_succ, Option.getD_some,
  ̲  ̲ ̲ ̲List.drop, List.foldl, show (4 : Nat) ≠ 0 by omega, show (8 : Nat) ≠ 0 by omega,
      show (1 : Nat) ≠ 0 by omega, ite_false, show (4 / 4 * (1 * 8 * 8) : Nat) ≠ 0 by d̵e̵c̵i̵d̵e̵,̵
  ̵ ̵ ̵ ̵ ̵s̵h̵o̵w̵ ̵(̵1̵ ̵*̵ ̵8̵ ̵*̵ ̵8̵ ̵:̵ ̵N̵a̵t̵)̵ ̵≠̵ ̵0̵ ̵b̵y̵ ̵decide]

Note: This linter can be disabled with `set_option linter.unusedSimpArgs false`
warning: denote/Denote.lean:8352:36: Variable name `h1` is not explicitly referenced.

The binding can be removed (if unused) or named `_` (if used implicitly).

Note: This linter can be disabled with `set_option linter.unusedVariables false`
warning: denote/Denote.lean:8353:5: Variable name `h2` is not explicitly referenced.

The binding can be removed (if unused) or named `_` (if used implicitly).

Note: This linter can be disabled with `set_option linter.unusedVariables false`
warning: denote/Denote.lean:8353:36: Variable name `h3` is not explicitly referenced.

The binding can be removed (if unused) or named `_` (if used implicitly).

Note: This linter can be disabled with `set_option linter.unusedVariables false`
warning: denote/Denote.lean:8367:33: This simp argument is unused:
  show (8 : Nat) ≠ 0 by omega

Hint: Omit it from the simp argument list.
  simp only [hhead, List.getD, List.getElem?_cons_zero, List.getElem?_cons_succ,
  ̵  ̵ ̵ ̵Option.getD_some,
  ̲  ̲ ̲ ̲List.drop, List.foldl,
  ̵  ̵ ̵ ̵show (1 : Nat) ≠ 0 by omega, show (8̵ ̵:̵ ̵N̵a̵t̵)̵ ̵≠̵ ̵0̵ ̵b̵y̵ ̵o̵m̵e̵g̵a̵,̵
  ̵ ̵ ̵ ̵ ̵s̵h̵o̵w̵ ̵(̵4 : Nat) ≠ 0 by omega, ite_false,
      show (1 * (8 * (8 * 1)) * 4 : Nat) ≠ 0 by decide,
  ̵  ̵ ̵ ̵show (8 * (8 * 1) : Nat) ≠ 0 by decide,
      show (1 * 4 : Nat) = 4 by decide,
  ̵  ̵ ̵ ̵show (1 * 4 * (8 * (8 * 1)) : Nat) = 256 by decide]

Note: This linter can be disabled with `set_option linter.unusedSimpArgs false`
warning: denote/Denote.lean:8368:4: This simp argument is unused:
  show (4 : Nat) ≠ 0 by omega

Hint: Omit it from the simp argument list.
  simp only [hhead, List.getD, List.getElem?_cons_zero, List.getElem?_cons_succ,
  ̵  ̵ ̵ ̵Option.getD_some,
  ̲  ̲ ̲ ̲List.drop, List.foldl,
  ̵  ̵ ̵ ̵show (1 : Nat) ≠ 0 by omega, show (8 : Nat) ≠ 0 by omega,
  ̵  ̵ ̵ ̵s̵h̵o̵w̵ ̵(̵4̵ ̵:̵ ̵N̵a̵t̵)̵ ̵≠̵ ̵0̵ ̵b̵y̵ ̵o̵m̵e̵g̵a̵,̵ ̵ite_false,
      show (1 * (8 * (8 * 1)) * 4 : Nat) ≠ 0 by decide,
  ̵  ̵ ̵ ̵show (8 * (8 * 1) : Nat) ≠ 0 by decide,
      show (1 * 4 : Nat) = 4 by decide,
  ̵  ̵ ̵ ̵show (1 * 4 * (8 * (8 * 1)) : Nat) = 256 by decide]

Note: This linter can be disabled with `set_option linter.unusedSimpArgs false`
warning: denote/Denote.lean:8421:2: The `show` tactic should only be used to indicate intermediate goal states for readability.
However, this tactic invocation changed the goal. Please use `change` instead for these purposes.

Note: This linter can be disabled with `set_option linter.style.show false`
warning: denote/Denote.lean:8426:10: Used `tac1 <;> tac2` where `(tac1; tac2)` would suffice

Note: This linter can be disabled with `set_option linter.unnecessarySeqFocus false`
warning: denote/Denote.lean:8447:2: The `show` tactic should only be used to indicate intermediate goal states for readability.
However, this tactic invocation changed the goal. Please use `change` instead for these purposes.

Note: This linter can be disabled with `set_option linter.style.show false`
warning: denote/Denote.lean:8610:2: The `show` tactic should only be used to indicate intermediate goal states for readability.
However, this tactic invocation changed the goal. Please use `change` instead for these purposes.

Note: This linter can be disabled with `set_option linter.style.show false`
warning: denote/Denote.lean:8632:4: This simp argument is unused:
  show (8 : Nat) ≠ 0 by omega

Hint: Omit it from the simp argument list.
  simp only [hx, List.getD, List.getElem?_cons_zero, List.getElem?_cons_succ,
  ̵  ̵ ̵ ̵Option.getD_some,
  ̲  ̲ ̲ ̲List.drop, List.foldl,
  ̵  ̵ ̵ ̵show (4 : Nat) ≠ 0 by omega, show (128 : Nat) ≠ 0 by omega,
      show (8̵ ̵:̵ ̵N̵a̵t̵)̵ ̵≠̵ ̵0̵ ̵b̵y̵ ̵o̵m̵e̵g̵a̵,̵ ̵s̵h̵o̵w̵ ̵(̵2 : Nat) ≠ 0 by omega,
  ̵  ̵ ̵ ̵show (1 : Nat) ≠ 0 by omega, ite_false]

Note: This linter can be disabled with `set_option linter.unusedSimpArgs false`
warning: denote/Denote.lean:8632:33: This simp argument is unused:
  show (2 : Nat) ≠ 0 by omega

Hint: Omit it from the simp argument list.
  simp only [hx, List.getD, List.getElem?_cons_zero, List.getElem?_cons_succ,
  ̵  ̵ ̵ ̵Option.getD_some,
  ̲  ̲ ̲ ̲List.drop, List.foldl,
  ̵  ̵ ̵ ̵show (4 : Nat) ≠ 0 by omega, show (128 : Nat) ≠ 0 by omega,
      show (8 : Nat) ≠ 0 by omega, show (2̵ ̵:̵ ̵N̵a̵t̵)̵ ̵≠̵ ̵0̵ ̵b̵y̵ ̵o̵m̵e̵g̵a̵,̵
  ̵ ̵ ̵ ̵ ̵s̵h̵o̵w̵ ̵(̵1 : Nat) ≠ 0 by omega, ite_false]

Note: This linter can be disabled with `set_option linter.unusedSimpArgs false`
warning: denote/Denote.lean:8633:4: This simp argument is unused:
  show (1 : Nat) ≠ 0 by omega

Hint: Omit it from the simp argument list.
  simp only [hx, List.getD, List.getElem?_cons_zero, List.getElem?_cons_succ,
  ̵  ̵ ̵ ̵Option.getD_some,
  ̲  ̲ ̲ ̲List.drop, List.foldl,
  ̵  ̵ ̵ ̵show (4 : Nat) ≠ 0 by omega, show (128 : Nat) ≠ 0 by omega,
      show (8 : Nat) ≠ 0 by omega, show (2 : Nat) ≠ 0 by omega,
  ̵  ̵ ̵ ̵s̵h̵o̵w̵ ̵(̵1̵ ̵:̵ ̵N̵a̵t̵)̵ ̵≠̵ ̵0̵ ̵b̵y̵ ̵o̵m̵e̵g̵a̵,̵ ̵ite_false]

Note: This linter can be disabled with `set_option linter.unusedSimpArgs false`
warning: denote/Denote.lean:8641:60: This simp argument is unused:
  show (128 : Nat) ≠ 0 by omega

Hint: Omit it from the simp argument list.
  simp only [h1, h2, h3, h4, show (256 : Nat) ≠ 0 by omega, s̵h̵o̵w̵ ̵(̵1̵2̵8̵ ̵:̵ ̵N̵a̵t̵)̵ ̵≠̵ ̵0̵ ̵b̵y̵ ̵o̵m̵e̵g̵a̵,̵
  ̵ ̵ ̵ ̵ ̵ite_false]

Note: This linter can be disabled with `set_option linter.unusedSimpArgs false`
warning: denote/Denote.lean:8617:0: Please, add a comment explaining the need for modifying the maxHeartbeat limit, as in
set_option maxHeartbeats 400000 in
-- reason for change
...

Note: This linter can be disabled with `set_option linter.style.maxHeartbeats false`
warning: denote/Denote.lean:8668:4: This simp argument is unused:
  show (8 : Nat) ≠ 0 by omega

Hint: Omit it from the simp argument list.
  simp only [hhead, List.getD, List.getElem?_cons_zero, List.getElem?_cons_succ, Option.getD_some,
  ̲  ̲ ̲ ̲List.drop, List.foldl, show (̵8̵ ̵:̵ ̵N̵a̵t̵)̵ ̵≠̵ ̵0̵ ̵b̵y̵ ̵o̵m̵e̵g̵a̵,̵ ̵s̵h̵o̵w̵ ̵(128 : Nat) ≠ 0 by omega, show (4 : Nat) ≠ 0 by omega,
  ̲  ̲ ̲ ̲show (2 : Nat) ≠ 0 by omega, show (1 : Nat) ≠ 0 by omega, ite_false]

Note: This linter can be disabled with `set_option linter.unusedSimpArgs false`
warning: denote/Denote.lean:8669:4: This simp argument is unused:
  show (4 : Nat) ≠ 0 by omega

Hint: Omit it from the simp argument list.
  simp only [hhead, List.getD, List.getElem?_cons_zero, List.getElem?_cons_succ,
  ̵  ̵ ̵ ̵Option.getD_some,
  ̲  ̲ ̲ ̲List.drop, List.foldl,
  ̵  ̵ ̵ ̵show (8 : Nat) ≠ 0 by omega, show (128 : Nat) ≠ 0 by omega,
      show (4̵ ̵:̵ ̵N̵a̵t̵)̵ ̵≠̵ ̵0̵ ̵b̵y̵ ̵o̵m̵e̵g̵a̵,̵ ̵s̵h̵o̵w̵ ̵(̵2 : Nat) ≠ 0 by omega,
  ̵  ̵ ̵ ̵show (1 : Nat) ≠ 0 by omega, ite_false]

Note: This linter can be disabled with `set_option linter.unusedSimpArgs false`
warning: denote/Denote.lean:8670:4: This simp argument is unused:
  show (1 : Nat) ≠ 0 by omega

Hint: Omit it from the simp argument list.
  simp only [hhead, List.getD, List.getElem?_cons_zero, List.getElem?_cons_succ,
  ̵  ̵ ̵ ̵Option.getD_some,
  ̲  ̲ ̲ ̲List.drop, List.foldl,
  ̵  ̵ ̵ ̵show (8 : Nat) ≠ 0 by omega, show (128 : Nat) ≠ 0 by omega,
      show (4 : Nat) ≠ 0 by omega, show (2 : Nat) ≠ 0 by omega,
  ̵  ̵ ̵ ̵s̵h̵o̵w̵ ̵(̵1̵ ̵:̵ ̵N̵a̵t̵)̵ ̵≠̵ ̵0̵ ̵b̵y̵ ̵o̵m̵e̵g̵a̵,̵ ̵ite_false]

Note: This linter can be disabled with `set_option linter.unusedSimpArgs false`
warning: denote/Denote.lean:8672:4: This simp argument is unused:
  show (2 : Nat) * 1 = 2 by norm_num

Hint: Omit it from the simp argument list.
  simp only [show (2 : Nat) * 4 * 1 = 8 by norm_num,
  ̵  ̵ ̵ ̵show (2̵ ̵:̵ ̵N̵a̵t̵)̵ ̵*̵ ̵1̵ ̵=̵ ̵2̵ ̵b̵y̵ ̵n̵o̵r̵m̵_̵n̵u̵m̵,̵
  ̵ ̵ ̵ ̵ ̵s̵h̵o̵w̵ ̵(̵8 : Nat) * (1 * 128) = 1024 by norm_num,
      show (1 : Nat) * 128 = 128 by norm_num,
  ̵  ̵ ̵ ̵show (2 : Nat) * (1 * 128) = 256 by norm_num,
      show (1024 : Nat) = 0 ↔ False by simp,
  ̵  ̵ ̵ ̵show (128 : Nat) = 0 ↔ False by simp,
      show (256 : Nat) = 0 ↔ False by simp,
  ̵  ̵ ̵ ̵ite_false]

Note: This linter can be disabled with `set_option linter.unusedSimpArgs false`
warning: denote/Denote.lean:8677:4: This simp argument is unused:
  show (128 : Nat) = 0 ↔ False by simp

Hint: Omit it from the simp argument list.
  simp only [show (2 : Nat) * 4 * 1 = 8 by norm_num,
  ̵  ̵ ̵ ̵show (2 : Nat) * 1 = 2 by norm_num,
      show (8 : Nat) * (1 * 128) = 1024 by norm_num,
  ̵  ̵ ̵ ̵show (1 : Nat) * 128 = 128 by norm_num,
      show (2 : Nat) * (1 * 128) = 256 by norm_num,
  ̵  ̵ ̵ ̵show (1024 : Nat) = 0 ↔ False by simp,
      show (1̵28̵ ̵:̵ ̵N̵a̵t̵)̵ ̵=̵ ̵0̵ ̵↔̵ ̵F̵a̵l̵s̵e̵ ̵b̵y̵ ̵s̵i̵m̵p̵,̵
  ̵ ̵ ̵ ̵ ̵s̵h̵o̵w̵ ̵(̵2̵56 : Nat) = 0 ↔ False by simp,
  ̵  ̵ ̵ ̵ite_false]

Note: This linter can be disabled with `set_option linter.unusedSimpArgs false`
warning: denote/Denote.lean:8678:4: This simp argument is unused:
  show (256 : Nat) = 0 ↔ False by simp

Hint: Omit it from the simp argument list.
  simp only [show (2 : Nat) * 4 * 1 = 8 by norm_num,
  ̵  ̵ ̵ ̵show (2 : Nat) * 1 = 2 by norm_num,
      show (8 : Nat) * (1 * 128) = 1024 by norm_num,
  ̵  ̵ ̵ ̵show (1 : Nat) * 128 = 128 by norm_num,
      show (2 : Nat) * (1 * 128) = 256 by norm_num,
  ̵  ̵ ̵ ̵show (1024 : Nat) = 0 ↔ False by simp,
      show (128 : Nat) = 0 ↔ False by simp,
  ̵  ̵ ̵ ̵s̵h̵o̵w̵ ̵(̵2̵5̵6̵ ̵:̵ ̵N̵a̵t̵)̵ ̵=̵ ̵0̵ ̵↔̵ ̵F̵a̵l̵s̵e̵ ̵b̵y̵ ̵s̵im̵p̵,̵
  ̵ ̵ ̵ ̵ ̵i̵te_false]

Note: This linter can be disabled with `set_option linter.unusedSimpArgs false`
warning: denote/Denote.lean:8651:0: Please, add a comment explaining the need for modifying the maxHeartbeat limit, as in
set_option maxHeartbeats 400000 in
-- reason for change
...

Note: This linter can be disabled with `set_option linter.style.maxHeartbeats false`
warning: denote/Denote.lean:8732:62: This simp argument is unused:
  List.getElem?_cons_zero

Hint: Omit it from the simp argument list.
  simp [List.getD, L̵i̵s̵t̵.̵g̵e̵t̵E̵l̵e̵m̵?̵_̵c̵o̵n̵s̵_̵z̵e̵r̵o̵,̵ ̵List.getElem?_cons_succ]

Note: This linter can be disabled with `set_option linter.unusedSimpArgs false`
warning: denote/Denote.lean:8732:87: This simp argument is unused:
  List.getElem?_cons_succ

Hint: Omit it from the simp argument list.
  simp [List.getD, List.getElem?_cons_zero,̵ ̵L̵i̵s̵t̵.̵g̵e̵t̵E̵l̵e̵m̵?̵_̵c̵o̵n̵s̵_̵s̵u̵c̵c̵]

Note: This linter can be disabled with `set_option linter.unusedSimpArgs false`
warning: denote/Denote.lean:8691:0: Please, add a comment explaining the need for modifying the maxHeartbeat limit, as in
set_option maxHeartbeats 800000 in
-- reason for change
...

Note: This linter can be disabled with `set_option linter.style.maxHeartbeats false`
warning: denote/Denote.lean:8856:8: This simp argument is unused:
  List.find?

Hint: Omit it from the simp argument list.
  simp ̵[̵L̵i̵s̵t̵.̵f̵i̵n̵d̵?̵]̵

Note: This linter can be disabled with `set_option linter.unusedSimpArgs false`
warning: denote/Denote.lean:8933:35: Variable name `hg1` is not explicitly referenced.

The binding can be removed (if unused) or named `_` (if used implicitly).

Note: This linter can be disabled with `set_option linter.unusedVariables false`
warning: denote/Denote.lean:8934:5: Variable name `hg2` is not explicitly referenced.

The binding can be removed (if unused) or named `_` (if used implicitly).

Note: This linter can be disabled with `set_option linter.unusedVariables false`
warning: denote/Denote.lean:8934:35: Variable name `hg3` is not explicitly referenced.

The binding can be removed (if unused) or named `_` (if used implicitly).

Note: This linter can be disabled with `set_option linter.unusedVariables false`
warning: denote/Denote.lean:8980:15: This simp argument is unused:
  hw

Hint: Omit it from the simp argument list.
  simp only [̵h̵w̵,̵ ̵h̵x̵0̵,̵[̲h̲x̲0̲,̲ hx1, hx2, hx3, prodShape, show [1, 2, 32].foldl (· * ·) 1 = 64 from rfl,
        show (64 : Nat) / 32 = 2 from rfl]

Note: This linter can be disabled with `set_option linter.unusedSimpArgs false`
warning: denote/Denote.lean:8928:0: Please, add a comment explaining the need for modifying the maxHeartbeat limit, as in
set_option maxHeartbeats 800000 in
-- reason for change
...

Note: This linter can be disabled with `set_option linter.style.maxHeartbeats false`
warning: denote/Denote.lean:9024:35: Variable name `hg1` is not explicitly referenced.

The binding can be removed (if unused) or named `_` (if used implicitly).

Note: This linter can be disabled with `set_option linter.unusedVariables false`
warning: denote/Denote.lean:9025:5: Variable name `hg2` is not explicitly referenced.

The binding can be removed (if unused) or named `_` (if used implicitly).

Note: This linter can be disabled with `set_option linter.unusedVariables false`
warning: denote/Denote.lean:9025:35: Variable name `hg3` is not explicitly referenced.

The binding can be removed (if unused) or named `_` (if used implicitly).

Note: This linter can be disabled with `set_option linter.unusedVariables false`
warning: denote/Denote.lean:9070:15: This simp argument is unused:
  hb

Hint: Omit it from the simp argument list.
  simp only [̵h̵b̵,̵ ̵h̵x̵0̵,̵[̲h̲x̲0̲,̲ hx1, hx2, hx3, prodShape, show [1, 2, 32].foldl (· * ·) 1 = 64 from rfl,
        show (64 : Nat) / 32 = 2 from rfl]

Note: This linter can be disabled with `set_option linter.unusedSimpArgs false`
warning: denote/Denote.lean:9019:0: Please, add a comment explaining the need for modifying the maxHeartbeat limit, as in
set_option maxHeartbeats 400000 in
-- reason for change
...

Note: This linter can be disabled with `set_option linter.style.maxHeartbeats false`
warning: denote/Denote.lean:9138:35: Variable name `hg1` is not explicitly referenced.

The binding can be removed (if unused) or named `_` (if used implicitly).

Note: This linter can be disabled with `set_option linter.unusedVariables false`
warning: denote/Denote.lean:9139:5: Variable name `hg2` is not explicitly referenced.

The binding can be removed (if unused) or named `_` (if used implicitly).

Note: This linter can be disabled with `set_option linter.unusedVariables false`
warning: denote/Denote.lean:9139:35: Variable name `hg3` is not explicitly referenced.

The binding can be removed (if unused) or named `_` (if used implicitly).

Note: This linter can be disabled with `set_option linter.unusedVariables false`
warning: denote/Denote.lean:9142:5: Variable name `hw` is not explicitly referenced.

The binding can be removed (if unused) or named `_` (if used implicitly).

Note: This linter can be disabled with `set_option linter.unusedVariables false`
warning: denote/Denote.lean:9133:0: Please, add a comment explaining the need for modifying the maxHeartbeat limit, as in
set_option maxHeartbeats 800000 in
-- reason for change
...

Note: This linter can be disabled with `set_option linter.style.maxHeartbeats false`
warning: denote/Denote.lean:9256:30: This simp argument is unused:
  if_neg

Hint: Omit it from the simp argument list.
  simp only [flatToMulti, multiToFlat, prodShape, List.foldl,
  ̵  ̵ ̵ ̵List.getElem?_cons_zero,
  ̲  ̲ ̲ ̲List.getElem?_cons_succ, Option.getD_some,
  ̵  ̵ ̵ ̵List.set, Nat.div_one, Nat.mul_one, Nat.one_mul,
      e213, e13, hd3, if_false, i̵f̵_̵n̵e̵g̵,̵ ̵Nat.add_zero, reduceIte,
  ̵  ̵ ̵ ̵Nat.one_ne_zero, Nat.reduceEqDiff]

Note: This linter can be disabled with `set_option linter.unusedSimpArgs false`
warning: denote/Denote.lean:9256:52: This simp argument is unused:
  reduceIte

Hint: Omit it from the simp argument list.
  simp only [flatToMulti, multiToFlat, prodShape, List.foldl,
  ̵  ̵ ̵ ̵List.getElem?_cons_zero,
  ̲  ̲ ̲ ̲List.getElem?_cons_succ, Option.getD_some,
  ̵  ̵ ̵ ̵List.set, Nat.div_one, Nat.mul_one, Nat.one_mul,
      e213, e13, hd3, if_false, if_neg, Nat.add_zero, r̵e̵d̵u̵c̵e̵I̵t̵e̵,̵
  ̵ ̵ ̵ ̵ ̵Nat.one_ne_zero, Nat.reduceEqDiff]

Note: This linter can be disabled with `set_option linter.unusedSimpArgs false`
warning: denote/Denote.lean:9257:21: This simp argument is unused:
  Nat.reduceEqDiff

Hint: Omit it from the simp argument list.
  simp only [flatToMulti, multiToFlat, prodShape, List.foldl,
  ̵  ̵ ̵ ̵List.getElem?_cons_zero,
  ̲  ̲ ̲ ̲List.getElem?_cons_succ, Option.getD_some,
  ̵  ̵ ̵ ̵List.set, Nat.div_one, Nat.mul_one, Nat.one_mul,
      e213, e13, hd3, if_false, if_neg, Nat.add_zero, reduceIte,
  ̵  ̵ ̵ ̵Nat.one_ne_zero,̵ ̵N̵a̵t̵.̵r̵e̵d̵u̵c̵e̵E̵q̵D̵i̵f̵f̵]

Note: This linter can be disabled with `set_option linter.unusedSimpArgs false`
warning: denote/Denote.lean:9226:0: Please, add a comment explaining the need for modifying the maxHeartbeat limit, as in
set_option maxHeartbeats 3200000 in
-- reason for change
...

Note: This linter can be disabled with `set_option linter.style.maxHeartbeats false`
warning: denote/Denote.lean:9260:0: Please, add a comment explaining the need for modifying the maxHeartbeat limit, as in
set_option maxHeartbeats 3200000 in
-- reason for change
...

Note: This linter can be disabled with `set_option linter.style.maxHeartbeats false`
warning: denote/Denote.lean:9266:10: Used `tac1 <;> tac2` where `(tac1; tac2)` would suffice

Note: This linter can be disabled with `set_option linter.unnecessarySeqFocus false`
warning: denote/Denote.lean:9294:4: This simp argument is unused:
  Nat.mod_one

Hint: Omit it from the simp argument list.
  simp only [chunkPrimDimN, Tensor.mkShape, hx, List.getD, List.getElem?_cons_zero,
      List.getElem?_cons_succ, Option.getD_some, List.drop, List.foldl, N̵a̵t̵.̵m̵o̵d̵_̵o̵n̵e̵,̵ ̵Nat.mul_one, Nat.one_mul,
  ̲  ̲ ̲ ̲Nat.add_zero, hshard, hrm, if_false, reduceIte, Nat.one_ne_zero, Nat.reduceEqDiff,
      eq_false e_csd2d3, eq_false e_d2d3, eq_false hd3]

Note: This linter can be disabled with `set_option linter.unusedSimpArgs false`
warning: denote/Denote.lean:9294:17: This simp argument is unused:
  Nat.mul_one

Hint: Omit it from the simp argument list.
  simp only [chunkPrimDimN, Tensor.mkShape, hx, List.getD, List.getElem?_cons_zero,
      List.getElem?_cons_succ, Option.getD_some, List.drop, List.foldl,
  ̵  ̵ ̵ ̵Nat.mod_one, Nat.m̵u̵l̵_̵one_̲m̲u̲l̲,
  ̲ N̵a̵t̵.̵o̵n̵e̵_̵m̵u̵l̵,̵  ̲ ̲Nat.add_zero,
  ̵  ̵ ̵ ̵hshard, hrm, if_false, reduceIte, Nat.one_ne_zero, Nat.reduceEqDiff,
      eq_false e_csd2d3, eq_false e_d2d3, eq_false hd3]

Note: This linter can be disabled with `set_option linter.unusedSimpArgs false`
warning: denote/Denote.lean:9294:43: This simp argument is unused:
  Nat.add_zero

Hint: Omit it from the simp argument list.
  simp only [chunkPrimDimN, Tensor.mkShape, hx, List.getD, List.getElem?_cons_zero,
      List.getElem?_cons_succ, Option.getD_some, List.drop, List.foldl,
  ̵  ̵ ̵ ̵Nat.mod_one, Nat.mul_o̵n̵o̲n̲e, ̵N̵a̵t̵.̵o̵n̵e̵_̵m̵u̵l̵,̵ ̵N̵a̵t̵.̵a̵d̵d̵_̵z̵e̵r̵o̵,̵
      N̲a̲t̲.̲o̲n̲e̲_̲m̲u̲l̲,̲ ̲hshard, hrm, if_false, reduceIte, Nat.one_ne_zero, Nat.reduceEqDiff,
      eq_false e_csd2d3, eq_false e_d2d3, eq_false hd3]

Note: This linter can be disabled with `set_option linter.unusedSimpArgs false`
warning: denote/Denote.lean:9295:27: This simp argument is unused:
  reduceIte

Hint: Omit it from the simp argument list.
  simp only [chunkPrimDimN, Tensor.mkShape, hx, List.getD, List.getElem?_cons_zero,
      List.getElem?_cons_succ, Option.getD_some, List.drop, List.foldl,
  ̵  ̵ ̵ ̵Nat.mod_one, Nat.mul_one,
  ̲  ̲ ̲ ̲Nat.one_mul, Nat.add_zero,
  ̵  ̵ ̵ ̵hshard, hrm, if_false, r̵e̵d̵u̵c̵e̵I̵t̵e̵,̵ ̵Nat.one_ne_zero, Nat.reduceEqDiff,
      eq_false e_csd2d3, eq_false e_d2d3, eq_false hd3]

Note: This linter can be disabled with `set_option linter.unusedSimpArgs false`
warning: denote/Denote.lean:9295:38: This simp argument is unused:
  Nat.one_ne_zero

Hint: Omit it from the simp argument list.
  simp only [chunkPrimDimN, Tensor.mkShape, hx, List.getD, List.getElem?_cons_zero,
      List.getElem?_cons_succ, Option.getD_some, List.drop, List.foldl,
  ̵  ̵ ̵ ̵Nat.mod_one, Nat.mul_one,
  ̲  ̲ ̲ ̲Nat.one_mul, Nat.add_zero,
  ̵  ̵ ̵ ̵hshard, hrm, if_false, reduceIte, Nat.o̵n̵e̵_̵n̵e̵_̵z̵e̵ro̵,̵ ̵N̵a̵t̵.̵r̵educeEqDiff,
      eq_false e_csd2d3, eq_false e_d2d3, eq_false hd3]

Note: This linter can be disabled with `set_option linter.unusedSimpArgs false`
warning: denote/Denote.lean:9296:40: This simp argument is unused:
  eq_false hd3

Hint: Omit it from the simp argument list.
  simp only [chunkPrimDimN, Tensor.mkShape, hx, List.getD, List.getElem?_cons_zero,
      List.getElem?_cons_succ, Option.getD_some, List.drop, List.foldl,
  ̵  ̵ ̵ ̵Nat.mod_one, Nat.mul_one,
  ̲  ̲ ̲ ̲Nat.one_mul, Nat.add_zero,
  ̵  ̵ ̵ ̵hshard, hrm, if_false, reduceIte, Nat.one_ne_zero, Nat.reduceEqDiff,
      eq_false e_csd2d3, eq_false e_d2d3,̵ ̵e̵q̵_̵f̵a̵l̵s̵e̵ ̵h̵d̵3̵]

Note: This linter can be disabled with `set_option linter.unusedSimpArgs false`
warning: denote/Denote.lean:9271:0: Please, add a comment explaining the need for modifying the maxHeartbeat limit, as in
set_option maxHeartbeats 3200000 in
-- reason for change
...

Note: This linter can be disabled with `set_option linter.style.maxHeartbeats false`
warning: denote/Denote.lean:9322:4: This simp argument is unused:
  Nat.mod_one

Hint: Omit it from the simp argument list.
  simp only [chunkPrimDimN, Tensor.mkShape, hx, List.getD, List.getElem?_cons_zero,
      List.getElem?_cons_succ, Option.getD_some, List.drop, List.foldl, N̵a̵t̵.̵m̵o̵d̵_̵o̵n̵e̵,̵ ̵Nat.mul_one, Nat.one_mul,
  ̲  ̲ ̲ ̲Nat.add_zero, hshard, hrm, if_false, reduceIte, Nat.one_ne_zero, Nat.reduceEqDiff,
      eq_false e_csd3, eq_false hd3]

Note: This linter can be disabled with `set_option linter.unusedSimpArgs false`
warning: denote/Denote.lean:9322:17: This simp argument is unused:
  Nat.mul_one

Hint: Omit it from the simp argument list.
  simp only [chunkPrimDimN, Tensor.mkShape, hx, List.getD, List.getElem?_cons_zero,
      List.getElem?_cons_succ, Option.getD_some, List.drop, List.foldl,
  ̵  ̵ ̵ ̵Nat.mod_one, Nat.m̵u̵l̵_̵one_̲m̲u̲l̲,
  ̲ N̵a̵t̵.̵o̵n̵e̵_̵m̵u̵l̵,̵  ̲ ̲Nat.add_zero,
  ̵  ̵ ̵ ̵hshard, hrm, if_false, reduceIte, Nat.one_ne_zero, Nat.reduceEqDiff,
      eq_false e_csd3, eq_false hd3]

Note: This linter can be disabled with `set_option linter.unusedSimpArgs false`
warning: denote/Denote.lean:9322:43: This simp argument is unused:
  Nat.add_zero

Hint: Omit it from the simp argument list.
  simp only [chunkPrimDimN, Tensor.mkShape, hx, List.getD, List.getElem?_cons_zero,
      List.getElem?_cons_succ, Option.getD_some, List.drop, List.foldl,
  ̵  ̵ ̵ ̵Nat.mod_one, Nat.mul_o̵n̵o̲n̲e, ̵N̵a̵t̵.̵o̵n̵e̵_̵m̵u̵l̵,̵ ̵N̵a̵t̵.̵a̵d̵d̵_̵z̵e̵r̵o̵,̵
      N̲a̲t̲.̲o̲n̲e̲_̲m̲u̲l̲,̲ ̲hshard, hrm, if_false, reduceIte, Nat.one_ne_zero, Nat.reduceEqDiff,
      eq_false e_csd3, eq_false hd3]

Note: This linter can be disabled with `set_option linter.unusedSimpArgs false`
warning: denote/Denote.lean:9323:27: This simp argument is unused:
  reduceIte

Hint: Omit it from the simp argument list.
  simp only [chunkPrimDimN, Tensor.mkShape, hx, List.getD, List.getElem?_cons_zero,
      List.getElem?_cons_succ, Option.getD_some, List.drop, List.foldl,
  ̵  ̵ ̵ ̵Nat.mod_one, Nat.mul_one,
  ̲  ̲ ̲ ̲Nat.one_mul, Nat.add_zero,
  ̵  ̵ ̵ ̵hshard, hrm, if_false, r̵e̵d̵u̵c̵e̵I̵t̵e̵,̵ ̵Nat.one_ne_zero, Nat.reduceEqDiff,
      eq_false e_csd3, eq_false hd3]

Note: This linter can be disabled with `set_option linter.unusedSimpArgs false`
warning: denote/Denote.lean:9323:38: This simp argument is unused:
  Nat.one_ne_zero

Hint: Omit it from the simp argument list.
  simp only [chunkPrimDimN, Tensor.mkShape, hx, List.getD, List.getElem?_cons_zero,
      List.getElem?_cons_succ, Option.getD_some, List.drop, List.foldl,
  ̵  ̵ ̵ ̵Nat.mod_one, Nat.mul_one,
  ̲  ̲ ̲ ̲Nat.one_mul, Nat.add_zero,
  ̵  ̵ ̵ ̵hshard, hrm, if_false, reduceIte, Nat.o̵n̵e̵_̵n̵e̵_̵z̵e̵ro̵,̵ ̵N̵a̵t̵.̵r̵educeEqDiff,
  ̵  ̵ ̵ ̵eq_false e_csd3,
  ̲  ̲ ̲ ̲eq_false hd3]

Note: This linter can be disabled with `set_option linter.unusedSimpArgs false`
warning: denote/Denote.lean:9304:0: Please, add a comment explaining the need for modifying the maxHeartbeat limit, as in
set_option maxHeartbeats 3200000 in
-- reason for change
...

Note: This linter can be disabled with `set_option linter.style.maxHeartbeats false`
warning: denote/Denote.lean:9352:57: This simp argument is unused:
  Nat.zero_add

Hint: Omit it from the simp argument list.
  simp only [chunkPrimDimN, Tensor.mkShape, hx, List.getD, List.getElem?_cons_zero,
      List.getElem?_cons_succ, Option.getD_some, List.drop, List.foldl, Nat.div_one, Nat.mod_one,
  ̲  ̲ ̲ ̲Nat.mul_one, Nat.add_zero, N̵a̵t̵.̵z̵e̵r̵o̵_̵a̵d̵d̵,̵hshard, hrm, e_cs, if_false, reduceIte, Nat.one_ne_zero,
  ̲  ̲ ̲ ̲Nat.reduceEqDiff]

Note: This linter can be disabled with `set_option linter.unusedSimpArgs false`
warning: denote/Denote.lean:9353:33: This simp argument is unused:
  reduceIte

Hint: Omit it from the simp argument list.
  simp only [chunkPrimDimN, Tensor.mkShape, hx, List.getD, List.getElem?_cons_zero,
      List.getElem?_cons_succ, Option.getD_some, List.drop, List.foldl, Nat.div_one, Nat.mod_one,
  ̲  ̲ ̲ ̲Nat.mul_one, Nat.add_zero, Nat.zero_add, hshard, hrm, e_cs, if_false, r̵e̵d̵u̵c̵e̵I̵t̵e̵,̵ ̵Nat.one_ne_zero,
      Nat.reduceEqDiff]

Note: This linter can be disabled with `set_option linter.unusedSimpArgs false`
warning: denote/Denote.lean:9334:0: Please, add a comment explaining the need for modifying the maxHeartbeat limit, as in
set_option maxHeartbeats 3200000 in
-- reason for change
...

Note: This linter can be disabled with `set_option linter.style.maxHeartbeats false`
warning: denote/Denote.lean:9358:0: Please, add a comment explaining the need for modifying the maxHeartbeat limit, as in
set_option maxHeartbeats 3200000 in
-- reason for change
...

Note: This linter can be disabled with `set_option linter.style.maxHeartbeats false`
warning: denote/Denote.lean:9365:0: Please, add a comment explaining the need for modifying the maxHeartbeat limit, as in
set_option maxHeartbeats 3200000 in
-- reason for change
...

Note: This linter can be disabled with `set_option linter.style.maxHeartbeats false`
warning: denote/Denote.lean:9371:10: Used `tac1 <;> tac2` where `(tac1; tac2)` would suffice

Note: This linter can be disabled with `set_option linter.unnecessarySeqFocus false`
warning: denote/Denote.lean:9389:4: This simp argument is unused:
  Nat.reduceDiv

Hint: Omit it from the simp argument list.
  simp only [hhead, List.getD, List.getElem?_cons_zero, List.getElem?_cons_succ, Option.getD_some,
  ̲  ̲ ̲ ̲List.drop, List.foldl, Nat.reduceMul, Nat.reduceAdd, N̵a̵t̵.̵r̵e̵d̵u̵c̵e̵D̵i̵v̵,̵ ̵Nat.reduceMod, Nat.div_one, Nat.mod_one,
  ̲  ̲ ̲ ̲Nat.mul_one, Nat.add_zero, Nat.zero_add, show (8 : Nat) ≠ 0 from by omega,
      show (4 : Nat) ≠ 0 from by omega, show (2 : Nat) ≠ 0 from by omega,
      show (256 : Nat) ≠ 0 from by omega, ite_false]

Note: This linter can be disabled with `set_option linter.unusedSimpArgs false`
warning: denote/Denote.lean:9389:19: This simp argument is unused:
  Nat.reduceMod

Hint: Omit it from the simp argument list.
  simp only [hhead, List.getD, List.getElem?_cons_zero, List.getElem?_cons_succ,
  ̵  ̵ ̵ ̵Option.getD_some,
  ̲  ̲ ̲ ̲List.drop, List.foldl, Nat.reduceMul, Nat.reduceAdd,
  ̵  ̵ ̵ ̵Nat.reduceDiv, Nat.r̵e̵du̵c̵e̵M̵o̵d̵,̵ ̵N̵a̵t̵.̵d̵iv_one, Nat.mod_one,
  ̲  ̲ ̲ ̲Nat.mul_one,
  ̵  ̵ ̵ ̵Nat.add_zero, Nat.zero_add, show (8 : Nat) ≠ 0 from by omega,
      show (4 : Nat) ≠ 0 from by omega, show (2 : Nat) ≠ 0 from by omega,
      show (256 : Nat) ≠ 0 from by omega, ite_false]

Note: This linter can be disabled with `set_option linter.unusedSimpArgs false`
warning: denote/Denote.lean:9390:4: This simp argument is unused:
  Nat.add_zero

Hint: Omit it from the simp argument list.
  simp only [hhead, List.getD, List.getElem?_cons_zero, List.getElem?_cons_succ,
  ̵  ̵ ̵ ̵Option.getD_some,
  ̲  ̲ ̲ ̲List.drop, List.foldl, Nat.reduceMul, Nat.reduceAdd,
  ̵  ̵ ̵ ̵Nat.reduceDiv, Nat.reduceMod, Nat.div_one, ̵N̵a̵t̵.̵m̵o̵d̵_̵o̵n̵e̵,̵ ̵N̵a̵t̵.̵m̵u̵l̵_̵o̵n̵e̵,̵
      Nat.m̲o̲d̲_̲o̲n̲e̲,̲ ̲N̲ad̵d̵t̲.̲m̲u̲l̲_z̵o̲n̲er̵o̵, Nat.zero_add, show (8 : Nat) ≠ 0 from by omega,
      show (4 : Nat) ≠ 0 from by omega, show (2 : Nat) ≠ 0 from by omega,
      show (256 : Nat) ≠ 0 from by omega, ite_false]

Note: This linter can be disabled with `set_option linter.unusedSimpArgs false`
warning: denote/Denote.lean:9390:18: This simp argument is unused:
  Nat.zero_add

Hint: Omit it from the simp argument list.
  simp only [hhead, List.getD, List.getElem?_cons_zero, List.getElem?_cons_succ,
  ̵  ̵ ̵ ̵Option.getD_some,
  ̲  ̲ ̲ ̲List.drop, List.foldl, Nat.reduceMul, Nat.reduceAdd,
  ̵  ̵ ̵ ̵Nat.reduceDiv, Nat.reduceMod, Nat.div_one, ̵N̵a̵t̵.̵m̵o̵d̵_̵o̵n̵e̵,̵ ̵N̵a̵t̵.̵m̵u̵l̵_̵o̵n̵e̵,̵
      Nat.m̲o̲d̲_̲o̲n̲e̲,̲ ̲N̲ad̵d̵t̲.̲m̲u̲l̲_z̵o̲n̲er̵o̵, Nat.z̵e̵r̵o̵_̵add_̲z̲e̲r̲o̲, show (8 : Nat) ≠ 0 from by omega,
      show (4 : Nat) ≠ 0 from by omega, show (2 : Nat) ≠ 0 from by omega,
      show (256 : Nat) ≠ 0 from by omega, ite_false]

Note: This linter can be disabled with `set_option linter.unusedSimpArgs false`
warning: denote/Denote.lean:9391:4: This simp argument is unused:
  show (4 : Nat) ≠ 0 from by omega

Hint: Omit it from the simp argument list.
  simp only [hhead, List.getD, List.getElem?_cons_zero, List.getElem?_cons_succ,
  ̵  ̵ ̵ ̵Option.getD_some,
  ̲  ̲ ̲ ̲List.drop, List.foldl, Nat.reduceMul, Nat.reduceAdd,
  ̵  ̵ ̵ ̵Nat.reduceDiv, Nat.reduceMod, Nat.div_one,
  ̲  ̲ ̲ ̲Nat.mod_one, Nat.mul_one,
  ̵  ̵ ̵ ̵Nat.add_zero, Nat.zero_add, show (8 : Nat) ≠ 0 from by omega,
      show (4̵ ̵:̵ ̵N̵a̵t̵)̵ ̵≠̵ ̵0̵ ̵f̵r̵o̵m̵ ̵b̵y̵ ̵o̵m̵e̵g̵a̵,̵ ̵s̵h̵o̵w̵ ̵(̵2 : Nat) ≠ 0 from by omega,
  ̵  ̵ ̵ ̵show (256 : Nat) ≠ 0 from by omega, ite_false]

Note: This linter can be disabled with `set_option linter.unusedSimpArgs false`
warning: denote/Denote.lean:9392:4: This simp argument is unused:
  show (256 : Nat) ≠ 0 from by omega

Hint: Omit it from the simp argument list.
  simp only [hhead, List.getD, List.getElem?_cons_zero, List.getElem?_cons_succ,
  ̵  ̵ ̵ ̵Option.getD_some,
  ̲  ̲ ̲ ̲List.drop, List.foldl, Nat.reduceMul, Nat.reduceAdd,
  ̵  ̵ ̵ ̵Nat.reduceDiv, Nat.reduceMod, Nat.div_one,
  ̲  ̲ ̲ ̲Nat.mod_one, Nat.mul_one,
  ̵  ̵ ̵ ̵Nat.add_zero, Nat.zero_add, show (8 : Nat) ≠ 0 from by omega,
      show (4 : Nat) ≠ 0 from by omega, show (2 : Nat) ≠ 0 from by omega,
  ̵  ̵ ̵ ̵s̵h̵o̵w̵ ̵(̵2̵5̵6̵ ̵:̵ ̵N̵a̵t̵)̵ ̵≠̵ ̵0̵ ̵f̵r̵o̵m̵ ̵b̵y̵ ̵o̵m̵e̵g̵a̵,̵ ̵ite_false]

Note: This linter can be disabled with `set_option linter.unusedSimpArgs false`
warning: denote/Denote.lean:9373:0: Please, add a comment explaining the need for modifying the maxHeartbeat limit, as in
set_option maxHeartbeats 3200000 in
-- reason for change
...

Note: This linter can be disabled with `set_option linter.style.maxHeartbeats false`
warning: denote/Denote.lean:9411:10: Used `tac1 <;> tac2` where `(tac1; tac2)` would suffice

Note: This linter can be disabled with `set_option linter.unnecessarySeqFocus false`
warning: denote/Denote.lean:9468:23: This simp argument is unused:
  List.getElem?_cons_zero

Hint: Omit it from the simp argument list.
  simp [List.getD, L̵i̵s̵t̵.̵g̵e̵t̵E̵l̵e̵m̵?̵_̵c̵o̵n̵s̵_̵z̵e̵r̵o̵,̵ ̵List.getElem?_cons_succ]

Note: This linter can be disabled with `set_option linter.unusedSimpArgs false`
warning: denote/Denote.lean:9468:48: This simp argument is unused:
  List.getElem?_cons_succ

Hint: Omit it from the simp argument list.
  simp [List.getD, List.getElem?_cons_zero,̵ ̵L̵i̵s̵t̵.̵g̵e̵t̵E̵l̵e̵m̵?̵_̵c̵o̵n̵s̵_̵s̵u̵c̵c̵]

Note: This linter can be disabled with `set_option linter.unusedSimpArgs false`
warning: denote/Denote.lean:9529:23: This simp argument is unused:
  List.getElem?_cons_zero

Hint: Omit it from the simp argument list.
  simp [List.getD, L̵i̵s̵t̵.̵g̵e̵t̵E̵l̵e̵m̵?̵_̵c̵o̵n̵s̵_̵z̵e̵r̵o̵,̵ ̵List.getElem?_cons_succ]

Note: This linter can be disabled with `set_option linter.unusedSimpArgs false`
warning: denote/Denote.lean:9529:48: This simp argument is unused:
  List.getElem?_cons_succ

Hint: Omit it from the simp argument list.
  simp [List.getD, List.getElem?_cons_zero,̵ ̵L̵i̵s̵t̵.̵g̵e̵t̵E̵l̵e̵m̵?̵_̵c̵o̵n̵s̵_̵s̵u̵c̵c̵]

Note: This linter can be disabled with `set_option linter.unusedSimpArgs false`
warning: denote/Denote.lean:9548:10: Used `tac1 <;> tac2` where `(tac1; tac2)` would suffice

Note: This linter can be disabled with `set_option linter.unnecessarySeqFocus false`
warning: denote/Denote.lean:9558:10: Used `tac1 <;> tac2` where `(tac1; tac2)` would suffice

Note: This linter can be disabled with `set_option linter.unnecessarySeqFocus false`
warning: denote/Denote.lean:9578:4: This simp argument is unused:
  Nat.reduceDiv

Hint: Omit it from the simp argument list.
  simp only [hhead, List.getD, List.getElem?_cons_zero, List.getElem?_cons_succ, Option.getD_some,
  ̲  ̲ ̲ ̲List.drop, List.foldl, Nat.reduceMul, Nat.reduceAdd, N̵a̵t̵.̵r̵e̵d̵u̵c̵e̵D̵i̵v̵,̵ ̵Nat.reduceMod, Nat.div_one, Nat.mod_one,
  ̲  ̲ ̲ ̲Nat.mul_one, Nat.add_zero, Nat.zero_add, show (8 : Nat) ≠ 0 from by omega,
      show (4 : Nat) ≠ 0 from by omega, show (2 : Nat) ≠ 0 from by omega,
      show (16 : Nat) ≠ 0 from by omega, show (64 : Nat) ≠ 0 from by omega,
      show (256 : Nat) ≠ 0 from by omega, ite_false]

Note: This linter can be disabled with `set_option linter.unusedSimpArgs false`
warning: denote/Denote.lean:9578:19: This simp argument is unused:
  Nat.reduceMod

Hint: Omit it from the simp argument list.
  simp only [hhead, List.getD, List.getElem?_cons_zero, List.getElem?_cons_succ,
  ̵  ̵ ̵ ̵Option.getD_some,
  ̲  ̲ ̲ ̲List.drop, List.foldl, Nat.reduceMul, Nat.reduceAdd,
  ̵  ̵ ̵ ̵Nat.reduceDiv, Nat.r̵e̵du̵c̵e̵M̵o̵d̵,̵ ̵N̵a̵t̵.̵d̵iv_one, Nat.mod_one,
  ̲  ̲ ̲ ̲Nat.mul_one,
  ̵  ̵ ̵ ̵Nat.add_zero, Nat.zero_add, show (8 : Nat) ≠ 0 from by omega,
      show (4 : Nat) ≠ 0 from by omega, show (2 : Nat) ≠ 0 from by omega,
      show (16 : Nat) ≠ 0 from by omega, show (64 : Nat) ≠ 0 from by omega,
      show (256 : Nat) ≠ 0 from by omega, ite_false]

Note: This linter can be disabled with `set_option linter.unusedSimpArgs false`
warning: denote/Denote.lean:9578:34: This simp argument is unused:
  Nat.div_one

Hint: Omit it from the simp argument list.
  simp only [hhead, List.getD, List.getElem?_cons_zero, List.getElem?_cons_succ,
  ̵  ̵ ̵ ̵Option.getD_some,
  ̲  ̲ ̲ ̲List.drop, List.foldl, Nat.reduceMul, Nat.reduceAdd,
  ̵  ̵ ̵ ̵Nat.reduceDiv, Nat.reduceMod, Nat.d̵i̵v̵_̵o̵n̵e̵,̵ ̵N̵a̵t̵.̵mod_one, ̵N̵a̵t̵.̵m̵u̵l̵_̵o̵n̵e̵,̵
      Nat.m̲u̲l̲_̲o̲n̲e̲,̲ ̲N̲at̲.̲a̲dd_zero, Nat.zero_add, show (8 : Nat) ≠ 0 from by omega,
      show (4 : Nat) ≠ 0 from by omega, show (2 : Nat) ≠ 0 from by omega,
      show (16 : Nat) ≠ 0 from by omega, show (64 : Nat) ≠ 0 from by omega,
      show (256 : Nat) ≠ 0 from by omega, ite_false]

Note: This linter can be disabled with `set_option linter.unusedSimpArgs false`
warning: denote/Denote.lean:9578:47: This simp argument is unused:
  Nat.mod_one

Hint: Omit it from the simp argument list.
  simp only [hhead, List.getD, List.getElem?_cons_zero, List.getElem?_cons_succ,
  ̵  ̵ ̵ ̵Option.getD_some,
  ̲  ̲ ̲ ̲List.drop, List.foldl, Nat.reduceMul, Nat.reduceAdd,
  ̵  ̵ ̵ ̵Nat.reduceDiv, Nat.reduceMod, Nat.div_one, ̵N̵a̵t̵.̵m̵o̵d̵_̵o̵n̵e̵,̵ ̵N̵a̵t̵.̵m̵u̵l̵_̵o̵n̵e̵,̵
      Nat.m̲u̲l̲_̲o̲n̲e̲,̲ ̲N̲at̲.̲a̲dd_zero, Nat.zero_add, show (8 : Nat) ≠ 0 from by omega,
      show (4 : Nat) ≠ 0 from by omega, show (2 : Nat) ≠ 0 from by omega,
      show (16 : Nat) ≠ 0 from by omega, show (64 : Nat) ≠ 0 from by omega,
      show (256 : Nat) ≠ 0 from by omega, ite_false]

Note: This linter can be disabled with `set_option linter.unusedSimpArgs false`
warning: denote/Denote.lean:9578:60: This simp argument is unused:
  Nat.mul_one

Hint: Omit it from the simp argument list.
  simp only [hhead, List.getD, List.getElem?_cons_zero, List.getElem?_cons_succ,
  ̵  ̵ ̵ ̵Option.getD_some,
  ̲  ̲ ̲ ̲List.drop, List.foldl, Nat.reduceMul, Nat.reduceAdd,
  ̵  ̵ ̵ ̵Nat.reduceDiv, Nat.reduceMod, Nat.div_one,
  ̲  ̲ ̲ ̲Nat.mod_one, Nat.m̵u̵l̵_̵o̵n̵e̵,̵
  ̵ ̵ ̵ ̵ ̵N̵at̵.̵a̵dd_zero, Nat.zero_add, show (8 : Nat) ≠ 0 from by omega,
      show (4 : Nat) ≠ 0 from by omega, show (2 : Nat) ≠ 0 from by omega,
      show (16 : Nat) ≠ 0 from by omega, show (64 : Nat) ≠ 0 from by omega,
      show (256 : Nat) ≠ 0 from by omega, ite_false]

Note: This linter can be disabled with `set_option linter.unusedSimpArgs false`
warning: denote/Denote.lean:9579:4: This simp argument is unused:
  Nat.add_zero

Hint: Omit it from the simp argument list.
  simp only [hhead, List.getD, List.getElem?_cons_zero, List.getElem?_cons_succ,
  ̵  ̵ ̵ ̵Option.getD_some,
  ̲  ̲ ̲ ̲List.drop, List.foldl, Nat.reduceMul, Nat.reduceAdd,
  ̵  ̵ ̵ ̵Nat.reduceDiv, Nat.reduceMod, Nat.div_one, ̵N̵a̵t̵.̵m̵o̵d̵_̵o̵n̵e̵,̵ ̵N̵a̵t̵.̵m̵u̵l̵_̵o̵n̵e̵,̵
      Nat.m̲o̲d̲_̲o̲n̲e̲,̲ ̲N̲ad̵d̵t̲.̲m̲u̲l̲_z̵o̲n̲er̵o̵, Nat.zero_add, show (8 : Nat) ≠ 0 from by omega,
      show (4 : Nat) ≠ 0 from by omega, show (2 : Nat) ≠ 0 from by omega,
      show (16 : Nat) ≠ 0 from by omega, show (64 : Nat) ≠ 0 from by omega,
      show (256 : Nat) ≠ 0 from by omega, ite_false]

Note: This linter can be disabled with `set_option linter.unusedSimpArgs false`
warning: denote/Denote.lean:9579:18: This simp argument is unused:
  Nat.zero_add

Hint: Omit it from the simp argument list.
  simp only [hhead, List.getD, List.getElem?_cons_zero, List.getElem?_cons_succ,
  ̵  ̵ ̵ ̵Option.getD_some,
  ̲  ̲ ̲ ̲List.drop, List.foldl, Nat.reduceMul, Nat.reduceAdd,
  ̵  ̵ ̵ ̵Nat.reduceDiv, Nat.reduceMod, Nat.div_one, ̵N̵a̵t̵.̵m̵o̵d̵_̵o̵n̵e̵,̵ ̵N̵a̵t̵.̵m̵u̵l̵_̵o̵n̵e̵,̵
      Nat.m̲o̲d̲_̲o̲n̲e̲,̲ ̲N̲ad̵d̵t̲.̲m̲u̲l̲_z̵o̲n̲er̵o̵, Nat.z̵e̵r̵o̵_̵add_̲z̲e̲r̲o̲, show (8 : Nat) ≠ 0 from by omega,
      show (4 : Nat) ≠ 0 from by omega, show (2 : Nat) ≠ 0 from by omega,
      show (16 : Nat) ≠ 0 from by omega, show (64 : Nat) ≠ 0 from by omega,
      show (256 : Nat) ≠ 0 from by omega, ite_false]

Note: This linter can be disabled with `set_option linter.unusedSimpArgs false`
warning: denote/Denote.lean:9580:4: This simp argument is unused:
  show (4 : Nat) ≠ 0 from by omega

Hint: Omit it from the simp argument list.
  simp only [hhead, List.getD, List.getElem?_cons_zero, List.getElem?_cons_succ,
  ̵  ̵ ̵ ̵Option.getD_some,
  ̲  ̲ ̲ ̲List.drop, List.foldl, Nat.reduceMul, Nat.reduceAdd,
  ̵  ̵ ̵ ̵Nat.reduceDiv, Nat.reduceMod, Nat.div_one,
  ̲  ̲ ̲ ̲Nat.mod_one, Nat.mul_one,
  ̵  ̵ ̵ ̵Nat.add_zero, Nat.zero_add, show (8 : Nat) ≠ 0 from by omega,
      show (4̵ ̵:̵ ̵N̵a̵t̵)̵ ̵≠̵ ̵0̵ ̵f̵r̵o̵m̵ ̵b̵y̵ ̵o̵m̵e̵g̵a̵,̵ ̵s̵h̵o̵w̵ ̵(̵2 : Nat) ≠ 0 from by omega,
  ̵  ̵ ̵ ̵show (16 : Nat) ≠ 0 from by omega,
  ̲  ̲ ̲ ̲show (64 : Nat) ≠ 0 from by omega,
  ̵  ̵ ̵ ̵show (256 : Nat) ≠ 0 from by omega, ite_false]

Note: This linter can be disabled with `set_option linter.unusedSimpArgs false`
warning: denote/Denote.lean:9581:4: This simp argument is unused:
  show (16 : Nat) ≠ 0 from by omega

Hint: Omit it from the simp argument list.
  simp only [hhead, List.getD, List.getElem?_cons_zero, List.getElem?_cons_succ,
  ̵  ̵ ̵ ̵Option.getD_some,
  ̲  ̲ ̲ ̲List.drop, List.foldl, Nat.reduceMul, Nat.reduceAdd,
  ̵  ̵ ̵ ̵Nat.reduceDiv, Nat.reduceMod, Nat.div_one,
  ̲  ̲ ̲ ̲Nat.mod_one, Nat.mul_one,
  ̵  ̵ ̵ ̵Nat.add_zero, Nat.zero_add, show (8 : Nat) ≠ 0 from by omega,
      show (4 : Nat) ≠ 0 from by omega, show (2 : Nat) ≠ 0 from by omega,
      show (1̵6 ̵:̵ ̵N̵a̵t̵)̵ ̵≠̵ ̵0̵ ̵f̵r̵o̵m̵ ̵b̵y̵ ̵o̵m̵e̵g̵a̵,̵ ̵s̵h̵o̵w̵ ̵(̵6̵4 : Nat) ≠ 0 from by omega,
  ̵  ̵ ̵ ̵show (256 : Nat) ≠ 0 from by omega, ite_false]

Note: This linter can be disabled with `set_option linter.unusedSimpArgs false`
warning: denote/Denote.lean:9582:4: This simp argument is unused:
  show (256 : Nat) ≠ 0 from by omega

Hint: Omit it from the simp argument list.
  simp only [hhead, List.getD, List.getElem?_cons_zero, List.getElem?_cons_succ,
  ̵  ̵ ̵ ̵Option.getD_some,
  ̲  ̲ ̲ ̲List.drop, List.foldl, Nat.reduceMul, Nat.reduceAdd,
  ̵  ̵ ̵ ̵Nat.reduceDiv, Nat.reduceMod, Nat.div_one,
  ̲  ̲ ̲ ̲Nat.mod_one, Nat.mul_one,
  ̵  ̵ ̵ ̵Nat.add_zero, Nat.zero_add, show (8 : Nat) ≠ 0 from by omega,
      show (4 : Nat) ≠ 0 from by omega, show (2 : Nat) ≠ 0 from by omega,
      show (16 : Nat) ≠ 0 from by omega, show (64 : Nat) ≠ 0 from by omega,
  ̵  ̵ ̵ ̵s̵h̵o̵w̵ ̵(̵2̵5̵6̵ ̵:̵ ̵N̵a̵t̵)̵ ̵≠̵ ̵0̵ ̵f̵r̵o̵m̵ ̵b̵y̵ ̵o̵m̵e̵g̵a̵,̵ ̵ite_false]

Note: This linter can be disabled with `set_option linter.unusedSimpArgs false`
warning: denote/Denote.lean:9642:23: This simp argument is unused:
  List.getElem?_cons_zero

Hint: Omit it from the simp argument list.
  simp [List.getD, L̵i̵s̵t̵.̵g̵e̵t̵E̵l̵e̵m̵?̵_̵c̵o̵n̵s̵_̵z̵e̵r̵o̵,̵ ̵List.getElem?_cons_succ]

Note: This linter can be disabled with `set_option linter.unusedSimpArgs false`
warning: denote/Denote.lean:9642:48: This simp argument is unused:
  List.getElem?_cons_succ

Hint: Omit it from the simp argument list.
  simp [List.getD, List.getElem?_cons_zero,̵ ̵L̵i̵s̵t̵.̵g̵e̵t̵E̵l̵e̵m̵?̵_̵c̵o̵n̵s̵_̵s̵u̵c̵c̵]

Note: This linter can be disabled with `set_option linter.unusedSimpArgs false`
warning: denote/Denote.lean:9661:10: Used `tac1 <;> tac2` where `(tac1; tac2)` would suffice

Note: This linter can be disabled with `set_option linter.unnecessarySeqFocus false`
warning: denote/Denote.lean:9680:10: Used `tac1 <;> tac2` where `(tac1; tac2)` would suffice

Note: This linter can be disabled with `set_option linter.unnecessarySeqFocus false`
warning: denote/Denote.lean:9699:4: This simp argument is unused:
  Nat.reduceDiv

Hint: Omit it from the simp argument list.
  simp only [hhead, List.getD, List.getElem?_cons_zero, List.getElem?_cons_succ, Option.getD_some,
  ̲  ̲ ̲ ̲List.drop, List.foldl, Nat.reduceMul, Nat.reduceAdd, N̵a̵t̵.̵r̵e̵d̵u̵c̵e̵D̵i̵v̵,̵ ̵Nat.reduceMod, Nat.div_one, Nat.mod_one,
  ̲  ̲ ̲ ̲Nat.mul_one, Nat.add_zero, Nat.zero_add, show (8 : Nat) ≠ 0 from by omega,
      show (4 : Nat) ≠ 0 from by omega, show (2 : Nat) ≠ 0 from by omega,
      show (256 : Nat) ≠ 0 from by omega, ite_false]

Note: This linter can be disabled with `set_option linter.unusedSimpArgs false`
warning: denote/Denote.lean:9699:19: This simp argument is unused:
  Nat.reduceMod

Hint: Omit it from the simp argument list.
  simp only [hhead, List.getD, List.getElem?_cons_zero, List.getElem?_cons_succ,
  ̵  ̵ ̵ ̵Option.getD_some,
  ̲  ̲ ̲ ̲List.drop, List.foldl, Nat.reduceMul, Nat.reduceAdd,
  ̵  ̵ ̵ ̵Nat.reduceDiv, Nat.r̵e̵du̵c̵e̵M̵o̵d̵,̵ ̵N̵a̵t̵.̵d̵iv_one, Nat.mod_one,
  ̲  ̲ ̲ ̲Nat.mul_one,
  ̵  ̵ ̵ ̵Nat.add_zero, Nat.zero_add, show (8 : Nat) ≠ 0 from by omega,
      show (4 : Nat) ≠ 0 from by omega, show (2 : Nat) ≠ 0 from by omega,
      show (256 : Nat) ≠ 0 from by omega, ite_false]

Note: This linter can be disabled with `set_option linter.unusedSimpArgs false`
warning: denote/Denote.lean:9700:4: This simp argument is unused:
  Nat.add_zero

Hint: Omit it from the simp argument list.
  simp only [hhead, List.getD, List.getElem?_cons_zero, List.getElem?_cons_succ,
  ̵  ̵ ̵ ̵Option.getD_some,
  ̲  ̲ ̲ ̲List.drop, List.foldl, Nat.reduceMul, Nat.reduceAdd,
  ̵  ̵ ̵ ̵Nat.reduceDiv, Nat.reduceMod, Nat.div_one, ̵N̵a̵t̵.̵m̵o̵d̵_̵o̵n̵e̵,̵ ̵N̵a̵t̵.̵m̵u̵l̵_̵o̵n̵e̵,̵
      Nat.m̲o̲d̲_̲o̲n̲e̲,̲ ̲N̲ad̵d̵t̲.̲m̲u̲l̲_z̵o̲n̲er̵o̵, Nat.zero_add, show (8 : Nat) ≠ 0 from by omega,
      show (4 : Nat) ≠ 0 from by omega, show (2 : Nat) ≠ 0 from by omega,
      show (256 : Nat) ≠ 0 from by omega, ite_false]

Note: This linter can be disabled with `set_option linter.unusedSimpArgs false`
warning: denote/Denote.lean:9700:18: This simp argument is unused:
  Nat.zero_add

Hint: Omit it from the simp argument list.
  simp only [hhead, List.getD, List.getElem?_cons_zero, List.getElem?_cons_succ,
  ̵  ̵ ̵ ̵Option.getD_some,
  ̲  ̲ ̲ ̲List.drop, List.foldl, Nat.reduceMul, Nat.reduceAdd,
  ̵  ̵ ̵ ̵Nat.reduceDiv, Nat.reduceMod, Nat.div_one, ̵N̵a̵t̵.̵m̵o̵d̵_̵o̵n̵e̵,̵ ̵N̵a̵t̵.̵m̵u̵l̵_̵o̵n̵e̵,̵
      Nat.m̲o̲d̲_̲o̲n̲e̲,̲ ̲N̲ad̵d̵t̲.̲m̲u̲l̲_z̵o̲n̲er̵o̵, Nat.z̵e̵r̵o̵_̵add_̲z̲e̲r̲o̲, show (8 : Nat) ≠ 0 from by omega,
      show (4 : Nat) ≠ 0 from by omega, show (2 : Nat) ≠ 0 from by omega,
      show (256 : Nat) ≠ 0 from by omega, ite_false]

Note: This linter can be disabled with `set_option linter.unusedSimpArgs false`
warning: denote/Denote.lean:9701:4: This simp argument is unused:
  show (4 : Nat) ≠ 0 from by omega

Hint: Omit it from the simp argument list.
  simp only [hhead, List.getD, List.getElem?_cons_zero, List.getElem?_cons_succ,
  ̵  ̵ ̵ ̵Option.getD_some,
  ̲  ̲ ̲ ̲List.drop, List.foldl, Nat.reduceMul, Nat.reduceAdd,
  ̵  ̵ ̵ ̵Nat.reduceDiv, Nat.reduceMod, Nat.div_one,
  ̲  ̲ ̲ ̲Nat.mod_one, Nat.mul_one,
  ̵  ̵ ̵ ̵Nat.add_zero, Nat.zero_add, show (8 : Nat) ≠ 0 from by omega,
      show (4̵ ̵:̵ ̵N̵a̵t̵)̵ ̵≠̵ ̵0̵ ̵f̵r̵o̵m̵ ̵b̵y̵ ̵o̵m̵e̵g̵a̵,̵ ̵s̵h̵o̵w̵ ̵(̵2 : Nat) ≠ 0 from by omega,
  ̵  ̵ ̵ ̵show (256 : Nat) ≠ 0 from by omega, ite_false]

Note: This linter can be disabled with `set_option linter.unusedSimpArgs false`
warning: denote/Denote.lean:9702:4: This simp argument is unused:
  show (256 : Nat) ≠ 0 from by omega

Hint: Omit it from the simp argument list.
  simp only [hhead, List.getD, List.getElem?_cons_zero, List.getElem?_cons_succ,
  ̵  ̵ ̵ ̵Option.getD_some,
  ̲  ̲ ̲ ̲List.drop, List.foldl, Nat.reduceMul, Nat.reduceAdd,
  ̵  ̵ ̵ ̵Nat.reduceDiv, Nat.reduceMod, Nat.div_one,
  ̲  ̲ ̲ ̲Nat.mod_one, Nat.mul_one,
  ̵  ̵ ̵ ̵Nat.add_zero, Nat.zero_add, show (8 : Nat) ≠ 0 from by omega,
      show (4 : Nat) ≠ 0 from by omega, show (2 : Nat) ≠ 0 from by omega,
  ̵  ̵ ̵ ̵s̵h̵o̵w̵ ̵(̵2̵5̵6̵ ̵:̵ ̵N̵a̵t̵)̵ ̵≠̵ ̵0̵ ̵f̵r̵o̵m̵ ̵b̵y̵ ̵o̵m̵e̵g̵a̵,̵ ̵ite_false]

Note: This linter can be disabled with `set_option linter.unusedSimpArgs false`
warning: denote/Denote.lean:9758:23: This simp argument is unused:
  List.getElem?_cons_zero

Hint: Omit it from the simp argument list.
  simp [List.getD, L̵i̵s̵t̵.̵g̵e̵t̵E̵l̵e̵m̵?̵_̵c̵o̵n̵s̵_̵z̵e̵r̵o̵,̵ ̵List.getElem?_cons_succ]

Note: This linter can be disabled with `set_option linter.unusedSimpArgs false`
warning: denote/Denote.lean:9758:48: This simp argument is unused:
  List.getElem?_cons_succ

Hint: Omit it from the simp argument list.
  simp [List.getD, List.getElem?_cons_zero,̵ ̵L̵i̵s̵t̵.̵g̵e̵t̵E̵l̵e̵m̵?̵_̵c̵o̵n̵s̵_̵s̵u̵c̵c̵]

Note: This linter can be disabled with `set_option linter.unusedSimpArgs false`
warning: denote/Denote.lean:9769:0: Please, add a comment explaining the need for modifying the maxHeartbeat limit, as in
set_option maxHeartbeats 3200000 in
-- reason for change
...

Note: This linter can be disabled with `set_option linter.style.maxHeartbeats false`
warning: denote/Denote.lean:9774:10: Used `tac1 <;> tac2` where `(tac1; tac2)` would suffice

Note: This linter can be disabled with `set_option linter.unnecessarySeqFocus false`
warning: denote/Denote.lean:9776:0: Please, add a comment explaining the need for modifying the maxHeartbeat limit, as in
set_option maxHeartbeats 3200000 in
-- reason for change
...

Note: This linter can be disabled with `set_option linter.style.maxHeartbeats false`
warning: denote/Denote.lean:9782:10: Used `tac1 <;> tac2` where `(tac1; tac2)` would suffice

Note: This linter can be disabled with `set_option linter.unnecessarySeqFocus false`
warning: denote/Denote.lean:9798:4: This simp argument is unused:
  Nat.reduceDiv

Hint: Omit it from the simp argument list.
  simp only [hhead, List.getD, List.getElem?_cons_zero, List.getElem?_cons_succ, Option.getD_some,
  ̲  ̲ ̲ ̲List.drop, List.foldl, Nat.reduceMul, Nat.reduceAdd, N̵a̵t̵.̵r̵e̵d̵u̵c̵e̵D̵i̵v̵,̵ ̵Nat.reduceMod, Nat.div_one, Nat.mod_one,
  ̲  ̲ ̲ ̲Nat.mul_one, Nat.add_zero, Nat.zero_add, show (1 : Nat) ≠ 0 from by omega,
      show (64 : Nat) ≠ 0 from by omega, show (256 : Nat) ≠ 0 from by omega, ite_false]

Note: This linter can be disabled with `set_option linter.unusedSimpArgs false`
warning: denote/Denote.lean:9798:19: This simp argument is unused:
  Nat.reduceMod

Hint: Omit it from the simp argument list.
  simp only [hhead, List.getD, List.getElem?_cons_zero, List.getElem?_cons_succ,
  ̵  ̵ ̵ ̵Option.getD_some,
  ̲  ̲ ̲ ̲List.drop, List.foldl, Nat.reduceMul, Nat.reduceAdd,
  ̵  ̵ ̵ ̵Nat.reduceDiv, Nat.r̵e̵du̵c̵e̵M̵o̵d̵,̵ ̵N̵a̵t̵.̵d̵iv_one, Nat.mod_one,
  ̲  ̲ ̲ ̲Nat.mul_one,
  ̵  ̵ ̵ ̵Nat.add_zero, Nat.zero_add, show (1 : Nat) ≠ 0 from by omega,
      show (64 : Nat) ≠ 0 from by omega, show (256 : Nat) ≠ 0 from by omega, ite_false]

Note: This linter can be disabled with `set_option linter.unusedSimpArgs false`
warning: denote/Denote.lean:9798:60: This simp argument is unused:
  Nat.mul_one

Hint: Omit it from the simp argument list.
  simp only [hhead, List.getD, List.getElem?_cons_zero, List.getElem?_cons_succ,
  ̵  ̵ ̵ ̵Option.getD_some,
  ̲  ̲ ̲ ̲List.drop, List.foldl, Nat.reduceMul, Nat.reduceAdd,
  ̵  ̵ ̵ ̵Nat.reduceDiv, Nat.reduceMod, Nat.div_one,
  ̲  ̲ ̲ ̲Nat.mod_one, Nat.m̵u̵l̵_̵o̵n̵e̵,̵
  ̵ ̵ ̵ ̵ ̵N̵at̵.̵a̵dd_zero, Nat.zero_add, show (1 : Nat) ≠ 0 from by omega,
      show (64 : Nat) ≠ 0 from by omega, show (256 : Nat) ≠ 0 from by omega, ite_false]

Note: This linter can be disabled with `set_option linter.unusedSimpArgs false`
warning: denote/Denote.lean:9799:18: This simp argument is unused:
  Nat.zero_add

Hint: Omit it from the simp argument list.
  simp only [hhead, List.getD, List.getElem?_cons_zero, List.getElem?_cons_succ,
  ̵  ̵ ̵ ̵Option.getD_some,
  ̲  ̲ ̲ ̲List.drop, List.foldl, Nat.reduceMul, Nat.reduceAdd,
  ̵  ̵ ̵ ̵Nat.reduceDiv, Nat.reduceMod, Nat.div_one, ̵N̵a̵t̵.̵m̵o̵d̵_̵o̵n̵e̵,̵ ̵N̵a̵t̵.̵m̵u̵l̵_̵o̵n̵e̵,̵
      Nat.m̲o̲d̲_̲o̲n̲e̲,̲ ̲N̲ad̵d̵t̲.̲m̲u̲l̲_z̵o̲n̲er̵o̵, Nat.z̵e̵r̵o̵_̵add_̲z̲e̲r̲o̲, show (1 : Nat) ≠ 0 from by omega,
      show (64 : Nat) ≠ 0 from by omega, show (256 : Nat) ≠ 0 from by omega, ite_false]

Note: This linter can be disabled with `set_option linter.unusedSimpArgs false`
warning: denote/Denote.lean:9784:0: Please, add a comment explaining the need for modifying the maxHeartbeat limit, as in
set_option maxHeartbeats 3200000 in
-- reason for change
...

Note: This linter can be disabled with `set_option linter.style.maxHeartbeats false`
warning: denote/Denote.lean:9834:4: This simp argument is unused:
  Nat.reduceDiv

Hint: Omit it from the simp argument list.
  simp only [hhead, List.getD, List.getElem?_cons_zero, List.getElem?_cons_succ, Option.getD_some,
  ̲  ̲ ̲ ̲List.drop, List.foldl, Nat.reduceMul, Nat.reduceAdd, N̵a̵t̵.̵r̵e̵d̵u̵c̵e̵D̵i̵v̵,̵ ̵Nat.reduceMod, Nat.div_one, Nat.mod_one,
  ̲  ̲ ̲ ̲Nat.mul_one, Nat.add_zero, Nat.zero_add, show (1 : Nat) ≠ 0 from by omega,
      show (8 : Nat) ≠ 0 from by omega, show (32 : Nat) ≠ 0 from by omega,
      show (256 : Nat) ≠ 0 from by omega, ite_false]

Note: This linter can be disabled with `set_option linter.unusedSimpArgs false`
warning: denote/Denote.lean:9834:19: This simp argument is unused:
  Nat.reduceMod

Hint: Omit it from the simp argument list.
  simp only [hhead, List.getD, List.getElem?_cons_zero, List.getElem?_cons_succ,
  ̵  ̵ ̵ ̵Option.getD_some,
  ̲  ̲ ̲ ̲List.drop, List.foldl, Nat.reduceMul, Nat.reduceAdd,
  ̵  ̵ ̵ ̵Nat.reduceDiv, Nat.r̵e̵du̵c̵e̵M̵o̵d̵,̵ ̵N̵a̵t̵.̵d̵iv_one, Nat.mod_one,
  ̲  ̲ ̲ ̲Nat.mul_one,
  ̵  ̵ ̵ ̵Nat.add_zero, Nat.zero_add, show (1 : Nat) ≠ 0 from by omega,
      show (8 : Nat) ≠ 0 from by omega, show (32 : Nat) ≠ 0 from by omega,
      show (256 : Nat) ≠ 0 from by omega, ite_false]

Note: This linter can be disabled with `set_option linter.unusedSimpArgs false`
warning: denote/Denote.lean:9834:60: This simp argument is unused:
  Nat.mul_one

Hint: Omit it from the simp argument list.
  simp only [hhead, List.getD, List.getElem?_cons_zero, List.getElem?_cons_succ,
  ̵  ̵ ̵ ̵Option.getD_some,
  ̲  ̲ ̲ ̲List.drop, List.foldl, Nat.reduceMul, Nat.reduceAdd,
  ̵  ̵ ̵ ̵Nat.reduceDiv, Nat.reduceMod, Nat.div_one,
  ̲  ̲ ̲ ̲Nat.mod_one, Nat.m̵u̵l̵_̵o̵n̵e̵,̵
  ̵ ̵ ̵ ̵ ̵N̵at̵.̵a̵dd_zero, Nat.zero_add, show (1 : Nat) ≠ 0 from by omega,
      show (8 : Nat) ≠ 0 from by omega, show (32 : Nat) ≠ 0 from by omega,
      show (256 : Nat) ≠ 0 from by omega, ite_false]

Note: This linter can be disabled with `set_option linter.unusedSimpArgs false`
warning: denote/Denote.lean:9835:18: This simp argument is unused:
  Nat.zero_add

Hint: Omit it from the simp argument list.
  simp only [hhead, List.getD, List.getElem?_cons_zero, List.getElem?_cons_succ,
  ̵  ̵ ̵ ̵Option.getD_some,
  ̲  ̲ ̲ ̲List.drop, List.foldl, Nat.reduceMul, Nat.reduceAdd,
  ̵  ̵ ̵ ̵Nat.reduceDiv, Nat.reduceMod, Nat.div_one, ̵N̵a̵t̵.̵m̵o̵d̵_̵o̵n̵e̵,̵ ̵N̵a̵t̵.̵m̵u̵l̵_̵o̵n̵e̵,̵
      Nat.m̲o̲d̲_̲o̲n̲e̲,̲ ̲N̲ad̵d̵t̲.̲m̲u̲l̲_z̵o̲n̲er̵o̵, Nat.z̵e̵r̵o̵_̵add_̲z̲e̲r̲o̲, show (1 : Nat) ≠ 0 from by omega,
      show (8 : Nat) ≠ 0 from by omega, show (32 : Nat) ≠ 0 from by omega,
      show (256 : Nat) ≠ 0 from by omega, ite_false]

Note: This linter can be disabled with `set_option linter.unusedSimpArgs false`
warning: denote/Denote.lean:9837:4: This simp argument is unused:
  show (256 : Nat) ≠ 0 from by omega

Hint: Omit it from the simp argument list.
  simp only [hhead, List.getD, List.getElem?_cons_zero, List.getElem?_cons_succ,
  ̵  ̵ ̵ ̵Option.getD_some,
  ̲  ̲ ̲ ̲List.drop, List.foldl, Nat.reduceMul, Nat.reduceAdd,
  ̵  ̵ ̵ ̵Nat.reduceDiv, Nat.reduceMod, Nat.div_one,
  ̲  ̲ ̲ ̲Nat.mod_one, Nat.mul_one,
  ̵  ̵ ̵ ̵Nat.add_zero, Nat.zero_add, show (1 : Nat) ≠ 0 from by omega,
      show (8 : Nat) ≠ 0 from by omega, show (32 : Nat) ≠ 0 from by omega,
  ̵  ̵ ̵ ̵s̵h̵o̵w̵ ̵(̵2̵5̵6̵ ̵:̵ ̵N̵a̵t̵)̵ ̵≠̵ ̵0̵ ̵f̵r̵o̵m̵ ̵b̵y̵ ̵o̵m̵e̵g̵a̵,̵ ̵ite_false]

Note: This linter can be disabled with `set_option linter.unusedSimpArgs false`
warning: denote/Denote.lean:9816:0: Please, add a comment explaining the need for modifying the maxHeartbeat limit, as in
set_option maxHeartbeats 3200000 in
-- reason for change
...

Note: This linter can be disabled with `set_option linter.style.maxHeartbeats false`
warning: denote/Denote.lean:9838:10: Used `tac1 <;> tac2` where `(tac1; tac2)` would suffice

Note: This linter can be disabled with `set_option linter.unnecessarySeqFocus false`
warning: denote/Denote.lean:9854:4: This simp argument is unused:
  Nat.reduceDiv

Hint: Omit it from the simp argument list.
  simp only [hhead, List.getD, List.getElem?_cons_zero, List.getElem?_cons_succ, Option.getD_some,
  ̲  ̲ ̲ ̲List.drop, List.foldl, Nat.reduceMul, Nat.reduceAdd, N̵a̵t̵.̵r̵e̵d̵u̵c̵e̵D̵i̵v̵,̵ ̵Nat.reduceMod, Nat.div_one, Nat.mod_one,
  ̲  ̲ ̲ ̲Nat.mul_one, Nat.add_zero, Nat.zero_add, show (2 : Nat) ≠ 0 from by omega,
      show (4 : Nat) ≠ 0 from by omega, show (8 : Nat) ≠ 0 from by omega,
      show (32 : Nat) ≠ 0 from by omega, show (64 : Nat) ≠ 0 from by omega,
      show (256 : Nat) ≠ 0 from by omega, ite_false]

Note: This linter can be disabled with `set_option linter.unusedSimpArgs false`
warning: denote/Denote.lean:9854:19: This simp argument is unused:
  Nat.reduceMod

Hint: Omit it from the simp argument list.
  simp only [hhead, List.getD, List.getElem?_cons_zero, List.getElem?_cons_succ,
  ̵  ̵ ̵ ̵Option.getD_some,
  ̲  ̲ ̲ ̲List.drop, List.foldl, Nat.reduceMul, Nat.reduceAdd,
  ̵  ̵ ̵ ̵Nat.reduceDiv, Nat.r̵e̵du̵c̵e̵M̵o̵d̵,̵ ̵N̵a̵t̵.̵d̵iv_one, Nat.mod_one,
  ̲  ̲ ̲ ̲Nat.mul_one,
  ̵  ̵ ̵ ̵Nat.add_zero, Nat.zero_add, show (2 : Nat) ≠ 0 from by omega,
      show (4 : Nat) ≠ 0 from by omega, show (8 : Nat) ≠ 0 from by omega,
      show (32 : Nat) ≠ 0 from by omega, show (64 : Nat) ≠ 0 from by omega,
      show (256 : Nat) ≠ 0 from by omega, ite_false]

Note: This linter can be disabled with `set_option linter.unusedSimpArgs false`
warning: denote/Denote.lean:9854:34: This simp argument is unused:
  Nat.div_one

Hint: Omit it from the simp argument list.
  simp only [hhead, List.getD, List.getElem?_cons_zero, List.getElem?_cons_succ,
  ̵  ̵ ̵ ̵Option.getD_some,
  ̲  ̲ ̲ ̲List.drop, List.foldl, Nat.reduceMul, Nat.reduceAdd,
  ̵  ̵ ̵ ̵Nat.reduceDiv, Nat.reduceMod, Nat.d̵i̵v̵_̵o̵n̵e̵,̵ ̵N̵a̵t̵.̵mod_one, ̵N̵a̵t̵.̵m̵u̵l̵_̵o̵n̵e̵,̵
      Nat.m̲u̲l̲_̲o̲n̲e̲,̲ ̲N̲at̲.̲a̲dd_zero, Nat.zero_add, show (2 : Nat) ≠ 0 from by omega,
      show (4 : Nat) ≠ 0 from by omega, show (8 : Nat) ≠ 0 from by omega,
      show (32 : Nat) ≠ 0 from by omega, show (64 : Nat) ≠ 0 from by omega,
      show (256 : Nat) ≠ 0 from by omega, ite_false]

Note: This linter can be disabled with `set_option linter.unusedSimpArgs false`
warning: denote/Denote.lean:9854:47: This simp argument is unused:
  Nat.mod_one

Hint: Omit it from the simp argument list.
  simp only [hhead, List.getD, List.getElem?_cons_zero, List.getElem?_cons_succ,
  ̵  ̵ ̵ ̵Option.getD_some,
  ̲  ̲ ̲ ̲List.drop, List.foldl, Nat.reduceMul, Nat.reduceAdd,
  ̵  ̵ ̵ ̵Nat.reduceDiv, Nat.reduceMod, Nat.div_one, ̵N̵a̵t̵.̵m̵o̵d̵_̵o̵n̵e̵,̵ ̵N̵a̵t̵.̵m̵u̵l̵_̵o̵n̵e̵,̵
      Nat.m̲u̲l̲_̲o̲n̲e̲,̲ ̲N̲at̲.̲a̲dd_zero, Nat.zero_add, show (2 : Nat) ≠ 0 from by omega,
      show (4 : Nat) ≠ 0 from by omega, show (8 : Nat) ≠ 0 from by omega,
      show (32 : Nat) ≠ 0 from by omega, show (64 : Nat) ≠ 0 from by omega,
      show (256 : Nat) ≠ 0 from by omega, ite_false]

Note: This linter can be disabled with `set_option linter.unusedSimpArgs false`
warning: denote/Denote.lean:9854:60: This simp argument is unused:
  Nat.mul_one

Hint: Omit it from the simp argument list.
  simp only [hhead, List.getD, List.getElem?_cons_zero, List.getElem?_cons_succ,
  ̵  ̵ ̵ ̵Option.getD_some,
  ̲  ̲ ̲ ̲List.drop, List.foldl, Nat.reduceMul, Nat.reduceAdd,
  ̵  ̵ ̵ ̵Nat.reduceDiv, Nat.reduceMod, Nat.div_one,
  ̲  ̲ ̲ ̲Nat.mod_one, Nat.m̵u̵l̵_̵o̵n̵e̵,̵
  ̵ ̵ ̵ ̵ ̵N̵at̵.̵a̵dd_zero, Nat.zero_add, show (2 : Nat) ≠ 0 from by omega,
      show (4 : Nat) ≠ 0 from by omega, show (8 : Nat) ≠ 0 from by omega,
      show (32 : Nat) ≠ 0 from by omega, show (64 : Nat) ≠ 0 from by omega,
      show (256 : Nat) ≠ 0 from by omega, ite_false]

Note: This linter can be disabled with `set_option linter.unusedSimpArgs false`
warning: denote/Denote.lean:9855:4: This simp argument is unused:
  Nat.add_zero

Hint: Omit it from the simp argument list.
  simp only [hhead, List.getD, List.getElem?_cons_zero, List.getElem?_cons_succ,
  ̵  ̵ ̵ ̵Option.getD_some,
  ̲  ̲ ̲ ̲List.drop, List.foldl, Nat.reduceMul, Nat.reduceAdd,
  ̵  ̵ ̵ ̵Nat.reduceDiv, Nat.reduceMod, Nat.div_one, ̵N̵a̵t̵.̵m̵o̵d̵_̵o̵n̵e̵,̵ ̵N̵a̵t̵.̵m̵u̵l̵_̵o̵n̵e̵,̵
      Nat.m̲o̲d̲_̲o̲n̲e̲,̲ ̲N̲ad̵d̵t̲.̲m̲u̲l̲_z̵o̲n̲er̵o̵, Nat.zero_add, show (2 : Nat) ≠ 0 from by omega,
      show (4 : Nat) ≠ 0 from by omega, show (8 : Nat) ≠ 0 from by omega,
      show (32 : Nat) ≠ 0 from by omega, show (64 : Nat) ≠ 0 from by omega,
      show (256 : Nat) ≠ 0 from by omega, ite_false]

Note: This linter can be disabled with `set_option linter.unusedSimpArgs false`
warning: denote/Denote.lean:9855:18: This simp argument is unused:
  Nat.zero_add

Hint: Omit it from the simp argument list.
  simp only [hhead, List.getD, List.getElem?_cons_zero, List.getElem?_cons_succ,
  ̵  ̵ ̵ ̵Option.getD_some,
  ̲  ̲ ̲ ̲List.drop, List.foldl, Nat.reduceMul, Nat.reduceAdd,
  ̵  ̵ ̵ ̵Nat.reduceDiv, Nat.reduceMod, Nat.div_one, ̵N̵a̵t̵.̵m̵o̵d̵_̵o̵n̵e̵,̵ ̵N̵a̵t̵.̵m̵u̵l̵_̵o̵n̵e̵,̵
      Nat.m̲o̲d̲_̲o̲n̲e̲,̲ ̲N̲ad̵d̵t̲.̲m̲u̲l̲_z̵o̲n̲er̵o̵, Nat.z̵e̵r̵o̵_̵add_̲z̲e̲r̲o̲, show (2 : Nat) ≠ 0 from by omega,
      show (4 : Nat) ≠ 0 from by omega, show (8 : Nat) ≠ 0 from by omega,
      show (32 : Nat) ≠ 0 from by omega, show (64 : Nat) ≠ 0 from by omega,
      show (256 : Nat) ≠ 0 from by omega, ite_false]

Note: This linter can be disabled with `set_option linter.unusedSimpArgs false`
warning: denote/Denote.lean:9856:4: This simp argument is unused:
  show (4 : Nat) ≠ 0 from by omega

Hint: Omit it from the simp argument list.
  simp only [hhead, List.getD, List.getElem?_cons_zero, List.getElem?_cons_succ,
  ̵  ̵ ̵ ̵Option.getD_some,
  ̲  ̲ ̲ ̲List.drop, List.foldl, Nat.reduceMul, Nat.reduceAdd,
  ̵  ̵ ̵ ̵Nat.reduceDiv, Nat.reduceMod, Nat.div_one,
  ̲  ̲ ̲ ̲Nat.mod_one, Nat.mul_one,
  ̵  ̵ ̵ ̵Nat.add_zero, Nat.zero_add, show (2 : Nat) ≠ 0 from by omega,
      show (4̵ ̵:̵ ̵N̵a̵t̵)̵ ̵≠̵ ̵0̵ ̵f̵r̵o̵m̵ ̵b̵y̵ ̵o̵m̵e̵g̵a̵,̵ ̵s̵h̵o̵w̵ ̵(̵8 : Nat) ≠ 0 from by omega,
  ̵  ̵ ̵ ̵show (32 : Nat) ≠ 0 from by omega,
  ̲  ̲ ̲ ̲show (64 : Nat) ≠ 0 from by omega,
  ̵  ̵ ̵ ̵show (256 : Nat) ≠ 0 from by omega, ite_false]

Note: This linter can be disabled with `set_option linter.unusedSimpArgs false`
warning: denote/Denote.lean:9856:38: This simp argument is unused:
  show (8 : Nat) ≠ 0 from by omega

Hint: Omit it from the simp argument list.
  simp only [hhead, List.getD, List.getElem?_cons_zero, List.getElem?_cons_succ,
  ̵  ̵ ̵ ̵Option.getD_some,
  ̲  ̲ ̲ ̲List.drop, List.foldl, Nat.reduceMul, Nat.reduceAdd,
  ̵  ̵ ̵ ̵Nat.reduceDiv, Nat.reduceMod, Nat.div_one,
  ̲  ̲ ̲ ̲Nat.mod_one, Nat.mul_one,
  ̵  ̵ ̵ ̵Nat.add_zero, Nat.zero_add, show (2 : Nat) ≠ 0 from by omega,
      show (4 : Nat) ≠ 0 from by omega, show (8̵ ̵:̵ ̵N̵a̵t̵)̵ ̵≠̵ ̵0̵ ̵f̵r̵o̵m̵ ̵b̵y̵ ̵o̵m̵e̵g̵a̵,̵
  ̵ ̵ ̵ ̵ ̵s̵h̵o̵w̵ ̵(̵32 : Nat) ≠ 0 from by omega,
  ̲  ̲ ̲ ̲show (64 : Nat) ≠ 0 from by omega,
  ̵  ̵ ̵ ̵show (256 : Nat) ≠ 0 from by omega, ite_false]

Note: This linter can be disabled with `set_option linter.unusedSimpArgs false`
warning: denote/Denote.lean:9857:39: This simp argument is unused:
  show (64 : Nat) ≠ 0 from by omega

Hint: Omit it from the simp argument list.
  simp only [hhead, List.getD, List.getElem?_cons_zero, List.getElem?_cons_succ,
  ̵  ̵ ̵ ̵Option.getD_some,
  ̲  ̲ ̲ ̲List.drop, List.foldl, Nat.reduceMul, Nat.reduceAdd,
  ̵  ̵ ̵ ̵Nat.reduceDiv, Nat.reduceMod, Nat.div_one,
  ̲  ̲ ̲ ̲Nat.mod_one, Nat.mul_one,
  ̵  ̵ ̵ ̵Nat.add_zero, Nat.zero_add, show (2 : Nat) ≠ 0 from by omega,
      show (4 : Nat) ≠ 0 from by omega, show (8 : Nat) ≠ 0 from by omega,
      show (32 : Nat) ≠ 0 from by omega, show (6̵4̵ ̵:̵ ̵N̵a̵t̵)̵ ̵≠̵ ̵0̵ ̵f̵r̵o̵m̵ ̵b̵y̵ ̵o̵m̵e̵g̵a̵,̵
  ̵ ̵ ̵ ̵ ̵s̵h̵o̵w̵ ̵(̵256 : Nat) ≠ 0 from by omega, ite_false]

Note: This linter can be disabled with `set_option linter.unusedSimpArgs false`
warning: denote/Denote.lean:9840:0: Please, add a comment explaining the need for modifying the maxHeartbeat limit, as in
set_option maxHeartbeats 3200000 in
-- reason for change
...

Note: This linter can be disabled with `set_option linter.style.maxHeartbeats false`
warning: denote/Denote.lean:9914:23: This simp argument is unused:
  List.getElem?_cons_zero

Hint: Omit it from the simp argument list.
  simp [List.getD, L̵i̵s̵t̵.̵g̵e̵t̵E̵l̵e̵m̵?̵_̵c̵o̵n̵s̵_̵z̵e̵r̵o̵,̵ ̵List.getElem?_cons_succ]

Note: This linter can be disabled with `set_option linter.unusedSimpArgs false`
warning: denote/Denote.lean:9914:48: This simp argument is unused:
  List.getElem?_cons_succ

Hint: Omit it from the simp argument list.
  simp [List.getD, List.getElem?_cons_zero,̵ ̵L̵i̵s̵t̵.̵g̵e̵t̵E̵l̵e̵m̵?̵_̵c̵o̵n̵s̵_̵s̵u̵c̵c̵]

Note: This linter can be disabled with `set_option linter.unusedSimpArgs false`
warning: denote/Denote.lean:9921:23: This simp argument is unused:
  List.getElem?_cons_zero

Hint: Omit it from the simp argument list.
  simp [List.getD, L̵i̵s̵t̵.̵g̵e̵t̵E̵l̵e̵m̵?̵_̵c̵o̵n̵s̵_̵z̵e̵r̵o̵,̵ ̵List.getElem?_cons_succ, hp0, hp1, hp2, hp3, zeroTensor]

Note: This linter can be disabled with `set_option linter.unusedSimpArgs false`
warning: denote/Denote.lean:9921:48: This simp argument is unused:
  List.getElem?_cons_succ

Hint: Omit it from the simp argument list.
  simp [List.getD, List.getElem?_cons_zero, L̵i̵s̵t̵.̵g̵e̵t̵E̵l̵e̵m̵?̵_̵c̵o̵n̵s̵_̵s̵u̵c̵c̵,̵
  ̵ ̵ ̵ ̵ ̵ ̵ ̵ ̵ ̵hp0, hp1, hp2, hp3, zeroTensor]

Note: This linter can be disabled with `set_option linter.unusedSimpArgs false`
warning: denote/Denote.lean:9869:0: Please, add a comment explaining the need for modifying the maxHeartbeat limit, as in
set_option maxHeartbeats 3200000 in
-- reason for change
...

Note: This linter can be disabled with `set_option linter.style.maxHeartbeats false`
warning: denote/Denote.lean:9980:23: This simp argument is unused:
  List.getElem?_cons_zero

Hint: Omit it from the simp argument list.
  simp [List.getD, L̵i̵s̵t̵.̵g̵e̵t̵E̵l̵e̵m̵?̵_̵c̵o̵n̵s̵_̵z̵e̵r̵o̵,̵ ̵List.getElem?_cons_succ, hp0, hp1, hp2, hp3]

Note: This linter can be disabled with `set_option linter.unusedSimpArgs false`
warning: denote/Denote.lean:9980:48: This simp argument is unused:
  List.getElem?_cons_succ

Hint: Omit it from the simp argument list.
  simp [List.getD, List.getElem?_cons_zero, L̵i̵s̵t̵.̵g̵e̵t̵E̵l̵e̵m̵?̵_̵c̵o̵n̵s̵_̵s̵u̵c̵c̵,̵
  ̵ ̵ ̵ ̵ ̵ ̵ ̵ ̵ ̵hp0, hp1, hp2, hp3]

Note: This linter can be disabled with `set_option linter.unusedSimpArgs false`
warning: denote/Denote.lean:9927:0: Please, add a comment explaining the need for modifying the maxHeartbeat limit, as in
set_option maxHeartbeats 3200000 in
-- reason for change
...

Note: This linter can be disabled with `set_option linter.style.maxHeartbeats false`
warning: denote/Denote.lean:10043:23: This simp argument is unused:
  List.getElem?_cons_zero

Hint: Omit it from the simp argument list.
  simp [List.getD, L̵i̵s̵t̵.̵g̵e̵t̵E̵l̵e̵m̵?̵_̵c̵o̵n̵s̵_̵z̵e̵r̵o̵,̵ ̵List.getElem?_cons_succ, hp0, hp1, hp2, hp3]

Note: This linter can be disabled with `set_option linter.unusedSimpArgs false`
warning: denote/Denote.lean:10043:48: This simp argument is unused:
  List.getElem?_cons_succ

Hint: Omit it from the simp argument list.
  simp [List.getD, List.getElem?_cons_zero, L̵i̵s̵t̵.̵g̵e̵t̵E̵l̵e̵m̵?̵_̵c̵o̵n̵s̵_̵s̵u̵c̵c̵,̵
  ̵ ̵ ̵ ̵ ̵ ̵ ̵ ̵ ̵hp0, hp1, hp2, hp3]

Note: This linter can be disabled with `set_option linter.unusedSimpArgs false`
warning: denote/Denote.lean:9986:0: Please, add a comment explaining the need for modifying the maxHeartbeat limit, as in
set_option maxHeartbeats 3200000 in
-- reason for change
...

Note: This linter can be disabled with `set_option linter.style.maxHeartbeats false`
warning: denote/Denote.lean:10102:23: This simp argument is unused:
  List.getElem?_cons_zero

Hint: Omit it from the simp argument list.
  simp [List.getD, L̵i̵s̵t̵.̵g̵e̵t̵E̵l̵e̵m̵?̵_̵c̵o̵n̵s̵_̵z̵e̵r̵o̵,̵ ̵List.getElem?_cons_succ]

Note: This linter can be disabled with `set_option linter.unusedSimpArgs false`
warning: denote/Denote.lean:10102:48: This simp argument is unused:
  List.getElem?_cons_succ

Hint: Omit it from the simp argument list.
  simp [List.getD, List.getElem?_cons_zero,̵ ̵L̵i̵s̵t̵.̵g̵e̵t̵E̵l̵e̵m̵?̵_̵c̵o̵n̵s̵_̵s̵u̵c̵c̵]

Note: This linter can be disabled with `set_option linter.unusedSimpArgs false`
warning: denote/Denote.lean:10109:23: This simp argument is unused:
  List.getElem?_cons_zero

Hint: Omit it from the simp argument list.
  simp [List.getD, L̵i̵s̵t̵.̵g̵e̵t̵E̵l̵e̵m̵?̵_̵c̵o̵n̵s̵_̵z̵e̵r̵o̵,̵ ̵List.getElem?_cons_succ, hp0, hp1, hp2, hp3, zeroTensor]

Note: This linter can be disabled with `set_option linter.unusedSimpArgs false`
warning: denote/Denote.lean:10109:48: This simp argument is unused:
  List.getElem?_cons_succ

Hint: Omit it from the simp argument list.
  simp [List.getD, List.getElem?_cons_zero, L̵i̵s̵t̵.̵g̵e̵t̵E̵l̵e̵m̵?̵_̵c̵o̵n̵s̵_̵s̵u̵c̵c̵,̵
  ̵ ̵ ̵ ̵ ̵ ̵ ̵ ̵ ̵hp0, hp1, hp2, hp3, zeroTensor]

Note: This linter can be disabled with `set_option linter.unusedSimpArgs false`
warning: denote/Denote.lean:10057:0: Please, add a comment explaining the need for modifying the maxHeartbeat limit, as in
set_option maxHeartbeats 3200000 in
-- reason for change
...

Note: This linter can be disabled with `set_option linter.style.maxHeartbeats false`
warning: denote/Denote.lean:10133:23: This simp argument is unused:
  List.getElem?_cons_zero

Hint: Omit it from the simp argument list.
  simp [List.getD, L̵i̵s̵t̵.̵g̵e̵t̵E̵l̵e̵m̵?̵_̵c̵o̵n̵s̵_̵z̵e̵r̵o̵,̵ ̵List.getElem?_cons_succ, hc0, hc1, hc2, hc3]

Note: This linter can be disabled with `set_option linter.unusedSimpArgs false`
warning: denote/Denote.lean:10133:48: This simp argument is unused:
  List.getElem?_cons_succ

Hint: Omit it from the simp argument list.
  simp [List.getD, List.getElem?_cons_zero, L̵i̵s̵t̵.̵g̵e̵t̵E̵l̵e̵m̵?̵_̵c̵o̵n̵s̵_̵s̵u̵c̵c̵,̵ ̵hc0, hc1, hc2, hc3]

Note: This linter can be disabled with `set_option linter.unusedSimpArgs false`
warning: denote/Denote.lean:10115:0: Please, add a comment explaining the need for modifying the maxHeartbeat limit, as in
set_option maxHeartbeats 3200000 in
-- reason for change
...

Note: This linter can be disabled with `set_option linter.style.maxHeartbeats false`
warning: denote/Denote.lean:10169:23: This simp argument is unused:
  List.getElem?_cons_zero

Hint: Omit it from the simp argument list.
  simp [List.getD, L̵i̵s̵t̵.̵g̵e̵t̵E̵l̵e̵m̵?̵_̵c̵o̵n̵s̵_̵z̵e̵r̵o̵,̵ ̵List.getElem?_cons_succ, hc0, hc1, hc2, hc3]

Note: This linter can be disabled with `set_option linter.unusedSimpArgs false`
warning: denote/Denote.lean:10169:48: This simp argument is unused:
  List.getElem?_cons_succ

Hint: Omit it from the simp argument list.
  simp [List.getD, List.getElem?_cons_zero, L̵i̵s̵t̵.̵g̵e̵t̵E̵l̵e̵m̵?̵_̵c̵o̵n̵s̵_̵s̵u̵c̵c̵,̵ ̵hc0, hc1, hc2, hc3]

Note: This linter can be disabled with `set_option linter.unusedSimpArgs false`
warning: denote/Denote.lean:10151:0: Please, add a comment explaining the need for modifying the maxHeartbeat limit, as in
set_option maxHeartbeats 3200000 in
-- reason for change
...

Note: This linter can be disabled with `set_option linter.style.maxHeartbeats false`
warning: denote/Denote.lean:10187:0: Please, add a comment explaining the need for modifying the maxHeartbeat limit, as in
set_option maxHeartbeats 3200000 in
-- reason for change
...

Note: This linter can be disabled with `set_option linter.style.maxHeartbeats false`
warning: denote/Denote.lean:10212:23: This simp argument is unused:
  List.getElem?_cons_zero

Hint: Omit it from the simp argument list.
  simp [List.getD, L̵i̵s̵t̵.̵g̵e̵t̵E̵l̵e̵m̵?̵_̵c̵o̵n̵s̵_̵z̵e̵r̵o̵,̵ ̵List.getElem?_cons_succ, hc0, hc1, hc2, hc3]

Note: This linter can be disabled with `set_option linter.unusedSimpArgs false`
warning: denote/Denote.lean:10212:48: This simp argument is unused:
  List.getElem?_cons_succ

Hint: Omit it from the simp argument list.
  simp [List.getD, List.getElem?_cons_zero, L̵i̵s̵t̵.̵g̵e̵t̵E̵l̵e̵m̵?̵_̵c̵o̵n̵s̵_̵s̵u̵c̵c̵,̵ ̵hc0, hc1, hc2, hc3]

Note: This linter can be disabled with `set_option linter.unusedSimpArgs false`
warning: denote/Denote.lean:10194:0: Please, add a comment explaining the need for modifying the maxHeartbeat limit, as in
set_option maxHeartbeats 3200000 in
-- reason for change
...

Note: This linter can be disabled with `set_option linter.style.maxHeartbeats false`
warning: denote/Denote.lean:10259:15: This simp argument is unused:
  hd1

Hint: Omit it from the simp argument list.
  simp only [flatToMulti, multiToFlat, prodShape, List.foldl,
  ̵  ̵ ̵ ̵List.getElem?_cons_zero,
  ̲  ̲ ̲ ̲List.getElem?_cons_succ, Option.getD_some,
  ̵  ̵ ̵ ̵List.set, Nat.div_one, Nat.mul_one, Nat.one_mul, ̲e̲3̲2̲,̲
      e3̵2̵,̵ ̵e̵13̵2̵3̲2̲, hd1̵,̵ ̵h̵d̵2, hd3, if_false, if_neg, Nat.add_zero, reduceIte,
  ̵  ̵ ̵ ̵Nat.one_ne_zero, Nat.reduceEqDiff]

Note: This linter can be disabled with `set_option linter.unusedSimpArgs false`
warning: denote/Denote.lean:10259:25: This simp argument is unused:
  hd3

Hint: Omit it from the simp argument list.
  simp only [flatToMulti, multiToFlat, prodShape, List.foldl,
  ̵  ̵ ̵ ̵List.getElem?_cons_zero,
  ̲  ̲ ̲ ̲List.getElem?_cons_succ, Option.getD_some,
  ̵  ̵ ̵ ̵List.set, Nat.div_one, Nat.mul_one, Nat.one_mul, ̲e̲3̲2̲,̲
      e3̵2̵,̵ ̵e̵132, hd1, hd2, h̵d̵3̵,̵ ̵if_false, if_neg, Nat.add_zero, reduceIte,
  ̵  ̵ ̵ ̵Nat.one_ne_zero, Nat.reduceEqDiff]

Note: This linter can be disabled with `set_option linter.unusedSimpArgs false`
warning: denote/Denote.lean:10259:40: This simp argument is unused:
  if_neg

Hint: Omit it from the simp argument list.
  simp only [flatToMulti, multiToFlat, prodShape, List.foldl,
  ̵  ̵ ̵ ̵List.getElem?_cons_zero,
  ̲  ̲ ̲ ̲List.getElem?_cons_succ, Option.getD_some,
  ̵  ̵ ̵ ̵List.set, Nat.div_one, Nat.mul_one, Nat.one_mul,
  ̵  ̵ ̵ ̵e32,
  ̲  ̲ ̲ ̲e132, hd1, hd2, hd3, if_false, i̵f̵_̵n̵e̵g̵,̵ ̵Nat.add_zero, reduceIte,
  ̵  ̵ ̵ ̵Nat.one_ne_zero, Nat.reduceEqDiff]

Note: This linter can be disabled with `set_option linter.unusedSimpArgs false`
warning: denote/Denote.lean:10259:62: This simp argument is unused:
  reduceIte

Hint: Omit it from the simp argument list.
  simp only [flatToMulti, multiToFlat, prodShape, List.foldl,
  ̵  ̵ ̵ ̵List.getElem?_cons_zero,
  ̲  ̲ ̲ ̲List.getElem?_cons_succ, Option.getD_some,
  ̵  ̵ ̵ ̵List.set, Nat.div_one, Nat.mul_one, Nat.one_mul,
  ̵  ̵ ̵ ̵e32,
  ̲  ̲ ̲ ̲e132, hd1, hd2, hd3, if_false, if_neg, Nat.add_zero, r̵e̵d̵u̵c̵e̵I̵t̵e̵,̵
  ̵ ̵ ̵ ̵ ̵Nat.one_ne_zero, Nat.reduceEqDiff]

Note: This linter can be disabled with `set_option linter.unusedSimpArgs false`
warning: denote/Denote.lean:10260:21: This simp argument is unused:
  Nat.reduceEqDiff

Hint: Omit it from the simp argument list.
  simp only [flatToMulti, multiToFlat, prodShape, List.foldl,
  ̵  ̵ ̵ ̵List.getElem?_cons_zero,
  ̲  ̲ ̲ ̲List.getElem?_cons_succ, Option.getD_some,
  ̵  ̵ ̵ ̵List.set, Nat.div_one, Nat.mul_one, Nat.one_mul,
  ̵  ̵ ̵ ̵e32,
  ̲  ̲ ̲ ̲e132, hd1, hd2, hd3, if_false, if_neg, Nat.add_zero, reduceIte,
  ̵  ̵ ̵ ̵Nat.one_ne_zero,̵ ̵N̵a̵t̵.̵r̵e̵d̵u̵c̵e̵E̵q̵D̵i̵f̵f̵]

Note: This linter can be disabled with `set_option linter.unusedSimpArgs false`
warning: denote/Denote.lean:10230:0: Please, add a comment explaining the need for modifying the maxHeartbeat limit, as in
set_option maxHeartbeats 3200000 in
-- reason for change
...

Note: This linter can be disabled with `set_option linter.style.maxHeartbeats false`
warning: denote/Denote.lean:10264:0: Please, add a comment explaining the need for modifying the maxHeartbeat limit, as in
set_option maxHeartbeats 3200000 in
-- reason for change
...

Note: This linter can be disabled with `set_option linter.style.maxHeartbeats false`
warning: denote/Denote.lean:10270:10: Used `tac1 <;> tac2` where `(tac1; tac2)` would suffice

Note: This linter can be disabled with `set_option linter.unnecessarySeqFocus false`
warning: denote/Denote.lean:10273:0: Please, add a comment explaining the need for modifying the maxHeartbeat limit, as in
set_option maxHeartbeats 3200000 in
-- reason for change
...

Note: This linter can be disabled with `set_option linter.style.maxHeartbeats false`
warning: denote/Denote.lean:10279:10: Used `tac1 <;> tac2` where `(tac1; tac2)` would suffice

Note: This linter can be disabled with `set_option linter.unnecessarySeqFocus false`
warning: denote/Denote.lean:10328:23: This simp argument is unused:
  List.getElem?_cons_zero

Hint: Omit it from the simp argument list.
  simp [List.getD, L̵i̵s̵t̵.̵g̵e̵t̵E̵l̵e̵m̵?̵_̵c̵o̵n̵s̵_̵z̵e̵r̵o̵,̵ ̵List.getElem?_cons_succ]

Note: This linter can be disabled with `set_option linter.unusedSimpArgs false`
warning: denote/Denote.lean:10328:48: This simp argument is unused:
  List.getElem?_cons_succ

Hint: Omit it from the simp argument list.
  simp [List.getD, List.getElem?_cons_zero,̵ ̵L̵i̵s̵t̵.̵g̵e̵t̵E̵l̵e̵m̵?̵_̵c̵o̵n̵s̵_̵s̵u̵c̵c̵]

Note: This linter can be disabled with `set_option linter.unusedSimpArgs false`
warning: denote/Denote.lean:10280:0: Please, add a comment explaining the need for modifying the maxHeartbeat limit, as in
set_option maxHeartbeats 4000000 in
-- reason for change
...

Note: This linter can be disabled with `set_option linter.style.maxHeartbeats false`
warning: denote/Denote.lean:10355:0: Please, add a comment explaining the need for modifying the maxHeartbeat limit, as in
set_option maxHeartbeats 3200000 in
-- reason for change
...

Note: This linter can be disabled with `set_option linter.style.maxHeartbeats false`
warning: denote/Denote.lean:10361:10: Used `tac1 <;> tac2` where `(tac1; tac2)` would suffice

Note: This linter can be disabled with `set_option linter.unnecessarySeqFocus false`
warning: denote/Denote.lean:10381:23: This simp argument is unused:
  List.getElem?_cons_zero

Hint: Omit it from the simp argument list.
  simp [List.getD, L̵i̵s̵t̵.̵g̵e̵t̵E̵l̵e̵m̵?̵_̵c̵o̵n̵s̵_̵z̵e̵r̵o̵,̵ ̵List.getElem?_cons_succ, hc0, hc1, hc2, hc3]

Note: This linter can be disabled with `set_option linter.unusedSimpArgs false`
warning: denote/Denote.lean:10381:48: This simp argument is unused:
  List.getElem?_cons_succ

Hint: Omit it from the simp argument list.
  simp [List.getD, List.getElem?_cons_zero, L̵i̵s̵t̵.̵g̵e̵t̵E̵l̵e̵m̵?̵_̵c̵o̵n̵s̵_̵s̵u̵c̵c̵,̵ ̵hc0, hc1, hc2, hc3]

Note: This linter can be disabled with `set_option linter.unusedSimpArgs false`
warning: denote/Denote.lean:10363:0: Please, add a comment explaining the need for modifying the maxHeartbeat limit, as in
set_option maxHeartbeats 3200000 in
-- reason for change
...

Note: This linter can be disabled with `set_option linter.style.maxHeartbeats false`
warning: denote/Denote.lean:10451:23: This simp argument is unused:
  List.getElem?_cons_zero

Hint: Omit it from the simp argument list.
  simp [List.getD, L̵i̵s̵t̵.̵g̵e̵t̵E̵l̵e̵m̵?̵_̵c̵o̵n̵s̵_̵z̵e̵r̵o̵,̵ ̵List.getElem?_cons_succ]

Note: This linter can be disabled with `set_option linter.unusedSimpArgs false`
warning: denote/Denote.lean:10451:48: This simp argument is unused:
  List.getElem?_cons_succ

Hint: Omit it from the simp argument list.
  simp [List.getD, List.getElem?_cons_zero,̵ ̵L̵i̵s̵t̵.̵g̵e̵t̵E̵l̵e̵m̵?̵_̵c̵o̵n̵s̵_̵s̵u̵c̵c̵]

Note: This linter can be disabled with `set_option linter.unusedSimpArgs false`
warning: denote/Denote.lean:10399:0: Please, add a comment explaining the need for modifying the maxHeartbeat limit, as in
set_option maxHeartbeats 3200000 in
-- reason for change
...

Note: This linter can be disabled with `set_option linter.style.maxHeartbeats false`
warning: denote/Denote.lean:10462:0: Please, add a comment explaining the need for modifying the maxHeartbeat limit, as in
set_option maxHeartbeats 3200000 in
-- reason for change
...

Note: This linter can be disabled with `set_option linter.style.maxHeartbeats false`
warning: denote/Denote.lean:10468:10: Used `tac1 <;> tac2` where `(tac1; tac2)` would suffice

Note: This linter can be disabled with `set_option linter.unnecessarySeqFocus false`
warning: denote/Denote.lean:10522:23: This simp argument is unused:
  List.getElem?_cons_zero

Hint: Omit it from the simp argument list.
  simp [List.getD, L̵i̵s̵t̵.̵g̵e̵t̵E̵l̵e̵m̵?̵_̵c̵o̵n̵s̵_̵z̵e̵r̵o̵,̵ ̵List.getElem?_cons_succ]

Note: This linter can be disabled with `set_option linter.unusedSimpArgs false`
warning: denote/Denote.lean:10522:48: This simp argument is unused:
  List.getElem?_cons_succ

Hint: Omit it from the simp argument list.
  simp [List.getD, List.getElem?_cons_zero,̵ ̵L̵i̵s̵t̵.̵g̵e̵t̵E̵l̵e̵m̵?̵_̵c̵o̵n̵s̵_̵s̵u̵c̵c̵]

Note: This linter can be disabled with `set_option linter.unusedSimpArgs false`
warning: denote/Denote.lean:10470:0: Please, add a comment explaining the need for modifying the maxHeartbeat limit, as in
set_option maxHeartbeats 4000000 in
-- reason for change
...

Note: This linter can be disabled with `set_option linter.style.maxHeartbeats false`
warning: denote/Denote.lean:10584:23: This simp argument is unused:
  List.getElem?_cons_zero

Hint: Omit it from the simp argument list.
  simp [List.getD, L̵i̵s̵t̵.̵g̵e̵t̵E̵l̵e̵m̵?̵_̵c̵o̵n̵s̵_̵z̵e̵r̵o̵,̵ ̵List.getElem?_cons_succ]

Note: This linter can be disabled with `set_option linter.unusedSimpArgs false`
warning: denote/Denote.lean:10584:48: This simp argument is unused:
  List.getElem?_cons_succ

Hint: Omit it from the simp argument list.
  simp [List.getD, List.getElem?_cons_zero,̵ ̵L̵i̵s̵t̵.̵g̵e̵t̵E̵l̵e̵m̵?̵_̵c̵o̵n̵s̵_̵s̵u̵c̵c̵]

Note: This linter can be disabled with `set_option linter.unusedSimpArgs false`
warning: denote/Denote.lean:10532:0: Please, add a comment explaining the need for modifying the maxHeartbeat limit, as in
set_option maxHeartbeats 4000000 in
-- reason for change
...

Note: This linter can be disabled with `set_option linter.style.maxHeartbeats false`
warning: denote/Denote.lean:10651:62: This simp argument is unused:
  List.getElem?_cons_zero

Hint: Omit it from the simp argument list.
  simp [List.getD, L̵i̵s̵t̵.̵g̵e̵t̵E̵l̵e̵m̵?̵_̵c̵o̵n̵s̵_̵z̵e̵r̵o̵,̵ ̵List.getElem?_cons_succ]

Note: This linter can be disabled with `set_option linter.unusedSimpArgs false`
warning: denote/Denote.lean:10651:87: This simp argument is unused:
  List.getElem?_cons_succ

Hint: Omit it from the simp argument list.
  simp [List.getD, List.getElem?_cons_zero,̵ ̵L̵i̵s̵t̵.̵g̵e̵t̵E̵l̵e̵m̵?̵_̵c̵o̵n̵s̵_̵s̵u̵c̵c̵]

Note: This linter can be disabled with `set_option linter.unusedSimpArgs false`
warning: denote/Denote.lean:10691:23: This simp argument is unused:
  List.getElem?_cons_zero

Hint: Omit it from the simp argument list.
  simp [List.getD, L̵i̵s̵t̵.̵g̵e̵t̵E̵l̵e̵m̵?̵_̵c̵o̵n̵s̵_̵z̵e̵r̵o̵,̵ ̵List.getElem?_cons_succ]

Note: This linter can be disabled with `set_option linter.unusedSimpArgs false`
warning: denote/Denote.lean:10691:48: This simp argument is unused:
  List.getElem?_cons_succ

Hint: Omit it from the simp argument list.
  simp [List.getD, List.getElem?_cons_zero,̵ ̵L̵i̵s̵t̵.̵g̵e̵t̵E̵l̵e̵m̵?̵_̵c̵o̵n̵s̵_̵s̵u̵c̵c̵]

Note: This linter can be disabled with `set_option linter.unusedSimpArgs false`
warning: denote/Denote.lean:10731:23: This simp argument is unused:
  List.getElem?_cons_zero

Hint: Omit it from the simp argument list.
  simp [List.getD, L̵i̵s̵t̵.̵g̵e̵t̵E̵l̵e̵m̵?̵_̵c̵o̵n̵s̵_̵z̵e̵r̵o̵,̵ ̵List.getElem?_cons_succ]

Note: This linter can be disabled with `set_option linter.unusedSimpArgs false`
warning: denote/Denote.lean:10731:48: This simp argument is unused:
  List.getElem?_cons_succ

Hint: Omit it from the simp argument list.
  simp [List.getD, List.getElem?_cons_zero,̵ ̵L̵i̵s̵t̵.̵g̵e̵t̵E̵l̵e̵m̵?̵_̵c̵o̵n̵s̵_̵s̵u̵c̵c̵]

Note: This linter can be disabled with `set_option linter.unusedSimpArgs false`
warning: denote/Denote.lean:10864:45: This simp argument is unused:
  List.set

Hint: Omit it from the simp argument list.
  simp only [hhead, List.getD, List.getElem?_cons_zero, List.getElem?_cons_succ,
  ̵  ̵ ̵ ̵Option.getD_some,
  ̲  ̲ ̲ ̲List.drop, List.foldl, L̵i̵st̵.̵s̵e̵t̵,̵
  ̵ ̵ ̵ ̵ ̵s̵how (8 : Nat) ≠ 0 from by omega, show (32 : Nat) ≠ 0 from by omega,
      show (4 : Nat) ≠ 0 from by omega, show (1 : Nat) ≠ 0 from by omega,
  ̵  ̵ ̵ ̵ite_false, Nat.div_one,
  ̲  ̲ ̲ ̲Nat.mod_one, Nat.mul_one, Nat.add_zero]

Note: This linter can be disabled with `set_option linter.unusedSimpArgs false`
warning: denote/Denote.lean:10866:4: This simp argument is unused:
  show (4 : Nat) ≠ 0 from by omega

Hint: Omit it from the simp argument list.
  simp only [hhead, List.getD, List.getElem?_cons_zero, List.getElem?_cons_succ, Option.getD_some,
  ̲  ̲ ̲ ̲List.drop, List.foldl, List.set, show (8 : Nat) ≠ 0 from by omega,
  ̲  ̲ ̲ ̲show (32 : Nat) ≠ 0 from by omega, show (̵4̵ ̵:̵ ̵N̵a̵t̵)̵ ̵≠̵ ̵0̵ ̵f̵r̵o̵m̵ ̵b̵y̵ ̵o̵m̵e̵g̵a̵,̵ ̵s̵h̵o̵w̵ ̵(1 : Nat) ≠ 0 from by omega, ite_false, Nat.div_one,
  ̲  ̲ ̲ ̲Nat.mod_one, Nat.mul_one, Nat.add_zero]

Note: This linter can be disabled with `set_option linter.unusedSimpArgs false`
warning: denote/Denote.lean:10874:0: Please, add a comment explaining the need for modifying the maxHeartbeat limit, as in
set_option maxHeartbeats 3200000 in
-- reason for change
...

Note: This linter can be disabled with `set_option linter.style.maxHeartbeats false`
warning: denote/Denote.lean:11101:45: This simp argument is unused:
  List.set

Hint: Omit it from the simp argument list.
  simp only [hhead, List.getD, List.getElem?_cons_zero, List.getElem?_cons_succ,
  ̵  ̵ ̵ ̵Option.getD_some,
  ̲  ̲ ̲ ̲List.drop, List.foldl, L̵i̵st̵.̵s̵e̵t̵,̵
  ̵ ̵ ̵ ̵ ̵s̵how (8 : Nat) ≠ 0 from by omega, show (32 : Nat) ≠ 0 from by omega,
      show (128 : Nat) ≠ 0 from by omega, show (4 : Nat) ≠ 0 from by omega,
      show (1 : Nat) ≠ 0 from by omega,
  ̵  ̵ ̵ ̵ite_false, Nat.div_one, Nat.mod_one, Nat.mul_one,
  ̲  ̲ ̲ ̲Nat.add_zero]

Note: This linter can be disabled with `set_option linter.unusedSimpArgs false`
warning: denote/Denote.lean:11102:4: This simp argument is unused:
  show (8 : Nat) ≠ 0 from by omega

Hint: Omit it from the simp argument list.
  simp only [hhead, List.getD, List.getElem?_cons_zero, List.getElem?_cons_succ,
  ̵  ̵ ̵ ̵Option.getD_some,
  ̲  ̲ ̲ ̲List.drop, List.foldl, List.set,
  ̵  ̵ ̵ ̵show (8̵ ̵:̵ ̵N̵a̵t̵)̵ ̵≠̵ ̵0̵ ̵f̵r̵o̵m̵ ̵b̵y̵ ̵o̵m̵e̵g̵a̵,̵ ̵s̵h̵o̵w̵ ̵(̵32 : Nat) ≠ 0 from by omega,
      show (128 : Nat) ≠ 0 from by omega, show (4 : Nat) ≠ 0 from by omega,
      show (1 : Nat) ≠ 0 from by omega,
  ̵  ̵ ̵ ̵ite_false, Nat.div_one, Nat.mod_one, Nat.mul_one,
  ̲  ̲ ̲ ̲Nat.add_zero]

Note: This linter can be disabled with `set_option linter.unusedSimpArgs false`
warning: denote/Denote.lean:11103:40: This simp argument is unused:
  show (4 : Nat) ≠ 0 from by omega

Hint: Omit it from the simp argument list.
  simp only [hhead, List.getD, List.getElem?_cons_zero, List.getElem?_cons_succ,
  ̵  ̵ ̵ ̵Option.getD_some,
  ̲  ̲ ̲ ̲List.drop, List.foldl, List.set,
  ̵  ̵ ̵ ̵show (8 : Nat) ≠ 0 from by omega,
  ̲  ̲ ̲ ̲show (32 : Nat) ≠ 0 from by omega,
  ̵  ̵ ̵ ̵show (128 : Nat) ≠ 0 from by omega, ̵s̵h̵o̵w̵ ̵(̵4̵ ̵:̵ ̵N̵a̵t̵)̵ ̵≠̵ ̵0̵ ̵f̵r̵o̵m̵ ̵b̵y̵ ̵o̵m̵e̵g̵a̵,̵
      show (1 : Nat) ≠ 0 from by omega,
  ̵  ̵ ̵ ̵ite_false, Nat.div_one, Nat.mod_one, Nat.mul_one,
  ̲  ̲ ̲ ̲Nat.add_zero]

Note: This linter can be disabled with `set_option linter.unusedSimpArgs false`
warning: denote/Denote.lean:11112:0: Please, add a comment explaining the need for modifying the maxHeartbeat limit, as in
set_option maxHeartbeats 3200000 in
-- reason for change
...

Note: This linter can be disabled with `set_option linter.style.maxHeartbeats false`
warning: denote/Denote.lean:11219:0: Please, add a comment explaining the need for modifying the maxHeartbeat limit, as in
set_option maxHeartbeats 800000 in
-- reason for change
...

Note: This linter can be disabled with `set_option linter.style.maxHeartbeats false`
warning: denote/Denote.lean:11363:0: Please, add a comment explaining the need for modifying the maxHeartbeat limit, as in
set_option maxHeartbeats 800000 in
-- reason for change
...

Note: This linter can be disabled with `set_option linter.style.maxHeartbeats false`
warning: denote/Denote.lean:11371:0: Please, add a comment explaining the need for modifying the maxHeartbeat limit, as in
set_option maxHeartbeats 2000000 in
-- reason for change
...

Note: This linter can be disabled with `set_option linter.style.maxHeartbeats false`
warning: denote/Denote.lean:11381:5: Variable name `hW_shapes` is not explicitly referenced.

The binding can be removed (if unused) or named `_` (if used implicitly).

Note: This linter can be disabled with `set_option linter.unusedVariables false`
warning: denote/Denote.lean:11394:45: This simp argument is unused:
  List.set

Hint: Omit it from the simp argument list.
  simp only [hhead, List.getD, List.getElem?_cons_zero, List.getElem?_cons_succ,
  ̵  ̵ ̵ ̵Option.getD_some,
  ̲  ̲ ̲ ̲List.drop, List.foldl, L̵i̵st̵.̵s̵e̵t̵,̵
  ̵ ̵ ̵ ̵ ̵s̵how (4 : Nat) ≠ 0 by omega, show (8 : Nat) ≠ 0 by omega,
      show (128 : Nat) ≠ 0 by omega, show (32 : Nat) ≠ 0 by omega,
  ̵  ̵ ̵ ̵show (1 : Nat) ≠ 0 by omega,
  ̲  ̲ ̲ ̲ite_false]

Note: This linter can be disabled with `set_option linter.unusedSimpArgs false`
warning: denote/Denote.lean:11395:4: This simp argument is unused:
  show (4 : Nat) ≠ 0 by omega

Hint: Omit it from the simp argument list.
  simp only [hhead, List.getD, List.getElem?_cons_zero, List.getElem?_cons_succ,
  ̵  ̵ ̵ ̵Option.getD_some,
  ̲  ̲ ̲ ̲List.drop, List.foldl, List.set,
  ̵  ̵ ̵ ̵show (4̵ ̵:̵ ̵N̵a̵t̵)̵ ̵≠̵ ̵0̵ ̵b̵y̵ ̵o̵m̵e̵g̵a̵,̵ ̵s̵h̵o̵w̵ ̵(̵8 : Nat) ≠ 0 by omega,
  ̵  ̵ ̵ ̵show (128 : Nat) ≠ 0 by omega,
  ̲  ̲ ̲ ̲show (32 : Nat) ≠ 0 by omega,
  ̵  ̵ ̵ ̵show (1 : Nat) ≠ 0 by omega, ite_false]

Note: This linter can be disabled with `set_option linter.unusedSimpArgs false`
warning: denote/Denote.lean:11396:4: This simp argument is unused:
  show (128 : Nat) ≠ 0 by omega

Hint: Omit it from the simp argument list.
  simp only [hhead, List.getD, List.getElem?_cons_zero, List.getElem?_cons_succ,
  ̵  ̵ ̵ ̵Option.getD_some,
  ̲  ̲ ̲ ̲List.drop, List.foldl, List.set,
  ̵  ̵ ̵ ̵show (4 : Nat) ≠ 0 by omega, show (8 : Nat) ≠ 0 by omega,
      show (1̵2̵8̵ ̵:̵ ̵N̵a̵t̵)̵ ̵≠̵ ̵0̵ ̵b̵y̵ ̵o̵m̵e̵g̵a̵,̵ ̵s̵h̵o̵w̵ ̵(̵32 : Nat) ≠ 0 by omega,
  ̵  ̵ ̵ ̵show (1 : Nat) ≠ 0 by omega, ite_false]

Note: This linter can be disabled with `set_option linter.unusedSimpArgs false`
warning: denote/Denote.lean:11409:5: Variable name `hW_shapes` is not explicitly referenced.

The binding can be removed (if unused) or named `_` (if used implicitly).

Note: This linter can be disabled with `set_option linter.unusedVariables false`
warning: denote/Denote.lean:11422:45: This simp argument is unused:
  List.set

Hint: Omit it from the simp argument list.
  simp only [hhead, List.getD, List.getElem?_cons_zero, List.getElem?_cons_succ,
  ̵  ̵ ̵ ̵Option.getD_some,
  ̲  ̲ ̲ ̲List.drop, List.foldl, L̵i̵st̵.̵s̵e̵t̵,̵
  ̵ ̵ ̵ ̵ ̵s̵how (4 : Nat) ≠ 0 by omega, show (32 : Nat) ≠ 0 by omega,
      show (128 : Nat) ≠ 0 by omega, show (1 : Nat) ≠ 0 by omega,
  ̵  ̵ ̵ ̵ite_false]

Note: This linter can be disabled with `set_option linter.unusedSimpArgs false`
warning: denote/Denote.lean:11423:4: This simp argument is unused:
  show (4 : Nat) ≠ 0 by omega

Hint: Omit it from the simp argument list.
  simp only [hhead, List.getD, List.getElem?_cons_zero, List.getElem?_cons_succ, Option.getD_some,
  ̲  ̲ ̲ ̲List.drop, List.foldl, List.set, show (̵4̵ ̵:̵ ̵N̵a̵t̵)̵ ̵≠̵ ̵0̵ ̵b̵y̵ ̵o̵m̵e̵g̵a̵,̵ ̵s̵h̵o̵w̵ ̵(32 : Nat) ≠ 0 by omega, show (128 : Nat) ≠ 0 by omega,
  ̲  ̲ ̲ ̲show (1 : Nat) ≠ 0 by omega, ite_false]

Note: This linter can be disabled with `set_option linter.unusedSimpArgs false`
warning: denote/Denote.lean:11435:0: Please, add a comment explaining the need for modifying the maxHeartbeat limit, as in
set_option maxHeartbeats 1600000 in
-- reason for change
...

Note: This linter can be disabled with `set_option linter.style.maxHeartbeats false`
warning: denote/Denote.lean:11597:5: Variable name `hW_shapes` is not explicitly referenced.

The binding can be removed (if unused) or named `_` (if used implicitly).

Note: This linter can be disabled with `set_option linter.unusedVariables false`
warning: denote/Denote.lean:11610:45: This simp argument is unused:
  List.set

Hint: Omit it from the simp argument list.
  simp only [hhead, List.getD, List.getElem?_cons_zero, List.getElem?_cons_succ,
  ̵  ̵ ̵ ̵Option.getD_some,
  ̲  ̲ ̲ ̲List.drop, List.foldl, L̵i̵st̵.̵s̵e̵t̵,̵
  ̵ ̵ ̵ ̵ ̵s̵how (4 : Nat) ≠ 0 by omega, show (8 : Nat) ≠ 0 by omega,
      show (32 : Nat) ≠ 0 by omega,
  ̵  ̵ ̵ ̵show (1 : Nat) ≠ 0 by omega, ite_false]

Note: This linter can be disabled with `set_option linter.unusedSimpArgs false`
warning: denote/Denote.lean:11611:4: This simp argument is unused:
  show (4 : Nat) ≠ 0 by omega

Hint: Omit it from the simp argument list.
  simp only [hhead, List.getD, List.getElem?_cons_zero, List.getElem?_cons_succ,
  ̵  ̵ ̵ ̵Option.getD_some,
  ̲  ̲ ̲ ̲List.drop, List.foldl, List.set,
  ̵  ̵ ̵ ̵show (4̵ ̵:̵ ̵N̵a̵t̵)̵ ̵≠̵ ̵0̵ ̵b̵y̵ ̵o̵m̵e̵g̵a̵,̵ ̵s̵h̵o̵w̵ ̵(̵8 : Nat) ≠ 0 by omega,
  ̵  ̵ ̵ ̵show (32 : Nat) ≠ 0 by omega,
      show (1 : Nat) ≠ 0 by omega, ite_false]

Note: This linter can be disabled with `set_option linter.unusedSimpArgs false`
warning: denote/Denote.lean:11623:0: Please, add a comment explaining the need for modifying the maxHeartbeat limit, as in
set_option maxHeartbeats 2000000 in
-- reason for change
...

Note: This linter can be disabled with `set_option linter.style.maxHeartbeats false`
warning: denote/Denote.lean:11820:4: This simp argument is unused:
  Nat.reduceDiv

Hint: Omit it from the simp argument list.
  simp only [hhead, List.getD, List.getElem?_cons_zero, List.getElem?_cons_succ, Option.getD_some,
  ̲  ̲ ̲ ̲List.drop, List.foldl, Nat.reduceMul, Nat.reduceAdd, N̵a̵t̵.̵r̵e̵d̵u̵c̵e̵D̵i̵v̵,̵ ̵Nat.reduceMod, Nat.div_one, Nat.mod_one,
  ̲  ̲ ̲ ̲Nat.mul_one, Nat.add_zero, Nat.zero_add, show (8 : Nat) ≠ 0 from by omega,
      show (32 : Nat) ≠ 0 from by omega, show (128 : Nat) ≠ 0 from by omega,
      show (1 : Nat) ≠ 0 from by omega, ite_false, List.set]

Note: This linter can be disabled with `set_option linter.unusedSimpArgs false`
warning: denote/Denote.lean:11820:19: This simp argument is unused:
  Nat.reduceMod

Hint: Omit it from the simp argument list.
  simp only [hhead, List.getD, List.getElem?_cons_zero, List.getElem?_cons_succ,
  ̵  ̵ ̵ ̵Option.getD_some,
  ̲  ̲ ̲ ̲List.drop, List.foldl, Nat.reduceMul, Nat.reduceAdd,
  ̵  ̵ ̵ ̵Nat.reduceDiv, Nat.r̵e̵du̵c̵e̵M̵o̵d̵,̵ ̵N̵a̵t̵.̵d̵iv_one, Nat.mod_one,
  ̲  ̲ ̲ ̲Nat.mul_one,
  ̵  ̵ ̵ ̵Nat.add_zero, Nat.zero_add, show (8 : Nat) ≠ 0 from by omega,
      show (32 : Nat) ≠ 0 from by omega, show (128 : Nat) ≠ 0 from by omega,
      show (1 : Nat) ≠ 0 from by omega, ite_false, List.set]

Note: This linter can be disabled with `set_option linter.unusedSimpArgs false`
warning: denote/Denote.lean:11821:18: This simp argument is unused:
  Nat.zero_add

Hint: Omit it from the simp argument list.
  simp only [hhead, List.getD, List.getElem?_cons_zero, List.getElem?_cons_succ,
  ̵  ̵ ̵ ̵Option.getD_some,
  ̲  ̲ ̲ ̲List.drop, List.foldl, Nat.reduceMul, Nat.reduceAdd,
  ̵  ̵ ̵ ̵Nat.reduceDiv, Nat.reduceMod, Nat.div_one, ̵N̵a̵t̵.̵m̵o̵d̵_̵o̵n̵e̵,̵ ̵N̵a̵t̵.̵m̵u̵l̵_̵o̵n̵e̵,̵
      Nat.m̲o̲d̲_̲o̲n̲e̲,̲ ̲N̲ad̵d̵t̲.̲m̲u̲l̲_z̵o̲n̲er̵o̵, Nat.z̵e̵r̵o̵_̵add_̲z̲e̲r̲o̲, show (8 : Nat) ≠ 0 from by omega,
      show (32 : Nat) ≠ 0 from by omega, show (128 : Nat) ≠ 0 from by omega,
      show (1 : Nat) ≠ 0 from by omega, ite_false, List.set]

Note: This linter can be disabled with `set_option linter.unusedSimpArgs false`
warning: denote/Denote.lean:11821:32: This simp argument is unused:
  show (8 : Nat) ≠ 0 from by omega

Hint: Omit it from the simp argument list.
  simp only [hhead, List.getD, List.getElem?_cons_zero, List.getElem?_cons_succ,
  ̵  ̵ ̵ ̵Option.getD_some,
  ̲  ̲ ̲ ̲List.drop, List.foldl, Nat.reduceMul, Nat.reduceAdd,
  ̵  ̵ ̵ ̵Nat.reduceDiv, Nat.reduceMod, Nat.div_one,
  ̲  ̲ ̲ ̲Nat.mod_one, Nat.mul_one,
  ̵  ̵ ̵ ̵Nat.add_zero, Nat.zero_add, show (8̵ ̵:̵ ̵N̵a̵t̵)̵ ̵≠̵ ̵0̵ ̵f̵r̵o̵m̵ ̵b̵y̵ ̵o̵m̵e̵g̵a̵,̵
  ̵ ̵ ̵ ̵ ̵s̵h̵o̵w̵ ̵(̵32 : Nat) ≠ 0 from by omega,
  ̲  ̲ ̲ ̲show (128 : Nat) ≠ 0 from by omega,
  ̵  ̵ ̵ ̵show (1 : Nat) ≠ 0 from by omega, ite_false, List.set]

Note: This linter can be disabled with `set_option linter.unusedSimpArgs false`
warning: denote/Denote.lean:11823:49: This simp argument is unused:
  List.set

Hint: Omit it from the simp argument list.
  simp only [hhead, List.getD, List.getElem?_cons_zero, List.getElem?_cons_succ,
  ̵  ̵ ̵ ̵Option.getD_some,
  ̲  ̲ ̲ ̲List.drop, List.foldl, Nat.reduceMul, Nat.reduceAdd,
  ̵  ̵ ̵ ̵Nat.reduceDiv, Nat.reduceMod, Nat.div_one,
  ̲  ̲ ̲ ̲Nat.mod_one, Nat.mul_one,
  ̵  ̵ ̵ ̵Nat.add_zero, Nat.zero_add, show (8 : Nat) ≠ 0 from by omega,
      show (32 : Nat) ≠ 0 from by omega, show (128 : Nat) ≠ 0 from by omega,
      show (1 : Nat) ≠ 0 from by omega, ite_false,̵ ̵L̵i̵s̵t̵.̵s̵e̵t̵]

Note: This linter can be disabled with `set_option linter.unusedSimpArgs false`
warning: denote/Denote.lean:11868:0: Please, add a comment explaining the need for modifying the maxHeartbeat limit, as in
set_option maxHeartbeats 2000000 in
-- reason for change
...

Note: This linter can be disabled with `set_option linter.style.maxHeartbeats false`
warning: denote/Denote.lean:12058:2: The `show` tactic should only be used to indicate intermediate goal states for readability.
However, this tactic invocation changed the goal. Please use `change` instead for these purposes.

Note: This linter can be disabled with `set_option linter.style.show false`
warning: denote/Denote.lean:12075:2: The `show` tactic should only be used to indicate intermediate goal states for readability.
However, this tactic invocation changed the goal. Please use `change` instead for these purposes.

Note: This linter can be disabled with `set_option linter.style.show false`
warning: denote/Denote.lean:12160:51: This simp argument is unused:
  List.getElem?_cons_succ

Hint: Omit it from the simp argument list.
  simp only [List.getD, List.getElem?_cons_zero, L̵i̵s̵t̵.̵g̵e̵t̵E̵l̵e̵m̵?̵_̵c̵o̵n̵s̵_̵s̵u̵c̵c̵,̵ ̵Option.getD_some]

Note: This linter can be disabled with `set_option linter.unusedSimpArgs false`
warning: denote/Denote.lean:12170:51: This simp argument is unused:
  List.getElem?_cons_succ

Hint: Omit it from the simp argument list.
  simp only [List.getD, List.getElem?_cons_zero, L̵i̵s̵t̵.̵g̵e̵t̵E̵l̵e̵m̵?̵_̵c̵o̵n̵s̵_̵s̵u̵c̵c̵,̵ ̵Option.getD_some]

Note: This linter can be disabled with `set_option linter.unusedSimpArgs false`
warning: denote/Denote.lean:12085:0: Please, add a comment explaining the need for modifying the maxHeartbeat limit, as in
set_option maxHeartbeats 3200000 in
-- reason for change
...

Note: This linter can be disabled with `set_option linter.style.maxHeartbeats false`
warning: denote/Denote.lean:12233:2: The `show` tactic should only be used to indicate intermediate goal states for readability.
However, this tactic invocation changed the goal. Please use `change` instead for these purposes.

Note: This linter can be disabled with `set_option linter.style.show false`
warning: denote/Denote.lean:12238:10: Used `tac1 <;> tac2` where `(tac1; tac2)` would suffice

Note: This linter can be disabled with `set_option linter.unnecessarySeqFocus false`
warning: denote/Denote.lean:12276:65: Variable name `hidx` is not explicitly referenced.

The binding can be removed (if unused) or named `_` (if used implicitly).

Note: This linter can be disabled with `set_option linter.unusedVariables false`
warning: denote/Denote.lean:12283:53: Variable name `hidx` is not explicitly referenced.

The binding can be removed (if unused) or named `_` (if used implicitly).

Note: This linter can be disabled with `set_option linter.unusedVariables false`
warning: denote/Denote.lean:12320:23: This simp argument is unused:
  List.getElem?_cons_zero

Hint: Omit it from the simp argument list.
  simp [List.getD, L̵i̵s̵t̵.̵g̵e̵t̵E̵l̵e̵m̵?̵_̵c̵o̵n̵s̵_̵z̵e̵r̵o̵,̵ ̵List.getElem?_cons_succ, h0, h1, h2, h3]

Note: This linter can be disabled with `set_option linter.unusedSimpArgs false`
warning: denote/Denote.lean:12320:48: This simp argument is unused:
  List.getElem?_cons_succ

Hint: Omit it from the simp argument list.
  simp [List.getD, List.getElem?_cons_zero, L̵i̵s̵t̵.̵g̵e̵t̵E̵l̵e̵m̵?̵_̵c̵o̵n̵s̵_̵s̵u̵c̵c̵,̵ ̵h0, h1, h2, h3]

Note: This linter can be disabled with `set_option linter.unusedSimpArgs false`
warning: denote/Denote.lean:12360:23: This simp argument is unused:
  List.getElem?_cons_zero

Hint: Omit it from the simp argument list.
  simp [List.getD, L̵i̵s̵t̵.̵g̵e̵t̵E̵l̵e̵m̵?̵_̵c̵o̵n̵s̵_̵z̵e̵r̵o̵,̵ ̵List.getElem?_cons_succ]

Note: This linter can be disabled with `set_option linter.unusedSimpArgs false`
warning: denote/Denote.lean:12360:48: This simp argument is unused:
  List.getElem?_cons_succ

Hint: Omit it from the simp argument list.
  simp [List.getD, List.getElem?_cons_zero,̵ ̵L̵i̵s̵t̵.̵g̵e̵t̵E̵l̵e̵m̵?̵_̵c̵o̵n̵s̵_̵s̵u̵c̵c̵]

Note: This linter can be disabled with `set_option linter.unusedSimpArgs false`
warning: denote/Denote.lean:12417:51: Variable name `hidx` is not explicitly referenced.

The binding can be removed (if unused) or named `_` (if used implicitly).

Note: This linter can be disabled with `set_option linter.unusedVariables false`
warning: denote/Denote.lean:12422:51: Variable name `hidx` is not explicitly referenced.

The binding can be removed (if unused) or named `_` (if used implicitly).

Note: This linter can be disabled with `set_option linter.unusedVariables false`
warning: denote/Denote.lean:12458:23: This simp argument is unused:
  List.getElem?_cons_zero

Hint: Omit it from the simp argument list.
  simp [List.getD, L̵i̵s̵t̵.̵g̵e̵t̵E̵l̵e̵m̵?̵_̵c̵o̵n̵s̵_̵z̵e̵r̵o̵,̵ ̵List.getElem?_cons_succ, h0, h1, h2, h3]

Note: This linter can be disabled with `set_option linter.unusedSimpArgs false`
warning: denote/Denote.lean:12458:48: This simp argument is unused:
  List.getElem?_cons_succ

Hint: Omit it from the simp argument list.
  simp [List.getD, List.getElem?_cons_zero, L̵i̵s̵t̵.̵g̵e̵t̵E̵l̵e̵m̵?̵_̵c̵o̵n̵s̵_̵s̵u̵c̵c̵,̵ ̵h0, h1, h2, h3]

Note: This linter can be disabled with `set_option linter.unusedSimpArgs false`
warning: denote/Denote.lean:12486:23: This simp argument is unused:
  List.getElem?_cons_zero

Hint: Omit it from the simp argument list.
  simp [List.getD, L̵i̵s̵t̵.̵g̵e̵t̵E̵l̵e̵m̵?̵_̵c̵o̵n̵s̵_̵z̵e̵r̵o̵,̵ ̵List.getElem?_cons_succ]

Note: This linter can be disabled with `set_option linter.unusedSimpArgs false`
warning: denote/Denote.lean:12486:48: This simp argument is unused:
  List.getElem?_cons_succ

Hint: Omit it from the simp argument list.
  simp [List.getD, List.getElem?_cons_zero,̵ ̵L̵i̵s̵t̵.̵g̵e̵t̵E̵l̵e̵m̵?̵_̵c̵o̵n̵s̵_̵s̵u̵c̵c̵]

Note: This linter can be disabled with `set_option linter.unusedSimpArgs false`
warning: denote/Denote.lean:12531:2: The `show` tactic should only be used to indicate intermediate goal states for readability.
However, this tactic invocation changed the goal. Please use `change` instead for these purposes.

Note: This linter can be disabled with `set_option linter.style.show false`
warning: denote/Denote.lean:12560:2: The `show` tactic should only be used to indicate intermediate goal states for readability.
However, this tactic invocation changed the goal. Please use `change` instead for these purposes.

Note: This linter can be disabled with `set_option linter.style.show false`
warning: denote/Denote.lean:12565:10: Used `tac1 <;> tac2` where `(tac1; tac2)` would suffice

Note: This linter can be disabled with `set_option linter.unnecessarySeqFocus false`
warning: denote/Denote.lean:12587:48: Variable name `hl` is not explicitly referenced.

The binding can be removed (if unused) or named `_` (if used implicitly).

Note: This linter can be disabled with `set_option linter.unusedVariables false`
warning: denote/Denote.lean:12598:63: Variable name `hidx` is not explicitly referenced.

The binding can be removed (if unused) or named `_` (if used implicitly).

Note: This linter can be disabled with `set_option linter.unusedVariables false`
warning: denote/Denote.lean:12605:50: Variable name `hidx` is not explicitly referenced.

The binding can be removed (if unused) or named `_` (if used implicitly).

Note: This linter can be disabled with `set_option linter.unusedVariables false`
warning: denote/Denote.lean:12631:23: This simp argument is unused:
  List.getElem?_cons_zero

Hint: Omit it from the simp argument list.
  simp [List.getD, L̵i̵s̵t̵.̵g̵e̵t̵E̵l̵e̵m̵?̵_̵c̵o̵n̵s̵_̵z̵e̵r̵o̵,̵ ̵List.getElem?_cons_succ, h0, h1, h2, h3]

Note: This linter can be disabled with `set_option linter.unusedSimpArgs false`
warning: denote/Denote.lean:12631:48: This simp argument is unused:
  List.getElem?_cons_succ

Hint: Omit it from the simp argument list.
  simp [List.getD, List.getElem?_cons_zero, L̵i̵s̵t̵.̵g̵e̵t̵E̵l̵e̵m̵?̵_̵c̵o̵n̵s̵_̵s̵u̵c̵c̵,̵ ̵h0, h1, h2, h3]

Note: This linter can be disabled with `set_option linter.unusedSimpArgs false`
warning: denote/Denote.lean:12670:23: This simp argument is unused:
  List.getElem?_cons_zero

Hint: Omit it from the simp argument list.
  simp [List.getD, L̵i̵s̵t̵.̵g̵e̵t̵E̵l̵e̵m̵?̵_̵c̵o̵n̵s̵_̵z̵e̵r̵o̵,̵ ̵List.getElem?_cons_succ]

Note: This linter can be disabled with `set_option linter.unusedSimpArgs false`
warning: denote/Denote.lean:12670:48: This simp argument is unused:
  List.getElem?_cons_succ

Hint: Omit it from the simp argument list.
  simp [List.getD, List.getElem?_cons_zero,̵ ̵L̵i̵s̵t̵.̵g̵e̵t̵E̵l̵e̵m̵?̵_̵c̵o̵n̵s̵_̵s̵u̵c̵c̵]

Note: This linter can be disabled with `set_option linter.unusedSimpArgs false`
warning: denote/Denote.lean:12798:0: Please, add a comment explaining the need for modifying the maxHeartbeat limit, as in
set_option maxHeartbeats 2000000 in
-- reason for change
...

Note: This linter can be disabled with `set_option linter.style.maxHeartbeats false`
warning: denote/Denote.lean:12804:25: missing space in the source

This part of the code
  '[1,8,8])'
should be written as
  '[1, 8, 8])'


Note: This linter can be disabled with `set_option linter.style.whitespace false`
warning: denote/Denote.lean:12804:27: missing space in the source

This part of the code
  '[1,8,8]) (hg1'
should be written as
  '8, 8])'


Note: This linter can be disabled with `set_option linter.style.whitespace false`
warning: denote/Denote.lean:12804:52: missing space in the source

This part of the code
  '[1,8,8])'
should be written as
  '[1, 8, 8])'


Note: This linter can be disabled with `set_option linter.style.whitespace false`
warning: denote/Denote.lean:12804:54: missing space in the source

This part of the code
  '[1,8,8])
'
should be written as
  '8, 8])'


Note: This linter can be disabled with `set_option linter.style.whitespace false`
warning: denote/Denote.lean:12805:25: missing space in the source

This part of the code
  '[1,8,8])'
should be written as
  '[1, 8, 8])'


Note: This linter can be disabled with `set_option linter.style.whitespace false`
warning: denote/Denote.lean:12805:27: missing space in the source

This part of the code
  '[1,8,8]) (hg3'
should be written as
  '8, 8])'


Note: This linter can be disabled with `set_option linter.style.whitespace false`
warning: denote/Denote.lean:12805:52: missing space in the source

This part of the code
  '[1,8,8])'
should be written as
  '[1, 8, 8])'


Note: This linter can be disabled with `set_option linter.style.whitespace false`
warning: denote/Denote.lean:12805:54: missing space in the source

This part of the code
  '[1,8,8])
'
should be written as
  '8, 8])'


Note: This linter can be disabled with `set_option linter.style.whitespace false`
warning: denote/Denote.lean:12806:23: missing space in the source

This part of the code
  '[1,8,32])'
should be written as
  '[1, 8, 32])'


Note: This linter can be disabled with `set_option linter.style.whitespace false`
warning: denote/Denote.lean:12806:25: missing space in the source

This part of the code
  '[1,8,32])'
should be written as
  '8, 32])'


Note: This linter can be disabled with `set_option linter.style.whitespace false`
warning: denote/Denote.lean:12807:25: missing space in the source

This part of the code
  '[8,32])'
should be written as
  '[8, 32])'


Note: This linter can be disabled with `set_option linter.style.whitespace false`
warning: denote/Denote.lean:12807:51: missing space in the source

This part of the code
  '[8,32])'
should be written as
  '[8, 32])'


Note: This linter can be disabled with `set_option linter.style.whitespace false`
warning: denote/Denote.lean:12808:25: missing space in the source

This part of the code
  '[8,32])'
should be written as
  '[8, 32])'


Note: This linter can be disabled with `set_option linter.style.whitespace false`
warning: denote/Denote.lean:12808:51: missing space in the source

This part of the code
  '[8,32])'
should be written as
  '[8, 32])'


Note: This linter can be disabled with `set_option linter.style.whitespace false`
warning: denote/Denote.lean:12892:56: This simp argument is unused:
  List.getElem?_cons_succ

Hint: Omit it from the simp argument list.
  simp only [hhead, List.getD, List.getElem?_cons_zero, L̵i̵s̵t̵.̵g̵e̵t̵E̵l̵e̵m̵?̵_̵c̵o̵n̵s̵_̵s̵u̵c̵c̵,̵
  ̵ ̵ ̵ ̵ ̵Option.getD_some, List.drop, List.foldl,
  ̲  ̲ ̲ ̲List.set,
  ̵  ̵ ̵ ̵show (32 : Nat) ≠ 0 from by omega, show (128 : Nat) ≠ 0 from by omega,
      show (4096 : Nat) ≠ 0 from by omega, show (4 : Nat) ≠ 0 from by omega,
  ̵  ̵ ̵ ̵ite_false]

Note: This linter can be disabled with `set_option linter.unusedSimpArgs false`
warning: denote/Denote.lean:12893:45: This simp argument is unused:
  List.set

Hint: Omit it from the simp argument list.
  simp only [hhead, List.getD, List.getElem?_cons_zero, List.getElem?_cons_succ,
  ̵  ̵ ̵ ̵Option.getD_some,
  ̲  ̲ ̲ ̲List.drop, List.foldl, L̵i̵st̵.̵s̵e̵t̵,̵
  ̵ ̵ ̵ ̵ ̵s̵how (32 : Nat) ≠ 0 from by omega, show (128 : Nat) ≠ 0 from by omega,
      show (4096 : Nat) ≠ 0 from by omega, show (4 : Nat) ≠ 0 from by omega,
  ̵  ̵ ̵ ̵ite_false]

Note: This linter can be disabled with `set_option linter.unusedSimpArgs false`
warning: denote/Denote.lean:12894:39: This simp argument is unused:
  show (128 : Nat) ≠ 0 from by omega

Hint: Omit it from the simp argument list.
  simp only [hhead, List.getD, List.getElem?_cons_zero, List.getElem?_cons_succ, Option.getD_some,
  ̲  ̲ ̲ ̲List.drop, List.foldl, List.set, show (32 : Nat) ≠ 0 from by omega,
  ̲  ̲ ̲ ̲show (̵1̵2̵8̵ ̵:̵ ̵N̵a̵t̵)̵ ̵≠̵ ̵0̵ ̵f̵r̵o̵m̵ ̵b̵y̵ ̵o̵m̵e̵g̵a̵,̵
  ̵ ̵ ̵ ̵ ̵s̵h̵o̵w̵ ̵(4096 : Nat) ≠ 0 from by omega, show (4 : Nat) ≠ 0 from by omega, ite_false]

Note: This linter can be disabled with `set_option linter.unusedSimpArgs false`
warning: denote/Denote.lean:12895:41: This simp argument is unused:
  show (4 : Nat) ≠ 0 from by omega

Hint: Omit it from the simp argument list.
  simp only [hhead, List.getD, List.getElem?_cons_zero, List.getElem?_cons_succ, Option.getD_some,
  ̲  ̲ ̲ ̲List.drop, List.foldl, List.set, show (32 : Nat) ≠ 0 from by omega,
  ̲  ̲ ̲ ̲show (128 : Nat) ≠ 0 from by omega, show (4096 : Nat) ≠ 0 from by omega, s̵h̵o̵w̵ ̵(̵4̵ ̵:̵ ̵N̵a̵t̵)̵ ̵≠̵ ̵0̵ ̵f̵r̵o̵m̵ ̵b̵y̵ ̵o̵m̵e̵g̵a̵,̵ite_false]

Note: This linter can be disabled with `set_option linter.unusedSimpArgs false`
warning: denote/Denote.lean:12906:0: Please, add a comment explaining the need for modifying the maxHeartbeat limit, as in
set_option maxHeartbeats 1600000 in
-- reason for change
...

Note: This linter can be disabled with `set_option linter.style.maxHeartbeats false`
warning: denote/Denote.lean:13082:61: This simp argument is unused:
  List.getElem?_cons_succ

Hint: Omit it from the simp argument list.
  simp only [List.getD, List.getElem?_cons_zero, L̵i̵s̵t̵.̵g̵e̵t̵E̵l̵e̵m̵?̵_̵c̵o̵n̵s̵_̵s̵u̵c̵c̵,̵ ̵Option.getD_some]

Note: This linter can be disabled with `set_option linter.unusedSimpArgs false`
warning: denote/Denote.lean:13012:0: Please, add a comment explaining the need for modifying the maxHeartbeat limit, as in
set_option maxHeartbeats 1600000 in
-- reason for change
...

Note: This linter can be disabled with `set_option linter.style.maxHeartbeats false`
warning: denote/Denote.lean:13111:0: Please, add a comment explaining the need for modifying the maxHeartbeat limit, as in
set_option maxHeartbeats 800000 in
-- reason for change
...

Note: This linter can be disabled with `set_option linter.style.maxHeartbeats false`
warning: denote/Denote.lean:13215:0: Please, add a comment explaining the need for modifying the maxHeartbeat limit, as in
set_option maxHeartbeats 800000 in
-- reason for change
...

Note: This linter can be disabled with `set_option linter.style.maxHeartbeats false`
warning: denote/Denote.lean:13306:0: Please, add a comment explaining the need for modifying the maxHeartbeat limit, as in
set_option maxHeartbeats 800000 in
-- reason for change
...

Note: This linter can be disabled with `set_option linter.style.maxHeartbeats false`
warning: denote/Denote.lean:13420:0: Please, add a comment explaining the need for modifying the maxHeartbeat limit, as in
set_option maxHeartbeats 2000000 in
-- reason for change
...

Note: This linter can be disabled with `set_option linter.style.maxHeartbeats false`
warning: denote/Denote.lean:13427:25: missing space in the source

This part of the code
  '[1,2,32])'
should be written as
  '[1, 2, 32])'


Note: This linter can be disabled with `set_option linter.style.whitespace false`
warning: denote/Denote.lean:13427:27: missing space in the source

This part of the code
  '[1,2,32])'
should be written as
  '2, 32])'


Note: This linter can be disabled with `set_option linter.style.whitespace false`
warning: denote/Denote.lean:13427:53: missing space in the source

This part of the code
  '[1,2,32])'
should be written as
  '[1, 2, 32])'


Note: This linter can be disabled with `set_option linter.style.whitespace false`
warning: denote/Denote.lean:13427:55: missing space in the source

This part of the code
  '[1,2,32])'
should be written as
  '2, 32])'


Note: This linter can be disabled with `set_option linter.style.whitespace false`
warning: denote/Denote.lean:13428:25: missing space in the source

This part of the code
  '[1,2,32])'
should be written as
  '[1, 2, 32])'


Note: This linter can be disabled with `set_option linter.style.whitespace false`
warning: denote/Denote.lean:13428:27: missing space in the source

This part of the code
  '[1,2,32])'
should be written as
  '2, 32])'


Note: This linter can be disabled with `set_option linter.style.whitespace false`
warning: denote/Denote.lean:13428:53: missing space in the source

This part of the code
  '[1,2,32])'
should be written as
  '[1, 2, 32])'


Note: This linter can be disabled with `set_option linter.style.whitespace false`
warning: denote/Denote.lean:13428:55: missing space in the source

This part of the code
  '[1,2,32])'
should be written as
  '2, 32])'


Note: This linter can be disabled with `set_option linter.style.whitespace false`
warning: denote/Denote.lean:13429:23: missing space in the source

This part of the code
  '[1,8,32])'
should be written as
  '[1, 8, 32])'


Note: This linter can be disabled with `set_option linter.style.whitespace false`
warning: denote/Denote.lean:13429:25: missing space in the source

This part of the code
  '[1,8,32])'
should be written as
  '8, 32])'


Note: This linter can be disabled with `set_option linter.style.whitespace false`
warning: denote/Denote.lean:13429:50: missing space in the source

This part of the code
  '[32,32])'
should be written as
  '[32, 32])'


Note: This linter can be disabled with `set_option linter.style.whitespace false`
warning: denote/Denote.lean:13534:0: Please, add a comment explaining the need for modifying the maxHeartbeat limit, as in
set_option maxHeartbeats 2000000 in
-- reason for change
...

Note: This linter can be disabled with `set_option linter.style.maxHeartbeats false`
warning: denote/Denote.lean:13540:25: missing space in the source

This part of the code
  '[1,8,32])'
should be written as
  '[1, 8, 32])'


Note: This linter can be disabled with `set_option linter.style.whitespace false`
warning: denote/Denote.lean:13540:27: missing space in the source

This part of the code
  '[1,8,32])'
should be written as
  '8, 32])'


Note: This linter can be disabled with `set_option linter.style.whitespace false`
warning: denote/Denote.lean:13540:53: missing space in the source

This part of the code
  '[1,8,32])'
should be written as
  '[1, 8, 32])'


Note: This linter can be disabled with `set_option linter.style.whitespace false`
warning: denote/Denote.lean:13540:55: missing space in the source

This part of the code
  '[1,8,32])'
should be written as
  '8, 32])'


Note: This linter can be disabled with `set_option linter.style.whitespace false`
warning: denote/Denote.lean:13541:25: missing space in the source

This part of the code
  '[1,8,32])'
should be written as
  '[1, 8, 32])'


Note: This linter can be disabled with `set_option linter.style.whitespace false`
warning: denote/Denote.lean:13541:27: missing space in the source

This part of the code
  '[1,8,32])'
should be written as
  '8, 32])'


Note: This linter can be disabled with `set_option linter.style.whitespace false`
warning: denote/Denote.lean:13541:53: missing space in the source

This part of the code
  '[1,8,32])'
should be written as
  '[1, 8, 32])'


Note: This linter can be disabled with `set_option linter.style.whitespace false`
warning: denote/Denote.lean:13541:55: missing space in the source

This part of the code
  '[1,8,32])'
should be written as
  '8, 32])'


Note: This linter can be disabled with `set_option linter.style.whitespace false`
warning: denote/Denote.lean:13542:23: missing space in the source

This part of the code
  '[1,8,32])'
should be written as
  '[1, 8, 32])'


Note: This linter can be disabled with `set_option linter.style.whitespace false`
warning: denote/Denote.lean:13542:25: missing space in the source

This part of the code
  '[1,8,32])'
should be written as
  '8, 32])'


Note: This linter can be disabled with `set_option linter.style.whitespace false`
warning: denote/Denote.lean:13543:26: missing space in the source

This part of the code
  '[32,32])'
should be written as
  '[32, 32])'


Note: This linter can be disabled with `set_option linter.style.whitespace false`
warning: denote/Denote.lean:13543:53: missing space in the source

This part of the code
  '[32,32])'
should be written as
  '[32, 32])'


Note: This linter can be disabled with `set_option linter.style.whitespace false`
warning: denote/Denote.lean:13544:26: missing space in the source

This part of the code
  '[32,32])'
should be written as
  '[32, 32])'


Note: This linter can be disabled with `set_option linter.style.whitespace false`
warning: denote/Denote.lean:13544:53: missing space in the source

This part of the code
  '[32,32])'
should be written as
  '[32, 32])'


Note: This linter can be disabled with `set_option linter.style.whitespace false`
warning: denote/Denote.lean:13629:4: This simp argument is unused:
  show (8 : Nat) ≠ 0 by omega

Hint: Omit it from the simp argument list.
  simp only [hhead, List.getD, List.getElem?_cons_zero, List.getElem?_cons_succ, Option.getD_some,
  ̲  ̲ ̲ ̲List.drop, List.foldl, show (̵8̵ ̵:̵ ̵N̵a̵t̵)̵ ̵≠̵ ̵0̵ ̵b̵y̵ ̵o̵m̵e̵g̵a̵,̵ ̵s̵h̵o̵w̵ ̵(128 : Nat) ≠ 0 by omega, show (4 : Nat) ≠ 0 by omega,
  ̲  ̲ ̲ ̲show (32 : Nat) ≠ 0 by omega, show (1 : Nat) ≠ 0 by omega, ite_false]

Note: This linter can be disabled with `set_option linter.unusedSimpArgs false`
warning: denote/Denote.lean:13630:4: This simp argument is unused:
  show (4 : Nat) ≠ 0 by omega

Hint: Omit it from the simp argument list.
  simp only [hhead, List.getD, List.getElem?_cons_zero, List.getElem?_cons_succ,
  ̵  ̵ ̵ ̵Option.getD_some,
  ̲  ̲ ̲ ̲List.drop, List.foldl,
  ̵  ̵ ̵ ̵show (8 : Nat) ≠ 0 by omega, show (128 : Nat) ≠ 0 by omega,
      show (4̵ ̵:̵ ̵N̵a̵t̵)̵ ̵≠̵ ̵0̵ ̵b̵y̵ ̵o̵m̵e̵g̵a̵,̵ ̵s̵h̵o̵w̵ ̵(̵32 : Nat) ≠ 0 by omega,
  ̵  ̵ ̵ ̵show (1 : Nat) ≠ 0 by omega, ite_false]

Note: This linter can be disabled with `set_option linter.unusedSimpArgs false`
warning: denote/Denote.lean:13653:56: This simp argument is unused:
  List.getElem?_cons_succ

Hint: Omit it from the simp argument list.
  simp only [hhead, List.getD, List.getElem?_cons_zero, L̵i̵s̵t̵.̵g̵e̵t̵E̵l̵e̵m̵?̵_̵c̵o̵n̵s̵_̵s̵u̵c̵c̵,̵
  ̵ ̵ ̵ ̵ ̵Option.getD_some, List.drop, List.foldl,
      show (32 : Nat) ≠ 0 by omega, show (128 : Nat) ≠ 0 by omega,
  ̵  ̵ ̵ ̵show (4 : Nat) ≠ 0 by omega,
  ̲  ̲ ̲ ̲show (4096 : Nat) ≠ 0 by omega,
  ̵  ̵ ̵ ̵show (1 : Nat) ≠ 0 by omega, ite_false]

Note: This linter can be disabled with `set_option linter.unusedSimpArgs false`
warning: denote/Denote.lean:13655:34: This simp argument is unused:
  show (128 : Nat) ≠ 0 by omega

Hint: Omit it from the simp argument list.
  simp only [hhead, List.getD, List.getElem?_cons_zero, List.getElem?_cons_succ,
  ̵  ̵ ̵ ̵Option.getD_some,
  ̲  ̲ ̲ ̲List.drop, List.foldl,
  ̵  ̵ ̵ ̵show (32 : Nat) ≠ 0 by omega, show (1̵2̵8̵4̲ : Nat) ≠ 0 by omega,
      show (4 ̵:̵ ̵N̵a̵t̵)̵ ̵≠̵ ̵0 ̵b̵y̵ ̵o̵m̵e̵g̵a̵,̵ ̵s̵h̵o̵w̵ ̵(̵4̵0̵96 : Nat) ≠ 0 by omega,
  ̵  ̵ ̵ ̵show (1 : Nat) ≠ 0 by omega, ite_false]

Note: This linter can be disabled with `set_option linter.unusedSimpArgs false`
warning: denote/Denote.lean:13656:4: This simp argument is unused:
  show (4 : Nat) ≠ 0 by omega

Hint: Omit it from the simp argument list.
  simp only [hhead, List.getD, List.getElem?_cons_zero, List.getElem?_cons_succ,
  ̵  ̵ ̵ ̵Option.getD_some,
  ̲  ̲ ̲ ̲List.drop, List.foldl,
  ̵  ̵ ̵ ̵show (32 : Nat) ≠ 0 by omega, show (128 : Nat) ≠ 0 by omega,
      show (4 ̵:̵ ̵N̵a̵t̵)̵ ̵≠̵ ̵0 ̵b̵y̵ ̵o̵m̵e̵g̵a̵,̵ ̵s̵h̵o̵w̵ ̵(̵4̵0̵96 : Nat) ≠ 0 by omega,
  ̵  ̵ ̵ ̵show (1 : Nat) ≠ 0 by omega, ite_false]

Note: This linter can be disabled with `set_option linter.unusedSimpArgs false`
warning: denote/Denote.lean:13657:4: This simp argument is unused:
  show (1 : Nat) ≠ 0 by omega

Hint: Omit it from the simp argument list.
  simp only [hhead, List.getD, List.getElem?_cons_zero, List.getElem?_cons_succ,
  ̵  ̵ ̵ ̵Option.getD_some,
  ̲  ̲ ̲ ̲List.drop, List.foldl,
  ̵  ̵ ̵ ̵show (32 : Nat) ≠ 0 by omega, show (128 : Nat) ≠ 0 by omega,
      show (4 : Nat) ≠ 0 by omega, show (4096 : Nat) ≠ 0 by omega,
  ̵  ̵ ̵ ̵s̵h̵o̵w̵ ̵(̵1̵ ̵:̵ ̵N̵a̵t̵)̵ ̵≠̵ ̵0̵ ̵b̵y̵ ̵o̵m̵e̵g̵a̵,̵ ̵ite_false]

Note: This linter can be disabled with `set_option linter.unusedSimpArgs false`
warning: denote/Denote.lean:13702:0: Please, add a comment explaining the need for modifying the maxHeartbeat limit, as in
set_option maxHeartbeats 1600000 in
-- reason for change
...

Note: This linter can be disabled with `set_option linter.style.maxHeartbeats false`
warning: denote/Denote.lean:13820:0: Please, add a comment explaining the need for modifying the maxHeartbeat limit, as in
set_option maxHeartbeats 1600000 in
-- reason for change
...

Note: This linter can be disabled with `set_option linter.style.maxHeartbeats false`
warning: denote/Denote.lean:13926:0: Please, add a comment explaining the need for modifying the maxHeartbeat limit, as in
set_option maxHeartbeats 800000 in
-- reason for change
...

Note: This linter can be disabled with `set_option linter.style.maxHeartbeats false`
warning: denote/Denote.lean:13950:0: Please, add a comment explaining the need for modifying the maxHeartbeat limit, as in
set_option maxHeartbeats 2000000 in
-- reason for change
...

Note: This linter can be disabled with `set_option linter.style.maxHeartbeats false`
warning: denote/Denote.lean:13956:25: missing space in the source

This part of the code
  '[1,8,8])'
should be written as
  '[1, 8, 8])'


Note: This linter can be disabled with `set_option linter.style.whitespace false`
warning: denote/Denote.lean:13956:27: missing space in the source

This part of the code
  '[1,8,8]) (hg1'
should be written as
  '8, 8])'


Note: This linter can be disabled with `set_option linter.style.whitespace false`
warning: denote/Denote.lean:13956:52: missing space in the source

This part of the code
  '[1,8,8])'
should be written as
  '[1, 8, 8])'


Note: This linter can be disabled with `set_option linter.style.whitespace false`
warning: denote/Denote.lean:13956:54: missing space in the source

This part of the code
  '[1,8,8])
'
should be written as
  '8, 8])'


Note: This linter can be disabled with `set_option linter.style.whitespace false`
warning: denote/Denote.lean:13957:25: missing space in the source

This part of the code
  '[1,8,8])'
should be written as
  '[1, 8, 8])'


Note: This linter can be disabled with `set_option linter.style.whitespace false`
warning: denote/Denote.lean:13957:27: missing space in the source

This part of the code
  '[1,8,8]) (hg3'
should be written as
  '8, 8])'


Note: This linter can be disabled with `set_option linter.style.whitespace false`
warning: denote/Denote.lean:13957:52: missing space in the source

This part of the code
  '[1,8,8])'
should be written as
  '[1, 8, 8])'


Note: This linter can be disabled with `set_option linter.style.whitespace false`
warning: denote/Denote.lean:13957:54: missing space in the source

This part of the code
  '[1,8,8])
'
should be written as
  '8, 8])'


Note: This linter can be disabled with `set_option linter.style.whitespace false`
warning: denote/Denote.lean:13958:23: missing space in the source

This part of the code
  '[1,8,128])'
should be written as
  '[1, 8, 128])'


Note: This linter can be disabled with `set_option linter.style.whitespace false`
warning: denote/Denote.lean:13958:25: missing space in the source

This part of the code
  '[1,8,128])'
should be written as
  '8, 128])'


Note: This linter can be disabled with `set_option linter.style.whitespace false`
warning: denote/Denote.lean:13959:25: missing space in the source

This part of the code
  '[8,128])'
should be written as
  '[8, 128])'


Note: This linter can be disabled with `set_option linter.style.whitespace false`
warning: denote/Denote.lean:13959:52: missing space in the source

This part of the code
  '[8,128])'
should be written as
  '[8, 128])'


Note: This linter can be disabled with `set_option linter.style.whitespace false`
warning: denote/Denote.lean:13960:25: missing space in the source

This part of the code
  '[8,128])'
should be written as
  '[8, 128])'


Note: This linter can be disabled with `set_option linter.style.whitespace false`
warning: denote/Denote.lean:13960:52: missing space in the source

This part of the code
  '[8,128])'
should be written as
  '[8, 128])'


Note: This linter can be disabled with `set_option linter.style.whitespace false`
warning: denote/Denote.lean:14035:0: Please, add a comment explaining the need for modifying the maxHeartbeat limit, as in
set_option maxHeartbeats 800000 in
-- reason for change
...

Note: This linter can be disabled with `set_option linter.style.maxHeartbeats false`
warning: denote/Denote.lean:14178:0: Please, add a comment explaining the need for modifying the maxHeartbeat limit, as in
set_option maxHeartbeats 2000000 in
-- reason for change
...

Note: This linter can be disabled with `set_option linter.style.maxHeartbeats false`
warning: denote/Denote.lean:14185:23: missing space in the source

This part of the code
  '[1,8,32])'
should be written as
  '[1, 8, 32])'


Note: This linter can be disabled with `set_option linter.style.whitespace false`
warning: denote/Denote.lean:14185:25: missing space in the source

This part of the code
  '[1,8,32])'
should be written as
  '8, 32])'


Note: This linter can be disabled with `set_option linter.style.whitespace false`
warning: denote/Denote.lean:14185:49: missing space in the source

This part of the code
  '[1,8,32])'
should be written as
  '[1, 8, 32])'


Note: This linter can be disabled with `set_option linter.style.whitespace false`
warning: denote/Denote.lean:14185:51: missing space in the source

This part of the code
  '[1,8,32])'
should be written as
  '8, 32])'


Note: This linter can be disabled with `set_option linter.style.whitespace false`
warning: denote/Denote.lean:14186:26: missing space in the source

This part of the code
  '[32,8]) (hw1'
should be written as
  '[32, 8])'


Note: This linter can be disabled with `set_option linter.style.whitespace false`
warning: denote/Denote.lean:14186:52: missing space in the source

This part of the code
  '[32,8])
'
should be written as
  '[32, 8])'


Note: This linter can be disabled with `set_option linter.style.whitespace false`
warning: denote/Denote.lean:14187:26: missing space in the source

This part of the code
  '[32,8]) (hw3'
should be written as
  '[32, 8])'


Note: This linter can be disabled with `set_option linter.style.whitespace false`
warning: denote/Denote.lean:14187:52: missing space in the source

This part of the code
  '[32,8]) :'
should be written as
  '[32, 8])'


Note: This linter can be disabled with `set_option linter.style.whitespace false`
warning: denote/Denote.lean:14289:0: Please, add a comment explaining the need for modifying the maxHeartbeat limit, as in
set_option maxHeartbeats 800000 in
-- reason for change
...

Note: This linter can be disabled with `set_option linter.style.maxHeartbeats false`
warning: denote/Denote.lean:14345:29: Variable name `ho` is not explicitly referenced.

The binding can be removed (if unused) or named `_` (if used implicitly).

Note: This linter can be disabled with `set_option linter.unusedVariables false`
warning: denote/Denote.lean:14408:13: This simp argument is unused:
  Nat.mul_one

Hint: Omit it from the simp argument list.
  simp only [̵N̵a̵t̵.̵m̵u̵l̵_̵o̵n̵e̵,̵ ̵N̵a̵t̵.̵a̵d̵d̵_̵z̵e̵r̵o̵,̵[̲N̲a̲t̲.̲a̲d̲d̲_̲z̲e̲r̲o̲,̲ valAt, hidx_lt_Wr, dif_pos]

Note: This linter can be disabled with `set_option linter.unusedSimpArgs false`
warning: denote/Denote.lean:14410:0: Please, add a comment explaining the need for modifying the maxHeartbeat limit, as in
set_option maxHeartbeats 1600000 in
-- reason for change
...

Note: This linter can be disabled with `set_option linter.style.maxHeartbeats false`
warning: denote/Denote.lean:14495:61: This simp argument is unused:
  List.getElem?_cons_succ

Hint: Omit it from the simp argument list.
  simp only [List.getD, List.getElem?_cons_zero, L̵i̵s̵t̵.̵g̵e̵t̵E̵l̵e̵m̵?̵_̵c̵o̵n̵s̵_̵s̵u̵c̵c̵,̵ ̵Option.getD_some]

Note: This linter can be disabled with `set_option linter.unusedSimpArgs false`
warning: denote/Denote.lean:14428:0: Please, add a comment explaining the need for modifying the maxHeartbeat limit, as in
set_option maxHeartbeats 1600000 in
-- reason for change
...

Note: This linter can be disabled with `set_option linter.style.maxHeartbeats false`
warning: denote/Denote.lean:14526:0: Please, add a comment explaining the need for modifying the maxHeartbeat limit, as in
set_option maxHeartbeats 800000 in
-- reason for change
...

Note: This linter can be disabled with `set_option linter.style.maxHeartbeats false`
warning: denote/Denote.lean:14616:0: Please, add a comment explaining the need for modifying the maxHeartbeat limit, as in
set_option maxHeartbeats 2000000 in
-- reason for change
...

Note: This linter can be disabled with `set_option linter.style.maxHeartbeats false`
warning: denote/Denote.lean:14624:23: missing space in the source

This part of the code
  '[1,8,32])'
should be written as
  '[1, 8, 32])'


Note: This linter can be disabled with `set_option linter.style.whitespace false`
warning: denote/Denote.lean:14624:25: missing space in the source

This part of the code
  '[1,8,32])'
should be written as
  '8, 32])'


Note: This linter can be disabled with `set_option linter.style.whitespace false`
warning: denote/Denote.lean:14625:25: missing space in the source

This part of the code
  '[1,2,32])'
should be written as
  '[1, 2, 32])'


Note: This linter can be disabled with `set_option linter.style.whitespace false`
warning: denote/Denote.lean:14625:27: missing space in the source

This part of the code
  '[1,2,32])'
should be written as
  '2, 32])'


Note: This linter can be disabled with `set_option linter.style.whitespace false`
warning: denote/Denote.lean:14625:53: missing space in the source

This part of the code
  '[1,2,32])'
should be written as
  '[1, 2, 32])'


Note: This linter can be disabled with `set_option linter.style.whitespace false`
warning: denote/Denote.lean:14625:55: missing space in the source

This part of the code
  '[1,2,32])'
should be written as
  '2, 32])'


Note: This linter can be disabled with `set_option linter.style.whitespace false`
warning: denote/Denote.lean:14626:25: missing space in the source

This part of the code
  '[1,2,32])'
should be written as
  '[1, 2, 32])'


Note: This linter can be disabled with `set_option linter.style.whitespace false`
warning: denote/Denote.lean:14626:27: missing space in the source

This part of the code
  '[1,2,32])'
should be written as
  '2, 32])'


Note: This linter can be disabled with `set_option linter.style.whitespace false`
warning: denote/Denote.lean:14626:53: missing space in the source

This part of the code
  '[1,2,32])'
should be written as
  '[1, 2, 32])'


Note: This linter can be disabled with `set_option linter.style.whitespace false`
warning: denote/Denote.lean:14626:55: missing space in the source

This part of the code
  '[1,2,32])'
should be written as
  '2, 32])'


Note: This linter can be disabled with `set_option linter.style.whitespace false`
warning: denote/Denote.lean:14627:24: missing space in the source

This part of the code
  '[32,32])'
should be written as
  '[32, 32])'


Note: This linter can be disabled with `set_option linter.style.whitespace false`
warning: denote/Denote.lean:14720:0: Please, add a comment explaining the need for modifying the maxHeartbeat limit, as in
set_option maxHeartbeats 2000000 in
-- reason for change
...

Note: This linter can be disabled with `set_option linter.style.maxHeartbeats false`
warning: denote/Denote.lean:14729:23: missing space in the source

This part of the code
  '[1,8,32])'
should be written as
  '[1, 8, 32])'


Note: This linter can be disabled with `set_option linter.style.whitespace false`
warning: denote/Denote.lean:14729:25: missing space in the source

This part of the code
  '[1,8,32])'
should be written as
  '8, 32])'


Note: This linter can be disabled with `set_option linter.style.whitespace false`
warning: denote/Denote.lean:14729:49: missing space in the source

This part of the code
  '[1,8,32])'
should be written as
  '[1, 8, 32])'


Note: This linter can be disabled with `set_option linter.style.whitespace false`
warning: denote/Denote.lean:14729:51: missing space in the source

This part of the code
  '[1,8,32])'
should be written as
  '8, 32])'


Note: This linter can be disabled with `set_option linter.style.whitespace false`
warning: denote/Denote.lean:14730:25: missing space in the source

This part of the code
  '[1,2,32])'
should be written as
  '[1, 2, 32])'


Note: This linter can be disabled with `set_option linter.style.whitespace false`
warning: denote/Denote.lean:14730:27: missing space in the source

This part of the code
  '[1,2,32])'
should be written as
  '2, 32])'


Note: This linter can be disabled with `set_option linter.style.whitespace false`
warning: denote/Denote.lean:14730:53: missing space in the source

This part of the code
  '[1,2,32])'
should be written as
  '[1, 2, 32])'


Note: This linter can be disabled with `set_option linter.style.whitespace false`
warning: denote/Denote.lean:14730:55: missing space in the source

This part of the code
  '[1,2,32])'
should be written as
  '2, 32])'


Note: This linter can be disabled with `set_option linter.style.whitespace false`
warning: denote/Denote.lean:14731:25: missing space in the source

This part of the code
  '[1,2,32])'
should be written as
  '[1, 2, 32])'


Note: This linter can be disabled with `set_option linter.style.whitespace false`
warning: denote/Denote.lean:14731:27: missing space in the source

This part of the code
  '[1,2,32])'
should be written as
  '2, 32])'


Note: This linter can be disabled with `set_option linter.style.whitespace false`
warning: denote/Denote.lean:14731:53: missing space in the source

This part of the code
  '[1,2,32])'
should be written as
  '[1, 2, 32])'


Note: This linter can be disabled with `set_option linter.style.whitespace false`
warning: denote/Denote.lean:14731:55: missing space in the source

This part of the code
  '[1,2,32])'
should be written as
  '2, 32])'


Note: This linter can be disabled with `set_option linter.style.whitespace false`
warning: denote/Denote.lean:14732:24: missing space in the source

This part of the code
  '[32,32])'
should be written as
  '[32, 32])'


Note: This linter can be disabled with `set_option linter.style.whitespace false`
warning: denote/Denote.lean:14831:0: Please, add a comment explaining the need for modifying the maxHeartbeat limit, as in
set_option maxHeartbeats 1600000 in
-- reason for change
...

Note: This linter can be disabled with `set_option linter.style.maxHeartbeats false`
warning: denote/Denote.lean:14945:2: The `show` tactic should only be used to indicate intermediate goal states for readability.
However, this tactic invocation changed the goal. Please use `change` instead for these purposes.

Note: This linter can be disabled with `set_option linter.style.show false`
warning: denote/Denote.lean:14950:10: Used `tac1 <;> tac2` where `(tac1; tac2)` would suffice

Note: This linter can be disabled with `set_option linter.unnecessarySeqFocus false`
warning: denote/Denote.lean:15047:49: This simp argument is unused:
  Nat.reduceAdd

Hint: Omit it from the simp argument list.
  simp only [Finset.sum_range_succ, Finset.sum_range_zero, zero_add, Nat.reduceDiv, Nat.reduceMod,
  ̲  ̲ ̲ ̲Nat.reduceMul, N̵a̵t̵.̵r̵e̵d̵u̵c̵e̵A̵d̵d̵,̵Nat.zero_mul, Nat.add_zero, List.getD, List.getElem?_cons_zero,
  ̲  ̲ ̲ ̲List.getElem?_cons_succ, Option.getD_some]

Note: This linter can be disabled with `set_option linter.unusedSimpArgs false`
warning: denote/Denote.lean:15066:45: Variable name `hl` is not explicitly referenced.

The binding can be removed (if unused) or named `_` (if used implicitly).

Note: This linter can be disabled with `set_option linter.unusedVariables false`
warning: denote/Denote.lean:15069:43: Variable name `hl` is not explicitly referenced.

The binding can be removed (if unused) or named `_` (if used implicitly).

Note: This linter can be disabled with `set_option linter.unusedVariables false`
warning: denote/Denote.lean:15074:0: Please, add a comment explaining the need for modifying the maxHeartbeat limit, as in
set_option maxHeartbeats 1600000 in
-- reason for change
...

Note: This linter can be disabled with `set_option linter.style.maxHeartbeats false`
warning: denote/Denote.lean:15135:51: This simp argument is unused:
  List.getElem?_cons_succ

Hint: Omit it from the simp argument list.
  simp only [List.getD, List.getElem?_cons_zero, L̵i̵s̵t̵.̵g̵e̵t̵E̵l̵e̵m̵?̵_̵c̵o̵n̵s̵_̵s̵u̵c̵c̵,̵ ̵Option.getD_some]

Note: This linter can be disabled with `set_option linter.unusedSimpArgs false`
warning: denote/Denote.lean:15269:34: This simp argument is unused:
  Nat.reduceAdd

Hint: Omit it from the simp argument list.
  simp only [Finset.sum_range_succ, Finset.sum_range_zero, List.getD, List.getElem?_cons_zero,
  ̲  ̲ ̲ ̲List.getElem?_cons_succ, Option.getD_some, Nat.reduceDiv, Nat.reduceMod, N̵a̵t̵.̵r̵e̵d̵u̵c̵e̵A̵d̵d̵,̵ ̵Nat.add_zero,
  ̲  ̲ ̲ ̲Nat.zero_add]

Note: This linter can be disabled with `set_option linter.unusedSimpArgs false`
warning: denote/Denote.lean:15269:63: This simp argument is unused:
  Nat.zero_add

Hint: Omit it from the simp argument list.
  simp only [Finset.sum_range_succ, Finset.sum_range_zero,
  ̵  ̵ ̵ ̵List.getD, List.getElem?_cons_zero,
  ̲  ̲ ̲ ̲List.getElem?_cons_succ, Option.getD_some,
  ̵  ̵ ̵ ̵Nat.reduceDiv, Nat.reduceMod, Nat.reduceAdd,
  ̲ N̵a̵t̵.̵a̵d̵d̵_̵z̵e̵r̵o̵,̵  ̲ ̲Nat.z̵e̵r̵o̵_̵add_̲z̲e̲r̲o̲]

Note: This linter can be disabled with `set_option linter.unusedSimpArgs false`
warning: denote/Denote.lean:15324:2: The `show` tactic should only be used to indicate intermediate goal states for readability.
However, this tactic invocation changed the goal. Please use `change` instead for these purposes.

Note: This linter can be disabled with `set_option linter.style.show false`
warning: denote/Denote.lean:15348:2: The `show` tactic should only be used to indicate intermediate goal states for readability.
However, this tactic invocation changed the goal. Please use `change` instead for these purposes.

Note: This linter can be disabled with `set_option linter.style.show false`
warning: denote/Denote.lean:15375:2: The `show` tactic should only be used to indicate intermediate goal states for readability.
However, this tactic invocation changed the goal. Please use `change` instead for these purposes.

Note: This linter can be disabled with `set_option linter.style.show false`
warning: denote/Denote.lean:15412:33: This simp argument is unused:
  show (8 : Nat) ≠ 0 by omega

Hint: Omit it from the simp argument list.
  simp only [hx, List.getD, List.getElem?_cons_zero, List.getElem?_cons_succ,
  ̵  ̵ ̵ ̵Option.getD_some,
  ̲  ̲ ̲ ̲List.drop, List.foldl,
  ̵  ̵ ̵ ̵show (4 : Nat) ≠ 0 by omega, show (8̵ ̵:̵ ̵N̵a̵t̵)̵ ̵≠̵ ̵0̵ ̵b̵y̵ ̵o̵m̵e̵g̵a̵,̵
  ̵ ̵ ̵ ̵ ̵s̵h̵o̵w̵ ̵(̵32 : Nat) ≠ 0 by omega,
  ̲  ̲ ̲ ̲show (1 : Nat) ≠ 0 by omega, ite_false,
  ̵  ̵ ̵ ̵Nat.reduceMul, Nat.reduceDiv, Nat.reduceAdd,
      show (2 : Nat) ≠ 0 by omega, show (64 : Nat) ≠ 0 by omega]

Note: This linter can be disabled with `set_option linter.unusedSimpArgs false`
warning: denote/Denote.lean:15413:34: This simp argument is unused:
  show (1 : Nat) ≠ 0 by omega

Hint: Omit it from the simp argument list.
  simp only [hx, List.getD, List.getElem?_cons_zero, List.getElem?_cons_succ,
  ̵  ̵ ̵ ̵Option.getD_some,
  ̲  ̲ ̲ ̲List.drop, List.foldl,
  ̵  ̵ ̵ ̵show (4 : Nat) ≠ 0 by omega, show (8 : Nat) ≠ 0 by omega,
      show (32 : Nat) ≠ 0 by omega, s̵h̵o̵w̵ ̵(̵1̵ ̵:̵ ̵N̵a̵t̵)̵ ̵≠̵ ̵0̵ ̵b̵y̵ ̵o̵m̵e̵g̵a̵,̵ ̵ite_false,
  ̵  ̵ ̵ ̵Nat.reduceMul, Nat.reduceDiv, Nat.reduceAdd,
      show (2 : Nat) ≠ 0 by omega, show (64 : Nat) ≠ 0 by omega]

Note: This linter can be disabled with `set_option linter.unusedSimpArgs false`
warning: denote/Denote.lean:15415:4: This simp argument is unused:
  show (2 : Nat) ≠ 0 by omega

Hint: Omit it from the simp argument list.
  simp only [hx, List.getD, List.getElem?_cons_zero, List.getElem?_cons_succ,
  ̵  ̵ ̵ ̵Option.getD_some,
  ̲  ̲ ̲ ̲List.drop, List.foldl,
  ̵  ̵ ̵ ̵show (4 : Nat) ≠ 0 by omega, show (8 : Nat) ≠ 0 by omega,
      show (32 : Nat) ≠ 0 by omega, show (1 : Nat) ≠ 0 by omega, ite_false,
  ̵  ̵ ̵ ̵Nat.reduceMul,
  ̲  ̲ ̲ ̲Nat.reduceDiv, Nat.reduceAdd,
  ̵  ̵ ̵ ̵show (2̵ ̵:̵ ̵N̵a̵t̵)̵ ̵≠̵ ̵0̵ ̵b̵y̵ ̵o̵m̵e̵g̵a̵,̵ ̵s̵h̵o̵w̵ ̵(̵64 : Nat) ≠ 0 by omega]

Note: This linter can be disabled with `set_option linter.unusedSimpArgs false`
warning: denote/Denote.lean:15437:4: This simp argument is unused:
  Nat.reduceDiv

Hint: Omit it from the simp argument list.
  simp only [hhead, List.getD, List.getElem?_cons_zero, List.getElem?_cons_succ, Option.getD_some,
  ̲  ̲ ̲ ̲List.drop, List.foldl, Nat.reduceMul, Nat.reduceAdd, N̵a̵t̵.̵r̵e̵d̵u̵c̵e̵D̵i̵v̵,̵ ̵Nat.reduceMod, Nat.div_one, Nat.mod_one,
  ̲  ̲ ̲ ̲Nat.mul_one, Nat.add_zero, Nat.zero_add, show (2 : Nat) ≠ 0 from by omega,
      show (32 : Nat) ≠ 0 from by omega, show (64 : Nat) ≠ 0 from by omega,
      show (256 : Nat) ≠ 0 from by omega, ite_false]

Note: This linter can be disabled with `set_option linter.unusedSimpArgs false`
warning: denote/Denote.lean:15437:19: This simp argument is unused:
  Nat.reduceMod

Hint: Omit it from the simp argument list.
  simp only [hhead, List.getD, List.getElem?_cons_zero, List.getElem?_cons_succ,
  ̵  ̵ ̵ ̵Option.getD_some,
  ̲  ̲ ̲ ̲List.drop, List.foldl, Nat.reduceMul, Nat.reduceAdd,
  ̵  ̵ ̵ ̵Nat.reduceDiv, Nat.r̵e̵du̵c̵e̵M̵o̵d̵,̵ ̵N̵a̵t̵.̵d̵iv_one, Nat.mod_one,
  ̲  ̲ ̲ ̲Nat.mul_one,
  ̵  ̵ ̵ ̵Nat.add_zero, Nat.zero_add, show (2 : Nat) ≠ 0 from by omega,
      show (32 : Nat) ≠ 0 from by omega, show (64 : Nat) ≠ 0 from by omega,
      show (256 : Nat) ≠ 0 from by omega, ite_false]

Note: This linter can be disabled with `set_option linter.unusedSimpArgs false`
warning: denote/Denote.lean:15437:34: This simp argument is unused:
  Nat.div_one

Hint: Omit it from the simp argument list.
  simp only [hhead, List.getD, List.getElem?_cons_zero, List.getElem?_cons_succ,
  ̵  ̵ ̵ ̵Option.getD_some,
  ̲  ̲ ̲ ̲List.drop, List.foldl, Nat.reduceMul, Nat.reduceAdd,
  ̵  ̵ ̵ ̵Nat.reduceDiv, Nat.reduceMod, Nat.d̵i̵v̵_̵o̵n̵e̵,̵ ̵N̵a̵t̵.̵mod_one, ̵N̵a̵t̵.̵m̵u̵l̵_̵o̵n̵e̵,̵
      Nat.m̲u̲l̲_̲o̲n̲e̲,̲ ̲N̲at̲.̲a̲dd_zero, Nat.zero_add, show (2 : Nat) ≠ 0 from by omega,
      show (32 : Nat) ≠ 0 from by omega, show (64 : Nat) ≠ 0 from by omega,
      show (256 : Nat) ≠ 0 from by omega, ite_false]

Note: This linter can be disabled with `set_option linter.unusedSimpArgs false`
warning: denote/Denote.lean:15437:47: This simp argument is unused:
  Nat.mod_one

Hint: Omit it from the simp argument list.
  simp only [hhead, List.getD, List.getElem?_cons_zero, List.getElem?_cons_succ,
  ̵  ̵ ̵ ̵Option.getD_some,
  ̲  ̲ ̲ ̲List.drop, List.foldl, Nat.reduceMul, Nat.reduceAdd,
  ̵  ̵ ̵ ̵Nat.reduceDiv, Nat.reduceMod, Nat.div_one, ̵N̵a̵t̵.̵m̵o̵d̵_̵o̵n̵e̵,̵ ̵N̵a̵t̵.̵m̵u̵l̵_̵o̵n̵e̵,̵
      Nat.m̲u̲l̲_̲o̲n̲e̲,̲ ̲N̲at̲.̲a̲dd_zero, Nat.zero_add, show (2 : Nat) ≠ 0 from by omega,
      show (32 : Nat) ≠ 0 from by omega, show (64 : Nat) ≠ 0 from by omega,
      show (256 : Nat) ≠ 0 from by omega, ite_false]

Note: This linter can be disabled with `set_option linter.unusedSimpArgs false`
warning: denote/Denote.lean:15437:60: This simp argument is unused:
  Nat.mul_one

Hint: Omit it from the simp argument list.
  simp only [hhead, List.getD, List.getElem?_cons_zero, List.getElem?_cons_succ,
  ̵  ̵ ̵ ̵Option.getD_some,
  ̲  ̲ ̲ ̲List.drop, List.foldl, Nat.reduceMul, Nat.reduceAdd,
  ̵  ̵ ̵ ̵Nat.reduceDiv, Nat.reduceMod, Nat.div_one,
  ̲  ̲ ̲ ̲Nat.mod_one, Nat.m̵u̵l̵_̵o̵n̵e̵,̵
  ̵ ̵ ̵ ̵ ̵N̵at̵.̵a̵dd_zero, Nat.zero_add, show (2 : Nat) ≠ 0 from by omega,
      show (32 : Nat) ≠ 0 from by omega, show (64 : Nat) ≠ 0 from by omega,
      show (256 : Nat) ≠ 0 from by omega, ite_false]

Note: This linter can be disabled with `set_option linter.unusedSimpArgs false`
warning: denote/Denote.lean:15438:4: This simp argument is unused:
  Nat.add_zero

Hint: Omit it from the simp argument list.
  simp only [hhead, List.getD, List.getElem?_cons_zero, List.getElem?_cons_succ,
  ̵  ̵ ̵ ̵Option.getD_some,
  ̲  ̲ ̲ ̲List.drop, List.foldl, Nat.reduceMul, Nat.reduceAdd,
  ̵  ̵ ̵ ̵Nat.reduceDiv, Nat.reduceMod, Nat.div_one, ̵N̵a̵t̵.̵m̵o̵d̵_̵o̵n̵e̵,̵ ̵N̵a̵t̵.̵m̵u̵l̵_̵o̵n̵e̵,̵
      Nat.m̲o̲d̲_̲o̲n̲e̲,̲ ̲N̲ad̵d̵t̲.̲m̲u̲l̲_z̵o̲n̲er̵o̵, Nat.zero_add, show (2 : Nat) ≠ 0 from by omega,
      show (32 : Nat) ≠ 0 from by omega, show (64 : Nat) ≠ 0 from by omega,
      show (256 : Nat) ≠ 0 from by omega, ite_false]

Note: This linter can be disabled with `set_option linter.unusedSimpArgs false`
warning: denote/Denote.lean:15438:18: This simp argument is unused:
  Nat.zero_add

Hint: Omit it from the simp argument list.
  simp only [hhead, List.getD, List.getElem?_cons_zero, List.getElem?_cons_succ,
  ̵  ̵ ̵ ̵Option.getD_some,
  ̲  ̲ ̲ ̲List.drop, List.foldl, Nat.reduceMul, Nat.reduceAdd,
  ̵  ̵ ̵ ̵Nat.reduceDiv, Nat.reduceMod, Nat.div_one, ̵N̵a̵t̵.̵m̵o̵d̵_̵o̵n̵e̵,̵ ̵N̵a̵t̵.̵m̵u̵l̵_̵o̵n̵e̵,̵
      Nat.m̲o̲d̲_̲o̲n̲e̲,̲ ̲N̲ad̵d̵t̲.̲m̲u̲l̲_z̵o̲n̲er̵o̵, Nat.z̵e̵r̵o̵_̵add_̲z̲e̲r̲o̲, show (2 : Nat) ≠ 0 from by omega,
      show (32 : Nat) ≠ 0 from by omega, show (64 : Nat) ≠ 0 from by omega,
      show (256 : Nat) ≠ 0 from by omega, ite_false]

Note: This linter can be disabled with `set_option linter.unusedSimpArgs false`
warning: denote/Denote.lean:15439:39: This simp argument is unused:
  show (64 : Nat) ≠ 0 from by omega

Hint: Omit it from the simp argument list.
  simp only [hhead, List.getD, List.getElem?_cons_zero, List.getElem?_cons_succ,
  ̵  ̵ ̵ ̵Option.getD_some,
  ̲  ̲ ̲ ̲List.drop, List.foldl, Nat.reduceMul, Nat.reduceAdd,
  ̵  ̵ ̵ ̵Nat.reduceDiv, Nat.reduceMod, Nat.div_one,
  ̲  ̲ ̲ ̲Nat.mod_one, Nat.mul_one,
  ̵  ̵ ̵ ̵Nat.add_zero, Nat.zero_add, show (2 : Nat) ≠ 0 from by omega,
      show (32 : Nat) ≠ 0 from by omega, show (6̵4̵ ̵:̵ ̵N̵a̵t̵)̵ ̵≠̵ ̵0̵ ̵f̵r̵o̵m̵ ̵b̵y̵ ̵o̵m̵e̵g̵a̵,̵
  ̵ ̵ ̵ ̵ ̵s̵h̵o̵w̵ ̵(̵256 : Nat) ≠ 0 from by omega, ite_false]

Note: This linter can be disabled with `set_option linter.unusedSimpArgs false`
warning: denote/Denote.lean:15480:23: This simp argument is unused:
  List.getElem?_cons_zero

Hint: Omit it from the simp argument list.
  simp [List.getD, L̵i̵s̵t̵.̵g̵e̵t̵E̵l̵e̵m̵?̵_̵c̵o̵n̵s̵_̵z̵e̵r̵o̵,̵ ̵List.getElem?_cons_succ]

Note: This linter can be disabled with `set_option linter.unusedSimpArgs false`
warning: denote/Denote.lean:15480:48: This simp argument is unused:
  List.getElem?_cons_succ

Hint: Omit it from the simp argument list.
  simp [List.getD, List.getElem?_cons_zero,̵ ̵L̵i̵s̵t̵.̵g̵e̵t̵E̵l̵e̵m̵?̵_̵c̵o̵n̵s̵_̵s̵u̵c̵c̵]

Note: This linter can be disabled with `set_option linter.unusedSimpArgs false`
warning: denote/Denote.lean:15488:2: The `show` tactic should only be used to indicate intermediate goal states for readability.
However, this tactic invocation changed the goal. Please use `change` instead for these purposes.

Note: This linter can be disabled with `set_option linter.style.show false`
warning: denote/Denote.lean:15515:2: The `show` tactic should only be used to indicate intermediate goal states for readability.
However, this tactic invocation changed the goal. Please use `change` instead for these purposes.

Note: This linter can be disabled with `set_option linter.style.show false`
warning: denote/Denote.lean:15582:24: This simp argument is unused:
  List.getD

Hint: Omit it from the simp argument list.
  simp only [List.getD̵,̵ ̵L̵i̵s̵t̵.̵g̵e̵t̵Elem?_cons_zero, List.getElem?_cons_succ, Option.getD_some]

Note: This linter can be disabled with `set_option linter.unusedSimpArgs false`
warning: denote/Denote.lean:15582:60: This simp argument is unused:
  List.getElem?_cons_succ

Hint: Omit it from the simp argument list.
  simp only [List.getD, List.getElem?_cons_zero, L̵i̵s̵t̵.̵g̵e̵t̵E̵l̵e̵m̵?̵_̵c̵o̵n̵s̵_̵s̵u̵c̵c̵,̵ ̵Option.getD_some]

Note: This linter can be disabled with `set_option linter.unusedSimpArgs false`
warning: denote/Denote.lean:15586:24: This simp argument is unused:
  List.getD

Hint: Omit it from the simp argument list.
  simp only [List.getD̵,̵ ̵L̵i̵s̵t̵.̵g̵e̵t̵Elem?_cons_zero, List.getElem?_cons_succ, Option.getD_some]

Note: This linter can be disabled with `set_option linter.unusedSimpArgs false`
warning: denote/Denote.lean:15590:24: This simp argument is unused:
  List.getD

Hint: Omit it from the simp argument list.
  simp only [List.getD̵,̵ ̵L̵i̵s̵t̵.̵g̵e̵t̵Elem?_cons_zero, List.getElem?_cons_succ, Option.getD_some]

Note: This linter can be disabled with `set_option linter.unusedSimpArgs false`
warning: denote/Denote.lean:15594:24: This simp argument is unused:
  List.getD

Hint: Omit it from the simp argument list.
  simp only [List.getD̵,̵ ̵L̵i̵s̵t̵.̵g̵e̵t̵Elem?_cons_zero, List.getElem?_cons_succ, Option.getD_some]

Note: This linter can be disabled with `set_option linter.unusedSimpArgs false`
warning: denote/Denote.lean:15602:2: The `show` tactic should only be used to indicate intermediate goal states for readability.
However, this tactic invocation changed the goal. Please use `change` instead for these purposes.

Note: This linter can be disabled with `set_option linter.style.show false`
warning: denote/Denote.lean:15626:2: The `show` tactic should only be used to indicate intermediate goal states for readability.
However, this tactic invocation changed the goal. Please use `change` instead for these purposes.

Note: This linter can be disabled with `set_option linter.style.show false`
warning: denote/Denote.lean:15646:25: This simp argument is unused:
  hne.symm

Hint: Omit it from the simp argument list.
  simp [List.find?, hne,̵ ̵h̵n̵e̵.̵s̵y̵m̵m̵]

Note: This linter can be disabled with `set_option linter.unusedSimpArgs false`
warning: denote/Denote.lean:15650:2: The `show` tactic should only be used to indicate intermediate goal states for readability.
However, this tactic invocation changed the goal. Please use `change` instead for these purposes.

Note: This linter can be disabled with `set_option linter.style.show false`
warning: denote/Denote.lean:15674:2: The `show` tactic should only be used to indicate intermediate goal states for readability.
However, this tactic invocation changed the goal. Please use `change` instead for these purposes.

Note: This linter can be disabled with `set_option linter.style.show false`
warning: denote/Denote.lean:15694:25: This simp argument is unused:
  hne.symm

Hint: Omit it from the simp argument list.
  simp [List.find?, hne,̵ ̵h̵n̵e̵.̵s̵y̵m̵m̵]

Note: This linter can be disabled with `set_option linter.unusedSimpArgs false`
warning: denote/Denote.lean:15702:0: Please, add a comment explaining the need for modifying the maxHeartbeat limit, as in
set_option maxHeartbeats 1600000 in
-- reason for change
...

Note: This linter can be disabled with `set_option linter.style.maxHeartbeats false`
warning: denote/Denote.lean:15770:12: Used `tac1 <;> tac2` where `(tac1; tac2)` would suffice

Note: This linter can be disabled with `set_option linter.unnecessarySeqFocus false`
warning: denote/Denote.lean:15780:12: Used `tac1 <;> tac2` where `(tac1; tac2)` would suffice

Note: This linter can be disabled with `set_option linter.unnecessarySeqFocus false`
warning: denote/Denote.lean:15790:12: Used `tac1 <;> tac2` where `(tac1; tac2)` would suffice

Note: This linter can be disabled with `set_option linter.unnecessarySeqFocus false`
warning: denote/Denote.lean:15800:12: Used `tac1 <;> tac2` where `(tac1; tac2)` would suffice

Note: This linter can be disabled with `set_option linter.unnecessarySeqFocus false`
warning: denote/Denote.lean:15871:23: This simp argument is unused:
  List.getElem?_cons_zero

Hint: Omit it from the simp argument list.
  simp [List.getD, L̵i̵s̵t̵.̵g̵e̵t̵E̵l̵e̵m̵?̵_̵c̵o̵n̵s̵_̵z̵e̵r̵o̵,̵ ̵List.getElem?_cons_succ, h0, h1, h2, h3]

Note: This linter can be disabled with `set_option linter.unusedSimpArgs false`
warning: denote/Denote.lean:15871:48: This simp argument is unused:
  List.getElem?_cons_succ

Hint: Omit it from the simp argument list.
  simp [List.getD, List.getElem?_cons_zero, L̵i̵s̵t̵.̵g̵e̵t̵E̵l̵e̵m̵?̵_̵c̵o̵n̵s̵_̵s̵u̵c̵c̵,̵ ̵h0, h1, h2, h3]

Note: This linter can be disabled with `set_option linter.unusedSimpArgs false`
warning: denote/Denote.lean:15879:23: This simp argument is unused:
  List.getElem?_cons_zero

Hint: Omit it from the simp argument list.
  simp [List.getD, L̵i̵s̵t̵.̵g̵e̵t̵E̵l̵e̵m̵?̵_̵c̵o̵n̵s̵_̵z̵e̵r̵o̵,̵ ̵List.getElem?_cons_succ]

Note: This linter can be disabled with `set_option linter.unusedSimpArgs false`
warning: denote/Denote.lean:15879:48: This simp argument is unused:
  List.getElem?_cons_succ

Hint: Omit it from the simp argument list.
  simp [List.getD, List.getElem?_cons_zero,̵ ̵L̵i̵s̵t̵.̵g̵e̵t̵E̵l̵e̵m̵?̵_̵c̵o̵n̵s̵_̵s̵u̵c̵c̵]

Note: This linter can be disabled with `set_option linter.unusedSimpArgs false`
warning: denote/Denote.lean:15957:35: This simp argument is unused:
  List.foldl

Hint: Omit it from the simp argument list.
  simp [tensorSum, Tensor.mkShape,̵ ̵L̵i̵s̵t̵.̵f̵o̵l̵d̵l̵]

Note: This linter can be disabled with `set_option linter.unusedSimpArgs false`
warning: denote/Denote.lean:15967:35: Variable name `hb1` is not explicitly referenced.

The binding can be removed (if unused) or named `_` (if used implicitly).

Note: This linter can be disabled with `set_option linter.unusedVariables false`
warning: denote/Denote.lean:15968:5: Variable name `hb2` is not explicitly referenced.

The binding can be removed (if unused) or named `_` (if used implicitly).

Note: This linter can be disabled with `set_option linter.unusedVariables false`
warning: denote/Denote.lean:15968:35: Variable name `hb3` is not explicitly referenced.

The binding can be removed (if unused) or named `_` (if used implicitly).

Note: This linter can be disabled with `set_option linter.unusedVariables false`
warning: denote/Denote.lean:16043:0: Please, add a comment explaining the need for modifying the maxHeartbeat limit, as in
set_option maxHeartbeats 1600000 in
-- reason for change
...

Note: This linter can be disabled with `set_option linter.style.maxHeartbeats false`
warning: denote/Denote.lean:16168:2: The `show` tactic should only be used to indicate intermediate goal states for readability.
However, this tactic invocation changed the goal. Please use `change` instead for these purposes.

Note: This linter can be disabled with `set_option linter.style.show false`
warning: denote/Denote.lean:16173:10: Used `tac1 <;> tac2` where `(tac1; tac2)` would suffice

Note: This linter can be disabled with `set_option linter.unnecessarySeqFocus false`
warning: denote/Denote.lean:16175:0: Please, add a comment explaining the need for modifying the maxHeartbeat limit, as in
set_option maxHeartbeats 4000000 in
-- reason for change
...

Note: This linter can be disabled with `set_option linter.style.maxHeartbeats false`
warning: denote/Denote.lean:16281:35: This simp argument is unused:
  List.foldl

Hint: Omit it from the simp argument list.
  simp [tensorSum, Tensor.mkShape,̵ ̵L̵i̵s̵t̵.̵f̵o̵l̵d̵l̵]

Note: This linter can be disabled with `set_option linter.unusedSimpArgs false`
warning: denote/Denote.lean:16289:35: Variable name `hb1` is not explicitly referenced.

The binding can be removed (if unused) or named `_` (if used implicitly).

Note: This linter can be disabled with `set_option linter.unusedVariables false`
warning: denote/Denote.lean:16290:5: Variable name `hb2` is not explicitly referenced.

The binding can be removed (if unused) or named `_` (if used implicitly).

Note: This linter can be disabled with `set_option linter.unusedVariables false`
warning: denote/Denote.lean:16290:35: Variable name `hb3` is not explicitly referenced.

The binding can be removed (if unused) or named `_` (if used implicitly).

Note: This linter can be disabled with `set_option linter.unusedVariables false`
warning: denote/Denote.lean:16369:35: Variable name `hb1` is not explicitly referenced.

The binding can be removed (if unused) or named `_` (if used implicitly).

Note: This linter can be disabled with `set_option linter.unusedVariables false`
warning: denote/Denote.lean:16370:5: Variable name `hb2` is not explicitly referenced.

The binding can be removed (if unused) or named `_` (if used implicitly).

Note: This linter can be disabled with `set_option linter.unusedVariables false`
warning: denote/Denote.lean:16370:35: Variable name `hb3` is not explicitly referenced.

The binding can be removed (if unused) or named `_` (if used implicitly).

Note: This linter can be disabled with `set_option linter.unusedVariables false`
warning: denote/Denote.lean:16436:35: This simp argument is unused:
  List.foldl

Hint: Omit it from the simp argument list.
  simp [tensorSum, Tensor.mkShape,̵ ̵L̵i̵s̵t̵.̵f̵o̵l̵d̵l̵]

Note: This linter can be disabled with `set_option linter.unusedSimpArgs false`
warning: denote/Denote.lean:16443:35: Variable name `hc1` is not explicitly referenced.

The binding can be removed (if unused) or named `_` (if used implicitly).

Note: This linter can be disabled with `set_option linter.unusedVariables false`
warning: denote/Denote.lean:16444:5: Variable name `hc2` is not explicitly referenced.

The binding can be removed (if unused) or named `_` (if used implicitly).

Note: This linter can be disabled with `set_option linter.unusedVariables false`
warning: denote/Denote.lean:16444:35: Variable name `hc3` is not explicitly referenced.

The binding can be removed (if unused) or named `_` (if used implicitly).

Note: This linter can be disabled with `set_option linter.unusedVariables false`
warning: denote/Denote.lean:16505:51: This simp argument is unused:
  List.getElem?_cons_succ

Hint: Omit it from the simp argument list.
  simp only [List.getD, List.getElem?_cons_zero, L̵i̵s̵t̵.̵g̵e̵t̵E̵l̵e̵m̵?̵_̵c̵o̵n̵s̵_̵s̵u̵c̵c̵,̵ ̵Option.getD_some]

Note: This linter can be disabled with `set_option linter.unusedSimpArgs false`
warning: denote/Denote.lean:16539:35: Variable name `hb1` is not explicitly referenced.

The binding can be removed (if unused) or named `_` (if used implicitly).

Note: This linter can be disabled with `set_option linter.unusedVariables false`
warning: denote/Denote.lean:16540:5: Variable name `hb2` is not explicitly referenced.

The binding can be removed (if unused) or named `_` (if used implicitly).

Note: This linter can be disabled with `set_option linter.unusedVariables false`
warning: denote/Denote.lean:16540:35: Variable name `hb3` is not explicitly referenced.

The binding can be removed (if unused) or named `_` (if used implicitly).

Note: This linter can be disabled with `set_option linter.unusedVariables false`
warning: denote/Denote.lean:16586:4: The `show` tactic should only be used to indicate intermediate goal states for readability.
However, this tactic invocation changed the goal. Please use `change` instead for these purposes.

Note: This linter can be disabled with `set_option linter.style.show false`
warning: denote/Denote.lean:16589:4: The `show` tactic should only be used to indicate intermediate goal states for readability.
However, this tactic invocation changed the goal. Please use `change` instead for these purposes.

Note: This linter can be disabled with `set_option linter.style.show false`
warning: denote/Denote.lean:16592:4: The `show` tactic should only be used to indicate intermediate goal states for readability.
However, this tactic invocation changed the goal. Please use `change` instead for these purposes.

Note: This linter can be disabled with `set_option linter.style.show false`
warning: denote/Denote.lean:16595:4: The `show` tactic should only be used to indicate intermediate goal states for readability.
However, this tactic invocation changed the goal. Please use `change` instead for these purposes.

Note: This linter can be disabled with `set_option linter.style.show false`
warning: denote/Denote.lean:16606:5: Variable name `hb1` is not explicitly referenced.

The binding can be removed (if unused) or named `_` (if used implicitly).

Note: This linter can be disabled with `set_option linter.unusedVariables false`
warning: denote/Denote.lean:16606:35: Variable name `hb2` is not explicitly referenced.

The binding can be removed (if unused) or named `_` (if used implicitly).

Note: This linter can be disabled with `set_option linter.unusedVariables false`
warning: denote/Denote.lean:16607:5: Variable name `hb3` is not explicitly referenced.

The binding can be removed (if unused) or named `_` (if used implicitly).

Note: This linter can be disabled with `set_option linter.unusedVariables false`
warning: denote/Denote.lean:16651:35: This simp argument is unused:
  List.foldl

Hint: Omit it from the simp argument list.
  simp [tensorSum, Tensor.mkShape,̵ ̵L̵i̵s̵t̵.̵f̵o̵l̵d̵l̵]

Note: This linter can be disabled with `set_option linter.unusedSimpArgs false`
warning: denote/Denote.lean:16658:35: Variable name `hc1` is not explicitly referenced.

The binding can be removed (if unused) or named `_` (if used implicitly).

Note: This linter can be disabled with `set_option linter.unusedVariables false`
warning: denote/Denote.lean:16659:5: Variable name `hc2` is not explicitly referenced.

The binding can be removed (if unused) or named `_` (if used implicitly).

Note: This linter can be disabled with `set_option linter.unusedVariables false`
warning: denote/Denote.lean:16659:35: Variable name `hc3` is not explicitly referenced.

The binding can be removed (if unused) or named `_` (if used implicitly).

Note: This linter can be disabled with `set_option linter.unusedVariables false`
warning: denote/Denote.lean:16671:20: The `show` tactic should only be used to indicate intermediate goal states for readability.
However, this tactic invocation changed the goal. Please use `change` instead for these purposes.

Note: This linter can be disabled with `set_option linter.style.show false`
warning: denote/Denote.lean:16738:35: Variable name `hb1` is not explicitly referenced.

The binding can be removed (if unused) or named `_` (if used implicitly).

Note: This linter can be disabled with `set_option linter.unusedVariables false`
warning: denote/Denote.lean:16739:5: Variable name `hb2` is not explicitly referenced.

The binding can be removed (if unused) or named `_` (if used implicitly).

Note: This linter can be disabled with `set_option linter.unusedVariables false`
warning: denote/Denote.lean:16739:35: Variable name `hb3` is not explicitly referenced.

The binding can be removed (if unused) or named `_` (if used implicitly).

Note: This linter can be disabled with `set_option linter.unusedVariables false`
warning: denote/Denote.lean:16788:0: Please, add a comment explaining the need for modifying the maxHeartbeat limit, as in
set_option maxHeartbeats 1600000 in
-- reason for change
...

Note: This linter can be disabled with `set_option linter.style.maxHeartbeats false`
warning: denote/Denote.lean:16917:0: Please, add a comment explaining the need for modifying the maxHeartbeat limit, as in
set_option maxHeartbeats 2000000 in
-- reason for change
...

Note: This linter can be disabled with `set_option linter.style.maxHeartbeats false`
warning: denote/Denote.lean:16925:23: missing space in the source

This part of the code
  '[1,8,128])'
should be written as
  '[1, 8, 128])'


Note: This linter can be disabled with `set_option linter.style.whitespace false`
warning: denote/Denote.lean:16925:25: missing space in the source

This part of the code
  '[1,8,128])'
should be written as
  '8, 128])'


Note: This linter can be disabled with `set_option linter.style.whitespace false`
warning: denote/Denote.lean:16925:52: missing space in the source

This part of the code
  '[1,8,32])'
should be written as
  '[1, 8, 32])'


Note: This linter can be disabled with `set_option linter.style.whitespace false`
warning: denote/Denote.lean:16925:54: missing space in the source

This part of the code
  '[1,8,32])'
should be written as
  '8, 32])'


Note: This linter can be disabled with `set_option linter.style.whitespace false`
warning: denote/Denote.lean:16926:25: missing space in the source

This part of the code
  '[1,8,8])'
should be written as
  '[1, 8, 8])'


Note: This linter can be disabled with `set_option linter.style.whitespace false`
warning: denote/Denote.lean:16926:27: missing space in the source

This part of the code
  '[1,8,8]) (hx1'
should be written as
  '8, 8])'


Note: This linter can be disabled with `set_option linter.style.whitespace false`
warning: denote/Denote.lean:16926:52: missing space in the source

This part of the code
  '[1,8,8])'
should be written as
  '[1, 8, 8])'


Note: This linter can be disabled with `set_option linter.style.whitespace false`
warning: denote/Denote.lean:16926:54: missing space in the source

This part of the code
  '[1,8,8])
'
should be written as
  '8, 8])'


Note: This linter can be disabled with `set_option linter.style.whitespace false`
warning: denote/Denote.lean:16927:25: missing space in the source

This part of the code
  '[1,8,8])'
should be written as
  '[1, 8, 8])'


Note: This linter can be disabled with `set_option linter.style.whitespace false`
warning: denote/Denote.lean:16927:27: missing space in the source

This part of the code
  '[1,8,8]) (hx3'
should be written as
  '8, 8])'


Note: This linter can be disabled with `set_option linter.style.whitespace false`
warning: denote/Denote.lean:16927:52: missing space in the source

This part of the code
  '[1,8,8])'
should be written as
  '[1, 8, 8])'


Note: This linter can be disabled with `set_option linter.style.whitespace false`
warning: denote/Denote.lean:16927:54: missing space in the source

This part of the code
  '[1,8,8])
'
should be written as
  '8, 8])'


Note: This linter can be disabled with `set_option linter.style.whitespace false`
warning: denote/Denote.lean:16928:27: missing space in the source

This part of the code
  '[128,8]) (hw1'
should be written as
  '[128, 8])'


Note: This linter can be disabled with `set_option linter.style.whitespace false`
warning: denote/Denote.lean:16928:54: missing space in the source

This part of the code
  '[128,8])
'
should be written as
  '[128, 8])'


Note: This linter can be disabled with `set_option linter.style.whitespace false`
warning: denote/Denote.lean:16929:27: missing space in the source

This part of the code
  '[128,8]) (hw3'
should be written as
  '[128, 8])'


Note: This linter can be disabled with `set_option linter.style.whitespace false`
warning: denote/Denote.lean:16929:54: missing space in the source

This part of the code
  '[128,8]) :'
should be written as
  '[128, 8])'


Note: This linter can be disabled with `set_option linter.style.whitespace false`
warning: denote/Denote.lean:16996:0: Please, add a comment explaining the need for modifying the maxHeartbeat limit, as in
set_option maxHeartbeats 800000 in
-- reason for change
...

Note: This linter can be disabled with `set_option linter.style.maxHeartbeats false`
warning: denote/Denote.lean:17096:45: This simp argument is unused:
  List.set

Hint: Omit it from the simp argument list.
  simp only [allGatherPrimDimN, Tensor.mkShape, hhead, List.getD,
  ̵  ̵ ̵ ̵List.getElem?_cons_zero,
  ̲  ̲ ̲ ̲List.getElem?_cons_succ,
  ̵  ̵ ̵ ̵Option.getD_some, List.drop, List.foldl, List.s̵e̵t̵,̵ ̵L̵i̵s̵t̵.̵length, List.take,
      show (32 : Nat) ≠ 0 from by omega,
  ̵  ̵ ̵ ̵show (128 : Nat) ≠ 0 from by omega,
      show (4 : Nat) ≠ 0 from by omega, show (1 : Nat) ≠ 0 from by omega]

Note: This linter can be disabled with `set_option linter.unusedSimpArgs false`
warning: denote/Denote.lean:17096:55: This simp argument is unused:
  List.length

Hint: Omit it from the simp argument list.
  simp only [allGatherPrimDimN, Tensor.mkShape, hhead, List.getD,
  ̵  ̵ ̵ ̵List.getElem?_cons_zero,
  ̲  ̲ ̲ ̲List.getElem?_cons_succ,
  ̵  ̵ ̵ ̵Option.getD_some, List.drop, List.foldl, List.set, List.l̵e̵n̵g̵th̵,̵ ̵L̵i̵s̵t̵.̵t̵ake,
      show (32 : Nat) ≠ 0 from by omega,
  ̵  ̵ ̵ ̵show (128 : Nat) ≠ 0 from by omega,
      show (4 : Nat) ≠ 0 from by omega, show (1 : Nat) ≠ 0 from by omega]

Note: This linter can be disabled with `set_option linter.unusedSimpArgs false`
warning: denote/Denote.lean:17096:68: This simp argument is unused:
  List.take

Hint: Omit it from the simp argument list.
  simp only [allGatherPrimDimN, Tensor.mkShape, hhead, List.getD,
  ̵  ̵ ̵ ̵List.getElem?_cons_zero,
  ̲  ̲ ̲ ̲List.getElem?_cons_succ,
  ̵  ̵ ̵ ̵Option.getD_some, List.drop, List.foldl, List.set, List.length, ̵L̵i̵s̵t̵.̵t̵a̵k̵e̵,̵
      show (32 : Nat) ≠ 0 from by omega,
  ̵  ̵ ̵ ̵show (128 : Nat) ≠ 0 from by omega,
      show (4 : Nat) ≠ 0 from by omega, show (1 : Nat) ≠ 0 from by omega]

Note: This linter can be disabled with `set_option linter.unusedSimpArgs false`
warning: denote/Denote.lean:17099:4: This simp argument is unused:
  show (4 : Nat) ≠ 0 from by omega

Hint: Omit it from the simp argument list.
  simp only [allGatherPrimDimN, Tensor.mkShape, hhead, List.getD,
  ̵  ̵ ̵ ̵List.getElem?_cons_zero,
  ̲  ̲ ̲ ̲List.getElem?_cons_succ,
  ̵  ̵ ̵ ̵Option.getD_some, List.drop, List.foldl, List.set, List.length,
  ̲  ̲ ̲ ̲List.take,
  ̵  ̵ ̵ ̵show (32 : Nat) ≠ 0 from by omega,
  ̵  ̵ ̵ ̵show (128 : Nat) ≠ 0 from by omega,
      show (4̵ ̵:̵ ̵N̵a̵t̵)̵ ̵≠̵ ̵0̵ ̵f̵r̵o̵m̵ ̵b̵y̵ ̵o̵m̵e̵g̵a̵,̵ ̵s̵h̵o̵w̵ ̵(̵1 : Nat) ≠ 0 from by omega]

Note: This linter can be disabled with `set_option linter.unusedSimpArgs false`
warning: denote/Denote.lean:17100:28: This simp argument is unused:
  Nat.reduceAdd

Hint: Omit it from the simp argument list.
  simp only [Nat.reduceMul, Nat.reduceA̵d̵d̵,̵ ̵N̵a̵t̵.̵r̵e̵d̵u̵c̵e̵Pow, Nat.reduceDiv, Nat.reduceMod,
  ̵  ̵ ̵ ̵ite_false, ite_true,
  ̲  ̲ ̲ ̲Nat.div_one, Nat.mod_one, Nat.mul_one, Nat.add_zero, Nat.zero_add,
  ̵  ̵ ̵ ̵List.prod_cons,
  ̲  ̲ ̲ ̲List.prod_nil, Nat.one_mul]

Note: This linter can be disabled with `set_option linter.unusedSimpArgs false`
warning: denote/Denote.lean:17100:43: This simp argument is unused:
  Nat.reducePow

Hint: Omit it from the simp argument list.
  simp only [Nat.reduceMul, Nat.reduceAdd, Nat.reduceP̵o̵w̵,̵ ̵N̵a̵t̵.̵r̵e̵d̵u̵c̵e̵Div, Nat.reduceMod,
  ̵  ̵ ̵ ̵ite_false, ite_true,
  ̲  ̲ ̲ ̲Nat.div_one, Nat.mod_one, Nat.mul_one, Nat.add_zero, Nat.zero_add,
  ̵  ̵ ̵ ̵List.prod_cons,
  ̲  ̲ ̲ ̲List.prod_nil, Nat.one_mul]

Note: This linter can be disabled with `set_option linter.unusedSimpArgs false`
warning: denote/Denote.lean:17100:58: This simp argument is unused:
  Nat.reduceDiv

Hint: Omit it from the simp argument list.
  simp only [Nat.reduceMul, Nat.reduceAdd, Nat.reducePow, Nat.reduceD̵i̵v̵,̵ ̵N̵a̵t̵.̵r̵e̵d̵u̵c̵e̵Mod,
  ̵  ̵ ̵ ̵ite_false, ite_true,
  ̲  ̲ ̲ ̲Nat.div_one, Nat.mod_one, Nat.mul_one, Nat.add_zero, Nat.zero_add,
  ̵  ̵ ̵ ̵List.prod_cons,
  ̲  ̲ ̲ ̲List.prod_nil, Nat.one_mul]

Note: This linter can be disabled with `set_option linter.unusedSimpArgs false`
warning: denote/Denote.lean:17100:73: This simp argument is unused:
  Nat.reduceMod

Hint: Omit it from the simp argument list.
  simp only [Nat.reduceMul, Nat.reduceAdd, Nat.reducePow, Nat.reduceDiv, N̵a̵t̵.̵r̵e̵d̵u̵c̵e̵M̵o̵d̵,̵
  ̵ ̵ ̵ ̵ ̵ite_false, ite_true,
  ̲  ̲ ̲ ̲Nat.div_one, Nat.mod_one, Nat.mul_one, Nat.add_zero, Nat.zero_add,
  ̵  ̵ ̵ ̵List.prod_cons,
  ̲  ̲ ̲ ̲List.prod_nil, Nat.one_mul]

Note: This linter can be disabled with `set_option linter.unusedSimpArgs false`
warning: denote/Denote.lean:17101:15: This simp argument is unused:
  ite_true

Hint: Omit it from the simp argument list.
  simp only [Nat.reduceMul, Nat.reduceAdd, Nat.reducePow, Nat.reduceDiv, Nat.reduceMod, ite_false,
  ̲  ̲ ̲ ̲i̵t̵e̵_̵t̵r̵u̵e̵,̵ ̵Nat.div_one, Nat.mod_one, Nat.mul_one, Nat.add_zero, Nat.zero_add, List.prod_cons,
  ̲  ̲ ̲ ̲List.prod_nil, Nat.one_mul]

Note: This linter can be disabled with `set_option linter.unusedSimpArgs false`
warning: denote/Denote.lean:17101:78: This simp argument is unused:
  Nat.zero_add

Hint: Omit it from the simp argument list.
  simp only [Nat.reduceMul, Nat.reduceAdd, Nat.reducePow, Nat.reduceDiv, Nat.reduceMod, ite_false,
  ̲  ̲ ̲ ̲ite_true, Nat.div_one, Nat.mod_one, Nat.mul_one, Nat.add_zero, N̵a̵t̵.̵z̵e̵r̵o̵_̵a̵d̵d̵,̵List.prod_cons, List.prod_nil,
  ̲  ̲ ̲ ̲Nat.one_mul]

Note: This linter can be disabled with `set_option linter.unusedSimpArgs false`
warning: denote/Denote.lean:17102:4: This simp argument is unused:
  List.prod_cons

Hint: Omit it from the simp argument list.
  simp only [Nat.reduceMul, Nat.reduceAdd, Nat.reducePow, Nat.reduceDiv, Nat.reduceMod, ite_false,
  ̲  ̲ ̲ ̲ite_true, Nat.div_one, Nat.mod_one, Nat.mul_one, Nat.add_zero, Nat.zero_add, L̵i̵s̵t̵.̵p̵r̵o̵d̵_̵c̵o̵n̵s̵,̵ ̵List.prod_nil,
  ̲  ̲ ̲ ̲Nat.one_mul]

Note: This linter can be disabled with `set_option linter.unusedSimpArgs false`
warning: denote/Denote.lean:17102:20: This simp argument is unused:
  List.prod_nil

Hint: Omit it from the simp argument list.
  simp only [Nat.reduceMul, Nat.reduceAdd, Nat.reducePow, Nat.reduceDiv, Nat.reduceMod, ite_false,
  ̲  ̲ ̲ ̲ite_true, Nat.div_one, Nat.mod_one, Nat.mul_one, Nat.add_zero, Nat.zero_add, List.prod_cons,
  ̲  ̲ ̲ ̲L̵i̵s̵t̵.̵p̵r̵o̵d̵_̵n̵i̵l̵,̵ ̵Nat.one_mul]

Note: This linter can be disabled with `set_option linter.unusedSimpArgs false`
warning: denote/Denote.lean:17102:35: This simp argument is unused:
  Nat.one_mul

Hint: Omit it from the simp argument list.
  simp only [Nat.reduceMul, Nat.reduceAdd, Nat.reducePow, Nat.reduceDiv, Nat.reduceMod, ite_false,
  ̲  ̲ ̲ ̲ite_true, Nat.div_one, Nat.mod_one, Nat.mul_one, Nat.add_zero, Nat.zero_add, List.prod_cons,
  ̲  ̲ ̲ ̲L̵i̵s̵t̵.̵p̵r̵o̵d̵_̵n̵i̵l̵,̵ ̵N̵a̵t̵.̵o̵n̵e̵_̵m̵u̵l̵]̵L̲i̲s̲t̲.̲p̲r̲o̲d̲_̲n̲i̲l̲]̲

Note: This linter can be disabled with `set_option linter.unusedSimpArgs false`
warning: denote/Denote.lean:17109:0: Please, add a comment explaining the need for modifying the maxHeartbeat limit, as in
set_option maxHeartbeats 2000000 in
-- reason for change
...

Note: This linter can be disabled with `set_option linter.style.maxHeartbeats false`
warning: denote/Denote.lean:17117:23: missing space in the source

This part of the code
  '[1,8,32])'
should be written as
  '[1, 8, 32])'


Note: This linter can be disabled with `set_option linter.style.whitespace false`
warning: denote/Denote.lean:17117:25: missing space in the source

This part of the code
  '[1,8,32])'
should be written as
  '8, 32])'


Note: This linter can be disabled with `set_option linter.style.whitespace false`
warning: denote/Denote.lean:17117:49: missing space in the source

This part of the code
  '[1,8,128])'
should be written as
  '[1, 8, 128])'


Note: This linter can be disabled with `set_option linter.style.whitespace false`
warning: denote/Denote.lean:17117:51: missing space in the source

This part of the code
  '[1,8,128])'
should be written as
  '8, 128])'


Note: This linter can be disabled with `set_option linter.style.whitespace false`
warning: denote/Denote.lean:17118:25: missing space in the source

This part of the code
  '[1,8,32])'
should be written as
  '[1, 8, 32])'


Note: This linter can be disabled with `set_option linter.style.whitespace false`
warning: denote/Denote.lean:17118:27: missing space in the source

This part of the code
  '[1,8,32])'
should be written as
  '8, 32])'


Note: This linter can be disabled with `set_option linter.style.whitespace false`
warning: denote/Denote.lean:17118:53: missing space in the source

This part of the code
  '[1,8,32])'
should be written as
  '[1, 8, 32])'


Note: This linter can be disabled with `set_option linter.style.whitespace false`
warning: denote/Denote.lean:17118:55: missing space in the source

This part of the code
  '[1,8,32])'
should be written as
  '8, 32])'


Note: This linter can be disabled with `set_option linter.style.whitespace false`
warning: denote/Denote.lean:17119:25: missing space in the source

This part of the code
  '[1,8,32])'
should be written as
  '[1, 8, 32])'


Note: This linter can be disabled with `set_option linter.style.whitespace false`
warning: denote/Denote.lean:17119:27: missing space in the source

This part of the code
  '[1,8,32])'
should be written as
  '8, 32])'


Note: This linter can be disabled with `set_option linter.style.whitespace false`
warning: denote/Denote.lean:17119:53: missing space in the source

This part of the code
  '[1,8,32])'
should be written as
  '[1, 8, 32])'


Note: This linter can be disabled with `set_option linter.style.whitespace false`
warning: denote/Denote.lean:17119:55: missing space in the source

This part of the code
  '[1,8,32])'
should be written as
  '8, 32])'


Note: This linter can be disabled with `set_option linter.style.whitespace false`
warning: denote/Denote.lean:17120:26: missing space in the source

This part of the code
  '[32,32])'
should be written as
  '[32, 32])'


Note: This linter can be disabled with `set_option linter.style.whitespace false`
warning: denote/Denote.lean:17120:53: missing space in the source

This part of the code
  '[32,32])'
should be written as
  '[32, 32])'


Note: This linter can be disabled with `set_option linter.style.whitespace false`
warning: denote/Denote.lean:17121:26: missing space in the source

This part of the code
  '[32,32])'
should be written as
  '[32, 32])'


Note: This linter can be disabled with `set_option linter.style.whitespace false`
warning: denote/Denote.lean:17121:53: missing space in the source

This part of the code
  '[32,32])'
should be written as
  '[32, 32])'


Note: This linter can be disabled with `set_option linter.style.whitespace false`
warning: denote/Denote.lean:17188:0: Please, add a comment explaining the need for modifying the maxHeartbeat limit, as in
set_option maxHeartbeats 800000 in
-- reason for change
...

Note: This linter can be disabled with `set_option linter.style.maxHeartbeats false`
warning: denote/Denote.lean:17302:0: Please, add a comment explaining the need for modifying the maxHeartbeat limit, as in
set_option maxHeartbeats 1600000 in
-- reason for change
...

Note: This linter can be disabled with `set_option linter.style.maxHeartbeats false`
warning: denote/Denote.lean:17412:0: Please, add a comment explaining the need for modifying the maxHeartbeat limit, as in
set_option maxHeartbeats 2000000 in
-- reason for change
...

Note: This linter can be disabled with `set_option linter.style.maxHeartbeats false`
warning: denote/Denote.lean:17422:25: missing space in the source

This part of the code
  '[1,2,32])'
should be written as
  '[1, 2, 32])'


Note: This linter can be disabled with `set_option linter.style.whitespace false`
warning: denote/Denote.lean:17422:27: missing space in the source

This part of the code
  '[1,2,32])'
should be written as
  '2, 32])'


Note: This linter can be disabled with `set_option linter.style.whitespace false`
warning: denote/Denote.lean:17422:53: missing space in the source

This part of the code
  '[1,2,32])'
should be written as
  '[1, 2, 32])'


Note: This linter can be disabled with `set_option linter.style.whitespace false`
warning: denote/Denote.lean:17422:55: missing space in the source

This part of the code
  '[1,2,32])'
should be written as
  '2, 32])'


Note: This linter can be disabled with `set_option linter.style.whitespace false`
warning: denote/Denote.lean:17423:25: missing space in the source

This part of the code
  '[1,2,32])'
should be written as
  '[1, 2, 32])'


Note: This linter can be disabled with `set_option linter.style.whitespace false`
warning: denote/Denote.lean:17423:27: missing space in the source

This part of the code
  '[1,2,32])'
should be written as
  '2, 32])'


Note: This linter can be disabled with `set_option linter.style.whitespace false`
warning: denote/Denote.lean:17423:53: missing space in the source

This part of the code
  '[1,2,32])'
should be written as
  '[1, 2, 32])'


Note: This linter can be disabled with `set_option linter.style.whitespace false`
warning: denote/Denote.lean:17423:55: missing space in the source

This part of the code
  '[1,2,32])'
should be written as
  '2, 32])'


Note: This linter can be disabled with `set_option linter.style.whitespace false`
warning: denote/Denote.lean:17424:23: missing space in the source

This part of the code
  '[1,8,128])'
should be written as
  '[1, 8, 128])'


Note: This linter can be disabled with `set_option linter.style.whitespace false`
warning: denote/Denote.lean:17424:25: missing space in the source

This part of the code
  '[1,8,128])'
should be written as
  '8, 128])'


Note: This linter can be disabled with `set_option linter.style.whitespace false`
warning: denote/Denote.lean:17425:25: missing space in the source

This part of the code
  '[1,2,128])'
should be written as
  '[1, 2, 128])'


Note: This linter can be disabled with `set_option linter.style.whitespace false`
warning: denote/Denote.lean:17425:27: missing space in the source

This part of the code
  '[1,2,128])'
should be written as
  '2, 128])'


Note: This linter can be disabled with `set_option linter.style.whitespace false`
warning: denote/Denote.lean:17425:54: missing space in the source

This part of the code
  '[1,2,128])'
should be written as
  '[1, 2, 128])'


Note: This linter can be disabled with `set_option linter.style.whitespace false`
warning: denote/Denote.lean:17425:56: missing space in the source

This part of the code
  '[1,2,128])'
should be written as
  '2, 128])'


Note: This linter can be disabled with `set_option linter.style.whitespace false`
warning: denote/Denote.lean:17426:25: missing space in the source

This part of the code
  '[1,2,128])'
should be written as
  '[1, 2, 128])'


Note: This linter can be disabled with `set_option linter.style.whitespace false`
warning: denote/Denote.lean:17426:27: missing space in the source

This part of the code
  '[1,2,128])'
should be written as
  '2, 128])'


Note: This linter can be disabled with `set_option linter.style.whitespace false`
warning: denote/Denote.lean:17426:54: missing space in the source

This part of the code
  '[1,2,128])'
should be written as
  '[1, 2, 128])'


Note: This linter can be disabled with `set_option linter.style.whitespace false`
warning: denote/Denote.lean:17426:56: missing space in the source

This part of the code
  '[1,2,128])'
should be written as
  '2, 128])'


Note: This linter can be disabled with `set_option linter.style.whitespace false`
warning: denote/Denote.lean:17427:24: missing space in the source

This part of the code
  '[32,128])'
should be written as
  '[32, 128])'


Note: This linter can be disabled with `set_option linter.style.whitespace false`
warning: denote/Denote.lean:17490:0: Please, add a comment explaining the need for modifying the maxHeartbeat limit, as in
set_option maxHeartbeats 1600000 in
-- reason for change
...

Note: This linter can be disabled with `set_option linter.style.maxHeartbeats false`
warning: denote/Denote.lean:17577:61: This simp argument is unused:
  List.getElem?_cons_succ

Hint: Omit it from the simp argument list.
  simp only [List.getD, List.getElem?_cons_zero, L̵i̵s̵t̵.̵g̵e̵t̵E̵l̵e̵m̵?̵_̵c̵o̵n̵s̵_̵s̵u̵c̵c̵,̵ ̵Option.getD_some]

Note: This linter can be disabled with `set_option linter.unusedSimpArgs false`
warning: denote/Denote.lean:17509:0: Please, add a comment explaining the need for modifying the maxHeartbeat limit, as in
set_option maxHeartbeats 1600000 in
-- reason for change
...

Note: This linter can be disabled with `set_option linter.style.maxHeartbeats false`
warning: denote/Denote.lean:17598:0: Please, add a comment explaining the need for modifying the maxHeartbeat limit, as in
set_option maxHeartbeats 2000000 in
-- reason for change
...

Note: This linter can be disabled with `set_option linter.style.maxHeartbeats false`
warning: denote/Denote.lean:17607:23: missing space in the source

This part of the code
  '[1,8,32])'
should be written as
  '[1, 8, 32])'


Note: This linter can be disabled with `set_option linter.style.whitespace false`
warning: denote/Denote.lean:17607:25: missing space in the source

This part of the code
  '[1,8,32])'
should be written as
  '8, 32])'


Note: This linter can be disabled with `set_option linter.style.whitespace false`
warning: denote/Denote.lean:17607:49: missing space in the source

This part of the code
  '[1,8,128])'
should be written as
  '[1, 8, 128])'


Note: This linter can be disabled with `set_option linter.style.whitespace false`
warning: denote/Denote.lean:17607:51: missing space in the source

This part of the code
  '[1,8,128])'
should be written as
  '8, 128])'


Note: This linter can be disabled with `set_option linter.style.whitespace false`
warning: denote/Denote.lean:17608:25: missing space in the source

This part of the code
  '[1,8,32])'
should be written as
  '[1, 8, 32])'


Note: This linter can be disabled with `set_option linter.style.whitespace false`
warning: denote/Denote.lean:17608:27: missing space in the source

This part of the code
  '[1,8,32])'
should be written as
  '8, 32])'


Note: This linter can be disabled with `set_option linter.style.whitespace false`
warning: denote/Denote.lean:17608:53: missing space in the source

This part of the code
  '[1,8,32])'
should be written as
  '[1, 8, 32])'


Note: This linter can be disabled with `set_option linter.style.whitespace false`
warning: denote/Denote.lean:17608:55: missing space in the source

This part of the code
  '[1,8,32])'
should be written as
  '8, 32])'


Note: This linter can be disabled with `set_option linter.style.whitespace false`
warning: denote/Denote.lean:17609:25: missing space in the source

This part of the code
  '[1,8,32])'
should be written as
  '[1, 8, 32])'


Note: This linter can be disabled with `set_option linter.style.whitespace false`
warning: denote/Denote.lean:17609:27: missing space in the source

This part of the code
  '[1,8,32])'
should be written as
  '8, 32])'


Note: This linter can be disabled with `set_option linter.style.whitespace false`
warning: denote/Denote.lean:17609:53: missing space in the source

This part of the code
  '[1,8,32])'
should be written as
  '[1, 8, 32])'


Note: This linter can be disabled with `set_option linter.style.whitespace false`
warning: denote/Denote.lean:17609:55: missing space in the source

This part of the code
  '[1,8,32])'
should be written as
  '8, 32])'


Note: This linter can be disabled with `set_option linter.style.whitespace false`
warning: denote/Denote.lean:17610:26: missing space in the source

This part of the code
  '[32,32])'
should be written as
  '[32, 32])'


Note: This linter can be disabled with `set_option linter.style.whitespace false`
warning: denote/Denote.lean:17610:53: missing space in the source

This part of the code
  '[32,32])'
should be written as
  '[32, 32])'


Note: This linter can be disabled with `set_option linter.style.whitespace false`
warning: denote/Denote.lean:17611:26: missing space in the source

This part of the code
  '[32,32])'
should be written as
  '[32, 32])'


Note: This linter can be disabled with `set_option linter.style.whitespace false`
warning: denote/Denote.lean:17611:53: missing space in the source

This part of the code
  '[32,32])'
should be written as
  '[32, 32])'


Note: This linter can be disabled with `set_option linter.style.whitespace false`
warning: denote/Denote.lean:17790:61: This simp argument is unused:
  List.getElem?_cons_succ

Hint: Omit it from the simp argument list.
  simp only [List.getD, List.getElem?_cons_zero, L̵i̵s̵t̵.̵g̵e̵t̵E̵l̵e̵m̵?̵_̵c̵o̵n̵s̵_̵s̵u̵c̵c̵,̵ ̵Option.getD_some]

Note: This linter can be disabled with `set_option linter.unusedSimpArgs false`
warning: denote/Denote.lean:17722:0: Please, add a comment explaining the need for modifying the maxHeartbeat limit, as in
set_option maxHeartbeats 1600000 in
-- reason for change
...

Note: This linter can be disabled with `set_option linter.style.maxHeartbeats false`
warning: denote/Denote.lean:17923:23: This simp argument is unused:
  List.getElem?_cons_zero

Hint: Omit it from the simp argument list.
  simp [List.getD, L̵i̵s̵t̵.̵g̵e̵t̵E̵l̵e̵m̵?̵_̵c̵o̵n̵s̵_̵z̵e̵r̵o̵,̵ ̵List.getElem?_cons_succ]

Note: This linter can be disabled with `set_option linter.unusedSimpArgs false`
warning: denote/Denote.lean:17923:48: This simp argument is unused:
  List.getElem?_cons_succ

Hint: Omit it from the simp argument list.
  simp [List.getD, List.getElem?_cons_zero,̵ ̵L̵i̵s̵t̵.̵g̵e̵t̵E̵l̵e̵m̵?̵_̵c̵o̵n̵s̵_̵s̵u̵c̵c̵]

Note: This linter can be disabled with `set_option linter.unusedSimpArgs false`
warning: denote/Denote.lean:17938:65: This simp argument is unused:
  Ne.symm hne

Hint: Omit it from the simp argument list.
  simp [List.zip, List.zipWith, List.replicate, List.find?, hne,̵ ̵N̵e̵.̵s̵y̵m̵m̵ ̵h̵n̵e̵]

Note: This linter can be disabled with `set_option linter.unusedSimpArgs false`
warning: denote/Denote.lean:17952:59: This simp argument is unused:
  List.find?

Hint: Omit it from the simp argument list.
  simp [List.zip, List.zipWith, List.replicate,̵ ̵L̵i̵s̵t̵.̵f̵i̵n̵d̵?̵]

Note: This linter can be disabled with `set_option linter.unusedSimpArgs false`
warning: denote/Denote.lean:17966:48: This simp argument is unused:
  List.find?

Hint: Omit it from the simp argument list.
  simp [List.zip, List.zipWith, List.replicate,̵ ̵L̵i̵s̵t̵.̵f̵i̵n̵d̵?̵]

Note: This linter can be disabled with `set_option linter.unusedSimpArgs false`
warning: denote/Denote.lean:18076:48: This simp argument is unused:
  List.find?

Hint: Omit it from the simp argument list.
  simp [List.zip, List.zipWith, List.replicate,̵ ̵L̵i̵s̵t̵.̵f̵i̵n̵d̵?̵]

Note: This linter can be disabled with `set_option linter.unusedSimpArgs false`
warning: denote/Denote.lean:18171:48: This simp argument is unused:
  List.find?

Hint: Omit it from the simp argument list.
  simp [List.zip, List.zipWith, List.replicate,̵ ̵L̵i̵s̵t̵.̵f̵i̵n̵d̵?̵]

Note: This linter can be disabled with `set_option linter.unusedSimpArgs false`
warning: denote/Denote.lean:18207:23: This simp argument is unused:
  List.getElem?_cons_zero

Hint: Omit it from the simp argument list.
  simp [List.getD, L̵i̵s̵t̵.̵g̵e̵t̵E̵l̵e̵m̵?̵_̵c̵o̵n̵s̵_̵z̵e̵r̵o̵,̵ ̵List.getElem?_cons_succ]

Note: This linter can be disabled with `set_option linter.unusedSimpArgs false`
warning: denote/Denote.lean:18207:48: This simp argument is unused:
  List.getElem?_cons_succ

Hint: Omit it from the simp argument list.
  simp [List.getD, List.getElem?_cons_zero,̵ ̵L̵i̵s̵t̵.̵g̵e̵t̵E̵l̵e̵m̵?̵_̵c̵o̵n̵s̵_̵s̵u̵c̵c̵]

Note: This linter can be disabled with `set_option linter.unusedSimpArgs false`
warning: denote/Denote.lean:18238:40: This simp argument is unused:
  List.zipWith

Hint: Omit it from the simp argument list.
  simp [List.replicate, List.zip, List.z̵i̵p̵W̵i̵t̵h̵,̵ ̵L̵i̵s̵t̵.̵find?]

Note: This linter can be disabled with `set_option linter.unusedSimpArgs false`
warning: denote/Denote.lean:18238:54: This simp argument is unused:
  List.find?

Hint: Omit it from the simp argument list.
  simp [List.replicate, List.zip, List.zipWith,̵ ̵L̵i̵s̵t̵.̵f̵i̵n̵d̵?̵]

Note: This linter can be disabled with `set_option linter.unusedSimpArgs false`
warning: denote/Denote.lean:18298:0: Please, add a comment explaining the need for modifying the maxHeartbeat limit, as in
set_option maxHeartbeats 800000 in
-- reason for change
...

Note: This linter can be disabled with `set_option linter.style.maxHeartbeats false`
warning: denote/Denote.lean:18430:50: This simp argument is unused:
  List.find?

Hint: Omit it from the simp argument list.
  simp [List.zip, List.zipWith, List.replicate, L̵i̵s̵t̵.̵f̵i̵n̵d̵?̵,̵ ̵h]

Note: This linter can be disabled with `set_option linter.unusedSimpArgs false`
warning: denote/Denote.lean:18484:0: Please, add a comment explaining the need for modifying the maxHeartbeat limit, as in
set_option maxHeartbeats 3200000 in
-- reason for change
...

Note: This linter can be disabled with `set_option linter.style.maxHeartbeats false`
warning: denote/Denote.lean:18579:2: The `show` tactic should only be used to indicate intermediate goal states for readability.
However, this tactic invocation changed the goal. Please use `change` instead for these purposes.

Note: This linter can be disabled with `set_option linter.style.show false`
warning: denote/Denote.lean:18590:2: The `show` tactic should only be used to indicate intermediate goal states for readability.
However, this tactic invocation changed the goal. Please use `change` instead for these purposes.

Note: This linter can be disabled with `set_option linter.style.show false`
warning: denote/Denote.lean:18709:4: This simp argument is unused:
  Nat.reduceDiv

Hint: Omit it from the simp argument list.
  simp only [hhead, List.getD, List.getElem?_cons_zero, List.getElem?_cons_succ, Option.getD_some,
  ̲  ̲ ̲ ̲List.drop, List.foldl, Nat.reduceMul, Nat.reduceAdd, N̵a̵t̵.̵r̵e̵d̵u̵c̵e̵D̵i̵v̵,̵ ̵Nat.reduceMod, Nat.div_one, Nat.mod_one,
  ̲  ̲ ̲ ̲Nat.mul_one, Nat.add_zero, Nat.zero_add, show (8 : Nat) ≠ 0 from by omega,
      show (16 : Nat) ≠ 0 from by omega, show (64 : Nat) ≠ 0 from by omega,
      show (2 : Nat) ≠ 0 from by omega, show (1 : Nat) ≠ 0 from by omega, ite_false, List.set]

Note: This linter can be disabled with `set_option linter.unusedSimpArgs false`
warning: denote/Denote.lean:18709:19: This simp argument is unused:
  Nat.reduceMod

Hint: Omit it from the simp argument list.
  simp only [hhead, List.getD, List.getElem?_cons_zero, List.getElem?_cons_succ,
  ̵  ̵ ̵ ̵Option.getD_some,
  ̲  ̲ ̲ ̲List.drop, List.foldl, Nat.reduceMul, Nat.reduceAdd,
  ̵  ̵ ̵ ̵Nat.reduceDiv, Nat.r̵e̵du̵c̵e̵M̵o̵d̵,̵ ̵N̵a̵t̵.̵d̵iv_one, Nat.mod_one,
  ̲  ̲ ̲ ̲Nat.mul_one,
  ̵  ̵ ̵ ̵Nat.add_zero, Nat.zero_add, show (8 : Nat) ≠ 0 from by omega,
      show (16 : Nat) ≠ 0 from by omega, show (64 : Nat) ≠ 0 from by omega,
      show (2 : Nat) ≠ 0 from by omega, show (1 : Nat) ≠ 0 from by omega, ite_false, List.set]

Note: This linter can be disabled with `set_option linter.unusedSimpArgs false`
warning: denote/Denote.lean:18709:34: This simp argument is unused:
  Nat.div_one

Hint: Omit it from the simp argument list.
  simp only [hhead, List.getD, List.getElem?_cons_zero, List.getElem?_cons_succ,
  ̵  ̵ ̵ ̵Option.getD_some,
  ̲  ̲ ̲ ̲List.drop, List.foldl, Nat.reduceMul, Nat.reduceAdd,
  ̵  ̵ ̵ ̵Nat.reduceDiv, Nat.reduceMod, Nat.d̵i̵v̵_̵o̵n̵e̵,̵ ̵N̵a̵t̵.̵mod_one, ̵N̵a̵t̵.̵m̵u̵l̵_̵o̵n̵e̵,̵
      Nat.m̲u̲l̲_̲o̲n̲e̲,̲ ̲N̲at̲.̲a̲dd_zero, Nat.zero_add, show (8 : Nat) ≠ 0 from by omega,
      show (16 : Nat) ≠ 0 from by omega, show (64 : Nat) ≠ 0 from by omega,
      show (2 : Nat) ≠ 0 from by omega, show (1 : Nat) ≠ 0 from by omega, ite_false, List.set]

Note: This linter can be disabled with `set_option linter.unusedSimpArgs false`
warning: denote/Denote.lean:18709:47: This simp argument is unused:
  Nat.mod_one

Hint: Omit it from the simp argument list.
  simp only [hhead, List.getD, List.getElem?_cons_zero, List.getElem?_cons_succ,
  ̵  ̵ ̵ ̵Option.getD_some,
  ̲  ̲ ̲ ̲List.drop, List.foldl, Nat.reduceMul, Nat.reduceAdd,
  ̵  ̵ ̵ ̵Nat.reduceDiv, Nat.reduceMod, Nat.div_one, ̵N̵a̵t̵.̵m̵o̵d̵_̵o̵n̵e̵,̵ ̵N̵a̵t̵.̵m̵u̵l̵_̵o̵n̵e̵,̵
      Nat.m̲u̲l̲_̲o̲n̲e̲,̲ ̲N̲at̲.̲a̲dd_zero, Nat.zero_add, show (8 : Nat) ≠ 0 from by omega,
      show (16 : Nat) ≠ 0 from by omega, show (64 : Nat) ≠ 0 from by omega,
      show (2 : Nat) ≠ 0 from by omega, show (1 : Nat) ≠ 0 from by omega, ite_false, List.set]

Note: This linter can be disabled with `set_option linter.unusedSimpArgs false`
warning: denote/Denote.lean:18709:60: This simp argument is unused:
  Nat.mul_one

Hint: Omit it from the simp argument list.
  simp only [hhead, List.getD, List.getElem?_cons_zero, List.getElem?_cons_succ,
  ̵  ̵ ̵ ̵Option.getD_some,
  ̲  ̲ ̲ ̲List.drop, List.foldl, Nat.reduceMul, Nat.reduceAdd,
  ̵  ̵ ̵ ̵Nat.reduceDiv, Nat.reduceMod, Nat.div_one,
  ̲  ̲ ̲ ̲Nat.mod_one, Nat.m̵u̵l̵_̵o̵n̵e̵,̵
  ̵ ̵ ̵ ̵ ̵N̵at̵.̵a̵dd_zero, Nat.zero_add, show (8 : Nat) ≠ 0 from by omega,
      show (16 : Nat) ≠ 0 from by omega, show (64 : Nat) ≠ 0 from by omega,
      show (2 : Nat) ≠ 0 from by omega, show (1 : Nat) ≠ 0 from by omega, ite_false, List.set]

Note: This linter can be disabled with `set_option linter.unusedSimpArgs false`
warning: denote/Denote.lean:18710:4: This simp argument is unused:
  Nat.add_zero

Hint: Omit it from the simp argument list.
  simp only [hhead, List.getD, List.getElem?_cons_zero, List.getElem?_cons_succ,
  ̵  ̵ ̵ ̵Option.getD_some,
  ̲  ̲ ̲ ̲List.drop, List.foldl, Nat.reduceMul, Nat.reduceAdd,
  ̵  ̵ ̵ ̵Nat.reduceDiv, Nat.reduceMod, Nat.div_one, ̵N̵a̵t̵.̵m̵o̵d̵_̵o̵n̵e̵,̵ ̵N̵a̵t̵.̵m̵u̵l̵_̵o̵n̵e̵,̵
      Nat.m̲o̲d̲_̲o̲n̲e̲,̲ ̲N̲ad̵d̵t̲.̲m̲u̲l̲_z̵o̲n̲er̵o̵, Nat.zero_add, show (8 : Nat) ≠ 0 from by omega,
      show (16 : Nat) ≠ 0 from by omega, show (64 : Nat) ≠ 0 from by omega,
      show (2 : Nat) ≠ 0 from by omega, show (1 : Nat) ≠ 0 from by omega, ite_false, List.set]

Note: This linter can be disabled with `set_option linter.unusedSimpArgs false`
warning: denote/Denote.lean:18710:18: This simp argument is unused:
  Nat.zero_add

Hint: Omit it from the simp argument list.
  simp only [hhead, List.getD, List.getElem?_cons_zero, List.getElem?_cons_succ,
  ̵  ̵ ̵ ̵Option.getD_some,
  ̲  ̲ ̲ ̲List.drop, List.foldl, Nat.reduceMul, Nat.reduceAdd,
  ̵  ̵ ̵ ̵Nat.reduceDiv, Nat.reduceMod, Nat.div_one, ̵N̵a̵t̵.̵m̵o̵d̵_̵o̵n̵e̵,̵ ̵N̵a̵t̵.̵m̵u̵l̵_̵o̵n̵e̵,̵
      Nat.m̲o̲d̲_̲o̲n̲e̲,̲ ̲N̲ad̵d̵t̲.̲m̲u̲l̲_z̵o̲n̲er̵o̵, Nat.z̵e̵r̵o̵_̵add_̲z̲e̲r̲o̲, show (8 : Nat) ≠ 0 from by omega,
      show (16 : Nat) ≠ 0 from by omega, show (64 : Nat) ≠ 0 from by omega,
      show (2 : Nat) ≠ 0 from by omega, show (1 : Nat) ≠ 0 from by omega, ite_false, List.set]

Note: This linter can be disabled with `set_option linter.unusedSimpArgs false`
warning: denote/Denote.lean:18711:4: This simp argument is unused:
  show (16 : Nat) ≠ 0 from by omega

Hint: Omit it from the simp argument list.
  simp only [hhead, List.getD, List.getElem?_cons_zero, List.getElem?_cons_succ,
  ̵  ̵ ̵ ̵Option.getD_some,
  ̲  ̲ ̲ ̲List.drop, List.foldl, Nat.reduceMul, Nat.reduceAdd,
  ̵  ̵ ̵ ̵Nat.reduceDiv, Nat.reduceMod, Nat.div_one,
  ̲  ̲ ̲ ̲Nat.mod_one, Nat.mul_one,
  ̵  ̵ ̵ ̵Nat.add_zero, Nat.zero_add, show (8 : Nat) ≠ 0 from by omega,
      show (1̵6 ̵:̵ ̵N̵a̵t̵)̵ ̵≠̵ ̵0̵ ̵f̵r̵o̵m̵ ̵b̵y̵ ̵o̵m̵e̵g̵a̵,̵ ̵s̵h̵o̵w̵ ̵(̵6̵4 : Nat) ≠ 0 from by omega,
  ̵  ̵ ̵ ̵show (2 : Nat) ≠ 0 from by omega,
  ̲  ̲ ̲ ̲show (1 : Nat) ≠ 0 from by omega, ite_false, List.set]

Note: This linter can be disabled with `set_option linter.unusedSimpArgs false`
warning: denote/Denote.lean:18712:38: This simp argument is unused:
  show (1 : Nat) ≠ 0 from by omega

Hint: Omit it from the simp argument list.
  simp only [hhead, List.getD, List.getElem?_cons_zero, List.getElem?_cons_succ,
  ̵  ̵ ̵ ̵Option.getD_some,
  ̲  ̲ ̲ ̲List.drop, List.foldl, Nat.reduceMul, Nat.reduceAdd,
  ̵  ̵ ̵ ̵Nat.reduceDiv, Nat.reduceMod, Nat.div_one,
  ̲  ̲ ̲ ̲Nat.mod_one, Nat.mul_one,
  ̵  ̵ ̵ ̵Nat.add_zero, Nat.zero_add, show (8 : Nat) ≠ 0 from by omega,
      show (16 : Nat) ≠ 0 from by omega, show (64 : Nat) ≠ 0 from by omega,
      show (2 : Nat) ≠ 0 from by omega, s̵h̵o̵w̵ ̵(̵1̵ ̵:̵ ̵N̵a̵t̵)̵ ̵≠̵ ̵0̵ ̵f̵r̵o̵m̵ ̵b̵y̵ ̵o̵m̵e̵g̵a̵,̵ ̵ite_false, List.set]

Note: This linter can be disabled with `set_option linter.unusedSimpArgs false`
warning: denote/Denote.lean:18712:83: This simp argument is unused:
  List.set

Hint: Omit it from the simp argument list.
  simp only [hhead, List.getD, List.getElem?_cons_zero, List.getElem?_cons_succ,
  ̵  ̵ ̵ ̵Option.getD_some,
  ̲  ̲ ̲ ̲List.drop, List.foldl, Nat.reduceMul, Nat.reduceAdd,
  ̵  ̵ ̵ ̵Nat.reduceDiv, Nat.reduceMod, Nat.div_one,
  ̲  ̲ ̲ ̲Nat.mod_one, Nat.mul_one,
  ̵  ̵ ̵ ̵Nat.add_zero, Nat.zero_add, show (8 : Nat) ≠ 0 from by omega,
      show (16 : Nat) ≠ 0 from by omega, show (64 : Nat) ≠ 0 from by omega,
      show (2 : Nat) ≠ 0 from by omega, show (1 : Nat) ≠ 0 from by omega, ite_false,̵ ̵L̵i̵s̵t̵.̵s̵e̵t̵]

Note: This linter can be disabled with `set_option linter.unusedSimpArgs false`
warning: denote/Denote.lean:18798:2: The `show` tactic should only be used to indicate intermediate goal states for readability.
However, this tactic invocation changed the goal. Please use `change` instead for these purposes.

Note: This linter can be disabled with `set_option linter.style.show false`
warning: denote/Denote.lean:18811:2: The `show` tactic should only be used to indicate intermediate goal states for readability.
However, this tactic invocation changed the goal. Please use `change` instead for these purposes.

Note: This linter can be disabled with `set_option linter.style.show false`
warning: denote/Denote.lean:18849:4: This simp argument is unused:
  Nat.reduceDiv

Hint: Omit it from the simp argument list.
  simp only [hhead, List.getD, List.getElem?_cons_zero, List.getElem?_cons_succ,
  ̵  ̵ ̵ ̵Option.getD_some,
  ̲  ̲ ̲ ̲List.drop, List.foldl, Nat.reduceMul, Nat.reduceAdd,
  ̵  ̵ ̵ ̵Nat.reduceD̵i̵v̵,̵ ̵N̵a̵t̵.̵r̵e̵d̵u̵c̵e̵Mod, Nat.div_one, Nat.mod_one,
  ̲  ̲ ̲ ̲Nat.mul_one,
  ̵  ̵ ̵ ̵Nat.add_zero, Nat.zero_add, show (2 : Nat) ≠ 0 from by omega,
      show (8 : Nat) ≠ 0 from by omega, show (64 : Nat) ≠ 0 from by omega,
  ̵  ̵ ̵ ̵ite_false, List.set]

Note: This linter can be disabled with `set_option linter.unusedSimpArgs false`
warning: denote/Denote.lean:18849:19: This simp argument is unused:
  Nat.reduceMod

Hint: Omit it from the simp argument list.
  simp only [hhead, List.getD, List.getElem?_cons_zero, List.getElem?_cons_succ,
  ̵  ̵ ̵ ̵Option.getD_some,
  ̲  ̲ ̲ ̲List.drop, List.foldl, Nat.reduceMul, Nat.reduceAdd,
  ̵  ̵ ̵ ̵Nat.reduceDiv, Nat.r̵e̵du̵c̵e̵M̵o̵d̵,̵ ̵N̵a̵t̵.̵d̵iv_one, Nat.mod_one,
  ̲  ̲ ̲ ̲Nat.mul_one,
  ̵  ̵ ̵ ̵Nat.add_zero, Nat.zero_add, show (2 : Nat) ≠ 0 from by omega,
      show (8 : Nat) ≠ 0 from by omega, show (64 : Nat) ≠ 0 from by omega,
  ̵  ̵ ̵ ̵ite_false, List.set]

Note: This linter can be disabled with `set_option linter.unusedSimpArgs false`
warning: denote/Denote.lean:18849:34: This simp argument is unused:
  Nat.div_one

Hint: Omit it from the simp argument list.
  simp only [hhead, List.getD, List.getElem?_cons_zero, List.getElem?_cons_succ,
  ̵  ̵ ̵ ̵Option.getD_some,
  ̲  ̲ ̲ ̲List.drop, List.foldl, Nat.reduceMul, Nat.reduceAdd,
  ̵  ̵ ̵ ̵Nat.reduceDiv, Nat.reduceMod, Nat.m̲o̲di̵v̵_one,
  ̲ N̵a̵t̵.̵m̵o̵d̵_̵o̵n̵e̵,̵  ̲ ̲Nat.mul_one,
  ̵  ̵ ̵ ̵Nat.add_zero, Nat.zero_add, show (2 : Nat) ≠ 0 from by omega,
      show (8 : Nat) ≠ 0 from by omega, show (64 : Nat) ≠ 0 from by omega,
  ̵  ̵ ̵ ̵ite_false, List.set]

Note: This linter can be disabled with `set_option linter.unusedSimpArgs false`
warning: denote/Denote.lean:18849:47: This simp argument is unused:
  Nat.mod_one

Hint: Omit it from the simp argument list.
  simp only [hhead, List.getD, List.getElem?_cons_zero, List.getElem?_cons_succ,
  ̵  ̵ ̵ ̵Option.getD_some,
  ̲  ̲ ̲ ̲List.drop, List.foldl, Nat.reduceMul, Nat.reduceAdd,
  ̵  ̵ ̵ ̵Nat.reduceDiv, Nat.reduceMod, Nat.div_one,
  ̲ N̵a̵t̵.̵m̵o̵d̵_̵o̵n̵e̵,̵  ̲ ̲Nat.mul_one,
  ̵  ̵ ̵ ̵Nat.add_zero, Nat.zero_add, show (2 : Nat) ≠ 0 from by omega,
      show (8 : Nat) ≠ 0 from by omega, show (64 : Nat) ≠ 0 from by omega,
  ̵  ̵ ̵ ̵ite_false, List.set]

Note: This linter can be disabled with `set_option linter.unusedSimpArgs false`
warning: denote/Denote.lean:18849:60: This simp argument is unused:
  Nat.mul_one

Hint: Omit it from the simp argument list.
  simp only [hhead, List.getD, List.getElem?_cons_zero, List.getElem?_cons_succ,
  ̵  ̵ ̵ ̵Option.getD_some,
  ̲  ̲ ̲ ̲List.drop, List.foldl, Nat.reduceMul, Nat.reduceAdd,
  ̵  ̵ ̵ ̵Nat.reduceDiv, Nat.reduceMod, Nat.div_one,
  ̲  ̲ ̲ ̲Nat.mod_one, Nat.m̵u̵l̵_̵o̵n̵e̵,̵
  ̵ ̵ ̵ ̵ ̵N̵at̵.̵a̵dd_zero, Nat.zero_add, show (2 : Nat) ≠ 0 from by omega,
      show (8 : Nat) ≠ 0 from by omega, show (64 : Nat) ≠ 0 from by omega,
  ̵  ̵ ̵ ̵ite_false, List.set]

Note: This linter can be disabled with `set_option linter.unusedSimpArgs false`
warning: denote/Denote.lean:18850:4: This simp argument is unused:
  Nat.add_zero

Hint: Omit it from the simp argument list.
  simp only [hhead, List.getD, List.getElem?_cons_zero, List.getElem?_cons_succ,
  ̵  ̵ ̵ ̵Option.getD_some,
  ̲  ̲ ̲ ̲List.drop, List.foldl, Nat.reduceMul, Nat.reduceAdd,
  ̵  ̵ ̵ ̵Nat.reduceDiv, Nat.reduceMod, Nat.div_one,
  ̲  ̲ ̲ ̲Nat.mod_one, Nat.mul_one,
  ̵  ̵ ̵ ̵Nat.a̵d̵d̵_̵zero,̵ ̵N̵a̵t̵.̵z̵e̵r̵o̵_add, show (2 : Nat) ≠ 0 from by omega,
      show (8 : Nat) ≠ 0 from by omega, show (64 : Nat) ≠ 0 from by omega,
  ̵  ̵ ̵ ̵ite_false, List.set]

Note: This linter can be disabled with `set_option linter.unusedSimpArgs false`
warning: denote/Denote.lean:18850:18: This simp argument is unused:
  Nat.zero_add

Hint: Omit it from the simp argument list.
  simp only [hhead, List.getD, List.getElem?_cons_zero, List.getElem?_cons_succ,
  ̵  ̵ ̵ ̵Option.getD_some,
  ̲  ̲ ̲ ̲List.drop, List.foldl, Nat.reduceMul, Nat.reduceAdd,
  ̵  ̵ ̵ ̵Nat.reduceDiv, Nat.reduceMod, Nat.div_one,
  ̲  ̲ ̲ ̲Nat.mod_one, Nat.mul_one,
  ̵  ̵ ̵ ̵Nat.add_zero, N̵a̵t̵.̵z̵e̵r̵o̵_̵a̵d̵d̵,̵ ̵show (2 : Nat) ≠ 0 from by omega,
      show (8 : Nat) ≠ 0 from by omega, show (64 : Nat) ≠ 0 from by omega,
  ̵  ̵ ̵ ̵ite_false, List.set]

Note: This linter can be disabled with `set_option linter.unusedSimpArgs false`
warning: denote/Denote.lean:18852:15: This simp argument is unused:
  List.set

Hint: Omit it from the simp argument list.
  simp only [hhead, List.getD, List.getElem?_cons_zero, List.getElem?_cons_succ,
  ̵  ̵ ̵ ̵Option.getD_some,
  ̲  ̲ ̲ ̲List.drop, List.foldl, Nat.reduceMul, Nat.reduceAdd,
  ̵  ̵ ̵ ̵Nat.reduceDiv, Nat.reduceMod, Nat.div_one,
  ̲  ̲ ̲ ̲Nat.mod_one, Nat.mul_one,
  ̵  ̵ ̵ ̵Nat.add_zero, Nat.zero_add, show (2 : Nat) ≠ 0 from by omega,
      show (8 : Nat) ≠ 0 from by omega, show (64 : Nat) ≠ 0 from by omega,
  ̵  ̵ ̵ ̵ite_false,̵ ̵L̵i̵s̵t̵.̵s̵e̵t̵]

Note: This linter can be disabled with `set_option linter.unusedSimpArgs false`
warning: denote/Denote.lean:19286:37: Variable name `hg1` is not explicitly referenced.

The binding can be removed (if unused) or named `_` (if used implicitly).

Note: This linter can be disabled with `set_option linter.unusedVariables false`
warning: denote/Denote.lean:19287:5: Variable name `hg2` is not explicitly referenced.

The binding can be removed (if unused) or named `_` (if used implicitly).

Note: This linter can be disabled with `set_option linter.unusedVariables false`
warning: denote/Denote.lean:19287:37: Variable name `hg3` is not explicitly referenced.

The binding can be removed (if unused) or named `_` (if used implicitly).

Note: This linter can be disabled with `set_option linter.unusedVariables false`
warning: denote/Denote.lean:19382:2: The `show` tactic should only be used to indicate intermediate goal states for readability.
However, this tactic invocation changed the goal. Please use `change` instead for these purposes.

Note: This linter can be disabled with `set_option linter.style.show false`
warning: denote/Denote.lean:19625:2: The `show` tactic should only be used to indicate intermediate goal states for readability.
However, this tactic invocation changed the goal. Please use `change` instead for these purposes.

Note: This linter can be disabled with `set_option linter.style.show false`
warning: denote/Denote.lean:19730:61: This simp argument is unused:
  List.foldl

Hint: Omit it from the simp argument list.
  simp only [zeroTensor, Tensor.mkShape, valAt, prodShape,̵ ̵L̵i̵s̵t̵.̵f̵o̵l̵d̵l̵]

Note: This linter can be disabled with `set_option linter.unusedSimpArgs false`
warning: denote/Denote.lean:19822:61: This simp argument is unused:
  List.foldl

Hint: Omit it from the simp argument list.
  simp only [zeroTensor, Tensor.mkShape, valAt, prodShape,̵ ̵L̵i̵s̵t̵.̵f̵o̵l̵d̵l̵]

Note: This linter can be disabled with `set_option linter.unusedSimpArgs false`
warning: denote/Denote.lean:19916:61: This simp argument is unused:
  List.foldl

Hint: Omit it from the simp argument list.
  simp only [zeroTensor, Tensor.mkShape, valAt, prodShape,̵ ̵L̵i̵s̵t̵.̵f̵o̵l̵d̵l̵]

Note: This linter can be disabled with `set_option linter.unusedSimpArgs false`
warning: denote/Denote.lean:20007:61: This simp argument is unused:
  List.foldl

Hint: Omit it from the simp argument list.
  simp only [zeroTensor, Tensor.mkShape, valAt, prodShape,̵ ̵L̵i̵s̵t̵.̵f̵o̵l̵d̵l̵]

Note: This linter can be disabled with `set_option linter.unusedSimpArgs false`
warning: denote/Denote.lean:20262:61: This simp argument is unused:
  List.foldl

Hint: Omit it from the simp argument list.
  simp only [zeroTensor, Tensor.mkShape, valAt, prodShape,̵ ̵L̵i̵s̵t̵.̵f̵o̵l̵d̵l̵]

Note: This linter can be disabled with `set_option linter.unusedSimpArgs false`
warning: denote/Denote.lean:20327:0: Please, add a comment explaining the need for modifying the maxHeartbeat limit, as in
set_option maxHeartbeats 1600000 in
-- reason for change
...

Note: This linter can be disabled with `set_option linter.style.maxHeartbeats false`
warning: denote/Denote.lean:20394:23: This simp argument is unused:
  List.getElem?_cons_zero

Hint: Omit it from the simp argument list.
  simp [List.getD, L̵i̵s̵t̵.̵g̵e̵t̵E̵l̵e̵m̵?̵_̵c̵o̵n̵s̵_̵z̵e̵r̵o̵,̵ ̵List.getElem?_cons_succ]

Note: This linter can be disabled with `set_option linter.unusedSimpArgs false`
warning: denote/Denote.lean:20394:48: This simp argument is unused:
  List.getElem?_cons_succ

Hint: Omit it from the simp argument list.
  simp [List.getD, List.getElem?_cons_zero,̵ ̵L̵i̵s̵t̵.̵g̵e̵t̵E̵l̵e̵m̵?̵_̵c̵o̵n̵s̵_̵s̵u̵c̵c̵]

Note: This linter can be disabled with `set_option linter.unusedSimpArgs false`
warning: denote/Denote.lean:20347:0: Please, add a comment explaining the need for modifying the maxHeartbeat limit, as in
set_option maxHeartbeats 3200000 in
-- reason for change
...

Note: This linter can be disabled with `set_option linter.style.maxHeartbeats false`
warning: denote/Denote.lean:20421:0: Please, add a comment explaining the need for modifying the maxHeartbeat limit, as in
set_option maxHeartbeats 3200000 in
-- reason for change
...

Note: This linter can be disabled with `set_option linter.style.maxHeartbeats false`
warning: denote/Denote.lean:20483:2: The `show` tactic should only be used to indicate intermediate goal states for readability.
However, this tactic invocation changed the goal. Please use `change` instead for these purposes.

Note: This linter can be disabled with `set_option linter.style.show false`
warning: denote/Denote.lean:20541:23: This simp argument is unused:
  List.getElem?_cons_zero

Hint: Omit it from the simp argument list.
  simp [List.getD, L̵i̵s̵t̵.̵g̵e̵t̵E̵l̵e̵m̵?̵_̵c̵o̵n̵s̵_̵z̵e̵r̵o̵,̵ ̵List.getElem?_cons_succ]

Note: This linter can be disabled with `set_option linter.unusedSimpArgs false`
warning: denote/Denote.lean:20541:48: This simp argument is unused:
  List.getElem?_cons_succ

Hint: Omit it from the simp argument list.
  simp [List.getD, List.getElem?_cons_zero,̵ ̵L̵i̵s̵t̵.̵g̵e̵t̵E̵l̵e̵m̵?̵_̵c̵o̵n̵s̵_̵s̵u̵c̵c̵]

Note: This linter can be disabled with `set_option linter.unusedSimpArgs false`
warning: denote/Denote.lean:20603:23: This simp argument is unused:
  List.getElem?_cons_zero

Hint: Omit it from the simp argument list.
  simp [List.getD, L̵i̵s̵t̵.̵g̵e̵t̵E̵l̵e̵m̵?̵_̵c̵o̵n̵s̵_̵z̵e̵r̵o̵,̵ ̵List.getElem?_cons_succ]

Note: This linter can be disabled with `set_option linter.unusedSimpArgs false`
warning: denote/Denote.lean:20603:48: This simp argument is unused:
  List.getElem?_cons_succ

Hint: Omit it from the simp argument list.
  simp [List.getD, List.getElem?_cons_zero,̵ ̵L̵i̵s̵t̵.̵g̵e̵t̵E̵l̵e̵m̵?̵_̵c̵o̵n̵s̵_̵s̵u̵c̵c̵]

Note: This linter can be disabled with `set_option linter.unusedSimpArgs false`
warning: denote/Denote.lean:20655:23: This simp argument is unused:
  List.getElem?_cons_zero

Hint: Omit it from the simp argument list.
  simp [List.getD, L̵i̵s̵t̵.̵g̵e̵t̵E̵l̵e̵m̵?̵_̵c̵o̵n̵s̵_̵z̵e̵r̵o̵,̵ ̵List.getElem?_cons_succ]

Note: This linter can be disabled with `set_option linter.unusedSimpArgs false`
warning: denote/Denote.lean:20655:48: This simp argument is unused:
  List.getElem?_cons_succ

Hint: Omit it from the simp argument list.
  simp [List.getD, List.getElem?_cons_zero,̵ ̵L̵i̵s̵t̵.̵g̵e̵t̵E̵l̵e̵m̵?̵_̵c̵o̵n̵s̵_̵s̵u̵c̵c̵]

Note: This linter can be disabled with `set_option linter.unusedSimpArgs false`
warning: denote/Denote.lean:20694:4: This simp argument is unused:
  Nat.reduceDiv

Hint: Omit it from the simp argument list.
  simp only [hhead, List.getD, List.getElem?_cons_zero, List.getElem?_cons_succ,
  ̵  ̵ ̵ ̵Option.getD_some,
  ̲  ̲ ̲ ̲List.drop, List.foldl, Nat.reduceMul, Nat.reduceAdd,
  ̵  ̵ ̵ ̵Nat.reduceD̵i̵v̵,̵ ̵N̵a̵t̵.̵r̵e̵d̵u̵c̵e̵Mod, Nat.div_one, Nat.mod_one,
  ̲  ̲ ̲ ̲Nat.mul_one,
  ̵  ̵ ̵ ̵Nat.add_zero, Nat.zero_add, show (8 : Nat) ≠ 0 from by omega,
      show (4 : Nat) ≠ 0 from by omega, show (1 : Nat) ≠ 0 from by omega,
      show (32 : Nat) ≠ 0 from by omega,
  ̵  ̵ ̵ ̵show (256 : Nat) ≠ 0 from by omega, ite_false]

Note: This linter can be disabled with `set_option linter.unusedSimpArgs false`
warning: denote/Denote.lean:20694:19: This simp argument is unused:
  Nat.reduceMod

Hint: Omit it from the simp argument list.
  simp only [hhead, List.getD, List.getElem?_cons_zero, List.getElem?_cons_succ,
  ̵  ̵ ̵ ̵Option.getD_some,
  ̲  ̲ ̲ ̲List.drop, List.foldl, Nat.reduceMul, Nat.reduceAdd,
  ̵  ̵ ̵ ̵Nat.reduceDiv, Nat.r̵e̵du̵c̵e̵M̵o̵d̵,̵ ̵N̵a̵t̵.̵d̵iv_one, Nat.mod_one,
  ̲  ̲ ̲ ̲Nat.mul_one,
  ̵  ̵ ̵ ̵Nat.add_zero, Nat.zero_add, show (8 : Nat) ≠ 0 from by omega,
      show (4 : Nat) ≠ 0 from by omega, show (1 : Nat) ≠ 0 from by omega,
      show (32 : Nat) ≠ 0 from by omega,
  ̵  ̵ ̵ ̵show (256 : Nat) ≠ 0 from by omega, ite_false]

Note: This linter can be disabled with `set_option linter.unusedSimpArgs false`
warning: denote/Denote.lean:20694:60: This simp argument is unused:
  Nat.mul_one

Hint: Omit it from the simp argument list.
  simp only [hhead, List.getD, List.getElem?_cons_zero, List.getElem?_cons_succ,
  ̵  ̵ ̵ ̵Option.getD_some,
  ̲  ̲ ̲ ̲List.drop, List.foldl, Nat.reduceMul, Nat.reduceAdd,
  ̵  ̵ ̵ ̵Nat.reduceDiv, Nat.reduceMod, Nat.div_one,
  ̲  ̲ ̲ ̲Nat.mod_one, Nat.m̵u̵l̵_̵o̵n̵e̵,̵
  ̵ ̵ ̵ ̵ ̵N̵at̵.̵a̵dd_zero, Nat.zero_add, show (8 : Nat) ≠ 0 from by omega,
      show (4 : Nat) ≠ 0 from by omega, show (1 : Nat) ≠ 0 from by omega,
      show (32 : Nat) ≠ 0 from by omega,
  ̵  ̵ ̵ ̵show (256 : Nat) ≠ 0 from by omega, ite_false]

Note: This linter can be disabled with `set_option linter.unusedSimpArgs false`
warning: denote/Denote.lean:20695:18: This simp argument is unused:
  Nat.zero_add

Hint: Omit it from the simp argument list.
  simp only [hhead, List.getD, List.getElem?_cons_zero, List.getElem?_cons_succ,
  ̵  ̵ ̵ ̵Option.getD_some,
  ̲  ̲ ̲ ̲List.drop, List.foldl, Nat.reduceMul, Nat.reduceAdd,
  ̵  ̵ ̵ ̵Nat.reduceDiv, Nat.reduceMod, Nat.div_one,
  ̲  ̲ ̲ ̲Nat.mod_one, Nat.mul_one,
  ̵  ̵ ̵ ̵Nat.add_zero, N̵a̵t̵.̵z̵e̵r̵o̵_̵a̵d̵d̵,̵ ̵show (8 : Nat) ≠ 0 from by omega,
      show (4 : Nat) ≠ 0 from by omega, show (1 : Nat) ≠ 0 from by omega,
      show (32 : Nat) ≠ 0 from by omega,
  ̵  ̵ ̵ ̵show (256 : Nat) ≠ 0 from by omega, ite_false]

Note: This linter can be disabled with `set_option linter.unusedSimpArgs false`
warning: denote/Denote.lean:20696:4: This simp argument is unused:
  show (4 : Nat) ≠ 0 from by omega

Hint: Omit it from the simp argument list.
  simp only [hhead, List.getD, List.getElem?_cons_zero, List.getElem?_cons_succ,
  ̵  ̵ ̵ ̵Option.getD_some,
  ̲  ̲ ̲ ̲List.drop, List.foldl, Nat.reduceMul, Nat.reduceAdd,
  ̵  ̵ ̵ ̵Nat.reduceDiv, Nat.reduceMod, Nat.div_one,
  ̲  ̲ ̲ ̲Nat.mod_one, Nat.mul_one,
  ̵  ̵ ̵ ̵Nat.add_zero, Nat.zero_add, show (8 : Nat) ≠ 0 from by omega,
      show (4̵ ̵:̵ ̵N̵a̵t̵)̵ ̵≠̵ ̵0̵ ̵f̵r̵o̵m̵ ̵b̵y̵ ̵o̵m̵e̵g̵a̵,̵ ̵s̵h̵o̵w̵ ̵(̵1 : Nat) ≠ 0 from by omega,
  ̵  ̵ ̵ ̵show (32 : Nat) ≠ 0 from by omega,
      show (256 : Nat) ≠ 0 from by omega, ite_false]

Note: This linter can be disabled with `set_option linter.unusedSimpArgs false`
warning: denote/Denote.lean:20698:4: This simp argument is unused:
  show (256 : Nat) ≠ 0 from by omega

Hint: Omit it from the simp argument list.
  simp only [hhead, List.getD, List.getElem?_cons_zero, List.getElem?_cons_succ,
  ̵  ̵ ̵ ̵Option.getD_some,
  ̲  ̲ ̲ ̲List.drop, List.foldl, Nat.reduceMul, Nat.reduceAdd,
  ̵  ̵ ̵ ̵Nat.reduceDiv, Nat.reduceMod, Nat.div_one,
  ̲  ̲ ̲ ̲Nat.mod_one, Nat.mul_one,
  ̵  ̵ ̵ ̵Nat.add_zero, Nat.zero_add, show (8 : Nat) ≠ 0 from by omega,
      show (4 : Nat) ≠ 0 from by omega, show (1 : Nat) ≠ 0 from by omega,
      show (32 : Nat) ≠ 0 from by omega,
  ̵  ̵ ̵ ̵s̵h̵o̵w̵ ̵(̵2̵5̵6̵ ̵:̵ ̵N̵a̵t̵)̵ ̵≠̵ ̵0̵ ̵f̵r̵o̵m̵ ̵b̵y̵ ̵o̵m̵e̵g̵a̵,̵ ̵ite_false]

Note: This linter can be disabled with `set_option linter.unusedSimpArgs false`
warning: denote/Denote.lean:20717:34: This simp argument is unused:
  Nat.reduceDiv

Hint: Omit it from the simp argument list.
  simp only [chunkPrimDimN, Tensor.mkShape, hx, List.getD, List.getElem?_cons_zero,
      List.getElem?_cons_succ, Option.getD_some, List.drop, List.foldl,
  ̵  ̵ ̵ ̵Nat.reduceMul, Nat.reduceAdd,
  ̲ N̵a̵t̵.̵r̵e̵d̵u̵c̵e̵D̵i̵v̵,̵  ̲ ̲Nat.reduceMod,
  ̵  ̵ ̵ ̵Nat.div_one, Nat.mod_one, Nat.mul_one, Nat.add_zero, Nat.zero_add,
      show (8 : Nat) ≠ 0 from by omega, show (4 : Nat) ≠ 0 from by omega,
      show (1 : Nat) ≠ 0 from by omega, show (32 : Nat) ≠ 0 from by omega,
      show (64 : Nat) ≠ 0 from by omega, show (4 / 4 : Nat) = 1 by norm_num,
  ̵  ̵ ̵ ̵ite_false]

Note: This linter can be disabled with `set_option linter.unusedSimpArgs false`
warning: denote/Denote.lean:20717:49: This simp argument is unused:
  Nat.reduceMod

Hint: Omit it from the simp argument list.
  simp only [chunkPrimDimN, Tensor.mkShape, hx, List.getD, List.getElem?_cons_zero,
      List.getElem?_cons_succ, Option.getD_some, List.drop, List.foldl,
  ̵  ̵ ̵ ̵Nat.reduceMul, Nat.reduceAdd,
  ̲  ̲ ̲ ̲Nat.reduceDiv, Nat.r̵e̵du̵c̵e̵M̵o̵d̵,̵
  ̵ ̵ ̵ ̵ ̵N̵a̵t̵.̵d̵iv_one, Nat.mod_one, Nat.mul_one, Nat.add_zero, Nat.zero_add,
      show (8 : Nat) ≠ 0 from by omega, show (4 : Nat) ≠ 0 from by omega,
      show (1 : Nat) ≠ 0 from by omega, show (32 : Nat) ≠ 0 from by omega,
      show (64 : Nat) ≠ 0 from by omega, show (4 / 4 : Nat) = 1 by norm_num,
  ̵  ̵ ̵ ̵ite_false]

Note: This linter can be disabled with `set_option linter.unusedSimpArgs false`
warning: denote/Denote.lean:20718:4: This simp argument is unused:
  Nat.div_one

Hint: Omit it from the simp argument list.
  simp only [chunkPrimDimN, Tensor.mkShape, hx, List.getD, List.getElem?_cons_zero,
      List.getElem?_cons_succ, Option.getD_some, List.drop, List.foldl,
  ̵  ̵ ̵ ̵Nat.reduceMul, Nat.reduceAdd,
  ̲  ̲ ̲ ̲Nat.reduceDiv, Nat.reduceMod,
  ̵  ̵ ̵ ̵Nat.d̵i̵v̵_̵o̵n̵e̵,̵ ̵N̵a̵t̵.̵mod_one, Nat.mul_one, Nat.add_zero, Nat.zero_add,
      show (8 : Nat) ≠ 0 from by omega, show (4 : Nat) ≠ 0 from by omega,
      show (1 : Nat) ≠ 0 from by omega, show (32 : Nat) ≠ 0 from by omega,
      show (64 : Nat) ≠ 0 from by omega, show (4 / 4 : Nat) = 1 by norm_num,
  ̵  ̵ ̵ ̵ite_false]

Note: This linter can be disabled with `set_option linter.unusedSimpArgs false`
warning: denote/Denote.lean:20718:17: This simp argument is unused:
  Nat.mod_one

Hint: Omit it from the simp argument list.
  simp only [chunkPrimDimN, Tensor.mkShape, hx, List.getD, List.getElem?_cons_zero,
      List.getElem?_cons_succ, Option.getD_some, List.drop, List.foldl,
  ̵  ̵ ̵ ̵Nat.reduceMul, Nat.reduceAdd,
  ̲  ̲ ̲ ̲Nat.reduceDiv, Nat.reduceMod,
  ̵  ̵ ̵ ̵Nat.div_one, Nat.mo̵d̵_̵o̵n̵e̵,̵ ̵N̵a̵t̵.̵m̵ul_one, Nat.add_zero, Nat.zero_add,
      show (8 : Nat) ≠ 0 from by omega, show (4 : Nat) ≠ 0 from by omega,
      show (1 : Nat) ≠ 0 from by omega, show (32 : Nat) ≠ 0 from by omega,
      show (64 : Nat) ≠ 0 from by omega, show (4 / 4 : Nat) = 1 by norm_num,
  ̵  ̵ ̵ ̵ite_false]

Note: This linter can be disabled with `set_option linter.unusedSimpArgs false`
warning: denote/Denote.lean:20718:43: This simp argument is unused:
  Nat.add_zero

Hint: Omit it from the simp argument list.
  simp only [chunkPrimDimN, Tensor.mkShape, hx, List.getD, List.getElem?_cons_zero,
      List.getElem?_cons_succ, Option.getD_some, List.drop, List.foldl,
  ̵  ̵ ̵ ̵Nat.reduceMul, Nat.reduceAdd,
  ̲  ̲ ̲ ̲Nat.reduceDiv, Nat.reduceMod,
  ̵  ̵ ̵ ̵Nat.div_one, Nat.mod_one, Nat.mul_one, Nat.a̵d̵d̵_̵zero,̵ ̵N̵a̵t̵.̵z̵e̵r̵o̵_add,
      show (8 : Nat) ≠ 0 from by omega, show (4 : Nat) ≠ 0 from by omega,
      show (1 : Nat) ≠ 0 from by omega, show (32 : Nat) ≠ 0 from by omega,
      show (64 : Nat) ≠ 0 from by omega, show (4 / 4 : Nat) = 1 by norm_num,
  ̵  ̵ ̵ ̵ite_false]

Note: This linter can be disabled with `set_option linter.unusedSimpArgs false`
warning: denote/Denote.lean:20718:57: This simp argument is unused:
  Nat.zero_add

Hint: Omit it from the simp argument list.
  simp only [chunkPrimDimN, Tensor.mkShape, hx, List.getD, List.getElem?_cons_zero,
      List.getElem?_cons_succ, Option.getD_some, List.drop, List.foldl,
  ̵  ̵ ̵ ̵Nat.reduceMul, Nat.reduceAdd,
  ̲  ̲ ̲ ̲Nat.reduceDiv, Nat.reduceMod,
  ̵  ̵ ̵ ̵Nat.div_one, Nat.mod_one, Nat.mul_one, Nat.add_zero, ̵N̵a̵t̵.̵z̵e̵r̵o̵_̵a̵d̵d̵,̵
      show (8 : Nat) ≠ 0 from by omega, show (4 : Nat) ≠ 0 from by omega,
      show (1 : Nat) ≠ 0 from by omega, show (32 : Nat) ≠ 0 from by omega,
      show (64 : Nat) ≠ 0 from by omega, show (4 / 4 : Nat) = 1 by norm_num,
  ̵  ̵ ̵ ̵ite_false]

Note: This linter can be disabled with `set_option linter.unusedSimpArgs false`
warning: denote/Denote.lean:20720:4: This simp argument is unused:
  show (1 : Nat) ≠ 0 from by omega

Hint: Omit it from the simp argument list.
  simp only [chunkPrimDimN, Tensor.mkShape, hx, List.getD, List.getElem?_cons_zero,
      List.getElem?_cons_succ, Option.getD_some, List.drop, List.foldl,
  ̵  ̵ ̵ ̵Nat.reduceMul, Nat.reduceAdd,
  ̲  ̲ ̲ ̲Nat.reduceDiv, Nat.reduceMod,
  ̵  ̵ ̵ ̵Nat.div_one, Nat.mod_one, Nat.mul_one, Nat.add_zero, Nat.zero_add,
      show (8 : Nat) ≠ 0 from by omega, show (4 : Nat) ≠ 0 from by omega,
      show (1̵3̲2̲ : Nat) ≠ 0 from by omega, show (3̵2̵6̲4̲ : Nat) ≠ 0 from by omega,
      show (6̵4 :̵ ̵N̵a̵t̵)̵ ̵≠̵ ̵0̵ ̵f̵r̵o̵m̵ ̵b̵y̵ ̵o̵m̵e̵g̵a̵,̵ ̵s̵h̵o̵w̵ ̵(̵4̵ ̵/ 4 : Nat) = 1 by norm_num,
  ̵  ̵ ̵ ̵ite_false]

Note: This linter can be disabled with `set_option linter.unusedSimpArgs false`
warning: denote/Denote.lean:20720:38: This simp argument is unused:
  show (32 : Nat) ≠ 0 from by omega

Hint: Omit it from the simp argument list.
  simp only [chunkPrimDimN, Tensor.mkShape, hx, List.getD, List.getElem?_cons_zero,
      List.getElem?_cons_succ, Option.getD_some, List.drop, List.foldl,
  ̵  ̵ ̵ ̵Nat.reduceMul, Nat.reduceAdd,
  ̲  ̲ ̲ ̲Nat.reduceDiv, Nat.reduceMod,
  ̵  ̵ ̵ ̵Nat.div_one, Nat.mod_one, Nat.mul_one, Nat.add_zero, Nat.zero_add,
      show (8 : Nat) ≠ 0 from by omega, show (4 : Nat) ≠ 0 from by omega,
      show (1 : Nat) ≠ 0 from by omega, show (3̵2̵6̲4̲ : Nat) ≠ 0 from by omega,
      show (6̵4 :̵ ̵N̵a̵t̵)̵ ̵≠̵ ̵0̵ ̵f̵r̵o̵m̵ ̵b̵y̵ ̵o̵m̵e̵g̵a̵,̵ ̵s̵h̵o̵w̵ ̵(̵4̵ ̵/ 4 : Nat) = 1 by norm_num,
  ̵  ̵ ̵ ̵ite_false]

Note: This linter can be disabled with `set_option linter.unusedSimpArgs false`
warning: denote/Denote.lean:20721:4: This simp argument is unused:
  show (64 : Nat) ≠ 0 from by omega

Hint: Omit it from the simp argument list.
  simp only [chunkPrimDimN, Tensor.mkShape, hx, List.getD, List.getElem?_cons_zero,
      List.getElem?_cons_succ, Option.getD_some, List.drop, List.foldl,
  ̵  ̵ ̵ ̵Nat.reduceMul, Nat.reduceAdd,
  ̲  ̲ ̲ ̲Nat.reduceDiv, Nat.reduceMod,
  ̵  ̵ ̵ ̵Nat.div_one, Nat.mod_one, Nat.mul_one, Nat.add_zero, Nat.zero_add,
      show (8 : Nat) ≠ 0 from by omega, show (4 : Nat) ≠ 0 from by omega,
      show (1 : Nat) ≠ 0 from by omega, show (32 : Nat) ≠ 0 from by omega,
      show (6̵4 :̵ ̵N̵a̵t̵)̵ ̵≠̵ ̵0̵ ̵f̵r̵o̵m̵ ̵b̵y̵ ̵o̵m̵e̵g̵a̵,̵ ̵s̵h̵o̵w̵ ̵(̵4̵ ̵/ 4 : Nat) = 1 by norm_num,
  ̵  ̵ ̵ ̵ite_false]

Note: This linter can be disabled with `set_option linter.unusedSimpArgs false`
warning: denote/Denote.lean:20760:23: This simp argument is unused:
  List.getElem?_cons_zero

Hint: Omit it from the simp argument list.
  simp [List.getD, L̵i̵s̵t̵.̵g̵e̵t̵E̵l̵e̵m̵?̵_̵c̵o̵n̵s̵_̵z̵e̵r̵o̵,̵ ̵List.getElem?_cons_succ]

Note: This linter can be disabled with `set_option linter.unusedSimpArgs false`
warning: denote/Denote.lean:20760:48: This simp argument is unused:
  List.getElem?_cons_succ

Hint: Omit it from the simp argument list.
  simp [List.getD, List.getElem?_cons_zero,̵ ̵L̵i̵s̵t̵.̵g̵e̵t̵E̵l̵e̵m̵?̵_̵c̵o̵n̵s̵_̵s̵u̵c̵c̵]

Note: This linter can be disabled with `set_option linter.unusedSimpArgs false`
warning: denote/Denote.lean:20810:23: This simp argument is unused:
  List.getElem?_cons_zero

Hint: Omit it from the simp argument list.
  simp [List.getD, L̵i̵s̵t̵.̵g̵e̵t̵E̵l̵e̵m̵?̵_̵c̵o̵n̵s̵_̵z̵e̵r̵o̵,̵ ̵List.getElem?_cons_succ]

Note: This linter can be disabled with `set_option linter.unusedSimpArgs false`
warning: denote/Denote.lean:20810:48: This simp argument is unused:
  List.getElem?_cons_succ

Hint: Omit it from the simp argument list.
  simp [List.getD, List.getElem?_cons_zero,̵ ̵L̵i̵s̵t̵.̵g̵e̵t̵E̵l̵e̵m̵?̵_̵c̵o̵n̵s̵_̵s̵u̵c̵c̵]

Note: This linter can be disabled with `set_option linter.unusedSimpArgs false`
warning: denote/Denote.lean:20850:23: This simp argument is unused:
  List.getElem?_cons_zero

Hint: Omit it from the simp argument list.
  simp [List.getD, L̵i̵s̵t̵.̵g̵e̵t̵E̵l̵e̵m̵?̵_̵c̵o̵n̵s̵_̵z̵e̵r̵o̵,̵ ̵List.getElem?_cons_succ]

Note: This linter can be disabled with `set_option linter.unusedSimpArgs false`
warning: denote/Denote.lean:20850:48: This simp argument is unused:
  List.getElem?_cons_succ

Hint: Omit it from the simp argument list.
  simp [List.getD, List.getElem?_cons_zero,̵ ̵L̵i̵s̵t̵.̵g̵e̵t̵E̵l̵e̵m̵?̵_̵c̵o̵n̵s̵_̵s̵u̵c̵c̵]

Note: This linter can be disabled with `set_option linter.unusedSimpArgs false`
warning: denote/Denote.lean:20902:23: This simp argument is unused:
  List.getElem?_cons_zero

Hint: Omit it from the simp argument list.
  simp [List.getD, L̵i̵s̵t̵.̵g̵e̵t̵E̵l̵e̵m̵?̵_̵c̵o̵n̵s̵_̵z̵e̵r̵o̵,̵ ̵List.getElem?_cons_succ]

Note: This linter can be disabled with `set_option linter.unusedSimpArgs false`
warning: denote/Denote.lean:20902:48: This simp argument is unused:
  List.getElem?_cons_succ

Hint: Omit it from the simp argument list.
  simp [List.getD, List.getElem?_cons_zero,̵ ̵L̵i̵s̵t̵.̵g̵e̵t̵E̵l̵e̵m̵?̵_̵c̵o̵n̵s̵_̵s̵u̵c̵c̵]

Note: This linter can be disabled with `set_option linter.unusedSimpArgs false`
warning: denote/Denote.lean:20942:23: This simp argument is unused:
  List.getElem?_cons_zero

Hint: Omit it from the simp argument list.
  simp [List.getD, L̵i̵s̵t̵.̵g̵e̵t̵E̵l̵e̵m̵?̵_̵c̵o̵n̵s̵_̵z̵e̵r̵o̵,̵ ̵List.getElem?_cons_succ]

Note: This linter can be disabled with `set_option linter.unusedSimpArgs false`
warning: denote/Denote.lean:20942:48: This simp argument is unused:
  List.getElem?_cons_succ

Hint: Omit it from the simp argument list.
  simp [List.getD, List.getElem?_cons_zero,̵ ̵L̵i̵s̵t̵.̵g̵e̵t̵E̵l̵e̵m̵?̵_̵c̵o̵n̵s̵_̵s̵u̵c̵c̵]

Note: This linter can be disabled with `set_option linter.unusedSimpArgs false`
warning: denote/Denote.lean:20993:23: This simp argument is unused:
  List.getElem?_cons_zero

Hint: Omit it from the simp argument list.
  simp [List.getD, L̵i̵s̵t̵.̵g̵e̵t̵E̵l̵e̵m̵?̵_̵c̵o̵n̵s̵_̵z̵e̵r̵o̵,̵ ̵List.getElem?_cons_succ]

Note: This linter can be disabled with `set_option linter.unusedSimpArgs false`
warning: denote/Denote.lean:20993:48: This simp argument is unused:
  List.getElem?_cons_succ

Hint: Omit it from the simp argument list.
  simp [List.getD, List.getElem?_cons_zero,̵ ̵L̵i̵s̵t̵.̵g̵e̵t̵E̵l̵e̵m̵?̵_̵c̵o̵n̵s̵_̵s̵u̵c̵c̵]

Note: This linter can be disabled with `set_option linter.unusedSimpArgs false`
warning: denote/Denote.lean:21033:23: This simp argument is unused:
  List.getElem?_cons_zero

Hint: Omit it from the simp argument list.
  simp [List.getD, L̵i̵s̵t̵.̵g̵e̵t̵E̵l̵e̵m̵?̵_̵c̵o̵n̵s̵_̵z̵e̵r̵o̵,̵ ̵List.getElem?_cons_succ]

Note: This linter can be disabled with `set_option linter.unusedSimpArgs false`
warning: denote/Denote.lean:21033:48: This simp argument is unused:
  List.getElem?_cons_succ

Hint: Omit it from the simp argument list.
  simp [List.getD, List.getElem?_cons_zero,̵ ̵L̵i̵s̵t̵.̵g̵e̵t̵E̵l̵e̵m̵?̵_̵c̵o̵n̵s̵_̵s̵u̵c̵c̵]

Note: This linter can be disabled with `set_option linter.unusedSimpArgs false`
warning: denote/Denote.lean:21092:23: This simp argument is unused:
  List.getElem?_cons_zero

Hint: Omit it from the simp argument list.
  simp [List.getD, L̵i̵s̵t̵.̵g̵e̵t̵E̵l̵e̵m̵?̵_̵c̵o̵n̵s̵_̵z̵e̵r̵o̵,̵ ̵List.getElem?_cons_succ]

Note: This linter can be disabled with `set_option linter.unusedSimpArgs false`
warning: denote/Denote.lean:21092:48: This simp argument is unused:
  List.getElem?_cons_succ

Hint: Omit it from the simp argument list.
  simp [List.getD, List.getElem?_cons_zero,̵ ̵L̵i̵s̵t̵.̵g̵e̵t̵E̵l̵e̵m̵?̵_̵c̵o̵n̵s̵_̵s̵u̵c̵c̵]

Note: This linter can be disabled with `set_option linter.unusedSimpArgs false`
warning: denote/Denote.lean:21132:23: This simp argument is unused:
  List.getElem?_cons_zero

Hint: Omit it from the simp argument list.
  simp [List.getD, L̵i̵s̵t̵.̵g̵e̵t̵E̵l̵e̵m̵?̵_̵c̵o̵n̵s̵_̵z̵e̵r̵o̵,̵ ̵List.getElem?_cons_succ]

Note: This linter can be disabled with `set_option linter.unusedSimpArgs false`
warning: denote/Denote.lean:21132:48: This simp argument is unused:
  List.getElem?_cons_succ

Hint: Omit it from the simp argument list.
  simp [List.getD, List.getElem?_cons_zero,̵ ̵L̵i̵s̵t̵.̵g̵e̵t̵E̵l̵e̵m̵?̵_̵c̵o̵n̵s̵_̵s̵u̵c̵c̵]

Note: This linter can be disabled with `set_option linter.unusedSimpArgs false`
warning: denote/Denote.lean:21294:56: This simp argument is unused:
  Nat.zero_mul

Hint: Omit it from the simp argument list.
  simp only [Tensor.mkShape, Nat.div_one, Nat.zero_mod, N̵a̵t̵.̵z̵e̵r̵o̵_̵m̵u̵l̵,̵ ̵Nat.zero_add]

Note: This linter can be disabled with `set_option linter.unusedSimpArgs false`
warning: denote/Denote.lean:21294:70: This simp argument is unused:
  Nat.zero_add

Hint: Omit it from the simp argument list.
  simp only [Tensor.mkShape, Nat.div_one, Nat.zero_mod, Nat.zero_mul,̵ ̵N̵a̵t̵.̵z̵e̵r̵o̵_̵a̵d̵d̵]

Note: This linter can be disabled with `set_option linter.unusedSimpArgs false`
warning: denote/Denote.lean:21369:38: This simp argument is unused:
  if_false

Hint: Omit it from the simp argument list.
  simp only [h1_ne_0, ↓reduceIte, i̵f̵_̵f̵a̵l̵s̵e̵,̵ ̵Nat.zero_mul, Nat.zero_add, hds, hps]

Note: This linter can be disabled with `set_option linter.unusedSimpArgs false`
warning: denote/Denote.lean:21393:13: This simp argument is unused:
  List.getD_cons_zero

Hint: Omit it from the simp argument list.
  simp only [Tensor.mkShape, Nat.mul_one, List.head?, Option.map, Option.getD,̵
  ̵ ̵ ̵ ̵ ̵ ̵ ̵ ̵ ̵ ̵ ̵ ̵ ̵ ̵L̵i̵s̵t̵.̵g̵e̵t̵D̵_̵c̵o̵n̵s̵_̵z̵e̵r̵o̵]

Note: This linter can be disabled with `set_option linter.unusedSimpArgs false`
warning: denote/Denote.lean:21451:17: This simp argument is unused:
  h1_ne_0

Hint: Omit it from the simp argument list.
  simp only [̵h̵1̵_̵n̵e̵_̵0̵,̵ ̵↓̵r̵e̵d̵u̵c̵e̵I̵t̵e̵,̵[̲↓̲r̲e̲d̲u̲c̲e̲I̲t̲e̲,̲ if_false, Nat.zero_mul, Nat.zero_add, hds, hps, hdim, hstride_ne]

Note: This linter can be disabled with `set_option linter.unusedSimpArgs false`
warning: denote/Denote.lean:21451:38: This simp argument is unused:
  if_false

Hint: Omit it from the simp argument list.
  simp only [h1_ne_0, ↓reduceIte, i̵f̵_̵f̵a̵l̵s̵e̵,̵ ̵Nat.zero_mul, Nat.zero_add, hds, hps, hdim, hstride_ne]

Note: This linter can be disabled with `set_option linter.unusedSimpArgs false`
warning: denote/Denote.lean:21451:48: This simp argument is unused:
  Nat.zero_mul

Hint: Omit it from the simp argument list.
  simp only [h1_ne_0, ↓reduceIte, if_false, N̵a̵t̵.̵z̵e̵r̵o̵_̵m̵u̵l̵,̵ ̵Nat.zero_add, hds, hps, hdim, hstride_ne]

Note: This linter can be disabled with `set_option linter.unusedSimpArgs false`
warning: denote/Denote.lean:21451:62: This simp argument is unused:
  Nat.zero_add

Hint: Omit it from the simp argument list.
  simp only [h1_ne_0, ↓reduceIte, if_false, Nat.zero_mul, N̵a̵t̵.̵z̵e̵r̵o̵_̵a̵d̵d̵,̵
  ̵ ̵ ̵ ̵ ̵ ̵ ̵ ̵ ̵ ̵ ̵ ̵ ̵ ̵ ̵ ̵ ̵ ̵hds, hps, hdim, hstride_ne]

Note: This linter can be disabled with `set_option linter.unusedSimpArgs false`
warning: denote/Denote.lean:21452:17: This simp argument is unused:
  hds

Hint: Omit it from the simp argument list.
  simp only [h1_ne_0, ↓reduceIte, if_false, Nat.zero_mul, Nat.zero_add, h̵d̵s̵,̵ ̵hps, hdim, hstride_ne]

Note: This linter can be disabled with `set_option linter.unusedSimpArgs false`
warning: denote/Denote.lean:22076:5: Variable name `hzshapes` is not explicitly referenced.

The binding can be removed (if unused) or named `_` (if used implicitly).

Note: This linter can be disabled with `set_option linter.unusedVariables false`
warning: denote/Denote.lean:22369:20: This simp argument is unused:
  prodShape

Hint: Omit it from the simp argument list.
  simp [k_matmul,̵ ̵p̵r̵o̵d̵S̵h̵a̵p̵e̵]

Note: This linter can be disabled with `set_option linter.unusedSimpArgs false`
warning: denote/Denote.lean:22413:20: This simp argument is unused:
  prodShape

Hint: Omit it from the simp argument list.
  simp [k_matmul,̵ ̵p̵r̵o̵d̵S̵h̵a̵p̵e̵]

Note: This linter can be disabled with `set_option linter.unusedSimpArgs false`
warning: denote/Denote.lean:22348:30: The `show` tactic should only be used to indicate intermediate goal states for readability.
However, this tactic invocation changed the goal. Please use `change` instead for these purposes.

Note: This linter can be disabled with `set_option linter.style.show false`
warning: denote/Denote.lean:22400:6: The `show` tactic should only be used to indicate intermediate goal states for readability.
However, this tactic invocation changed the goal. Please use `change` instead for these purposes.

Note: This linter can be disabled with `set_option linter.style.show false`
warning: denote/Denote.lean:22410:30: The `show` tactic should only be used to indicate intermediate goal states for readability.
However, this tactic invocation changed the goal. Please use `change` instead for these purposes.

Note: This linter can be disabled with `set_option linter.style.show false`
warning: denote/Denote.lean:22481:30: The `show` tactic should only be used to indicate intermediate goal states for readability.
However, this tactic invocation changed the goal. Please use `change` instead for these purposes.

Note: This linter can be disabled with `set_option linter.style.show false`
warning: denote/Denote.lean:22532:6: The `show` tactic should only be used to indicate intermediate goal states for readability.
However, this tactic invocation changed the goal. Please use `change` instead for these purposes.

Note: This linter can be disabled with `set_option linter.style.show false`
warning: denote/Denote.lean:22543:30: The `show` tactic should only be used to indicate intermediate goal states for readability.
However, this tactic invocation changed the goal. Please use `change` instead for these purposes.

Note: This linter can be disabled with `set_option linter.style.show false`
warning: denote/Denote.lean:22675:30: The `show` tactic should only be used to indicate intermediate goal states for readability.
However, this tactic invocation changed the goal. Please use `change` instead for these purposes.

Note: This linter can be disabled with `set_option linter.style.show false`
warning: denote/Denote.lean:22700:6: The `show` tactic should only be used to indicate intermediate goal states for readability.
However, this tactic invocation changed the goal. Please use `change` instead for these purposes.

Note: This linter can be disabled with `set_option linter.style.show false`
warning: denote/Denote.lean:22723:30: The `show` tactic should only be used to indicate intermediate goal states for readability.
However, this tactic invocation changed the goal. Please use `change` instead for these purposes.

Note: This linter can be disabled with `set_option linter.style.show false`
⚠ [2623/2637] Replayed denote.yoco_goals.BridgeKit
warning: denote/yoco_goals/BridgeKit.lean:16:35: missing space in the source

This part of the code
  '(k+1), out'
should be written as
  '(k + 1),'


Note: This linter can be disabled with `set_option linter.style.whitespace false`
warning: denote/yoco_goals/BridgeKit.lean:51:35: missing space in the source

This part of the code
  '(k+1), out'
should be written as
  '(k + 1),'


Note: This linter can be disabled with `set_option linter.style.whitespace false`
warning: denote/yoco_goals/BridgeKit.lean:78:57: Using `native_decide` is not allowed in mathlib: because it trusts the entire Lean compiler (not just the Lean kernel), it could quite possibly be used to prove false.

Note: This linter can be disabled with `set_option linter.style.nativeDecide false`
warning: denote/yoco_goals/BridgeKit.lean:82:73: Using `native_decide` is not allowed in mathlib: because it trusts the entire Lean compiler (not just the Lean kernel), it could quite possibly be used to prove false.

Note: This linter can be disabled with `set_option linter.style.nativeDecide false`
warning: denote/yoco_goals/BridgeKit.lean:132:31: This simp argument is unused:
  hfn'

Hint: Omit it from the simp argument list.
  simp only [denoteGraph, hfn,̵ ̵h̵f̵n̵'̵]

Note: This linter can be disabled with `set_option linter.unusedSimpArgs false`
warning: denote/yoco_goals/BridgeKit.lean:118:36: 'change k < (pm.nodes.take K).length' tactic does nothing

Note: This linter can be disabled with `set_option linter.unusedTactic false`
warning: denote/yoco_goals/BridgeKit.lean:114:44: missing space in the source

This part of the code
  '(k+1), out'
should be written as
  '(k + 1),'


Note: This linter can be disabled with `set_option linter.style.whitespace false`
⚠ [2625/2637] Replayed denote.yoco_goals.Pattern_5
warning: denote/yoco_goals/Pattern_5.lean:68:4: The `show` tactic should only be used to indicate intermediate goal states for readability.
However, this tactic invocation changed the goal. Please use `change` instead for these purposes.

Note: This linter can be disabled with `set_option linter.style.show false`
warning: denote/yoco_goals/Pattern_5.lean:77:4: The `show` tactic should only be used to indicate intermediate goal states for readability.
However, this tactic invocation changed the goal. Please use `change` instead for these purposes.

Note: This linter can be disabled with `set_option linter.style.show false`
warning: denote/yoco_goals/Pattern_5.lean:80:4: The `show` tactic should only be used to indicate intermediate goal states for readability.
However, this tactic invocation changed the goal. Please use `change` instead for these purposes.

Note: This linter can be disabled with `set_option linter.style.show false`
warning: denote/yoco_goals/Pattern_5.lean:84:4: The `show` tactic should only be used to indicate intermediate goal states for readability.
However, this tactic invocation changed the goal. Please use `change` instead for these purposes.

Note: This linter can be disabled with `set_option linter.style.show false`
warning: denote/yoco_goals/Pattern_5.lean:87:4: The `show` tactic should only be used to indicate intermediate goal states for readability.
However, this tactic invocation changed the goal. Please use `change` instead for these purposes.

Note: This linter can be disabled with `set_option linter.style.show false`
warning: denote/yoco_goals/Pattern_5.lean:89:4: The `show` tactic should only be used to indicate intermediate goal states for readability.
However, this tactic invocation changed the goal. Please use `change` instead for these purposes.

Note: This linter can be disabled with `set_option linter.style.show false`
warning: denote/yoco_goals/Pattern_5.lean:101:24: Using `native_decide` is not allowed in mathlib: because it trusts the entire Lean compiler (not just the Lean kernel), it could quite possibly be used to prove false.

Note: This linter can be disabled with `set_option linter.style.nativeDecide false`
warning: denote/yoco_goals/Pattern_5.lean:103:32: Using `native_decide` is not allowed in mathlib: because it trusts the entire Lean compiler (not just the Lean kernel), it could quite possibly be used to prove false.

Note: This linter can be disabled with `set_option linter.style.nativeDecide false`
warning: denote/yoco_goals/Pattern_5.lean:105:24: Using `native_decide` is not allowed in mathlib: because it trusts the entire Lean compiler (not just the Lean kernel), it could quite possibly be used to prove false.

Note: This linter can be disabled with `set_option linter.style.nativeDecide false`
warning: denote/yoco_goals/Pattern_5.lean:107:31: Using `native_decide` is not allowed in mathlib: because it trusts the entire Lean compiler (not just the Lean kernel), it could quite possibly be used to prove false.

Note: This linter can be disabled with `set_option linter.style.nativeDecide false`
warning: denote/yoco_goals/Pattern_5.lean:109:31: Using `native_decide` is not allowed in mathlib: because it trusts the entire Lean compiler (not just the Lean kernel), it could quite possibly be used to prove false.

Note: This linter can be disabled with `set_option linter.style.nativeDecide false`
warning: denote/yoco_goals/Pattern_5.lean:134:44: Using `native_decide` is not allowed in mathlib: because it trusts the entire Lean compiler (not just the Lean kernel), it could quite possibly be used to prove false.

Note: This linter can be disabled with `set_option linter.style.nativeDecide false`
warning: denote/yoco_goals/Pattern_5.lean:148:44: Using `native_decide` is not allowed in mathlib: because it trusts the entire Lean compiler (not just the Lean kernel), it could quite possibly be used to prove false.

Note: This linter can be disabled with `set_option linter.style.nativeDecide false`
⚠ [2626/2637] Replayed denote.GraphSlicing
warning: denote/GraphSlicing.lean:26:0: Unscoped option linter.flexible is not allowed:
Please scope this to individual declarations, as in
```
set_option linter.flexible in
-- comment explaining why this is necessary
example : ... := ...
```

Note: This linter can be disabled with `set_option linter.style.setOption false`
warning: denote/GraphSlicing.lean:440:4: The `show` tactic should only be used to indicate intermediate goal states for readability.
However, this tactic invocation changed the goal. Please use `change` instead for these purposes.

Note: This linter can be disabled with `set_option linter.style.show false`
warning: denote/GraphSlicing.lean:668:6: `push_neg` has been deprecated. Prefer using `push Not` instead.
If you'd rather continue using `push_neg` in your project, you can implement it as follows:
```
open Lean.Parser.Tactic in
macro "push_neg" cfg:optConfig loc:(location)? : tactic =>
  `(tactic| push $cfg:optConfig Not $[$loc]?)
```
⚠ [2627/2637] Replayed denote.yoco_goals.Goal_5_CutToFull
warning: denote/yoco_goals/Goal_5_CutToFull.lean:10:0: Unscoped option maxHeartbeats is not allowed:
Please scope this to individual declarations, as in
```
set_option maxHeartbeats in
-- comment explaining why this is necessary
example : ... := ...
```

Note: This linter can be disabled with `set_option linter.style.setOption false`
warning: denote/yoco_goals/Goal_5_CutToFull.lean:16:62: Using `native_decide` is not allowed in mathlib: because it trusts the entire Lean compiler (not just the Lean kernel), it could quite possibly be used to prove false.

Note: This linter can be disabled with `set_option linter.style.nativeDecide false`
warning: denote/yoco_goals/Goal_5_CutToFull.lean:17:62: Using `native_decide` is not allowed in mathlib: because it trusts the entire Lean compiler (not just the Lean kernel), it could quite possibly be used to prove false.

Note: This linter can be disabled with `set_option linter.style.nativeDecide false`
warning: denote/yoco_goals/Goal_5_CutToFull.lean:21:71: Using `native_decide` is not allowed in mathlib: because it trusts the entire Lean compiler (not just the Lean kernel), it could quite possibly be used to prove false.

Note: This linter can be disabled with `set_option linter.style.nativeDecide false`
warning: denote/yoco_goals/Goal_5_CutToFull.lean:22:71: Using `native_decide` is not allowed in mathlib: because it trusts the entire Lean compiler (not just the Lean kernel), it could quite possibly be used to prove false.

Note: This linter can be disabled with `set_option linter.style.nativeDecide false`
warning: denote/yoco_goals/Goal_5_CutToFull.lean:47:4: Using `native_decide` is not allowed in mathlib: because it trusts the entire Lean compiler (not just the Lean kernel), it could quite possibly be used to prove false.

Note: This linter can be disabled with `set_option linter.style.nativeDecide false`
warning: denote/yoco_goals/Goal_5_CutToFull.lean:76:4: Using `native_decide` is not allowed in mathlib: because it trusts the entire Lean compiler (not just the Lean kernel), it could quite possibly be used to prove false.

Note: This linter can be disabled with `set_option linter.style.nativeDecide false`
warning: denote/yoco_goals/Goal_5_CutToFull.lean:119:21: This simp argument is unused:
  CoarseLineageHoldsWithInit

Hint: Omit it from the simp argument list.
  simp only [goal_5,̵ ̵C̵o̵a̵r̵s̵e̵L̵i̵n̵e̵a̵g̵e̵H̵o̵l̵d̵s̵W̵i̵t̵h̵I̵n̵i̵t̵] at hcut

Note: This linter can be disabled with `set_option linter.unusedSimpArgs false`
warning: denote/yoco_goals/Goal_5_CutToFull.lean:120:23: This simp argument is unused:
  goal_5

Hint: Omit it from the simp argument list.
  simp only [List.map,̵ ̵g̵o̵a̵l̵_̵5̵] at hcut

Note: This linter can be disabled with `set_option linter.unusedSimpArgs false`
warning: denote/yoco_goals/Goal_5_CutToFull.lean:122:13: This simp argument is unused:
  List.map

Hint: Omit it from the simp argument list.
  simp only ̵[̵L̵i̵s̵t̵.̵m̵a̵p̵]̵

Note: This linter can be disabled with `set_option linter.unusedSimpArgs false`
warning: denote/yoco_goals/Goal_5_CutToFull.lean:88:32: Using `native_decide` is not allowed in mathlib: because it trusts the entire Lean compiler (not just the Lean kernel), it could quite possibly be used to prove false.

Note: This linter can be disabled with `set_option linter.style.nativeDecide false`
warning: denote/yoco_goals/Goal_5_CutToFull.lean:89:40: Using `native_decide` is not allowed in mathlib: because it trusts the entire Lean compiler (not just the Lean kernel), it could quite possibly be used to prove false.

Note: This linter can be disabled with `set_option linter.style.nativeDecide false`
warning: denote/yoco_goals/Goal_5_CutToFull.lean:96:32: Using `native_decide` is not allowed in mathlib: because it trusts the entire Lean compiler (not just the Lean kernel), it could quite possibly be used to prove false.

Note: This linter can be disabled with `set_option linter.style.nativeDecide false`
warning: denote/yoco_goals/Goal_5_CutToFull.lean:97:39: Using `native_decide` is not allowed in mathlib: because it trusts the entire Lean compiler (not just the Lean kernel), it could quite possibly be used to prove false.

Note: This linter can be disabled with `set_option linter.style.nativeDecide false`
warning: denote/yoco_goals/Goal_5_CutToFull.lean:98:39: Using `native_decide` is not allowed in mathlib: because it trusts the entire Lean compiler (not just the Lean kernel), it could quite possibly be used to prove false.

Note: This linter can be disabled with `set_option linter.style.nativeDecide false`
⚠ [2629/2637] Replayed denote.DenoteMoE
warning: denote/DenoteMoE.lean:1087:2: The `show` tactic should only be used to indicate intermediate goal states for readability.
However, this tactic invocation changed the goal. Please use `change` instead for these purposes.

Note: This linter can be disabled with `set_option linter.style.show false`
⚠ [2632/2637] Replayed denote.yoco_goals.Pattern_4
warning: denote/yoco_goals/Pattern_4.lean:18:0: Unscoped option maxHeartbeats is not allowed:
Please scope this to individual declarations, as in
```
set_option maxHeartbeats in
-- comment explaining why this is necessary
example : ... := ...
```

Note: This linter can be disabled with `set_option linter.style.setOption false`
warning: denote/yoco_goals/Pattern_4.lean:53:5: Variable name `h_prefix_no_write_scores` is not explicitly referenced.

The binding can be removed (if unused) or named `_` (if used implicitly).

Note: This linter can be disabled with `set_option linter.unusedVariables false`
warning: denote/yoco_goals/Pattern_4.lean:49:42: missing space in the source

This part of the code
  '(k+1) ='
should be written as
  '(k + 1)'


Note: This linter can be disabled with `set_option linter.style.whitespace false`
warning: denote/yoco_goals/Pattern_4.lean:51:19: missing space in the source

This part of the code
  '(0:Nat),'
should be written as
  '(0 : Nat),'


Note: This linter can be disabled with `set_option linter.style.whitespace false`
warning: denote/yoco_goals/Pattern_4.lean:58:36: missing space in the source

This part of the code
  '(k+1)).take'
should be written as
  '(k + 1)).take'


Note: This linter can be disabled with `set_option linter.style.whitespace false`
warning: denote/yoco_goals/Pattern_4.lean:58:54: missing space in the source

This part of the code
  '(k+1)),'
should be written as
  '(k + 1)),'


Note: This linter can be disabled with `set_option linter.style.whitespace false`
warning: denote/yoco_goals/Pattern_4.lean:294:39: 'decide' tactic does nothing

Note: This linter can be disabled with `set_option linter.unusedTactic false`
warning: denote/yoco_goals/Pattern_4.lean:120:2: The `show` tactic should only be used to indicate intermediate goal states for readability.
However, this tactic invocation changed the goal. Please use `change` instead for these purposes.

Note: This linter can be disabled with `set_option linter.style.show false`
warning: denote/yoco_goals/Pattern_4.lean:294:39: this tactic is never executed

Note: This linter can be disabled with `set_option linter.unreachableTactic false`
warning: denote/yoco_goals/Pattern_4.lean:138:35: Used `tac1 <;> tac2` where `(tac1; tac2)` would suffice

Note: This linter can be disabled with `set_option linter.unnecessarySeqFocus false`
warning: denote/yoco_goals/Pattern_4.lean:139:35: Used `tac1 <;> tac2` where `(tac1; tac2)` would suffice

Note: This linter can be disabled with `set_option linter.unnecessarySeqFocus false`
warning: denote/yoco_goals/Pattern_4.lean:287:35: Used `tac1 <;> tac2` where `(tac1; tac2)` would suffice

Note: This linter can be disabled with `set_option linter.unnecessarySeqFocus false`
warning: denote/yoco_goals/Pattern_4.lean:320:42: missing space in the source

This part of the code
  '(k+1) ='
should be written as
  '(k + 1)'


Note: This linter can be disabled with `set_option linter.style.whitespace false`
warning: denote/yoco_goals/Pattern_4.lean:327:36: missing space in the source

This part of the code
  '(k+1)).take'
should be written as
  '(k + 1)).take'


Note: This linter can be disabled with `set_option linter.style.whitespace false`
warning: denote/yoco_goals/Pattern_4.lean:327:54: missing space in the source

This part of the code
  '(k+1)),'
should be written as
  '(k + 1)),'


Note: This linter can be disabled with `set_option linter.style.whitespace false`
warning: denote/yoco_goals/Pattern_4.lean:353:42: missing space in the source

This part of the code
  '(k+1) ='
should be written as
  '(k + 1)'


Note: This linter can be disabled with `set_option linter.style.whitespace false`
warning: denote/yoco_goals/Pattern_4.lean:360:36: missing space in the source

This part of the code
  '(k+1)).take'
should be written as
  '(k + 1)).take'


Note: This linter can be disabled with `set_option linter.style.whitespace false`
warning: denote/yoco_goals/Pattern_4.lean:360:54: missing space in the source

This part of the code
  '(k+1)),'
should be written as
  '(k + 1)),'


Note: This linter can be disabled with `set_option linter.style.whitespace false`
warning: denote/yoco_goals/Pattern_4.lean:501:10: Using `native_decide` is not allowed in mathlib: because it trusts the entire Lean compiler (not just the Lean kernel), it could quite possibly be used to prove false.

Note: This linter can be disabled with `set_option linter.style.nativeDecide false`
warning: denote/yoco_goals/Pattern_4.lean:505:75: Using `native_decide` is not allowed in mathlib: because it trusts the entire Lean compiler (not just the Lean kernel), it could quite possibly be used to prove false.

Note: This linter can be disabled with `set_option linter.style.nativeDecide false`
warning: denote/yoco_goals/Pattern_4.lean:506:10: Using `native_decide` is not allowed in mathlib: because it trusts the entire Lean compiler (not just the Lean kernel), it could quite possibly be used to prove false.

Note: This linter can be disabled with `set_option linter.style.nativeDecide false`
warning: denote/yoco_goals/Pattern_4.lean:510:75: Using `native_decide` is not allowed in mathlib: because it trusts the entire Lean compiler (not just the Lean kernel), it could quite possibly be used to prove false.

Note: This linter can be disabled with `set_option linter.style.nativeDecide false`
warning: denote/yoco_goals/Pattern_4.lean:511:10: Using `native_decide` is not allowed in mathlib: because it trusts the entire Lean compiler (not just the Lean kernel), it could quite possibly be used to prove false.

Note: This linter can be disabled with `set_option linter.style.nativeDecide false`
warning: denote/yoco_goals/Pattern_4.lean:515:75: Using `native_decide` is not allowed in mathlib: because it trusts the entire Lean compiler (not just the Lean kernel), it could quite possibly be used to prove false.

Note: This linter can be disabled with `set_option linter.style.nativeDecide false`
warning: denote/yoco_goals/Pattern_4.lean:516:10: Using `native_decide` is not allowed in mathlib: because it trusts the entire Lean compiler (not just the Lean kernel), it could quite possibly be used to prove false.

Note: This linter can be disabled with `set_option linter.style.nativeDecide false`
warning: denote/yoco_goals/Pattern_4.lean:522:12: Using `native_decide` is not allowed in mathlib: because it trusts the entire Lean compiler (not just the Lean kernel), it could quite possibly be used to prove false.

Note: This linter can be disabled with `set_option linter.style.nativeDecide false`
warning: denote/yoco_goals/Pattern_4.lean:523:12: Using `native_decide` is not allowed in mathlib: because it trusts the entire Lean compiler (not just the Lean kernel), it could quite possibly be used to prove false.

Note: This linter can be disabled with `set_option linter.style.nativeDecide false`
warning: denote/yoco_goals/Pattern_4.lean:524:10: Using `native_decide` is not allowed in mathlib: because it trusts the entire Lean compiler (not just the Lean kernel), it could quite possibly be used to prove false.

Note: This linter can be disabled with `set_option linter.style.nativeDecide false`
warning: denote/yoco_goals/Pattern_4.lean:531:12: Using `native_decide` is not allowed in mathlib: because it trusts the entire Lean compiler (not just the Lean kernel), it could quite possibly be used to prove false.

Note: This linter can be disabled with `set_option linter.style.nativeDecide false`
warning: denote/yoco_goals/Pattern_4.lean:532:12: Using `native_decide` is not allowed in mathlib: because it trusts the entire Lean compiler (not just the Lean kernel), it could quite possibly be used to prove false.

Note: This linter can be disabled with `set_option linter.style.nativeDecide false`
warning: denote/yoco_goals/Pattern_4.lean:533:10: Using `native_decide` is not allowed in mathlib: because it trusts the entire Lean compiler (not just the Lean kernel), it could quite possibly be used to prove false.

Note: This linter can be disabled with `set_option linter.style.nativeDecide false`
warning: denote/yoco_goals/Pattern_4.lean:540:12: Using `native_decide` is not allowed in mathlib: because it trusts the entire Lean compiler (not just the Lean kernel), it could quite possibly be used to prove false.

Note: This linter can be disabled with `set_option linter.style.nativeDecide false`
warning: denote/yoco_goals/Pattern_4.lean:541:12: Using `native_decide` is not allowed in mathlib: because it trusts the entire Lean compiler (not just the Lean kernel), it could quite possibly be used to prove false.

Note: This linter can be disabled with `set_option linter.style.nativeDecide false`
warning: denote/yoco_goals/Pattern_4.lean:542:10: Using `native_decide` is not allowed in mathlib: because it trusts the entire Lean compiler (not just the Lean kernel), it could quite possibly be used to prove false.

Note: This linter can be disabled with `set_option linter.style.nativeDecide false`
warning: denote/yoco_goals/Pattern_4.lean:549:12: Using `native_decide` is not allowed in mathlib: because it trusts the entire Lean compiler (not just the Lean kernel), it could quite possibly be used to prove false.

Note: This linter can be disabled with `set_option linter.style.nativeDecide false`
warning: denote/yoco_goals/Pattern_4.lean:550:12: Using `native_decide` is not allowed in mathlib: because it trusts the entire Lean compiler (not just the Lean kernel), it could quite possibly be used to prove false.

Note: This linter can be disabled with `set_option linter.style.nativeDecide false`
warning: denote/yoco_goals/Pattern_4.lean:551:10: Using `native_decide` is not allowed in mathlib: because it trusts the entire Lean compiler (not just the Lean kernel), it could quite possibly be used to prove false.

Note: This linter can be disabled with `set_option linter.style.nativeDecide false`
warning: denote/yoco_goals/Pattern_4.lean:556:75: Using `native_decide` is not allowed in mathlib: because it trusts the entire Lean compiler (not just the Lean kernel), it could quite possibly be used to prove false.

Note: This linter can be disabled with `set_option linter.style.nativeDecide false`
warning: denote/yoco_goals/Pattern_4.lean:557:10: Using `native_decide` is not allowed in mathlib: because it trusts the entire Lean compiler (not just the Lean kernel), it could quite possibly be used to prove false.

Note: This linter can be disabled with `set_option linter.style.nativeDecide false`
warning: denote/yoco_goals/Pattern_4.lean:562:75: Using `native_decide` is not allowed in mathlib: because it trusts the entire Lean compiler (not just the Lean kernel), it could quite possibly be used to prove false.

Note: This linter can be disabled with `set_option linter.style.nativeDecide false`
warning: denote/yoco_goals/Pattern_4.lean:563:10: Using `native_decide` is not allowed in mathlib: because it trusts the entire Lean compiler (not just the Lean kernel), it could quite possibly be used to prove false.

Note: This linter can be disabled with `set_option linter.style.nativeDecide false`
warning: denote/yoco_goals/Pattern_4.lean:568:75: Using `native_decide` is not allowed in mathlib: because it trusts the entire Lean compiler (not just the Lean kernel), it could quite possibly be used to prove false.

Note: This linter can be disabled with `set_option linter.style.nativeDecide false`
warning: denote/yoco_goals/Pattern_4.lean:569:10: Using `native_decide` is not allowed in mathlib: because it trusts the entire Lean compiler (not just the Lean kernel), it could quite possibly be used to prove false.

Note: This linter can be disabled with `set_option linter.style.nativeDecide false`
warning: denote/yoco_goals/Pattern_4.lean:574:75: Using `native_decide` is not allowed in mathlib: because it trusts the entire Lean compiler (not just the Lean kernel), it could quite possibly be used to prove false.

Note: This linter can be disabled with `set_option linter.style.nativeDecide false`
warning: denote/yoco_goals/Pattern_4.lean:575:10: Using `native_decide` is not allowed in mathlib: because it trusts the entire Lean compiler (not just the Lean kernel), it could quite possibly be used to prove false.

Note: This linter can be disabled with `set_option linter.style.nativeDecide false`
warning: denote/yoco_goals/Pattern_4.lean:580:75: Using `native_decide` is not allowed in mathlib: because it trusts the entire Lean compiler (not just the Lean kernel), it could quite possibly be used to prove false.

Note: This linter can be disabled with `set_option linter.style.nativeDecide false`
warning: denote/yoco_goals/Pattern_4.lean:581:10: Using `native_decide` is not allowed in mathlib: because it trusts the entire Lean compiler (not just the Lean kernel), it could quite possibly be used to prove false.

Note: This linter can be disabled with `set_option linter.style.nativeDecide false`
warning: denote/yoco_goals/Pattern_4.lean:586:75: Using `native_decide` is not allowed in mathlib: because it trusts the entire Lean compiler (not just the Lean kernel), it could quite possibly be used to prove false.

Note: This linter can be disabled with `set_option linter.style.nativeDecide false`
warning: denote/yoco_goals/Pattern_4.lean:587:10: Using `native_decide` is not allowed in mathlib: because it trusts the entire Lean compiler (not just the Lean kernel), it could quite possibly be used to prove false.

Note: This linter can be disabled with `set_option linter.style.nativeDecide false`
warning: denote/yoco_goals/Pattern_4.lean:592:75: Using `native_decide` is not allowed in mathlib: because it trusts the entire Lean compiler (not just the Lean kernel), it could quite possibly be used to prove false.

Note: This linter can be disabled with `set_option linter.style.nativeDecide false`
warning: denote/yoco_goals/Pattern_4.lean:593:10: Using `native_decide` is not allowed in mathlib: because it trusts the entire Lean compiler (not just the Lean kernel), it could quite possibly be used to prove false.

Note: This linter can be disabled with `set_option linter.style.nativeDecide false`
warning: denote/yoco_goals/Pattern_4.lean:598:75: Using `native_decide` is not allowed in mathlib: because it trusts the entire Lean compiler (not just the Lean kernel), it could quite possibly be used to prove false.

Note: This linter can be disabled with `set_option linter.style.nativeDecide false`
warning: denote/yoco_goals/Pattern_4.lean:599:10: Using `native_decide` is not allowed in mathlib: because it trusts the entire Lean compiler (not just the Lean kernel), it could quite possibly be used to prove false.

Note: This linter can be disabled with `set_option linter.style.nativeDecide false`
warning: denote/yoco_goals/Pattern_4.lean:604:75: Using `native_decide` is not allowed in mathlib: because it trusts the entire Lean compiler (not just the Lean kernel), it could quite possibly be used to prove false.

Note: This linter can be disabled with `set_option linter.style.nativeDecide false`
warning: denote/yoco_goals/Pattern_4.lean:605:10: Using `native_decide` is not allowed in mathlib: because it trusts the entire Lean compiler (not just the Lean kernel), it could quite possibly be used to prove false.

Note: This linter can be disabled with `set_option linter.style.nativeDecide false`
warning: denote/yoco_goals/Pattern_4.lean:610:75: Using `native_decide` is not allowed in mathlib: because it trusts the entire Lean compiler (not just the Lean kernel), it could quite possibly be used to prove false.

Note: This linter can be disabled with `set_option linter.style.nativeDecide false`
warning: denote/yoco_goals/Pattern_4.lean:611:10: Using `native_decide` is not allowed in mathlib: because it trusts the entire Lean compiler (not just the Lean kernel), it could quite possibly be used to prove false.

Note: This linter can be disabled with `set_option linter.style.nativeDecide false`
warning: denote/yoco_goals/Pattern_4.lean:616:75: Using `native_decide` is not allowed in mathlib: because it trusts the entire Lean compiler (not just the Lean kernel), it could quite possibly be used to prove false.

Note: This linter can be disabled with `set_option linter.style.nativeDecide false`
warning: denote/yoco_goals/Pattern_4.lean:617:10: Using `native_decide` is not allowed in mathlib: because it trusts the entire Lean compiler (not just the Lean kernel), it could quite possibly be used to prove false.

Note: This linter can be disabled with `set_option linter.style.nativeDecide false`
warning: denote/yoco_goals/Pattern_4.lean:622:75: Using `native_decide` is not allowed in mathlib: because it trusts the entire Lean compiler (not just the Lean kernel), it could quite possibly be used to prove false.

Note: This linter can be disabled with `set_option linter.style.nativeDecide false`
warning: denote/yoco_goals/Pattern_4.lean:623:10: Using `native_decide` is not allowed in mathlib: because it trusts the entire Lean compiler (not just the Lean kernel), it could quite possibly be used to prove false.

Note: This linter can be disabled with `set_option linter.style.nativeDecide false`
warning: denote/yoco_goals/Pattern_4.lean:628:75: Using `native_decide` is not allowed in mathlib: because it trusts the entire Lean compiler (not just the Lean kernel), it could quite possibly be used to prove false.

Note: This linter can be disabled with `set_option linter.style.nativeDecide false`
warning: denote/yoco_goals/Pattern_4.lean:629:10: Using `native_decide` is not allowed in mathlib: because it trusts the entire Lean compiler (not just the Lean kernel), it could quite possibly be used to prove false.

Note: This linter can be disabled with `set_option linter.style.nativeDecide false`
warning: denote/yoco_goals/Pattern_4.lean:634:75: Using `native_decide` is not allowed in mathlib: because it trusts the entire Lean compiler (not just the Lean kernel), it could quite possibly be used to prove false.

Note: This linter can be disabled with `set_option linter.style.nativeDecide false`
warning: denote/yoco_goals/Pattern_4.lean:635:10: Using `native_decide` is not allowed in mathlib: because it trusts the entire Lean compiler (not just the Lean kernel), it could quite possibly be used to prove false.

Note: This linter can be disabled with `set_option linter.style.nativeDecide false`
warning: denote/yoco_goals/Pattern_4.lean:640:75: Using `native_decide` is not allowed in mathlib: because it trusts the entire Lean compiler (not just the Lean kernel), it could quite possibly be used to prove false.

Note: This linter can be disabled with `set_option linter.style.nativeDecide false`
warning: denote/yoco_goals/Pattern_4.lean:641:10: Using `native_decide` is not allowed in mathlib: because it trusts the entire Lean compiler (not just the Lean kernel), it could quite possibly be used to prove false.

Note: This linter can be disabled with `set_option linter.style.nativeDecide false`
warning: denote/yoco_goals/Pattern_4.lean:646:75: Using `native_decide` is not allowed in mathlib: because it trusts the entire Lean compiler (not just the Lean kernel), it could quite possibly be used to prove false.

Note: This linter can be disabled with `set_option linter.style.nativeDecide false`
warning: denote/yoco_goals/Pattern_4.lean:647:10: Using `native_decide` is not allowed in mathlib: because it trusts the entire Lean compiler (not just the Lean kernel), it could quite possibly be used to prove false.

Note: This linter can be disabled with `set_option linter.style.nativeDecide false`
warning: denote/yoco_goals/Pattern_4.lean:652:75: Using `native_decide` is not allowed in mathlib: because it trusts the entire Lean compiler (not just the Lean kernel), it could quite possibly be used to prove false.

Note: This linter can be disabled with `set_option linter.style.nativeDecide false`
warning: denote/yoco_goals/Pattern_4.lean:653:10: Using `native_decide` is not allowed in mathlib: because it trusts the entire Lean compiler (not just the Lean kernel), it could quite possibly be used to prove false.

Note: This linter can be disabled with `set_option linter.style.nativeDecide false`
warning: denote/yoco_goals/Pattern_4.lean:658:75: Using `native_decide` is not allowed in mathlib: because it trusts the entire Lean compiler (not just the Lean kernel), it could quite possibly be used to prove false.

Note: This linter can be disabled with `set_option linter.style.nativeDecide false`
warning: denote/yoco_goals/Pattern_4.lean:659:10: Using `native_decide` is not allowed in mathlib: because it trusts the entire Lean compiler (not just the Lean kernel), it could quite possibly be used to prove false.

Note: This linter can be disabled with `set_option linter.style.nativeDecide false`
warning: denote/yoco_goals/Pattern_4.lean:664:75: Using `native_decide` is not allowed in mathlib: because it trusts the entire Lean compiler (not just the Lean kernel), it could quite possibly be used to prove false.

Note: This linter can be disabled with `set_option linter.style.nativeDecide false`
warning: denote/yoco_goals/Pattern_4.lean:665:10: Using `native_decide` is not allowed in mathlib: because it trusts the entire Lean compiler (not just the Lean kernel), it could quite possibly be used to prove false.

Note: This linter can be disabled with `set_option linter.style.nativeDecide false`
warning: denote/yoco_goals/Pattern_4.lean:670:75: Using `native_decide` is not allowed in mathlib: because it trusts the entire Lean compiler (not just the Lean kernel), it could quite possibly be used to prove false.

Note: This linter can be disabled with `set_option linter.style.nativeDecide false`
warning: denote/yoco_goals/Pattern_4.lean:671:10: Using `native_decide` is not allowed in mathlib: because it trusts the entire Lean compiler (not just the Lean kernel), it could quite possibly be used to prove false.

Note: This linter can be disabled with `set_option linter.style.nativeDecide false`
warning: denote/yoco_goals/Pattern_4.lean:676:75: Using `native_decide` is not allowed in mathlib: because it trusts the entire Lean compiler (not just the Lean kernel), it could quite possibly be used to prove false.

Note: This linter can be disabled with `set_option linter.style.nativeDecide false`
warning: denote/yoco_goals/Pattern_4.lean:677:10: Using `native_decide` is not allowed in mathlib: because it trusts the entire Lean compiler (not just the Lean kernel), it could quite possibly be used to prove false.

Note: This linter can be disabled with `set_option linter.style.nativeDecide false`
warning: denote/yoco_goals/Pattern_4.lean:682:75: Using `native_decide` is not allowed in mathlib: because it trusts the entire Lean compiler (not just the Lean kernel), it could quite possibly be used to prove false.

Note: This linter can be disabled with `set_option linter.style.nativeDecide false`
warning: denote/yoco_goals/Pattern_4.lean:683:10: Using `native_decide` is not allowed in mathlib: because it trusts the entire Lean compiler (not just the Lean kernel), it could quite possibly be used to prove false.

Note: This linter can be disabled with `set_option linter.style.nativeDecide false`
warning: denote/yoco_goals/Pattern_4.lean:688:75: Using `native_decide` is not allowed in mathlib: because it trusts the entire Lean compiler (not just the Lean kernel), it could quite possibly be used to prove false.

Note: This linter can be disabled with `set_option linter.style.nativeDecide false`
warning: denote/yoco_goals/Pattern_4.lean:689:10: Using `native_decide` is not allowed in mathlib: because it trusts the entire Lean compiler (not just the Lean kernel), it could quite possibly be used to prove false.

Note: This linter can be disabled with `set_option linter.style.nativeDecide false`
warning: denote/yoco_goals/Pattern_4.lean:694:75: Using `native_decide` is not allowed in mathlib: because it trusts the entire Lean compiler (not just the Lean kernel), it could quite possibly be used to prove false.

Note: This linter can be disabled with `set_option linter.style.nativeDecide false`
warning: denote/yoco_goals/Pattern_4.lean:695:10: Using `native_decide` is not allowed in mathlib: because it trusts the entire Lean compiler (not just the Lean kernel), it could quite possibly be used to prove false.

Note: This linter can be disabled with `set_option linter.style.nativeDecide false`
warning: denote/yoco_goals/Pattern_4.lean:700:76: Using `native_decide` is not allowed in mathlib: because it trusts the entire Lean compiler (not just the Lean kernel), it could quite possibly be used to prove false.

Note: This linter can be disabled with `set_option linter.style.nativeDecide false`
warning: denote/yoco_goals/Pattern_4.lean:701:10: Using `native_decide` is not allowed in mathlib: because it trusts the entire Lean compiler (not just the Lean kernel), it could quite possibly be used to prove false.

Note: This linter can be disabled with `set_option linter.style.nativeDecide false`
warning: denote/yoco_goals/Pattern_4.lean:706:76: Using `native_decide` is not allowed in mathlib: because it trusts the entire Lean compiler (not just the Lean kernel), it could quite possibly be used to prove false.

Note: This linter can be disabled with `set_option linter.style.nativeDecide false`
warning: denote/yoco_goals/Pattern_4.lean:707:10: Using `native_decide` is not allowed in mathlib: because it trusts the entire Lean compiler (not just the Lean kernel), it could quite possibly be used to prove false.

Note: This linter can be disabled with `set_option linter.style.nativeDecide false`
warning: denote/yoco_goals/Pattern_4.lean:712:76: Using `native_decide` is not allowed in mathlib: because it trusts the entire Lean compiler (not just the Lean kernel), it could quite possibly be used to prove false.

Note: This linter can be disabled with `set_option linter.style.nativeDecide false`
warning: denote/yoco_goals/Pattern_4.lean:713:10: Using `native_decide` is not allowed in mathlib: because it trusts the entire Lean compiler (not just the Lean kernel), it could quite possibly be used to prove false.

Note: This linter can be disabled with `set_option linter.style.nativeDecide false`
warning: denote/yoco_goals/Pattern_4.lean:718:76: Using `native_decide` is not allowed in mathlib: because it trusts the entire Lean compiler (not just the Lean kernel), it could quite possibly be used to prove false.

Note: This linter can be disabled with `set_option linter.style.nativeDecide false`
warning: denote/yoco_goals/Pattern_4.lean:719:10: Using `native_decide` is not allowed in mathlib: because it trusts the entire Lean compiler (not just the Lean kernel), it could quite possibly be used to prove false.

Note: This linter can be disabled with `set_option linter.style.nativeDecide false`
warning: denote/yoco_goals/Pattern_4.lean:724:76: Using `native_decide` is not allowed in mathlib: because it trusts the entire Lean compiler (not just the Lean kernel), it could quite possibly be used to prove false.

Note: This linter can be disabled with `set_option linter.style.nativeDecide false`
warning: denote/yoco_goals/Pattern_4.lean:725:10: Using `native_decide` is not allowed in mathlib: because it trusts the entire Lean compiler (not just the Lean kernel), it could quite possibly be used to prove false.

Note: This linter can be disabled with `set_option linter.style.nativeDecide false`
warning: denote/yoco_goals/Pattern_4.lean:730:76: Using `native_decide` is not allowed in mathlib: because it trusts the entire Lean compiler (not just the Lean kernel), it could quite possibly be used to prove false.

Note: This linter can be disabled with `set_option linter.style.nativeDecide false`
warning: denote/yoco_goals/Pattern_4.lean:731:10: Using `native_decide` is not allowed in mathlib: because it trusts the entire Lean compiler (not just the Lean kernel), it could quite possibly be used to prove false.

Note: This linter can be disabled with `set_option linter.style.nativeDecide false`
warning: denote/yoco_goals/Pattern_4.lean:736:76: Using `native_decide` is not allowed in mathlib: because it trusts the entire Lean compiler (not just the Lean kernel), it could quite possibly be used to prove false.

Note: This linter can be disabled with `set_option linter.style.nativeDecide false`
warning: denote/yoco_goals/Pattern_4.lean:737:10: Using `native_decide` is not allowed in mathlib: because it trusts the entire Lean compiler (not just the Lean kernel), it could quite possibly be used to prove false.

Note: This linter can be disabled with `set_option linter.style.nativeDecide false`
warning: denote/yoco_goals/Pattern_4.lean:742:76: Using `native_decide` is not allowed in mathlib: because it trusts the entire Lean compiler (not just the Lean kernel), it could quite possibly be used to prove false.

Note: This linter can be disabled with `set_option linter.style.nativeDecide false`
warning: denote/yoco_goals/Pattern_4.lean:743:10: Using `native_decide` is not allowed in mathlib: because it trusts the entire Lean compiler (not just the Lean kernel), it could quite possibly be used to prove false.

Note: This linter can be disabled with `set_option linter.style.nativeDecide false`
warning: denote/yoco_goals/Pattern_4.lean:748:76: Using `native_decide` is not allowed in mathlib: because it trusts the entire Lean compiler (not just the Lean kernel), it could quite possibly be used to prove false.

Note: This linter can be disabled with `set_option linter.style.nativeDecide false`
warning: denote/yoco_goals/Pattern_4.lean:749:10: Using `native_decide` is not allowed in mathlib: because it trusts the entire Lean compiler (not just the Lean kernel), it could quite possibly be used to prove false.

Note: This linter can be disabled with `set_option linter.style.nativeDecide false`
warning: denote/yoco_goals/Pattern_4.lean:754:76: Using `native_decide` is not allowed in mathlib: because it trusts the entire Lean compiler (not just the Lean kernel), it could quite possibly be used to prove false.

Note: This linter can be disabled with `set_option linter.style.nativeDecide false`
warning: denote/yoco_goals/Pattern_4.lean:755:10: Using `native_decide` is not allowed in mathlib: because it trusts the entire Lean compiler (not just the Lean kernel), it could quite possibly be used to prove false.

Note: This linter can be disabled with `set_option linter.style.nativeDecide false`
warning: denote/yoco_goals/Pattern_4.lean:760:76: Using `native_decide` is not allowed in mathlib: because it trusts the entire Lean compiler (not just the Lean kernel), it could quite possibly be used to prove false.

Note: This linter can be disabled with `set_option linter.style.nativeDecide false`
warning: denote/yoco_goals/Pattern_4.lean:761:10: Using `native_decide` is not allowed in mathlib: because it trusts the entire Lean compiler (not just the Lean kernel), it could quite possibly be used to prove false.

Note: This linter can be disabled with `set_option linter.style.nativeDecide false`
warning: denote/yoco_goals/Pattern_4.lean:766:76: Using `native_decide` is not allowed in mathlib: because it trusts the entire Lean compiler (not just the Lean kernel), it could quite possibly be used to prove false.

Note: This linter can be disabled with `set_option linter.style.nativeDecide false`
warning: denote/yoco_goals/Pattern_4.lean:767:10: Using `native_decide` is not allowed in mathlib: because it trusts the entire Lean compiler (not just the Lean kernel), it could quite possibly be used to prove false.

Note: This linter can be disabled with `set_option linter.style.nativeDecide false`
warning: denote/yoco_goals/Pattern_4.lean:772:76: Using `native_decide` is not allowed in mathlib: because it trusts the entire Lean compiler (not just the Lean kernel), it could quite possibly be used to prove false.

Note: This linter can be disabled with `set_option linter.style.nativeDecide false`
warning: denote/yoco_goals/Pattern_4.lean:773:10: Using `native_decide` is not allowed in mathlib: because it trusts the entire Lean compiler (not just the Lean kernel), it could quite possibly be used to prove false.

Note: This linter can be disabled with `set_option linter.style.nativeDecide false`
warning: denote/yoco_goals/Pattern_4.lean:778:76: Using `native_decide` is not allowed in mathlib: because it trusts the entire Lean compiler (not just the Lean kernel), it could quite possibly be used to prove false.

Note: This linter can be disabled with `set_option linter.style.nativeDecide false`
warning: denote/yoco_goals/Pattern_4.lean:779:10: Using `native_decide` is not allowed in mathlib: because it trusts the entire Lean compiler (not just the Lean kernel), it could quite possibly be used to prove false.

Note: This linter can be disabled with `set_option linter.style.nativeDecide false`
warning: denote/yoco_goals/Pattern_4.lean:784:76: Using `native_decide` is not allowed in mathlib: because it trusts the entire Lean compiler (not just the Lean kernel), it could quite possibly be used to prove false.

Note: This linter can be disabled with `set_option linter.style.nativeDecide false`
warning: denote/yoco_goals/Pattern_4.lean:785:10: Using `native_decide` is not allowed in mathlib: because it trusts the entire Lean compiler (not just the Lean kernel), it could quite possibly be used to prove false.

Note: This linter can be disabled with `set_option linter.style.nativeDecide false`
warning: denote/yoco_goals/Pattern_4.lean:790:76: Using `native_decide` is not allowed in mathlib: because it trusts the entire Lean compiler (not just the Lean kernel), it could quite possibly be used to prove false.

Note: This linter can be disabled with `set_option linter.style.nativeDecide false`
warning: denote/yoco_goals/Pattern_4.lean:791:10: Using `native_decide` is not allowed in mathlib: because it trusts the entire Lean compiler (not just the Lean kernel), it could quite possibly be used to prove false.

Note: This linter can be disabled with `set_option linter.style.nativeDecide false`
warning: denote/yoco_goals/Pattern_4.lean:796:76: Using `native_decide` is not allowed in mathlib: because it trusts the entire Lean compiler (not just the Lean kernel), it could quite possibly be used to prove false.

Note: This linter can be disabled with `set_option linter.style.nativeDecide false`
warning: denote/yoco_goals/Pattern_4.lean:797:10: Using `native_decide` is not allowed in mathlib: because it trusts the entire Lean compiler (not just the Lean kernel), it could quite possibly be used to prove false.

Note: This linter can be disabled with `set_option linter.style.nativeDecide false`
warning: denote/yoco_goals/Pattern_4.lean:802:76: Using `native_decide` is not allowed in mathlib: because it trusts the entire Lean compiler (not just the Lean kernel), it could quite possibly be used to prove false.

Note: This linter can be disabled with `set_option linter.style.nativeDecide false`
warning: denote/yoco_goals/Pattern_4.lean:803:10: Using `native_decide` is not allowed in mathlib: because it trusts the entire Lean compiler (not just the Lean kernel), it could quite possibly be used to prove false.

Note: This linter can be disabled with `set_option linter.style.nativeDecide false`
warning: denote/yoco_goals/Pattern_4.lean:808:76: Using `native_decide` is not allowed in mathlib: because it trusts the entire Lean compiler (not just the Lean kernel), it could quite possibly be used to prove false.

Note: This linter can be disabled with `set_option linter.style.nativeDecide false`
warning: denote/yoco_goals/Pattern_4.lean:809:10: Using `native_decide` is not allowed in mathlib: because it trusts the entire Lean compiler (not just the Lean kernel), it could quite possibly be used to prove false.

Note: This linter can be disabled with `set_option linter.style.nativeDecide false`
warning: denote/yoco_goals/Pattern_4.lean:814:76: Using `native_decide` is not allowed in mathlib: because it trusts the entire Lean compiler (not just the Lean kernel), it could quite possibly be used to prove false.

Note: This linter can be disabled with `set_option linter.style.nativeDecide false`
warning: denote/yoco_goals/Pattern_4.lean:815:10: Using `native_decide` is not allowed in mathlib: because it trusts the entire Lean compiler (not just the Lean kernel), it could quite possibly be used to prove false.

Note: This linter can be disabled with `set_option linter.style.nativeDecide false`
warning: denote/yoco_goals/Pattern_4.lean:489:4: The `show` tactic should only be used to indicate intermediate goal states for readability.
However, this tactic invocation changed the goal. Please use `change` instead for these purposes.

Note: This linter can be disabled with `set_option linter.style.show false`
warning: denote/yoco_goals/Pattern_4.lean:492:4: The `show` tactic should only be used to indicate intermediate goal states for readability.
However, this tactic invocation changed the goal. Please use `change` instead for these purposes.

Note: This linter can be disabled with `set_option linter.style.show false`
warning: denote/yoco_goals/Pattern_4.lean:495:4: The `show` tactic should only be used to indicate intermediate goal states for readability.
However, this tactic invocation changed the goal. Please use `change` instead for these purposes.

Note: This linter can be disabled with `set_option linter.style.show false`
warning: denote/yoco_goals/Pattern_4.lean:818:4: The `show` tactic should only be used to indicate intermediate goal states for readability.
However, this tactic invocation changed the goal. Please use `change` instead for these purposes.

Note: This linter can be disabled with `set_option linter.style.show false`
warning: denote/yoco_goals/Pattern_4.lean:821:4: The `show` tactic should only be used to indicate intermediate goal states for readability.
However, this tactic invocation changed the goal. Please use `change` instead for these purposes.

Note: This linter can be disabled with `set_option linter.style.show false`
warning: denote/yoco_goals/Pattern_4.lean:824:4: The `show` tactic should only be used to indicate intermediate goal states for readability.
However, this tactic invocation changed the goal. Please use `change` instead for these purposes.

Note: This linter can be disabled with `set_option linter.style.show false`
warning: denote/yoco_goals/Pattern_4.lean:827:4: The `show` tactic should only be used to indicate intermediate goal states for readability.
However, this tactic invocation changed the goal. Please use `change` instead for these purposes.

Note: This linter can be disabled with `set_option linter.style.show false`
warning: denote/yoco_goals/Pattern_4.lean:830:4: The `show` tactic should only be used to indicate intermediate goal states for readability.
However, this tactic invocation changed the goal. Please use `change` instead for these purposes.

Note: This linter can be disabled with `set_option linter.style.show false`
warning: denote/yoco_goals/Pattern_4.lean:833:4: The `show` tactic should only be used to indicate intermediate goal states for readability.
However, this tactic invocation changed the goal. Please use `change` instead for these purposes.

Note: This linter can be disabled with `set_option linter.style.show false`
warning: denote/yoco_goals/Pattern_4.lean:836:4: The `show` tactic should only be used to indicate intermediate goal states for readability.
However, this tactic invocation changed the goal. Please use `change` instead for these purposes.

Note: This linter can be disabled with `set_option linter.style.show false`
warning: denote/yoco_goals/Pattern_4.lean:839:4: The `show` tactic should only be used to indicate intermediate goal states for readability.
However, this tactic invocation changed the goal. Please use `change` instead for these purposes.

Note: This linter can be disabled with `set_option linter.style.show false`
warning: denote/yoco_goals/Pattern_4.lean:842:4: The `show` tactic should only be used to indicate intermediate goal states for readability.
However, this tactic invocation changed the goal. Please use `change` instead for these purposes.

Note: This linter can be disabled with `set_option linter.style.show false`
warning: denote/yoco_goals/Pattern_4.lean:845:4: The `show` tactic should only be used to indicate intermediate goal states for readability.
However, this tactic invocation changed the goal. Please use `change` instead for these purposes.

Note: This linter can be disabled with `set_option linter.style.show false`
warning: denote/yoco_goals/Pattern_4.lean:848:4: The `show` tactic should only be used to indicate intermediate goal states for readability.
However, this tactic invocation changed the goal. Please use `change` instead for these purposes.

Note: This linter can be disabled with `set_option linter.style.show false`
warning: denote/yoco_goals/Pattern_4.lean:851:4: The `show` tactic should only be used to indicate intermediate goal states for readability.
However, this tactic invocation changed the goal. Please use `change` instead for these purposes.

Note: This linter can be disabled with `set_option linter.style.show false`
warning: denote/yoco_goals/Pattern_4.lean:854:4: The `show` tactic should only be used to indicate intermediate goal states for readability.
However, this tactic invocation changed the goal. Please use `change` instead for these purposes.

Note: This linter can be disabled with `set_option linter.style.show false`
warning: denote/yoco_goals/Pattern_4.lean:857:4: The `show` tactic should only be used to indicate intermediate goal states for readability.
However, this tactic invocation changed the goal. Please use `change` instead for these purposes.

Note: This linter can be disabled with `set_option linter.style.show false`
warning: denote/yoco_goals/Pattern_4.lean:860:4: The `show` tactic should only be used to indicate intermediate goal states for readability.
However, this tactic invocation changed the goal. Please use `change` instead for these purposes.

Note: This linter can be disabled with `set_option linter.style.show false`
warning: denote/yoco_goals/Pattern_4.lean:863:4: The `show` tactic should only be used to indicate intermediate goal states for readability.
However, this tactic invocation changed the goal. Please use `change` instead for these purposes.

Note: This linter can be disabled with `set_option linter.style.show false`
warning: denote/yoco_goals/Pattern_4.lean:866:4: The `show` tactic should only be used to indicate intermediate goal states for readability.
However, this tactic invocation changed the goal. Please use `change` instead for these purposes.

Note: This linter can be disabled with `set_option linter.style.show false`
warning: denote/yoco_goals/Pattern_4.lean:869:4: The `show` tactic should only be used to indicate intermediate goal states for readability.
However, this tactic invocation changed the goal. Please use `change` instead for these purposes.

Note: This linter can be disabled with `set_option linter.style.show false`
warning: denote/yoco_goals/Pattern_4.lean:872:4: The `show` tactic should only be used to indicate intermediate goal states for readability.
However, this tactic invocation changed the goal. Please use `change` instead for these purposes.

Note: This linter can be disabled with `set_option linter.style.show false`
warning: denote/yoco_goals/Pattern_4.lean:875:4: The `show` tactic should only be used to indicate intermediate goal states for readability.
However, this tactic invocation changed the goal. Please use `change` instead for these purposes.

Note: This linter can be disabled with `set_option linter.style.show false`
warning: denote/yoco_goals/Pattern_4.lean:878:4: The `show` tactic should only be used to indicate intermediate goal states for readability.
However, this tactic invocation changed the goal. Please use `change` instead for these purposes.

Note: This linter can be disabled with `set_option linter.style.show false`
warning: denote/yoco_goals/Pattern_4.lean:881:4: The `show` tactic should only be used to indicate intermediate goal states for readability.
However, this tactic invocation changed the goal. Please use `change` instead for these purposes.

Note: This linter can be disabled with `set_option linter.style.show false`
warning: denote/yoco_goals/Pattern_4.lean:884:4: The `show` tactic should only be used to indicate intermediate goal states for readability.
However, this tactic invocation changed the goal. Please use `change` instead for these purposes.

Note: This linter can be disabled with `set_option linter.style.show false`
warning: denote/yoco_goals/Pattern_4.lean:887:4: The `show` tactic should only be used to indicate intermediate goal states for readability.
However, this tactic invocation changed the goal. Please use `change` instead for these purposes.

Note: This linter can be disabled with `set_option linter.style.show false`
warning: denote/yoco_goals/Pattern_4.lean:1212:15: This simp argument is unused:
  if_false

Hint: Omit it from the simp argument list.
  simp only [show (2048 : Nat) = 0 ↔ False by decide, show (64 : Nat) = 0 ↔ False by decide,
        show (2048 * 2 * 64 : Nat) = 0 ↔ False by decide, i̵f̵_̵f̵a̵l̵s̵e̵,̵ ̵iff_false, ↓reduceIte]

Note: This linter can be disabled with `set_option linter.unusedSimpArgs false`
warning: denote/yoco_goals/Pattern_4.lean:1212:25: This simp argument is unused:
  iff_false

Hint: Omit it from the simp argument list.
  simp only [show (2048 : Nat) = 0 ↔ False by decide, show (64 : Nat) = 0 ↔ False by decide,
        show (2048 * 2 * 64 : Nat) = 0 ↔ False by decide, if_false, i̵f̵f̵_̵f̵a̵l̵s̵e̵,̵ ̵↓reduceIte]

Note: This linter can be disabled with `set_option linter.unusedSimpArgs false`
warning: denote/yoco_goals/Pattern_4.lean:1257:68: This simp argument is unused:
  if_false

Hint: Omit it from the simp argument list.
  simp only [hshard, show (131072 : Nat) = 0 ↔ False by decide, i̵f̵_̵f̵a̵l̵s̵e̵,̵ ̵↓reduceIte, iff_false]

Note: This linter can be disabled with `set_option linter.unusedSimpArgs false`
warning: denote/yoco_goals/Pattern_4.lean:1257:90: This simp argument is unused:
  iff_false

Hint: Omit it from the simp argument list.
  simp only [hshard, show (131072 : Nat) = 0 ↔ False by decide, if_false, ↓reduceIte,̵ ̵i̵f̵f̵_̵f̵a̵l̵s̵e̵]

Note: This linter can be disabled with `set_option linter.unusedSimpArgs false`
warning: denote/yoco_goals/Pattern_4.lean:1048:4: The `show` tactic should only be used to indicate intermediate goal states for readability.
However, this tactic invocation changed the goal. Please use `change` instead for these purposes.

Note: This linter can be disabled with `set_option linter.style.show false`
warning: denote/yoco_goals/Pattern_4.lean:1214:4: The `show` tactic should only be used to indicate intermediate goal states for readability.
However, this tactic invocation changed the goal. Please use `change` instead for these purposes.

Note: This linter can be disabled with `set_option linter.style.show false`
warning: denote/yoco_goals/Pattern_4.lean:1268:6: The `show` tactic should only be used to indicate intermediate goal states for readability.
However, this tactic invocation changed the goal. Please use `change` instead for these purposes.

Note: This linter can be disabled with `set_option linter.style.show false`
warning: denote/yoco_goals/Pattern_4.lean:1273:6: The `show` tactic should only be used to indicate intermediate goal states for readability.
However, this tactic invocation changed the goal. Please use `change` instead for these purposes.

Note: This linter can be disabled with `set_option linter.style.show false`
warning: denote/yoco_goals/Pattern_4.lean:1340:27: This simp argument is unused:
  iff_false

Hint: Omit it from the simp argument list.
  simp only [show (2 : Nat) = 0 ↔ False by decide, show (64 : Nat) = 0 ↔ False by decide,
        show (2048 * 64 : Nat) = 0 ↔ False by decide, ↓̵r̵e̵d̵u̵c̵e̵I̵t̵e̵,̵ ̵i̵f̵f̵_̵f̵a̵l̵s̵e̵]̵↓̲r̲e̲d̲u̲c̲e̲I̲t̲e̲]̲

Note: This linter can be disabled with `set_option linter.unusedSimpArgs false`
warning: denote/yoco_goals/Pattern_4.lean:1361:15: This simp argument is unused:
  show (131072 : Nat) = 0 ↔ False by decide

Hint: Omit it from the simp argument list.
  simp only [̵s̵h̵o̵w̵ ̵(̵1̵3̵1̵0̵7̵2̵ ̵:̵ ̵N̵a̵t̵)̵ ̵=̵ ̵0̵ ̵↔̵ ̵F̵a̵l̵s̵e̵ ̵b̵y̵ ̵d̵e̵c̵i̵d̵e̵,̵ ̵↓̵r̵e̵d̵u̵c̵e̵I̵t̵e̵,̵[̲↓̲r̲e̲d̲u̲c̲e̲I̲t̲e̲,̲ iff_false, hDivBig, hModBig, hjc_div, hjc_mod]

Note: This linter can be disabled with `set_option linter.unusedSimpArgs false`
warning: denote/yoco_goals/Pattern_4.lean:1361:58: This simp argument is unused:
  ↓reduceIte

Hint: Omit it from the simp argument list.
  simp only [show (131072 : Nat) = 0 ↔ False by decide, ↓̵r̵e̵d̵u̵c̵e̵I̵t̵e̵,̵ ̵iff_false, hDivBig, hModBig, hjc_div,
  ̲  ̲ ̲ ̲ ̲ ̲hjc_mod]

Note: This linter can be disabled with `set_option linter.unusedSimpArgs false`
warning: denote/yoco_goals/Pattern_4.lean:1361:70: This simp argument is unused:
  iff_false

Hint: Omit it from the simp argument list.
  simp only [show (131072 : Nat) = 0 ↔ False by decide, ↓reduceIte, i̵f̵f̵_̵f̵a̵l̵s̵e̵,̵hDivBig, hModBig, hjc_div,
  ̲  ̲ ̲ ̲ ̲ ̲hjc_mod]

Note: This linter can be disabled with `set_option linter.unusedSimpArgs false`
warning: denote/yoco_goals/Pattern_4.lean:1506:25: This simp argument is unused:
  reconstructWithDim

Hint: Omit it from the simp argument list.
  simp only [List.map,̵ ̵r̵e̵c̵o̵n̵s̵t̵r̵u̵c̵t̵W̵i̵t̵h̵D̵i̵m̵]

Note: This linter can be disabled with `set_option linter.unusedSimpArgs false`
warning: denote/yoco_goals/Pattern_4.lean:1567:85: This simp argument is unused:
  iff_false

Hint: Omit it from the simp argument list.
  simp only [List.head?, Option.map_some, Option.getD_some, hp0_shape,
             ̵ ̵ ̵ ̵ ̵ ̵ ̵ ̵ ̵show ([2048, 64] : List Nat) = [1] ↔ False by decide, ↓reduceIte,̵ ̵i̵f̵f̵_̵f̵a̵l̵s̵e̵]

Note: This linter can be disabled with `set_option linter.unusedSimpArgs false`
warning: denote/yoco_goals/Pattern_4.lean:1816:32: This simp argument is unused:
  List.mem_singleton

Hint: Omit it from the simp argument list.
  simp only [List.mem_cons, L̵i̵s̵t̵.̵m̵e̵m̵_̵s̵i̵n̵g̵l̵e̵t̵o̵n̵,̵ ̵List.not_mem_nil, or_false] at ha

Note: This linter can be disabled with `set_option linter.unusedSimpArgs false`
warning: denote/yoco_goals/Pattern_4.lean:1846:32: This simp argument is unused:
  List.mem_singleton

Hint: Omit it from the simp argument list.
  simp only [List.mem_cons, L̵i̵s̵t̵.̵m̵e̵m̵_̵s̵i̵n̵g̵l̵e̵t̵o̵n̵,̵ ̵List.not_mem_nil, or_false] at hb

Note: This linter can be disabled with `set_option linter.unusedSimpArgs false`
warning: denote/yoco_goals/Pattern_4.lean:1369:78: Using `native_decide` is not allowed in mathlib: because it trusts the entire Lean compiler (not just the Lean kernel), it could quite possibly be used to prove false.

Note: This linter can be disabled with `set_option linter.style.nativeDecide false`
warning: denote/yoco_goals/Pattern_4.lean:1409:80: Using `native_decide` is not allowed in mathlib: because it trusts the entire Lean compiler (not just the Lean kernel), it could quite possibly be used to prove false.

Note: This linter can be disabled with `set_option linter.style.nativeDecide false`
warning: denote/yoco_goals/Pattern_4.lean:1514:80: Using `native_decide` is not allowed in mathlib: because it trusts the entire Lean compiler (not just the Lean kernel), it could quite possibly be used to prove false.

Note: This linter can be disabled with `set_option linter.style.nativeDecide false`
warning: denote/yoco_goals/Pattern_4.lean:1515:80: Using `native_decide` is not allowed in mathlib: because it trusts the entire Lean compiler (not just the Lean kernel), it could quite possibly be used to prove false.

Note: This linter can be disabled with `set_option linter.style.nativeDecide false`
warning: denote/yoco_goals/Pattern_4.lean:1538:58: Using `native_decide` is not allowed in mathlib: because it trusts the entire Lean compiler (not just the Lean kernel), it could quite possibly be used to prove false.

Note: This linter can be disabled with `set_option linter.style.nativeDecide false`
warning: denote/yoco_goals/Pattern_4.lean:1542:58: Using `native_decide` is not allowed in mathlib: because it trusts the entire Lean compiler (not just the Lean kernel), it could quite possibly be used to prove false.

Note: This linter can be disabled with `set_option linter.style.nativeDecide false`
warning: denote/yoco_goals/Pattern_4.lean:1571:80: Using `native_decide` is not allowed in mathlib: because it trusts the entire Lean compiler (not just the Lean kernel), it could quite possibly be used to prove false.

Note: This linter can be disabled with `set_option linter.style.nativeDecide false`
warning: denote/yoco_goals/Pattern_4.lean:1573:45: Using `native_decide` is not allowed in mathlib: because it trusts the entire Lean compiler (not just the Lean kernel), it could quite possibly be used to prove false.

Note: This linter can be disabled with `set_option linter.style.nativeDecide false`
warning: denote/yoco_goals/Pattern_4.lean:1575:80: Using `native_decide` is not allowed in mathlib: because it trusts the entire Lean compiler (not just the Lean kernel), it could quite possibly be used to prove false.

Note: This linter can be disabled with `set_option linter.style.nativeDecide false`
warning: denote/yoco_goals/Pattern_4.lean:1577:45: Using `native_decide` is not allowed in mathlib: because it trusts the entire Lean compiler (not just the Lean kernel), it could quite possibly be used to prove false.

Note: This linter can be disabled with `set_option linter.style.nativeDecide false`
warning: denote/yoco_goals/Pattern_4.lean:1579:80: Using `native_decide` is not allowed in mathlib: because it trusts the entire Lean compiler (not just the Lean kernel), it could quite possibly be used to prove false.

Note: This linter can be disabled with `set_option linter.style.nativeDecide false`
warning: denote/yoco_goals/Pattern_4.lean:1581:45: Using `native_decide` is not allowed in mathlib: because it trusts the entire Lean compiler (not just the Lean kernel), it could quite possibly be used to prove false.

Note: This linter can be disabled with `set_option linter.style.nativeDecide false`
warning: denote/yoco_goals/Pattern_4.lean:1583:80: Using `native_decide` is not allowed in mathlib: because it trusts the entire Lean compiler (not just the Lean kernel), it could quite possibly be used to prove false.

Note: This linter can be disabled with `set_option linter.style.nativeDecide false`
warning: denote/yoco_goals/Pattern_4.lean:1585:45: Using `native_decide` is not allowed in mathlib: because it trusts the entire Lean compiler (not just the Lean kernel), it could quite possibly be used to prove false.

Note: This linter can be disabled with `set_option linter.style.nativeDecide false`
warning: denote/yoco_goals/Pattern_4.lean:1587:80: Using `native_decide` is not allowed in mathlib: because it trusts the entire Lean compiler (not just the Lean kernel), it could quite possibly be used to prove false.

Note: This linter can be disabled with `set_option linter.style.nativeDecide false`
warning: denote/yoco_goals/Pattern_4.lean:1589:45: Using `native_decide` is not allowed in mathlib: because it trusts the entire Lean compiler (not just the Lean kernel), it could quite possibly be used to prove false.

Note: This linter can be disabled with `set_option linter.style.nativeDecide false`
warning: denote/yoco_goals/Pattern_4.lean:1591:80: Using `native_decide` is not allowed in mathlib: because it trusts the entire Lean compiler (not just the Lean kernel), it could quite possibly be used to prove false.

Note: This linter can be disabled with `set_option linter.style.nativeDecide false`
warning: denote/yoco_goals/Pattern_4.lean:1593:45: Using `native_decide` is not allowed in mathlib: because it trusts the entire Lean compiler (not just the Lean kernel), it could quite possibly be used to prove false.

Note: This linter can be disabled with `set_option linter.style.nativeDecide false`
warning: denote/yoco_goals/Pattern_4.lean:1595:80: Using `native_decide` is not allowed in mathlib: because it trusts the entire Lean compiler (not just the Lean kernel), it could quite possibly be used to prove false.

Note: This linter can be disabled with `set_option linter.style.nativeDecide false`
warning: denote/yoco_goals/Pattern_4.lean:1597:45: Using `native_decide` is not allowed in mathlib: because it trusts the entire Lean compiler (not just the Lean kernel), it could quite possibly be used to prove false.

Note: This linter can be disabled with `set_option linter.style.nativeDecide false`
warning: denote/yoco_goals/Pattern_4.lean:1599:80: Using `native_decide` is not allowed in mathlib: because it trusts the entire Lean compiler (not just the Lean kernel), it could quite possibly be used to prove false.

Note: This linter can be disabled with `set_option linter.style.nativeDecide false`
warning: denote/yoco_goals/Pattern_4.lean:1601:45: Using `native_decide` is not allowed in mathlib: because it trusts the entire Lean compiler (not just the Lean kernel), it could quite possibly be used to prove false.

Note: This linter can be disabled with `set_option linter.style.nativeDecide false`
warning: denote/yoco_goals/Pattern_4.lean:1603:80: Using `native_decide` is not allowed in mathlib: because it trusts the entire Lean compiler (not just the Lean kernel), it could quite possibly be used to prove false.

Note: This linter can be disabled with `set_option linter.style.nativeDecide false`
warning: denote/yoco_goals/Pattern_4.lean:1605:45: Using `native_decide` is not allowed in mathlib: because it trusts the entire Lean compiler (not just the Lean kernel), it could quite possibly be used to prove false.

Note: This linter can be disabled with `set_option linter.style.nativeDecide false`
warning: denote/yoco_goals/Pattern_4.lean:1607:80: Using `native_decide` is not allowed in mathlib: because it trusts the entire Lean compiler (not just the Lean kernel), it could quite possibly be used to prove false.

Note: This linter can be disabled with `set_option linter.style.nativeDecide false`
warning: denote/yoco_goals/Pattern_4.lean:1609:45: Using `native_decide` is not allowed in mathlib: because it trusts the entire Lean compiler (not just the Lean kernel), it could quite possibly be used to prove false.

Note: This linter can be disabled with `set_option linter.style.nativeDecide false`
warning: denote/yoco_goals/Pattern_4.lean:1611:80: Using `native_decide` is not allowed in mathlib: because it trusts the entire Lean compiler (not just the Lean kernel), it could quite possibly be used to prove false.

Note: This linter can be disabled with `set_option linter.style.nativeDecide false`
warning: denote/yoco_goals/Pattern_4.lean:1613:45: Using `native_decide` is not allowed in mathlib: because it trusts the entire Lean compiler (not just the Lean kernel), it could quite possibly be used to prove false.

Note: This linter can be disabled with `set_option linter.style.nativeDecide false`
warning: denote/yoco_goals/Pattern_4.lean:1615:80: Using `native_decide` is not allowed in mathlib: because it trusts the entire Lean compiler (not just the Lean kernel), it could quite possibly be used to prove false.

Note: This linter can be disabled with `set_option linter.style.nativeDecide false`
warning: denote/yoco_goals/Pattern_4.lean:1617:45: Using `native_decide` is not allowed in mathlib: because it trusts the entire Lean compiler (not just the Lean kernel), it could quite possibly be used to prove false.

Note: This linter can be disabled with `set_option linter.style.nativeDecide false`
warning: denote/yoco_goals/Pattern_4.lean:1619:83: Using `native_decide` is not allowed in mathlib: because it trusts the entire Lean compiler (not just the Lean kernel), it could quite possibly be used to prove false.

Note: This linter can be disabled with `set_option linter.style.nativeDecide false`
warning: denote/yoco_goals/Pattern_4.lean:1621:45: Using `native_decide` is not allowed in mathlib: because it trusts the entire Lean compiler (not just the Lean kernel), it could quite possibly be used to prove false.

Note: This linter can be disabled with `set_option linter.style.nativeDecide false`
warning: denote/yoco_goals/Pattern_4.lean:1623:83: Using `native_decide` is not allowed in mathlib: because it trusts the entire Lean compiler (not just the Lean kernel), it could quite possibly be used to prove false.

Note: This linter can be disabled with `set_option linter.style.nativeDecide false`
warning: denote/yoco_goals/Pattern_4.lean:1625:45: Using `native_decide` is not allowed in mathlib: because it trusts the entire Lean compiler (not just the Lean kernel), it could quite possibly be used to prove false.

Note: This linter can be disabled with `set_option linter.style.nativeDecide false`
warning: denote/yoco_goals/Pattern_4.lean:1627:83: Using `native_decide` is not allowed in mathlib: because it trusts the entire Lean compiler (not just the Lean kernel), it could quite possibly be used to prove false.

Note: This linter can be disabled with `set_option linter.style.nativeDecide false`
warning: denote/yoco_goals/Pattern_4.lean:1629:45: Using `native_decide` is not allowed in mathlib: because it trusts the entire Lean compiler (not just the Lean kernel), it could quite possibly be used to prove false.

Note: This linter can be disabled with `set_option linter.style.nativeDecide false`
warning: denote/yoco_goals/Pattern_4.lean:1631:83: Using `native_decide` is not allowed in mathlib: because it trusts the entire Lean compiler (not just the Lean kernel), it could quite possibly be used to prove false.

Note: This linter can be disabled with `set_option linter.style.nativeDecide false`
warning: denote/yoco_goals/Pattern_4.lean:1633:45: Using `native_decide` is not allowed in mathlib: because it trusts the entire Lean compiler (not just the Lean kernel), it could quite possibly be used to prove false.

Note: This linter can be disabled with `set_option linter.style.nativeDecide false`
warning: denote/yoco_goals/Pattern_4.lean:1635:83: Using `native_decide` is not allowed in mathlib: because it trusts the entire Lean compiler (not just the Lean kernel), it could quite possibly be used to prove false.

Note: This linter can be disabled with `set_option linter.style.nativeDecide false`
warning: denote/yoco_goals/Pattern_4.lean:1637:45: Using `native_decide` is not allowed in mathlib: because it trusts the entire Lean compiler (not just the Lean kernel), it could quite possibly be used to prove false.

Note: This linter can be disabled with `set_option linter.style.nativeDecide false`
warning: denote/yoco_goals/Pattern_4.lean:1639:83: Using `native_decide` is not allowed in mathlib: because it trusts the entire Lean compiler (not just the Lean kernel), it could quite possibly be used to prove false.

Note: This linter can be disabled with `set_option linter.style.nativeDecide false`
warning: denote/yoco_goals/Pattern_4.lean:1641:45: Using `native_decide` is not allowed in mathlib: because it trusts the entire Lean compiler (not just the Lean kernel), it could quite possibly be used to prove false.

Note: This linter can be disabled with `set_option linter.style.nativeDecide false`
warning: denote/yoco_goals/Pattern_4.lean:1643:83: Using `native_decide` is not allowed in mathlib: because it trusts the entire Lean compiler (not just the Lean kernel), it could quite possibly be used to prove false.

Note: This linter can be disabled with `set_option linter.style.nativeDecide false`
warning: denote/yoco_goals/Pattern_4.lean:1645:45: Using `native_decide` is not allowed in mathlib: because it trusts the entire Lean compiler (not just the Lean kernel), it could quite possibly be used to prove false.

Note: This linter can be disabled with `set_option linter.style.nativeDecide false`
warning: denote/yoco_goals/Pattern_4.lean:1647:83: Using `native_decide` is not allowed in mathlib: because it trusts the entire Lean compiler (not just the Lean kernel), it could quite possibly be used to prove false.

Note: This linter can be disabled with `set_option linter.style.nativeDecide false`
warning: denote/yoco_goals/Pattern_4.lean:1649:45: Using `native_decide` is not allowed in mathlib: because it trusts the entire Lean compiler (not just the Lean kernel), it could quite possibly be used to prove false.

Note: This linter can be disabled with `set_option linter.style.nativeDecide false`
warning: denote/yoco_goals/Pattern_4.lean:1651:83: Using `native_decide` is not allowed in mathlib: because it trusts the entire Lean compiler (not just the Lean kernel), it could quite possibly be used to prove false.

Note: This linter can be disabled with `set_option linter.style.nativeDecide false`
warning: denote/yoco_goals/Pattern_4.lean:1653:45: Using `native_decide` is not allowed in mathlib: because it trusts the entire Lean compiler (not just the Lean kernel), it could quite possibly be used to prove false.

Note: This linter can be disabled with `set_option linter.style.nativeDecide false`
warning: denote/yoco_goals/Pattern_4.lean:1655:83: Using `native_decide` is not allowed in mathlib: because it trusts the entire Lean compiler (not just the Lean kernel), it could quite possibly be used to prove false.

Note: This linter can be disabled with `set_option linter.style.nativeDecide false`
warning: denote/yoco_goals/Pattern_4.lean:1657:45: Using `native_decide` is not allowed in mathlib: because it trusts the entire Lean compiler (not just the Lean kernel), it could quite possibly be used to prove false.

Note: This linter can be disabled with `set_option linter.style.nativeDecide false`
warning: denote/yoco_goals/Pattern_4.lean:1690:88: Using `native_decide` is not allowed in mathlib: because it trusts the entire Lean compiler (not just the Lean kernel), it could quite possibly be used to prove false.

Note: This linter can be disabled with `set_option linter.style.nativeDecide false`
warning: denote/yoco_goals/Pattern_4.lean:1692:88: Using `native_decide` is not allowed in mathlib: because it trusts the entire Lean compiler (not just the Lean kernel), it could quite possibly be used to prove false.

Note: This linter can be disabled with `set_option linter.style.nativeDecide false`
warning: denote/yoco_goals/Pattern_4.lean:1694:88: Using `native_decide` is not allowed in mathlib: because it trusts the entire Lean compiler (not just the Lean kernel), it could quite possibly be used to prove false.

Note: This linter can be disabled with `set_option linter.style.nativeDecide false`
warning: denote/yoco_goals/Pattern_4.lean:1696:88: Using `native_decide` is not allowed in mathlib: because it trusts the entire Lean compiler (not just the Lean kernel), it could quite possibly be used to prove false.

Note: This linter can be disabled with `set_option linter.style.nativeDecide false`
warning: denote/yoco_goals/Pattern_4.lean:1698:88: Using `native_decide` is not allowed in mathlib: because it trusts the entire Lean compiler (not just the Lean kernel), it could quite possibly be used to prove false.

Note: This linter can be disabled with `set_option linter.style.nativeDecide false`
warning: denote/yoco_goals/Pattern_4.lean:1700:88: Using `native_decide` is not allowed in mathlib: because it trusts the entire Lean compiler (not just the Lean kernel), it could quite possibly be used to prove false.

Note: This linter can be disabled with `set_option linter.style.nativeDecide false`
warning: denote/yoco_goals/Pattern_4.lean:1702:88: Using `native_decide` is not allowed in mathlib: because it trusts the entire Lean compiler (not just the Lean kernel), it could quite possibly be used to prove false.

Note: This linter can be disabled with `set_option linter.style.nativeDecide false`
warning: denote/yoco_goals/Pattern_4.lean:1704:88: Using `native_decide` is not allowed in mathlib: because it trusts the entire Lean compiler (not just the Lean kernel), it could quite possibly be used to prove false.

Note: This linter can be disabled with `set_option linter.style.nativeDecide false`
warning: denote/yoco_goals/Pattern_4.lean:1706:88: Using `native_decide` is not allowed in mathlib: because it trusts the entire Lean compiler (not just the Lean kernel), it could quite possibly be used to prove false.

Note: This linter can be disabled with `set_option linter.style.nativeDecide false`
warning: denote/yoco_goals/Pattern_4.lean:1708:88: Using `native_decide` is not allowed in mathlib: because it trusts the entire Lean compiler (not just the Lean kernel), it could quite possibly be used to prove false.

Note: This linter can be disabled with `set_option linter.style.nativeDecide false`
warning: denote/yoco_goals/Pattern_4.lean:1710:88: Using `native_decide` is not allowed in mathlib: because it trusts the entire Lean compiler (not just the Lean kernel), it could quite possibly be used to prove false.

Note: This linter can be disabled with `set_option linter.style.nativeDecide false`
warning: denote/yoco_goals/Pattern_4.lean:1712:88: Using `native_decide` is not allowed in mathlib: because it trusts the entire Lean compiler (not just the Lean kernel), it could quite possibly be used to prove false.

Note: This linter can be disabled with `set_option linter.style.nativeDecide false`
warning: denote/yoco_goals/Pattern_4.lean:1714:90: Using `native_decide` is not allowed in mathlib: because it trusts the entire Lean compiler (not just the Lean kernel), it could quite possibly be used to prove false.

Note: This linter can be disabled with `set_option linter.style.nativeDecide false`
warning: denote/yoco_goals/Pattern_4.lean:1716:90: Using `native_decide` is not allowed in mathlib: because it trusts the entire Lean compiler (not just the Lean kernel), it could quite possibly be used to prove false.

Note: This linter can be disabled with `set_option linter.style.nativeDecide false`
warning: denote/yoco_goals/Pattern_4.lean:1718:90: Using `native_decide` is not allowed in mathlib: because it trusts the entire Lean compiler (not just the Lean kernel), it could quite possibly be used to prove false.

Note: This linter can be disabled with `set_option linter.style.nativeDecide false`
warning: denote/yoco_goals/Pattern_4.lean:1720:90: Using `native_decide` is not allowed in mathlib: because it trusts the entire Lean compiler (not just the Lean kernel), it could quite possibly be used to prove false.

Note: This linter can be disabled with `set_option linter.style.nativeDecide false`
warning: denote/yoco_goals/Pattern_4.lean:1722:90: Using `native_decide` is not allowed in mathlib: because it trusts the entire Lean compiler (not just the Lean kernel), it could quite possibly be used to prove false.

Note: This linter can be disabled with `set_option linter.style.nativeDecide false`
warning: denote/yoco_goals/Pattern_4.lean:1724:90: Using `native_decide` is not allowed in mathlib: because it trusts the entire Lean compiler (not just the Lean kernel), it could quite possibly be used to prove false.

Note: This linter can be disabled with `set_option linter.style.nativeDecide false`
warning: denote/yoco_goals/Pattern_4.lean:1726:90: Using `native_decide` is not allowed in mathlib: because it trusts the entire Lean compiler (not just the Lean kernel), it could quite possibly be used to prove false.

Note: This linter can be disabled with `set_option linter.style.nativeDecide false`
warning: denote/yoco_goals/Pattern_4.lean:1728:90: Using `native_decide` is not allowed in mathlib: because it trusts the entire Lean compiler (not just the Lean kernel), it could quite possibly be used to prove false.

Note: This linter can be disabled with `set_option linter.style.nativeDecide false`
warning: denote/yoco_goals/Pattern_4.lean:1730:90: Using `native_decide` is not allowed in mathlib: because it trusts the entire Lean compiler (not just the Lean kernel), it could quite possibly be used to prove false.

Note: This linter can be disabled with `set_option linter.style.nativeDecide false`
warning: denote/yoco_goals/Pattern_4.lean:1732:90: Using `native_decide` is not allowed in mathlib: because it trusts the entire Lean compiler (not just the Lean kernel), it could quite possibly be used to prove false.

Note: This linter can be disabled with `set_option linter.style.nativeDecide false`
warning: denote/yoco_goals/Pattern_4.lean:1847:82: Using `native_decide` is not allowed in mathlib: because it trusts the entire Lean compiler (not just the Lean kernel), it could quite possibly be used to prove false.

Note: This linter can be disabled with `set_option linter.style.nativeDecide false`
warning: denote/yoco_goals/Pattern_4.lean:1848:82: Using `native_decide` is not allowed in mathlib: because it trusts the entire Lean compiler (not just the Lean kernel), it could quite possibly be used to prove false.

Note: This linter can be disabled with `set_option linter.style.nativeDecide false`
warning: denote/yoco_goals/Pattern_4.lean:1849:82: Using `native_decide` is not allowed in mathlib: because it trusts the entire Lean compiler (not just the Lean kernel), it could quite possibly be used to prove false.

Note: This linter can be disabled with `set_option linter.style.nativeDecide false`
warning: denote/yoco_goals/Pattern_4.lean:1850:82: Using `native_decide` is not allowed in mathlib: because it trusts the entire Lean compiler (not just the Lean kernel), it could quite possibly be used to prove false.

Note: This linter can be disabled with `set_option linter.style.nativeDecide false`
warning: denote/yoco_goals/Pattern_4.lean:1851:82: Using `native_decide` is not allowed in mathlib: because it trusts the entire Lean compiler (not just the Lean kernel), it could quite possibly be used to prove false.

Note: This linter can be disabled with `set_option linter.style.nativeDecide false`
warning: denote/yoco_goals/Pattern_4.lean:1852:82: Using `native_decide` is not allowed in mathlib: because it trusts the entire Lean compiler (not just the Lean kernel), it could quite possibly be used to prove false.

Note: This linter can be disabled with `set_option linter.style.nativeDecide false`
warning: denote/yoco_goals/Pattern_4.lean:1853:82: Using `native_decide` is not allowed in mathlib: because it trusts the entire Lean compiler (not just the Lean kernel), it could quite possibly be used to prove false.

Note: This linter can be disabled with `set_option linter.style.nativeDecide false`
warning: denote/yoco_goals/Pattern_4.lean:1854:82: Using `native_decide` is not allowed in mathlib: because it trusts the entire Lean compiler (not just the Lean kernel), it could quite possibly be used to prove false.

Note: This linter can be disabled with `set_option linter.style.nativeDecide false`
warning: denote/yoco_goals/Pattern_4.lean:1855:82: Using `native_decide` is not allowed in mathlib: because it trusts the entire Lean compiler (not just the Lean kernel), it could quite possibly be used to prove false.

Note: This linter can be disabled with `set_option linter.style.nativeDecide false`
warning: denote/yoco_goals/Pattern_4.lean:1856:82: Using `native_decide` is not allowed in mathlib: because it trusts the entire Lean compiler (not just the Lean kernel), it could quite possibly be used to prove false.

Note: This linter can be disabled with `set_option linter.style.nativeDecide false`
warning: denote/yoco_goals/Pattern_4.lean:1857:82: Using `native_decide` is not allowed in mathlib: because it trusts the entire Lean compiler (not just the Lean kernel), it could quite possibly be used to prove false.

Note: This linter can be disabled with `set_option linter.style.nativeDecide false`
warning: denote/yoco_goals/Pattern_4.lean:1858:82: Using `native_decide` is not allowed in mathlib: because it trusts the entire Lean compiler (not just the Lean kernel), it could quite possibly be used to prove false.

Note: This linter can be disabled with `set_option linter.style.nativeDecide false`
warning: denote/yoco_goals/Pattern_4.lean:1859:85: Using `native_decide` is not allowed in mathlib: because it trusts the entire Lean compiler (not just the Lean kernel), it could quite possibly be used to prove false.

Note: This linter can be disabled with `set_option linter.style.nativeDecide false`
warning: denote/yoco_goals/Pattern_4.lean:1860:85: Using `native_decide` is not allowed in mathlib: because it trusts the entire Lean compiler (not just the Lean kernel), it could quite possibly be used to prove false.

Note: This linter can be disabled with `set_option linter.style.nativeDecide false`
warning: denote/yoco_goals/Pattern_4.lean:1861:85: Using `native_decide` is not allowed in mathlib: because it trusts the entire Lean compiler (not just the Lean kernel), it could quite possibly be used to prove false.

Note: This linter can be disabled with `set_option linter.style.nativeDecide false`
warning: denote/yoco_goals/Pattern_4.lean:1862:85: Using `native_decide` is not allowed in mathlib: because it trusts the entire Lean compiler (not just the Lean kernel), it could quite possibly be used to prove false.

Note: This linter can be disabled with `set_option linter.style.nativeDecide false`
warning: denote/yoco_goals/Pattern_4.lean:1863:85: Using `native_decide` is not allowed in mathlib: because it trusts the entire Lean compiler (not just the Lean kernel), it could quite possibly be used to prove false.

Note: This linter can be disabled with `set_option linter.style.nativeDecide false`
warning: denote/yoco_goals/Pattern_4.lean:1864:85: Using `native_decide` is not allowed in mathlib: because it trusts the entire Lean compiler (not just the Lean kernel), it could quite possibly be used to prove false.

Note: This linter can be disabled with `set_option linter.style.nativeDecide false`
warning: denote/yoco_goals/Pattern_4.lean:1865:85: Using `native_decide` is not allowed in mathlib: because it trusts the entire Lean compiler (not just the Lean kernel), it could quite possibly be used to prove false.

Note: This linter can be disabled with `set_option linter.style.nativeDecide false`
warning: denote/yoco_goals/Pattern_4.lean:1866:85: Using `native_decide` is not allowed in mathlib: because it trusts the entire Lean compiler (not just the Lean kernel), it could quite possibly be used to prove false.

Note: This linter can be disabled with `set_option linter.style.nativeDecide false`
warning: denote/yoco_goals/Pattern_4.lean:1867:85: Using `native_decide` is not allowed in mathlib: because it trusts the entire Lean compiler (not just the Lean kernel), it could quite possibly be used to prove false.

Note: This linter can be disabled with `set_option linter.style.nativeDecide false`
warning: denote/yoco_goals/Pattern_4.lean:1868:85: Using `native_decide` is not allowed in mathlib: because it trusts the entire Lean compiler (not just the Lean kernel), it could quite possibly be used to prove false.

Note: This linter can be disabled with `set_option linter.style.nativeDecide false`
warning: denote/yoco_goals/Pattern_4.lean:1374:4: The `show` tactic should only be used to indicate intermediate goal states for readability.
However, this tactic invocation changed the goal. Please use `change` instead for these purposes.

Note: This linter can be disabled with `set_option linter.style.show false`
warning: denote/yoco_goals/Pattern_4.lean:1908:40: '' starts on column 40, but all commands should start at the beginning of the line.

Note: This linter can be disabled with `set_option linter.style.whitespace false`
⚠ [2633/2637] Replayed denote.yoco_goals.Pattern_1
warning: denote/yoco_goals/Pattern_1.lean:10:0: Unscoped option maxHeartbeats is not allowed:
Please scope this to individual declarations, as in
```
set_option maxHeartbeats in
-- comment explaining why this is necessary
example : ... := ...
```

Note: This linter can be disabled with `set_option linter.style.setOption false`
warning: denote/yoco_goals/Pattern_1.lean:78:12: This simp argument is unused:
  h

Hint: Omit it from the simp argument list.
  simp [h̵,̵ ̵Tensor.mkShape]

Note: This linter can be disabled with `set_option linter.unusedSimpArgs false`
warning: denote/yoco_goals/Pattern_1.lean:179:0: Please, write a comment here or remove this line, but do not place empty lines within commands!
Context:
                                                                                                  ↓
  ⏎  set S23 : Store := (sm_goal_1.nodes.take 23).foldl (applyNode sm_goal_1) initSM with hS23_def⏎⏎  -- Sj=24 written by node_23 (FW_rms_norm), outs=[5930], tid=5930⏎

Note: This linter can be disabled with `set_option linter.style.emptyLine false`
warning: denote/yoco_goals/Pattern_1.lean:183:4: The `show` tactic should only be used to indicate intermediate goal states for readability.
However, this tactic invocation changed the goal. Please use `change` instead for these purposes.

Note: This linter can be disabled with `set_option linter.style.show false`
warning: denote/yoco_goals/Pattern_1.lean:197:4: The `show` tactic should only be used to indicate intermediate goal states for readability.
However, this tactic invocation changed the goal. Please use `change` instead for these purposes.

Note: This linter can be disabled with `set_option linter.style.show false`
warning: denote/yoco_goals/Pattern_1.lean:208:4: The `show` tactic should only be used to indicate intermediate goal states for readability.
However, this tactic invocation changed the goal. Please use `change` instead for these purposes.

Note: This linter can be disabled with `set_option linter.style.show false`
warning: denote/yoco_goals/Pattern_1.lean:222:4: The `show` tactic should only be used to indicate intermediate goal states for readability.
However, this tactic invocation changed the goal. Please use `change` instead for these purposes.

Note: This linter can be disabled with `set_option linter.style.show false`
warning: denote/yoco_goals/Pattern_1.lean:230:4: The `show` tactic should only be used to indicate intermediate goal states for readability.
However, this tactic invocation changed the goal. Please use `change` instead for these purposes.

Note: This linter can be disabled with `set_option linter.style.show false`
warning: denote/yoco_goals/Pattern_1.lean:239:4: The `show` tactic should only be used to indicate intermediate goal states for readability.
However, this tactic invocation changed the goal. Please use `change` instead for these purposes.

Note: This linter can be disabled with `set_option linter.style.show false`
warning: denote/yoco_goals/Pattern_1.lean:250:4: The `show` tactic should only be used to indicate intermediate goal states for readability.
However, this tactic invocation changed the goal. Please use `change` instead for these purposes.

Note: This linter can be disabled with `set_option linter.style.show false`
warning: denote/yoco_goals/Pattern_1.lean:258:4: The `show` tactic should only be used to indicate intermediate goal states for readability.
However, this tactic invocation changed the goal. Please use `change` instead for these purposes.

Note: This linter can be disabled with `set_option linter.style.show false`
warning: denote/yoco_goals/Pattern_1.lean:269:4: The `show` tactic should only be used to indicate intermediate goal states for readability.
However, this tactic invocation changed the goal. Please use `change` instead for these purposes.

Note: This linter can be disabled with `set_option linter.style.show false`
warning: denote/yoco_goals/Pattern_1.lean:292:4: The `show` tactic should only be used to indicate intermediate goal states for readability.
However, this tactic invocation changed the goal. Please use `change` instead for these purposes.

Note: This linter can be disabled with `set_option linter.style.show false`
warning: denote/yoco_goals/Pattern_1.lean:300:4: The `show` tactic should only be used to indicate intermediate goal states for readability.
However, this tactic invocation changed the goal. Please use `change` instead for these purposes.

Note: This linter can be disabled with `set_option linter.style.show false`
warning: denote/yoco_goals/Pattern_1.lean:308:4: The `show` tactic should only be used to indicate intermediate goal states for readability.
However, this tactic invocation changed the goal. Please use `change` instead for these purposes.

Note: This linter can be disabled with `set_option linter.style.show false`
warning: denote/yoco_goals/Pattern_1.lean:321:4: The `show` tactic should only be used to indicate intermediate goal states for readability.
However, this tactic invocation changed the goal. Please use `change` instead for these purposes.

Note: This linter can be disabled with `set_option linter.style.show false`
warning: denote/yoco_goals/Pattern_1.lean:329:4: The `show` tactic should only be used to indicate intermediate goal states for readability.
However, this tactic invocation changed the goal. Please use `change` instead for these purposes.

Note: This linter can be disabled with `set_option linter.style.show false`
warning: denote/yoco_goals/Pattern_1.lean:340:4: The `show` tactic should only be used to indicate intermediate goal states for readability.
However, this tactic invocation changed the goal. Please use `change` instead for these purposes.

Note: This linter can be disabled with `set_option linter.style.show false`
warning: denote/yoco_goals/Pattern_1.lean:357:4: The `show` tactic should only be used to indicate intermediate goal states for readability.
However, this tactic invocation changed the goal. Please use `change` instead for these purposes.

Note: This linter can be disabled with `set_option linter.style.show false`
warning: denote/yoco_goals/Pattern_1.lean:365:4: The `show` tactic should only be used to indicate intermediate goal states for readability.
However, this tactic invocation changed the goal. Please use `change` instead for these purposes.

Note: This linter can be disabled with `set_option linter.style.show false`
warning: denote/yoco_goals/Pattern_1.lean:382:4: The `show` tactic should only be used to indicate intermediate goal states for readability.
However, this tactic invocation changed the goal. Please use `change` instead for these purposes.

Note: This linter can be disabled with `set_option linter.style.show false`
warning: denote/yoco_goals/Pattern_1.lean:390:4: The `show` tactic should only be used to indicate intermediate goal states for readability.
However, this tactic invocation changed the goal. Please use `change` instead for these purposes.

Note: This linter can be disabled with `set_option linter.style.show false`
warning: denote/yoco_goals/Pattern_1.lean:398:4: The `show` tactic should only be used to indicate intermediate goal states for readability.
However, this tactic invocation changed the goal. Please use `change` instead for these purposes.

Note: This linter can be disabled with `set_option linter.style.show false`
warning: denote/yoco_goals/Pattern_1.lean:418:4: The `show` tactic should only be used to indicate intermediate goal states for readability.
However, this tactic invocation changed the goal. Please use `change` instead for these purposes.

Note: This linter can be disabled with `set_option linter.style.show false`
warning: denote/yoco_goals/Pattern_1.lean:426:4: The `show` tactic should only be used to indicate intermediate goal states for readability.
However, this tactic invocation changed the goal. Please use `change` instead for these purposes.

Note: This linter can be disabled with `set_option linter.style.show false`
warning: denote/yoco_goals/Pattern_1.lean:434:4: The `show` tactic should only be used to indicate intermediate goal states for readability.
However, this tactic invocation changed the goal. Please use `change` instead for these purposes.

Note: This linter can be disabled with `set_option linter.style.show false`
warning: denote/yoco_goals/Pattern_1.lean:442:4: The `show` tactic should only be used to indicate intermediate goal states for readability.
However, this tactic invocation changed the goal. Please use `change` instead for these purposes.

Note: This linter can be disabled with `set_option linter.style.show false`
warning: denote/yoco_goals/Pattern_1.lean:462:4: The `show` tactic should only be used to indicate intermediate goal states for readability.
However, this tactic invocation changed the goal. Please use `change` instead for these purposes.

Note: This linter can be disabled with `set_option linter.style.show false`
warning: denote/yoco_goals/Pattern_1.lean:470:4: The `show` tactic should only be used to indicate intermediate goal states for readability.
However, this tactic invocation changed the goal. Please use `change` instead for these purposes.

Note: This linter can be disabled with `set_option linter.style.show false`
warning: denote/yoco_goals/Pattern_1.lean:484:4: The `show` tactic should only be used to indicate intermediate goal states for readability.
However, this tactic invocation changed the goal. Please use `change` instead for these purposes.

Note: This linter can be disabled with `set_option linter.style.show false`
warning: denote/yoco_goals/Pattern_1.lean:492:4: The `show` tactic should only be used to indicate intermediate goal states for readability.
However, this tactic invocation changed the goal. Please use `change` instead for these purposes.

Note: This linter can be disabled with `set_option linter.style.show false`
warning: denote/yoco_goals/Pattern_1.lean:350:35: Used `tac1 <;> tac2` where `(tac1; tac2)` would suffice

Note: This linter can be disabled with `set_option linter.unnecessarySeqFocus false`
warning: denote/yoco_goals/Pattern_1.lean:477:35: Used `tac1 <;> tac2` where `(tac1; tac2)` would suffice

Note: This linter can be disabled with `set_option linter.unnecessarySeqFocus false`
warning: denote/yoco_goals/Pattern_1.lean:589:23: This simp argument is unused:
  List.map_cons

Hint: Omit it from the simp argument list.
  simp only [List.map, L̵i̵s̵t̵.̵m̵a̵p̵_̵c̵o̵n̵s̵,̵ ̵List.map_nil]

Note: This linter can be disabled with `set_option linter.unusedSimpArgs false`
warning: denote/yoco_goals/Pattern_1.lean:589:38: This simp argument is unused:
  List.map_nil

Hint: Omit it from the simp argument list.
  simp only [List.map, List.map_cons,̵ ̵L̵i̵s̵t̵.̵m̵a̵p̵_̵n̵i̵l̵]

Note: This linter can be disabled with `set_option linter.unusedSimpArgs false`
warning: denote/yoco_goals/Pattern_1.lean:596:4: The `show` tactic should only be used to indicate intermediate goal states for readability.
However, this tactic invocation changed the goal. Please use `change` instead for these purposes.

Note: This linter can be disabled with `set_option linter.style.show false`
warning: denote/yoco_goals/Pattern_1.lean:604:4: The `show` tactic should only be used to indicate intermediate goal states for readability.
However, this tactic invocation changed the goal. Please use `change` instead for these purposes.

Note: This linter can be disabled with `set_option linter.style.show false`
warning: denote/yoco_goals/Pattern_1.lean:630:4: The `show` tactic should only be used to indicate intermediate goal states for readability.
However, this tactic invocation changed the goal. Please use `change` instead for these purposes.

Note: This linter can be disabled with `set_option linter.style.show false`
warning: denote/yoco_goals/Pattern_1.lean:638:4: The `show` tactic should only be used to indicate intermediate goal states for readability.
However, this tactic invocation changed the goal. Please use `change` instead for these purposes.

Note: This linter can be disabled with `set_option linter.style.show false`
warning: denote/yoco_goals/Pattern_1.lean:646:4: The `show` tactic should only be used to indicate intermediate goal states for readability.
However, this tactic invocation changed the goal. Please use `change` instead for these purposes.

Note: This linter can be disabled with `set_option linter.style.show false`
warning: denote/yoco_goals/Pattern_1.lean:654:4: The `show` tactic should only be used to indicate intermediate goal states for readability.
However, this tactic invocation changed the goal. Please use `change` instead for these purposes.

Note: This linter can be disabled with `set_option linter.style.show false`
warning: denote/yoco_goals/Pattern_1.lean:678:4: The `show` tactic should only be used to indicate intermediate goal states for readability.
However, this tactic invocation changed the goal. Please use `change` instead for these purposes.

Note: This linter can be disabled with `set_option linter.style.show false`
warning: denote/yoco_goals/Pattern_1.lean:686:4: The `show` tactic should only be used to indicate intermediate goal states for readability.
However, this tactic invocation changed the goal. Please use `change` instead for these purposes.

Note: This linter can be disabled with `set_option linter.style.show false`
warning: denote/yoco_goals/Pattern_1.lean:706:4: The `show` tactic should only be used to indicate intermediate goal states for readability.
However, this tactic invocation changed the goal. Please use `change` instead for these purposes.

Note: This linter can be disabled with `set_option linter.style.show false`
warning: denote/yoco_goals/Pattern_1.lean:714:4: The `show` tactic should only be used to indicate intermediate goal states for readability.
However, this tactic invocation changed the goal. Please use `change` instead for these purposes.

Note: This linter can be disabled with `set_option linter.style.show false`
warning: denote/yoco_goals/Pattern_1.lean:734:4: The `show` tactic should only be used to indicate intermediate goal states for readability.
However, this tactic invocation changed the goal. Please use `change` instead for these purposes.

Note: This linter can be disabled with `set_option linter.style.show false`
warning: denote/yoco_goals/Pattern_1.lean:742:4: The `show` tactic should only be used to indicate intermediate goal states for readability.
However, this tactic invocation changed the goal. Please use `change` instead for these purposes.

Note: This linter can be disabled with `set_option linter.style.show false`
warning: denote/yoco_goals/Pattern_1.lean:750:4: The `show` tactic should only be used to indicate intermediate goal states for readability.
However, this tactic invocation changed the goal. Please use `change` instead for these purposes.

Note: This linter can be disabled with `set_option linter.style.show false`
warning: denote/yoco_goals/Pattern_1.lean:758:4: The `show` tactic should only be used to indicate intermediate goal states for readability.
However, this tactic invocation changed the goal. Please use `change` instead for these purposes.

Note: This linter can be disabled with `set_option linter.style.show false`
warning: denote/yoco_goals/Pattern_1.lean:778:4: The `show` tactic should only be used to indicate intermediate goal states for readability.
However, this tactic invocation changed the goal. Please use `change` instead for these purposes.

Note: This linter can be disabled with `set_option linter.style.show false`
warning: denote/yoco_goals/Pattern_1.lean:786:4: The `show` tactic should only be used to indicate intermediate goal states for readability.
However, this tactic invocation changed the goal. Please use `change` instead for these purposes.

Note: This linter can be disabled with `set_option linter.style.show false`
warning: denote/yoco_goals/Pattern_1.lean:806:4: The `show` tactic should only be used to indicate intermediate goal states for readability.
However, this tactic invocation changed the goal. Please use `change` instead for these purposes.

Note: This linter can be disabled with `set_option linter.style.show false`
warning: denote/yoco_goals/Pattern_1.lean:816:4: The `show` tactic should only be used to indicate intermediate goal states for readability.
However, this tactic invocation changed the goal. Please use `change` instead for these purposes.

Note: This linter can be disabled with `set_option linter.style.show false`
warning: denote/yoco_goals/Pattern_1.lean:824:4: The `show` tactic should only be used to indicate intermediate goal states for readability.
However, this tactic invocation changed the goal. Please use `change` instead for these purposes.

Note: This linter can be disabled with `set_option linter.style.show false`
warning: denote/yoco_goals/Pattern_1.lean:834:4: The `show` tactic should only be used to indicate intermediate goal states for readability.
However, this tactic invocation changed the goal. Please use `change` instead for these purposes.

Note: This linter can be disabled with `set_option linter.style.show false`
warning: denote/yoco_goals/Pattern_1.lean:896:4: The `show` tactic should only be used to indicate intermediate goal states for readability.
However, this tactic invocation changed the goal. Please use `change` instead for these purposes.

Note: This linter can be disabled with `set_option linter.style.show false`
warning: denote/yoco_goals/Pattern_1.lean:909:4: The `show` tactic should only be used to indicate intermediate goal states for readability.
However, this tactic invocation changed the goal. Please use `change` instead for these purposes.

Note: This linter can be disabled with `set_option linter.style.show false`
warning: denote/yoco_goals/Pattern_1.lean:917:4: The `show` tactic should only be used to indicate intermediate goal states for readability.
However, this tactic invocation changed the goal. Please use `change` instead for these purposes.

Note: This linter can be disabled with `set_option linter.style.show false`
warning: denote/yoco_goals/Pattern_1.lean:925:4: The `show` tactic should only be used to indicate intermediate goal states for readability.
However, this tactic invocation changed the goal. Please use `change` instead for these purposes.

Note: This linter can be disabled with `set_option linter.style.show false`
warning: denote/yoco_goals/Pattern_1.lean:933:4: The `show` tactic should only be used to indicate intermediate goal states for readability.
However, this tactic invocation changed the goal. Please use `change` instead for these purposes.

Note: This linter can be disabled with `set_option linter.style.show false`
warning: denote/yoco_goals/Pattern_1.lean:941:4: The `show` tactic should only be used to indicate intermediate goal states for readability.
However, this tactic invocation changed the goal. Please use `change` instead for these purposes.

Note: This linter can be disabled with `set_option linter.style.show false`
warning: denote/yoco_goals/Pattern_1.lean:954:4: The `show` tactic should only be used to indicate intermediate goal states for readability.
However, this tactic invocation changed the goal. Please use `change` instead for these purposes.

Note: This linter can be disabled with `set_option linter.style.show false`
warning: denote/yoco_goals/Pattern_1.lean:962:4: The `show` tactic should only be used to indicate intermediate goal states for readability.
However, this tactic invocation changed the goal. Please use `change` instead for these purposes.

Note: This linter can be disabled with `set_option linter.style.show false`
warning: denote/yoco_goals/Pattern_1.lean:970:4: The `show` tactic should only be used to indicate intermediate goal states for readability.
However, this tactic invocation changed the goal. Please use `change` instead for these purposes.

Note: This linter can be disabled with `set_option linter.style.show false`
warning: denote/yoco_goals/Pattern_1.lean:978:4: The `show` tactic should only be used to indicate intermediate goal states for readability.
However, this tactic invocation changed the goal. Please use `change` instead for these purposes.

Note: This linter can be disabled with `set_option linter.style.show false`
warning: denote/yoco_goals/Pattern_1.lean:1010:4: The `show` tactic should only be used to indicate intermediate goal states for readability.
However, this tactic invocation changed the goal. Please use `change` instead for these purposes.

Note: This linter can be disabled with `set_option linter.style.show false`
warning: denote/yoco_goals/Pattern_1.lean:1018:4: The `show` tactic should only be used to indicate intermediate goal states for readability.
However, this tactic invocation changed the goal. Please use `change` instead for these purposes.

Note: This linter can be disabled with `set_option linter.style.show false`
warning: denote/yoco_goals/Pattern_1.lean:1026:4: The `show` tactic should only be used to indicate intermediate goal states for readability.
However, this tactic invocation changed the goal. Please use `change` instead for these purposes.

Note: This linter can be disabled with `set_option linter.style.show false`
warning: denote/yoco_goals/Pattern_1.lean:1034:4: The `show` tactic should only be used to indicate intermediate goal states for readability.
However, this tactic invocation changed the goal. Please use `change` instead for these purposes.

Note: This linter can be disabled with `set_option linter.style.show false`
warning: denote/yoco_goals/Pattern_1.lean:1060:4: The `show` tactic should only be used to indicate intermediate goal states for readability.
However, this tactic invocation changed the goal. Please use `change` instead for these purposes.

Note: This linter can be disabled with `set_option linter.style.show false`
warning: denote/yoco_goals/Pattern_1.lean:1068:4: The `show` tactic should only be used to indicate intermediate goal states for readability.
However, this tactic invocation changed the goal. Please use `change` instead for these purposes.

Note: This linter can be disabled with `set_option linter.style.show false`
warning: denote/yoco_goals/Pattern_1.lean:1076:4: The `show` tactic should only be used to indicate intermediate goal states for readability.
However, this tactic invocation changed the goal. Please use `change` instead for these purposes.

Note: This linter can be disabled with `set_option linter.style.show false`
warning: denote/yoco_goals/Pattern_1.lean:1084:4: The `show` tactic should only be used to indicate intermediate goal states for readability.
However, this tactic invocation changed the goal. Please use `change` instead for these purposes.

Note: This linter can be disabled with `set_option linter.style.show false`
warning: denote/yoco_goals/Pattern_1.lean:1110:4: The `show` tactic should only be used to indicate intermediate goal states for readability.
However, this tactic invocation changed the goal. Please use `change` instead for these purposes.

Note: This linter can be disabled with `set_option linter.style.show false`
warning: denote/yoco_goals/Pattern_1.lean:1118:4: The `show` tactic should only be used to indicate intermediate goal states for readability.
However, this tactic invocation changed the goal. Please use `change` instead for these purposes.

Note: This linter can be disabled with `set_option linter.style.show false`
warning: denote/yoco_goals/Pattern_1.lean:1126:4: The `show` tactic should only be used to indicate intermediate goal states for readability.
However, this tactic invocation changed the goal. Please use `change` instead for these purposes.

Note: This linter can be disabled with `set_option linter.style.show false`
warning: denote/yoco_goals/Pattern_1.lean:1134:4: The `show` tactic should only be used to indicate intermediate goal states for readability.
However, this tactic invocation changed the goal. Please use `change` instead for these purposes.

Note: This linter can be disabled with `set_option linter.style.show false`
warning: denote/yoco_goals/Pattern_1.lean:1160:4: The `show` tactic should only be used to indicate intermediate goal states for readability.
However, this tactic invocation changed the goal. Please use `change` instead for these purposes.

Note: This linter can be disabled with `set_option linter.style.show false`
warning: denote/yoco_goals/Pattern_1.lean:1168:4: The `show` tactic should only be used to indicate intermediate goal states for readability.
However, this tactic invocation changed the goal. Please use `change` instead for these purposes.

Note: This linter can be disabled with `set_option linter.style.show false`
warning: denote/yoco_goals/Pattern_1.lean:1176:4: The `show` tactic should only be used to indicate intermediate goal states for readability.
However, this tactic invocation changed the goal. Please use `change` instead for these purposes.

Note: This linter can be disabled with `set_option linter.style.show false`
warning: denote/yoco_goals/Pattern_1.lean:1184:4: The `show` tactic should only be used to indicate intermediate goal states for readability.
However, this tactic invocation changed the goal. Please use `change` instead for these purposes.

Note: This linter can be disabled with `set_option linter.style.show false`
warning: denote/yoco_goals/Pattern_1.lean:1192:4: The `show` tactic should only be used to indicate intermediate goal states for readability.
However, this tactic invocation changed the goal. Please use `change` instead for these purposes.

Note: This linter can be disabled with `set_option linter.style.show false`
warning: denote/yoco_goals/Pattern_1.lean:1200:4: The `show` tactic should only be used to indicate intermediate goal states for readability.
However, this tactic invocation changed the goal. Please use `change` instead for these purposes.

Note: This linter can be disabled with `set_option linter.style.show false`
warning: denote/yoco_goals/Pattern_1.lean:1220:4: The `show` tactic should only be used to indicate intermediate goal states for readability.
However, this tactic invocation changed the goal. Please use `change` instead for these purposes.

Note: This linter can be disabled with `set_option linter.style.show false`
warning: denote/yoco_goals/Pattern_1.lean:1228:4: The `show` tactic should only be used to indicate intermediate goal states for readability.
However, this tactic invocation changed the goal. Please use `change` instead for these purposes.

Note: This linter can be disabled with `set_option linter.style.show false`
warning: denote/yoco_goals/Pattern_1.lean:1236:4: The `show` tactic should only be used to indicate intermediate goal states for readability.
However, this tactic invocation changed the goal. Please use `change` instead for these purposes.

Note: This linter can be disabled with `set_option linter.style.show false`
warning: denote/yoco_goals/Pattern_1.lean:1244:4: The `show` tactic should only be used to indicate intermediate goal states for readability.
However, this tactic invocation changed the goal. Please use `change` instead for these purposes.

Note: This linter can be disabled with `set_option linter.style.show false`
warning: denote/yoco_goals/Pattern_1.lean:1276:4: The `show` tactic should only be used to indicate intermediate goal states for readability.
However, this tactic invocation changed the goal. Please use `change` instead for these purposes.

Note: This linter can be disabled with `set_option linter.style.show false`
warning: denote/yoco_goals/Pattern_1.lean:1284:4: The `show` tactic should only be used to indicate intermediate goal states for readability.
However, this tactic invocation changed the goal. Please use `change` instead for these purposes.

Note: This linter can be disabled with `set_option linter.style.show false`
warning: denote/yoco_goals/Pattern_1.lean:1292:4: The `show` tactic should only be used to indicate intermediate goal states for readability.
However, this tactic invocation changed the goal. Please use `change` instead for these purposes.

Note: This linter can be disabled with `set_option linter.style.show false`
warning: denote/yoco_goals/Pattern_1.lean:1300:4: The `show` tactic should only be used to indicate intermediate goal states for readability.
However, this tactic invocation changed the goal. Please use `change` instead for these purposes.

Note: This linter can be disabled with `set_option linter.style.show false`
warning: denote/yoco_goals/Pattern_1.lean:1320:4: The `show` tactic should only be used to indicate intermediate goal states for readability.
However, this tactic invocation changed the goal. Please use `change` instead for these purposes.

Note: This linter can be disabled with `set_option linter.style.show false`
warning: denote/yoco_goals/Pattern_1.lean:1328:4: The `show` tactic should only be used to indicate intermediate goal states for readability.
However, this tactic invocation changed the goal. Please use `change` instead for these purposes.

Note: This linter can be disabled with `set_option linter.style.show false`
warning: denote/yoco_goals/Pattern_1.lean:1336:4: The `show` tactic should only be used to indicate intermediate goal states for readability.
However, this tactic invocation changed the goal. Please use `change` instead for these purposes.

Note: This linter can be disabled with `set_option linter.style.show false`
warning: denote/yoco_goals/Pattern_1.lean:1344:4: The `show` tactic should only be used to indicate intermediate goal states for readability.
However, this tactic invocation changed the goal. Please use `change` instead for these purposes.

Note: This linter can be disabled with `set_option linter.style.show false`
warning: denote/yoco_goals/Pattern_1.lean:592:35: Used `tac1 <;> tac2` where `(tac1; tac2)` would suffice

Note: This linter can be disabled with `set_option linter.unnecessarySeqFocus false`
warning: denote/yoco_goals/Pattern_1.lean:611:35: Used `tac1 <;> tac2` where `(tac1; tac2)` would suffice

Note: This linter can be disabled with `set_option linter.unnecessarySeqFocus false`
warning: denote/yoco_goals/Pattern_1.lean:620:35: Used `tac1 <;> tac2` where `(tac1; tac2)` would suffice

Note: This linter can be disabled with `set_option linter.unnecessarySeqFocus false`
warning: denote/yoco_goals/Pattern_1.lean:662:35: Used `tac1 <;> tac2` where `(tac1; tac2)` would suffice

Note: This linter can be disabled with `set_option linter.unnecessarySeqFocus false`
warning: denote/yoco_goals/Pattern_1.lean:668:35: Used `tac1 <;> tac2` where `(tac1; tac2)` would suffice

Note: This linter can be disabled with `set_option linter.unnecessarySeqFocus false`
warning: denote/yoco_goals/Pattern_1.lean:671:35: Used `tac1 <;> tac2` where `(tac1; tac2)` would suffice

Note: This linter can be disabled with `set_option linter.unnecessarySeqFocus false`
warning: denote/yoco_goals/Pattern_1.lean:693:35: Used `tac1 <;> tac2` where `(tac1; tac2)` would suffice

Note: This linter can be disabled with `set_option linter.unnecessarySeqFocus false`
warning: denote/yoco_goals/Pattern_1.lean:699:35: Used `tac1 <;> tac2` where `(tac1; tac2)` would suffice

Note: This linter can be disabled with `set_option linter.unnecessarySeqFocus false`
warning: denote/yoco_goals/Pattern_1.lean:724:35: Used `tac1 <;> tac2` where `(tac1; tac2)` would suffice

Note: This linter can be disabled with `set_option linter.unnecessarySeqFocus false`
warning: denote/yoco_goals/Pattern_1.lean:730:35: Used `tac1 <;> tac2` where `(tac1; tac2)` would suffice

Note: This linter can be disabled with `set_option linter.unnecessarySeqFocus false`
warning: denote/yoco_goals/Pattern_1.lean:768:35: Used `tac1 <;> tac2` where `(tac1; tac2)` would suffice

Note: This linter can be disabled with `set_option linter.unnecessarySeqFocus false`
warning: denote/yoco_goals/Pattern_1.lean:774:35: Used `tac1 <;> tac2` where `(tac1; tac2)` would suffice

Note: This linter can be disabled with `set_option linter.unnecessarySeqFocus false`
warning: denote/yoco_goals/Pattern_1.lean:796:35: Used `tac1 <;> tac2` where `(tac1; tac2)` would suffice

Note: This linter can be disabled with `set_option linter.unnecessarySeqFocus false`
warning: denote/yoco_goals/Pattern_1.lean:802:35: Used `tac1 <;> tac2` where `(tac1; tac2)` would suffice

Note: This linter can be disabled with `set_option linter.unnecessarySeqFocus false`
warning: denote/yoco_goals/Pattern_1.lean:865:35: Used `tac1 <;> tac2` where `(tac1; tac2)` would suffice

Note: This linter can be disabled with `set_option linter.unnecessarySeqFocus false`
warning: denote/yoco_goals/Pattern_1.lean:892:35: Used `tac1 <;> tac2` where `(tac1; tac2)` would suffice

Note: This linter can be disabled with `set_option linter.unnecessarySeqFocus false`
warning: denote/yoco_goals/Pattern_1.lean:994:35: Used `tac1 <;> tac2` where `(tac1; tac2)` would suffice

Note: This linter can be disabled with `set_option linter.unnecessarySeqFocus false`
warning: denote/yoco_goals/Pattern_1.lean:1006:35: Used `tac1 <;> tac2` where `(tac1; tac2)` would suffice

Note: This linter can be disabled with `set_option linter.unnecessarySeqFocus false`
warning: denote/yoco_goals/Pattern_1.lean:1044:35: Used `tac1 <;> tac2` where `(tac1; tac2)` would suffice

Note: This linter can be disabled with `set_option linter.unnecessarySeqFocus false`
warning: denote/yoco_goals/Pattern_1.lean:1053:35: Used `tac1 <;> tac2` where `(tac1; tac2)` would suffice

Note: This linter can be disabled with `set_option linter.unnecessarySeqFocus false`
warning: denote/yoco_goals/Pattern_1.lean:1097:35: Used `tac1 <;> tac2` where `(tac1; tac2)` would suffice

Note: This linter can be disabled with `set_option linter.unnecessarySeqFocus false`
warning: denote/yoco_goals/Pattern_1.lean:1150:35: Used `tac1 <;> tac2` where `(tac1; tac2)` would suffice

Note: This linter can be disabled with `set_option linter.unnecessarySeqFocus false`
warning: denote/yoco_goals/Pattern_1.lean:1430:2: `simp [elemwiseAdd, Tensor.mkShape, outShape2, hx, hy, broadcastValAtShape,
    alignedMultiIndex, flatToMulti, multiToFlat, prodShape]` is a flexible tactic modifying `⊢`. Try `simp?` and use the suggested `simp only [...]`. Alternatively, use `suffices` to explicitly state the simplified form.

Note: This linter can be disabled with `set_option linter.flexible false`
info: denote/yoco_goals/Pattern_1.lean:1432:2: `have hnorm : idx / 1024 * 1024 + idx % 1024 = idx := by omega` uses `⊢`!
warning: denote/yoco_goals/Pattern_1.lean:1430:2: `simp [elemwiseAdd, Tensor.mkShape, outShape2, hx, hy, broadcastValAtShape,
    alignedMultiIndex, flatToMulti, multiToFlat, prodShape]` is a flexible tactic modifying `⊢`. Try `simp?` and use the suggested `simp only [...]`. Alternatively, use `suffices` to explicitly state the simplified form.

Note: This linter can be disabled with `set_option linter.flexible false`
info: denote/yoco_goals/Pattern_1.lean:1433:2: `rw [hnorm]` uses `⊢`!
warning: denote/yoco_goals/Pattern_1.lean:1442:2: `simp [elemwiseAdd, Tensor.mkShape, outShape2, hx, hy, broadcastValAtShape,
    alignedMultiIndex, flatToMulti, multiToFlat, prodShape]` is a flexible tactic modifying `⊢`. Try `simp?` and use the suggested `simp only [...]`. Alternatively, use `suffices` to explicitly state the simplified form.

Note: This linter can be disabled with `set_option linter.flexible false`
info: denote/yoco_goals/Pattern_1.lean:1444:2: `have hnorm : idx / 1024 * 1024 + idx % 1024 = idx := by omega` uses `⊢`!
warning: denote/yoco_goals/Pattern_1.lean:1442:2: `simp [elemwiseAdd, Tensor.mkShape, outShape2, hx, hy, broadcastValAtShape,
    alignedMultiIndex, flatToMulti, multiToFlat, prodShape]` is a flexible tactic modifying `⊢`. Try `simp?` and use the suggested `simp only [...]`. Alternatively, use `suffices` to explicitly state the simplified form.

Note: This linter can be disabled with `set_option linter.flexible false`
info: denote/yoco_goals/Pattern_1.lean:1445:2: `rw [hnorm]` uses `⊢`!
warning: denote/yoco_goals/Pattern_1.lean:1546:5: Variable name `hS` is not explicitly referenced.

The binding can be removed (if unused) or named `_` (if used implicitly).

Note: This linter can be disabled with `set_option linter.unusedVariables false`
warning: denote/yoco_goals/Pattern_1.lean:1553:2: `simp [elemwiseMul, Tensor.mkShape, outShape2, ha, hc, broadcastValAtShape,
    alignedMultiIndex, flatToMulti, multiToFlat, prodShape, hS_ne1, hH_ne1, hH_ne]` is a flexible tactic modifying `⊢`. Try `simp?` and use the suggested `simp only [...]`. Alternatively, use `suffices` to explicitly state the simplified form.

Note: This linter can be disabled with `set_option linter.flexible false`
info: denote/yoco_goals/Pattern_1.lean:1555:2: `have hnorm : idx / H * H + idx % H = idx :=
  by
  conv_lhs => rw [Nat.mul_comm (idx / H) H]
  exact Nat.div_add_mod idx H` uses `⊢`!
warning: denote/yoco_goals/Pattern_1.lean:1553:2: `simp [elemwiseMul, Tensor.mkShape, outShape2, ha, hc, broadcastValAtShape,
    alignedMultiIndex, flatToMulti, multiToFlat, prodShape, hS_ne1, hH_ne1, hH_ne]` is a flexible tactic modifying `⊢`. Try `simp?` and use the suggested `simp only [...]`. Alternatively, use `suffices` to explicitly state the simplified form.

Note: This linter can be disabled with `set_option linter.flexible false`
info: denote/yoco_goals/Pattern_1.lean:1558:2: `rw [hnorm]` uses `⊢`!
warning: denote/yoco_goals/Pattern_1.lean:1564:5: Variable name `hS` is not explicitly referenced.

The binding can be removed (if unused) or named `_` (if used implicitly).

Note: This linter can be disabled with `set_option linter.unusedVariables false`
warning: denote/yoco_goals/Pattern_1.lean:1573:2: `simp [elemwiseMul, Tensor.mkShape, outShape2, ha, hc, broadcastValAtShape,
    alignedMultiIndex, flatToMulti, multiToFlat, prodShape,
    Nat.max_eq_right hH_ge_1, hS_ne1, hH_ne1, hH_ne]` is a flexible tactic modifying `⊢`. Try `simp?` and use the suggested `simp only [...]`. Alternatively, use `suffices` to explicitly state the simplified form.

Note: This linter can be disabled with `set_option linter.flexible false`
info: denote/yoco_goals/Pattern_1.lean:1576:2: `left` uses `⊢`!
warning: denote/yoco_goals/Pattern_1.lean:1573:2: `simp [elemwiseMul, Tensor.mkShape, outShape2, ha, hc, broadcastValAtShape,
    alignedMultiIndex, flatToMulti, multiToFlat, prodShape,
    Nat.max_eq_right hH_ge_1, hS_ne1, hH_ne1, hH_ne]` is a flexible tactic modifying `⊢`. Try `simp?` and use the suggested `simp only [...]`. Alternatively, use `suffices` to explicitly state the simplified form.

Note: This linter can be disabled with `set_option linter.flexible false`
info: denote/yoco_goals/Pattern_1.lean:1578:2: `conv_lhs => rw [Nat.mul_comm (idx / H) H]` uses `⊢`!
warning: denote/yoco_goals/Pattern_1.lean:1573:2: `simp [elemwiseMul, Tensor.mkShape, outShape2, ha, hc, broadcastValAtShape,
    alignedMultiIndex, flatToMulti, multiToFlat, prodShape,
    Nat.max_eq_right hH_ge_1, hS_ne1, hH_ne1, hH_ne]` is a flexible tactic modifying `⊢`. Try `simp?` and use the suggested `simp only [...]`. Alternatively, use `suffices` to explicitly state the simplified form.

Note: This linter can be disabled with `set_option linter.flexible false`
info: denote/yoco_goals/Pattern_1.lean:1579:2: `exact Nat.div_add_mod idx H` uses `⊢`!
warning: denote/yoco_goals/Pattern_1.lean:1600:6: This simp argument is unused:
  Nat.max_self

Hint: Omit it from the simp argument list.
  simp [elemwiseMul, Tensor.mkShape, outShape2, ha, hc, N̵a̵t̵.̵m̵a̵x̵_̵s̵e̵l̵f̵,̵ ̵Nat.max_eq_right hH_ge_1]

Note: This linter can be disabled with `set_option linter.unusedSimpArgs false`
warning: denote/yoco_goals/Pattern_1.lean:1603:6: This simp argument is unused:
  Nat.max_self

Hint: Omit it from the simp argument list.
  simp [elemwiseMul, Tensor.mkShape, outShape2, hb, hd, N̵a̵t̵.̵m̵a̵x̵_̵s̵e̵l̵f̵,̵ ̵Nat.max_eq_right hH_ge_1]

Note: This linter can be disabled with `set_option linter.unusedSimpArgs false`
warning: denote/yoco_goals/Pattern_1.lean:1610:6: This simp argument is unused:
  Nat.max_self

Hint: Omit it from the simp argument list.
  simp [elemwiseMul, Tensor.mkShape, outShape2, hG_ab, hG_cd, N̵a̵t̵.̵m̵a̵x̵_̵s̵e̵l̵f̵,̵ ̵Nat.max_eq_right hH_ge_1]

Note: This linter can be disabled with `set_option linter.unusedSimpArgs false`
warning: denote/yoco_goals/Pattern_1.lean:1720:50: `simp` is a flexible tactic modifying `⊢`. Try `simp?` and use the suggested `simp only [...]`. Alternatively, use `suffices` to explicitly state the simplified form.

Note: This linter can be disabled with `set_option linter.flexible false`
info: denote/yoco_goals/Pattern_1.lean:1720:56: `exact hc` uses `⊢`!
warning: denote/yoco_goals/Pattern_1.lean:1727:40: `simp` is a flexible tactic modifying `⊢`. Try `simp?` and use the suggested `simp only [...]`. Alternatively, use `suffices` to explicitly state the simplified form.

Note: This linter can be disabled with `set_option linter.flexible false`
info: denote/yoco_goals/Pattern_1.lean:1727:46: `exact hG_shape` uses `⊢`!
warning: denote/yoco_goals/Pattern_1.lean:1731:40: `simp` is a flexible tactic modifying `⊢`. Try `simp?` and use the suggested `simp only [...]`. Alternatively, use `suffices` to explicitly state the simplified form.

Note: This linter can be disabled with `set_option linter.flexible false`
info: denote/yoco_goals/Pattern_1.lean:1731:46: `exact hG_shape` uses `⊢`!
warning: denote/yoco_goals/Pattern_1.lean:1805:51: `simp` is a flexible tactic modifying `⊢`. Try `simp?` and use the suggested `simp only [...]`. Alternatively, use `suffices` to explicitly state the simplified form.

Note: This linter can be disabled with `set_option linter.flexible false`
info: denote/yoco_goals/Pattern_1.lean:1805:57: `exact hu` uses `⊢`!
warning: denote/yoco_goals/Pattern_1.lean:1814:39: `simp` is a flexible tactic modifying `⊢`. Try `simp?` and use the suggested `simp only [...]`. Alternatively, use `suffices` to explicitly state the simplified form.

Note: This linter can be disabled with `set_option linter.flexible false`
info: denote/yoco_goals/Pattern_1.lean:1814:45: `exact hG_cd` uses `⊢`!
warning: denote/yoco_goals/Pattern_1.lean:1818:39: `simp` is a flexible tactic modifying `⊢`. Try `simp?` and use the suggested `simp only [...]`. Alternatively, use `suffices` to explicitly state the simplified form.

Note: This linter can be disabled with `set_option linter.flexible false`
info: denote/yoco_goals/Pattern_1.lean:1818:45: `exact hG_cd` uses `⊢`!
warning: denote/yoco_goals/Pattern_1.lean:1945:23: `simp [prodShape]` is a flexible tactic modifying `⊢`. Try `simp?` and use the suggested `simp only [...]`. Alternatively, use `suffices` to explicitly state the simplified form.

Note: This linter can be disabled with `set_option linter.flexible false`
info: denote/yoco_goals/Pattern_1.lean:1945:41: `exact hidx_bound` uses `⊢`!
warning: denote/yoco_goals/Pattern_1.lean:1998:21: `simp [prodShape]` is a flexible tactic modifying `⊢`. Try `simp?` and use the suggested `simp only [...]`. Alternatively, use `suffices` to explicitly state the simplified form.

Note: This linter can be disabled with `set_option linter.flexible false`
info: denote/yoco_goals/Pattern_1.lean:1998:39: `exact hloc_bound` uses `⊢`!
warning: denote/yoco_goals/Pattern_1.lean:2065:20: This simp argument is unused:
  prodShape

Hint: Omit it from the simp argument list.
  simp [k_matmul,̵ ̵p̵r̵o̵d̵S̵h̵a̵p̵e̵]

Note: This linter can be disabled with `set_option linter.unusedSimpArgs false`
warning: denote/yoco_goals/Pattern_1.lean:2114:20: This simp argument is unused:
  prodShape

Hint: Omit it from the simp argument list.
  simp [k_matmul,̵ ̵p̵r̵o̵d̵S̵h̵a̵p̵e̵]

Note: This linter can be disabled with `set_option linter.unusedSimpArgs false`
warning: denote/yoco_goals/Pattern_1.lean:2065:4: `simp [k_matmul, prodShape]
    -- Row for LHS: outIdx / o = r * bshard + il (from houtIdx_eq)` is a flexible tactic modifying `⊢`. Try `simp?` and use the suggested `simp only [...]`. Alternatively, use `suffices` to explicitly state the simplified form.

Note: This linter can be disabled with `set_option linter.flexible false`
info: denote/yoco_goals/Pattern_1.lean:2067:4: `have hout_div : outIdx / o = r * bshard + il := by
  rw [houtIdx_eq]
  have h1 : ((r * bshard + il) * o + c) / o = c / o + (r * bshard + il) := by
    rw [Nat.add_comm, Nat.add_mul_div_right c (r * bshard + il) ho]
  rw [h1, Nat.div_eq_of_lt hc_lt]; ring` uses `⊢`!
warning: denote/yoco_goals/Pattern_1.lean:2065:4: `simp [k_matmul, prodShape]
    -- Row for LHS: outIdx / o = r * bshard + il (from houtIdx_eq)` is a flexible tactic modifying `⊢`. Try `simp?` and use the suggested `simp only [...]`. Alternatively, use `suffices` to explicitly state the simplified form.

Note: This linter can be disabled with `set_option linter.flexible false`
info: denote/yoco_goals/Pattern_1.lean:2072:4: `have hout_mod : outIdx % o = c := by
  rw [houtIdx_eq]
  have h1 : ((r * bshard + il) * o + c) % o = c % o := by rw [Nat.add_comm, Nat.add_mul_mod_self_right]
  rw [h1, Nat.mod_eq_of_lt hc_lt]` uses `⊢`!
warning: denote/yoco_goals/Pattern_1.lean:2065:4: `simp [k_matmul, prodShape]
    -- Row for LHS: outIdx / o = r * bshard + il (from houtIdx_eq)` is a flexible tactic modifying `⊢`. Try `simp?` and use the suggested `simp only [...]`. Alternatively, use `suffices` to explicitly state the simplified form.

Note: This linter can be disabled with `set_option linter.flexible false`
info: denote/yoco_goals/Pattern_1.lean:2077:4: `rw [hout_div, hout_mod]` uses `⊢`!
warning: denote/yoco_goals/Pattern_1.lean:2065:4: `simp [k_matmul, prodShape]
    -- Row for LHS: outIdx / o = r * bshard + il (from houtIdx_eq)` is a flexible tactic modifying `⊢`. Try `simp?` and use the suggested `simp only [...]`. Alternatively, use `suffices` to explicitly state the simplified form.

Note: This linter can be disabled with `set_option linter.flexible false`
info: denote/yoco_goals/Pattern_1.lean:2079:4: `have hRHS_val :
  valAt (allGatherPrimDimN 0 2 0 [fw_linear a w, fw_linear b w]) outIdx =
    valAt ([fw_linear a w, fw_linear b w].getD r (zeroTensor [bshard, o])) (il * o + c) :=
  by
  rw [houtIdx_eq]
  have hshapes_lin :
    ∀ r' (_ : r' < 2), (([fw_linear a w, fw_linear b w].getD r' (zeroTensor [bshard, o]))).shape = [bshard, o] :=
    by
    intro r' hr'
    have : r' = 0 ∨ r' = 1 := by interval_cases r' <;> [left; right] <;> rfl
    rcases this with h | h <;> rw [h] <;> simp [List.getD, hlin_a, hlin_b]
  exact
    allGatherPrimDimN0_valAt 2 bshard o [fw_linear a w, fw_linear b w] (by omega) hbshard ho hhead_lin hshapes_lin r
      hr_lt il hil_lt c hc_lt` uses `⊢`!
warning: denote/yoco_goals/Pattern_1.lean:2065:4: `simp [k_matmul, prodShape]
    -- Row for LHS: outIdx / o = r * bshard + il (from houtIdx_eq)` is a flexible tactic modifying `⊢`. Try `simp?` and use the suggested `simp only [...]`. Alternatively, use `suffices` to explicitly state the simplified form.

Note: This linter can be disabled with `set_option linter.flexible false`
info: denote/yoco_goals/Pattern_1.lean:2089:4: `rw [hRHS_val]` uses `⊢`!
warning: denote/yoco_goals/Pattern_1.lean:2065:4: `simp [k_matmul, prodShape]
    -- Row for LHS: outIdx / o = r * bshard + il (from houtIdx_eq)` is a flexible tactic modifying `⊢`. Try `simp?` and use the suggested `simp only [...]`. Alternatively, use `suffices` to explicitly state the simplified form.

Note: This linter can be disabled with `set_option linter.flexible false`
info: denote/yoco_goals/Pattern_1.lean:2092:4: `have hgetD_lin :
  [fw_linear a w, fw_linear b w].getD r (zeroTensor [bshard, o]) =
    fw_linear ([a, b].getD r (zeroTensor [bshard, i])) w :=
  by rcases hr_cases with h | h <;> rw [h] <;> simp [List.getD]` uses `⊢`!
warning: denote/yoco_goals/Pattern_1.lean:2065:4: `simp [k_matmul, prodShape]
    -- Row for LHS: outIdx / o = r * bshard + il (from houtIdx_eq)` is a flexible tactic modifying `⊢`. Try `simp?` and use the suggested `simp only [...]`. Alternatively, use `suffices` to explicitly state the simplified form.

Note: This linter can be disabled with `set_option linter.flexible false`
info: denote/yoco_goals/Pattern_1.lean:2096:4: `rw [hgetD_lin]` uses `⊢`!
warning: denote/yoco_goals/Pattern_1.lean:2065:4: `simp [k_matmul, prodShape]
    -- Row for LHS: outIdx / o = r * bshard + il (from houtIdx_eq)` is a flexible tactic modifying `⊢`. Try `simp?` and use the suggested `simp only [...]`. Alternatively, use `suffices` to explicitly state the simplified form.

Note: This linter can be disabled with `set_option linter.flexible false`
info: denote/yoco_goals/Pattern_1.lean:2098:4: `set ear := [a, b].getD r (zeroTensor [bshard, i])` uses `⊢`!
warning: denote/yoco_goals/Pattern_1.lean:2065:4: `simp [k_matmul, prodShape]
    -- Row for LHS: outIdx / o = r * bshard + il (from houtIdx_eq)` is a flexible tactic modifying `⊢`. Try `simp?` and use the suggested `simp only [...]`. Alternatively, use `suffices` to explicitly state the simplified form.

Note: This linter can be disabled with `set_option linter.flexible false`
info: denote/yoco_goals/Pattern_1.lean:2099:4: `have hear_shape : ear.shape = [bshard, i] :=
  by
  show ([a, b].getD r (zeroTensor [bshard, i])).shape = [bshard, i]
  rcases hr_cases with h | h <;> rw [h] <;> simp [List.getD, ha, hb]` uses `⊢`!
warning: denote/yoco_goals/Pattern_1.lean:2065:4: `simp [k_matmul, prodShape]
    -- Row for LHS: outIdx / o = r * bshard + il (from houtIdx_eq)` is a flexible tactic modifying `⊢`. Try `simp?` and use the suggested `simp only [...]`. Alternatively, use `suffices` to explicitly state the simplified form.

Note: This linter can be disabled with `set_option linter.flexible false`
info: denote/yoco_goals/Pattern_1.lean:2102:4: `have hloc_bound : il * o + c < bshard * o :=
  by
  have h1 : il * o + c < il * o + o := by omega
  have h2 : il * o + o = (il + 1) * o := by ring
  have h3 : (il + 1) * o ≤ bshard * o := Nat.mul_le_mul_right _ (by omega)
  omega` uses `⊢`!
warning: denote/yoco_goals/Pattern_1.lean:2065:4: `simp [k_matmul, prodShape]
    -- Row for LHS: outIdx / o = r * bshard + il (from houtIdx_eq)` is a flexible tactic modifying `⊢`. Try `simp?` and use the suggested `simp only [...]`. Alternatively, use `suffices` to explicitly state the simplified form.

Note: This linter can be disabled with `set_option linter.flexible false`
info: denote/yoco_goals/Pattern_1.lean:2107:4: `have hRHS_lin_val :
  valAt (fw_linear ear w) (il * o + c) =
    k_matmul bshard o i ear w ⟨il * o + c, by show il * o + c < prodShape [bshard, o]; simp [prodShape]; linarith⟩ :=
  by
  rw [TrainVerify.Denote.fw_linear_is_matmul bshard i o ear w hear_shape hw]
  rw [valAt_of_lt _ _ (by show il * o + c < prodShape [bshard, o]; simp [prodShape]; linarith)]
  rfl` uses `⊢`!
warning: denote/yoco_goals/Pattern_1.lean:2065:4: `simp [k_matmul, prodShape]
    -- Row for LHS: outIdx / o = r * bshard + il (from houtIdx_eq)` is a flexible tactic modifying `⊢`. Try `simp?` and use the suggested `simp only [...]`. Alternatively, use `suffices` to explicitly state the simplified form.

Note: This linter can be disabled with `set_option linter.flexible false`
info: denote/yoco_goals/Pattern_1.lean:2112:4: `rw [hRHS_lin_val]` uses `⊢`!
warning: denote/yoco_goals/Pattern_1.lean:2065:4: `simp [k_matmul, prodShape]
    -- Row for LHS: outIdx / o = r * bshard + il (from houtIdx_eq)` is a flexible tactic modifying `⊢`. Try `simp?` and use the suggested `simp only [...]`. Alternatively, use `suffices` to explicitly state the simplified form.

Note: This linter can be disabled with `set_option linter.flexible false`
info: denote/yoco_goals/Pattern_1.lean:2116:4: `have hil_div : (il * o + c) / o = il :=
  by
  have h1 : (il * o + c) / o = c / o + il := by rw [Nat.add_comm, Nat.add_mul_div_right c il ho]
  rw [h1, Nat.div_eq_of_lt hc_lt]; ring` uses `⊢`!
warning: denote/yoco_goals/Pattern_1.lean:2065:4: `simp [k_matmul, prodShape]
    -- Row for LHS: outIdx / o = r * bshard + il (from houtIdx_eq)` is a flexible tactic modifying `⊢`. Try `simp?` and use the suggested `simp only [...]`. Alternatively, use `suffices` to explicitly state the simplified form.

Note: This linter can be disabled with `set_option linter.flexible false`
info: denote/yoco_goals/Pattern_1.lean:2121:4: `rw [hil_div, hc_mod']` uses `⊢`!
warning: denote/yoco_goals/Pattern_1.lean:2065:4: `simp [k_matmul, prodShape]
    -- Row for LHS: outIdx / o = r * bshard + il (from houtIdx_eq)` is a flexible tactic modifying `⊢`. Try `simp?` and use the suggested `simp only [...]`. Alternatively, use `suffices` to explicitly state the simplified form.

Note: This linter can be disabled with `set_option linter.flexible false`
info: denote/yoco_goals/Pattern_1.lean:2123:4: `apply Finset.sum_congr rfl` uses `⊢`!
warning: denote/yoco_goals/Pattern_1.lean:2065:4: `simp [k_matmul, prodShape]
    -- Row for LHS: outIdx / o = r * bshard + il (from houtIdx_eq)` is a flexible tactic modifying `⊢`. Try `simp?` and use the suggested `simp only [...]`. Alternatively, use `suffices` to explicitly state the simplified form.

Note: This linter can be disabled with `set_option linter.flexible false`
info: denote/yoco_goals/Pattern_1.lean:2124:4: `intro j hj` uses `⊢`!
warning: denote/yoco_goals/Pattern_1.lean:2125:29: `simp [Finset.mem_range] at hj` is a flexible tactic modifying `hj`. Try `simp?` and use the suggested `simp only [...]`. Alternatively, use `suffices` to explicitly state the simplified form.

Note: This linter can be disabled with `set_option linter.flexible false`
info: denote/yoco_goals/Pattern_1.lean:2125:60: `exact hj` uses `hj`!
warning: denote/yoco_goals/Pattern_1.lean:2065:4: `simp [k_matmul, prodShape]
    -- Row for LHS: outIdx / o = r * bshard + il (from houtIdx_eq)` is a flexible tactic modifying `⊢`. Try `simp?` and use the suggested `simp only [...]`. Alternatively, use `suffices` to explicitly state the simplified form.

Note: This linter can be disabled with `set_option linter.flexible false`
info: denote/yoco_goals/Pattern_1.lean:2126:4: `have hshapes_ab : ∀ r' (_ : r' < 2), (([a, b].getD r' (zeroTensor [bshard, i]))).shape = [bshard, i] :=
  by
  intro r' hr'
  have : r' = 0 ∨ r' = 1 := by interval_cases r' <;> [left; right] <;> rfl
  rcases this with h | h <;> rw [h] <;> simp [List.getD, ha, hb]` uses `⊢`!
warning: denote/yoco_goals/Pattern_1.lean:2065:4: `simp [k_matmul, prodShape]
    -- Row for LHS: outIdx / o = r * bshard + il (from houtIdx_eq)` is a flexible tactic modifying `⊢`. Try `simp?` and use the suggested `simp only [...]`. Alternatively, use `suffices` to explicitly state the simplified form.

Note: This linter can be disabled with `set_option linter.flexible false`
info: denote/yoco_goals/Pattern_1.lean:2132:4: `rw [allGatherPrimDimN0_valAt 2 bshard i [a, b] (by omega) hbshard hi hhead_ab hshapes_ab r hr_lt il hil_lt j
    hj_lt]` uses `⊢`!
warning: denote/yoco_goals/Pattern_1.lean:2041:30: The `show` tactic should only be used to indicate intermediate goal states for readability.
However, this tactic invocation changed the goal. Please use `change` instead for these purposes.

Note: This linter can be disabled with `set_option linter.style.show false`
warning: denote/yoco_goals/Pattern_1.lean:2100:6: The `show` tactic should only be used to indicate intermediate goal states for readability.
However, this tactic invocation changed the goal. Please use `change` instead for these purposes.

Note: This linter can be disabled with `set_option linter.style.show false`
warning: denote/yoco_goals/Pattern_1.lean:2110:30: The `show` tactic should only be used to indicate intermediate goal states for readability.
However, this tactic invocation changed the goal. Please use `change` instead for these purposes.

Note: This linter can be disabled with `set_option linter.style.show false`
warning: denote/yoco_goals/Pattern_1.lean:2142:4: The `show` tactic should only be used to indicate intermediate goal states for readability.
However, this tactic invocation changed the goal. Please use `change` instead for these purposes.

Note: This linter can be disabled with `set_option linter.style.show false`
warning: denote/yoco_goals/Pattern_1.lean:2151:5: Variable name `hshard` is not explicitly referenced.

The binding can be removed (if unused) or named `_` (if used implicitly).

Note: This linter can be disabled with `set_option linter.unusedVariables false`
warning: denote/yoco_goals/Pattern_1.lean:2214:23: This simp argument is unused:
  hmod

Hint: Omit it from the simp argument list.
  simp [hE_ne, hdiv, hm̵o̵d̵,̵ ̵h̵e_mod]

Note: This linter can be disabled with `set_option linter.unusedSimpArgs false`
warning: denote/yoco_goals/Pattern_1.lean:2232:23: This simp argument is unused:
  hmod

Hint: Omit it from the simp argument list.
  simp [hE_ne, hdiv, hm̵o̵d̵,̵ ̵h̵e_mod]

Note: This linter can be disabled with `set_option linter.unusedSimpArgs false`
warning: denote/yoco_goals/Pattern_1.lean:2183:4: `simp [prodShape]` is a flexible tactic modifying `⊢`. Try `simp?` and use the suggested `simp only [...]`. Alternatively, use `suffices` to explicitly state the simplified form.

Note: This linter can be disabled with `set_option linter.flexible false`
info: denote/yoco_goals/Pattern_1.lean:2184:4: `have h1 : (r * S + i) * E + e < (r * S + i) * E + E := by omega` uses `⊢`!
warning: denote/yoco_goals/Pattern_1.lean:2183:4: `simp [prodShape]` is a flexible tactic modifying `⊢`. Try `simp?` and use the suggested `simp only [...]`. Alternatively, use `suffices` to explicitly state the simplified form.

Note: This linter can be disabled with `set_option linter.flexible false`
info: denote/yoco_goals/Pattern_1.lean:2185:4: `have h2 : (r * S + i) * E + E = (r * S + i + 1) * E := by ring` uses `⊢`!
warning: denote/yoco_goals/Pattern_1.lean:2183:4: `simp [prodShape]` is a flexible tactic modifying `⊢`. Try `simp?` and use the suggested `simp only [...]`. Alternatively, use `suffices` to explicitly state the simplified form.

Note: This linter can be disabled with `set_option linter.flexible false`
info: denote/yoco_goals/Pattern_1.lean:2186:4: `have h3 : (r * S + i + 1) * E ≤ S * 2 * E := Nat.mul_le_mul_right E (by nlinarith)` uses `⊢`!
warning: denote/yoco_goals/Pattern_1.lean:2189:4: `simp [prodShape]` is a flexible tactic modifying `⊢`. Try `simp?` and use the suggested `simp only [...]`. Alternatively, use `suffices` to explicitly state the simplified form.

Note: This linter can be disabled with `set_option linter.flexible false`
info: denote/yoco_goals/Pattern_1.lean:2190:4: `have h1 : i * E + e < i * E + E := by omega` uses `⊢`!
warning: denote/yoco_goals/Pattern_1.lean:2189:4: `simp [prodShape]` is a flexible tactic modifying `⊢`. Try `simp?` and use the suggested `simp only [...]`. Alternatively, use `suffices` to explicitly state the simplified form.

Note: This linter can be disabled with `set_option linter.flexible false`
info: denote/yoco_goals/Pattern_1.lean:2191:4: `have h2 : i * E + E = (i + 1) * E := by ring` uses `⊢`!
warning: denote/yoco_goals/Pattern_1.lean:2189:4: `simp [prodShape]` is a flexible tactic modifying `⊢`. Try `simp?` and use the suggested `simp only [...]`. Alternatively, use `suffices` to explicitly state the simplified form.

Note: This linter can be disabled with `set_option linter.flexible false`
info: denote/yoco_goals/Pattern_1.lean:2192:4: `have h3 : (i + 1) * E ≤ S * E := Nat.mul_le_mul_right E (by omega)` uses `⊢`!
warning: denote/yoco_goals/Pattern_1.lean:2204:4: `simp [Tensor.mkShape, List.reverse]` is a flexible tactic modifying `⊢`. Try `simp?` and use the suggested `simp only [...]`. Alternatively, use `suffices` to explicitly state the simplified form.

Note: This linter can be disabled with `set_option linter.flexible false`
info: denote/yoco_goals/Pattern_1.lean:2204:4: Try this:
  [apply] simp only [Lean.Elab.WF.paramLet, ite_mul, zero_mul, dite_eq_ite]
info: denote/yoco_goals/Pattern_1.lean:2206:4: `have hdiv : ((r * S + i) * E + e) / E = r * S + i :=
  by
  have h1 : ((r * S + i) * E + e) / E = e / E + (r * S + i) := by
    rw [Nat.add_comm, Nat.add_mul_div_right e (r * S + i) hE]
  rw [h1, Nat.div_eq_of_lt he]; ring` uses `⊢`!
warning: denote/yoco_goals/Pattern_1.lean:2204:4: `simp [Tensor.mkShape, List.reverse]` is a flexible tactic modifying `⊢`. Try `simp?` and use the suggested `simp only [...]`. Alternatively, use `suffices` to explicitly state the simplified form.

Note: This linter can be disabled with `set_option linter.flexible false`
info: denote/yoco_goals/Pattern_1.lean:2204:4: Try this:
  [apply] simp only [Lean.Elab.WF.paramLet, ite_mul, zero_mul, dite_eq_ite]
info: denote/yoco_goals/Pattern_1.lean:2210:4: `have hmod : ((r * S + i) * E + e) % E = e :=
  by
  have h1 : ((r * S + i) * E + e) % E = e % E := by rw [Nat.add_comm, Nat.add_mul_mod_self_right]
  rw [h1, Nat.mod_eq_of_lt he]` uses `⊢`!
warning: denote/yoco_goals/Pattern_1.lean:2222:4: `simp [Tensor.mkShape, List.reverse]` is a flexible tactic modifying `⊢`. Try `simp?` and use the suggested `simp only [...]`. Alternatively, use `suffices` to explicitly state the simplified form.

Note: This linter can be disabled with `set_option linter.flexible false`
info: denote/yoco_goals/Pattern_1.lean:2222:4: Try this:
  [apply] simp only [Lean.Elab.WF.paramLet, ite_mul, zero_mul, dite_eq_ite]
info: denote/yoco_goals/Pattern_1.lean:2224:4: `have hdiv : (i * E + e) / E = i :=
  by
  have h1 : (i * E + e) / E = e / E + i := by rw [Nat.add_comm, Nat.add_mul_div_right e i hE]
  rw [h1, Nat.div_eq_of_lt he]; ring` uses `⊢`!
warning: denote/yoco_goals/Pattern_1.lean:2222:4: `simp [Tensor.mkShape, List.reverse]` is a flexible tactic modifying `⊢`. Try `simp?` and use the suggested `simp only [...]`. Alternatively, use `suffices` to explicitly state the simplified form.

Note: This linter can be disabled with `set_option linter.flexible false`
info: denote/yoco_goals/Pattern_1.lean:2222:4: Try this:
  [apply] simp only [Lean.Elab.WF.paramLet, ite_mul, zero_mul, dite_eq_ite]
info: denote/yoco_goals/Pattern_1.lean:2228:4: `have hmod : (i * E + e) % E = e :=
  by
  have h1 : (i * E + e) % E = e % E := by rw [Nat.add_comm, Nat.add_mul_mod_self_right]
  rw [h1, Nat.mod_eq_of_lt he]` uses `⊢`!
warning: denote/yoco_goals/Pattern_1.lean:2244:29: `simp [Finset.mem_range] at hj` is a flexible tactic modifying `hj`. Try `simp?` and use the suggested `simp only [...]`. Alternatively, use `suffices` to explicitly state the simplified form.

Note: This linter can be disabled with `set_option linter.flexible false`
info: denote/yoco_goals/Pattern_1.lean:2244:60: `exact hj` uses `hj`!
warning: denote/yoco_goals/Pattern_1.lean:2269:4: `simp [Tensor.mkShape]` is a flexible tactic modifying `⊢`. Try `simp?` and use the suggested `simp only [...]`. Alternatively, use `suffices` to explicitly state the simplified form.

Note: This linter can be disabled with `set_option linter.flexible false`
info: denote/yoco_goals/Pattern_1.lean:2270:4: `rw [ha]` uses `⊢`!
warning: denote/yoco_goals/Pattern_1.lean:2273:4: `simp [Tensor.mkShape]` is a flexible tactic modifying `⊢`. Try `simp?` and use the suggested `simp only [...]`. Alternatively, use `suffices` to explicitly state the simplified form.

Note: This linter can be disabled with `set_option linter.flexible false`
info: denote/yoco_goals/Pattern_1.lean:2274:4: `rw [hb]` uses `⊢`!
warning: denote/yoco_goals/Pattern_1.lean:2281:4: `simp [Tensor.mkShape]` is a flexible tactic modifying `⊢`. Try `simp?` and use the suggested `simp only [...]`. Alternatively, use `suffices` to explicitly state the simplified form.

Note: This linter can be disabled with `set_option linter.flexible false`
info: denote/yoco_goals/Pattern_1.lean:2282:4: `rw [hG_ab]` uses `⊢`!
warning: denote/yoco_goals/Pattern_1.lean:2396:35: `simp [Finset.mem_range] at he''` is a flexible tactic modifying `he''`. Try `simp?` and use the suggested `simp only [...]`. Alternatively, use `suffices` to explicitly state the simplified form.

Note: This linter can be disabled with `set_option linter.flexible false`
info: denote/yoco_goals/Pattern_1.lean:2396:68: `exact he''` uses `he''`!
warning: denote/yoco_goals/Pattern_1.lean:2410:33: `simp [Finset.mem_range] at he'` is a flexible tactic modifying `he'`. Try `simp?` and use the suggested `simp only [...]`. Alternatively, use `suffices` to explicitly state the simplified form.

Note: This linter can be disabled with `set_option linter.flexible false`
info: denote/yoco_goals/Pattern_1.lean:2410:65: `exact he'` uses `he'`!
warning: denote/yoco_goals/Pattern_1.lean:2433:4: `simp [Tensor.mkShape]` is a flexible tactic modifying `⊢`. Try `simp?` and use the suggested `simp only [...]`. Alternatively, use `suffices` to explicitly state the simplified form.

Note: This linter can be disabled with `set_option linter.flexible false`
info: denote/yoco_goals/Pattern_1.lean:2434:4: `rw [ha]` uses `⊢`!
warning: denote/yoco_goals/Pattern_1.lean:2437:4: `simp [Tensor.mkShape]` is a flexible tactic modifying `⊢`. Try `simp?` and use the suggested `simp only [...]`. Alternatively, use `suffices` to explicitly state the simplified form.

Note: This linter can be disabled with `set_option linter.flexible false`
info: denote/yoco_goals/Pattern_1.lean:2438:4: `rw [hb]` uses `⊢`!
warning: denote/yoco_goals/Pattern_1.lean:2445:4: `simp [Tensor.mkShape]` is a flexible tactic modifying `⊢`. Try `simp?` and use the suggested `simp only [...]`. Alternatively, use `suffices` to explicitly state the simplified form.

Note: This linter can be disabled with `set_option linter.flexible false`
info: denote/yoco_goals/Pattern_1.lean:2446:4: `rw [hG_ab]` uses `⊢`!
warning: denote/yoco_goals/Pattern_1.lean:2551:35: `simp [Finset.mem_range] at he''` is a flexible tactic modifying `he''`. Try `simp?` and use the suggested `simp only [...]`. Alternatively, use `suffices` to explicitly state the simplified form.

Note: This linter can be disabled with `set_option linter.flexible false`
info: denote/yoco_goals/Pattern_1.lean:2551:68: `exact he''` uses `he''`!
warning: denote/yoco_goals/Pattern_1.lean:2605:24: This simp argument is unused:
  List.set

Hint: Omit it from the simp argument list.
  simp [Tensor.mkShape, List.s̵e̵t̵,̵ ̵L̵i̵s̵t̵.̵getD, List.drop, List.foldl]

Note: This linter can be disabled with `set_option linter.unusedSimpArgs false`
warning: denote/yoco_goals/Pattern_1.lean:2605:34: This simp argument is unused:
  List.getD

Hint: Omit it from the simp argument list.
  simp [Tensor.mkShape, List.set, List.g̵e̵t̵D̵,̵ ̵L̵i̵s̵t̵.̵drop, List.foldl]

Note: This linter can be disabled with `set_option linter.unusedSimpArgs false`
warning: denote/yoco_goals/Pattern_1.lean:2605:45: This simp argument is unused:
  List.drop

Hint: Omit it from the simp argument list.
  simp [Tensor.mkShape, List.set, List.getD, List.d̵r̵o̵p̵,̵ ̵L̵i̵s̵t̵.̵foldl]

Note: This linter can be disabled with `set_option linter.unusedSimpArgs false`
warning: denote/yoco_goals/Pattern_1.lean:2605:56: This simp argument is unused:
  List.foldl

Hint: Omit it from the simp argument list.
  simp [Tensor.mkShape, List.set, List.getD, List.drop,̵ ̵L̵i̵s̵t̵.̵f̵o̵l̵d̵l̵]

Note: This linter can be disabled with `set_option linter.unusedSimpArgs false`
warning: denote/yoco_goals/Pattern_1.lean:2663:29: This simp argument is unused:
  hE2_ne

Hint: Omit it from the simp argument list.
  simp [hE_ne, hh_ne, hd_ne, hE̵2̵_̵n̵e̵,̵ ̵hh̵d_ne, hEhd_ne, hpre_div, hpre_mod, hjFull_val, hk_val,
  ̵  ̵ ̵ ̵ ̵ ̵ ̵ ̵hr'_val,
  ̲  ̲ ̲ ̲hjLocal_val]

Note: This linter can be disabled with `set_option linter.unusedSimpArgs false`
warning: denote/yoco_goals/Pattern_1.lean:2663:37: This simp argument is unused:
  hhd_ne

Hint: Omit it from the simp argument list.
  simp [hE_ne, hh_ne, hd_ne, hE2_ne, hh̵d̵_̵n̵e̵,̵ ̵h̵Ehd_ne, hpre_div, hpre_mod, hjFull_val, hk_val,
  ̵  ̵ ̵ ̵ ̵ ̵ ̵ ̵hr'_val,
  ̲  ̲ ̲ ̲hjLocal_val]

Note: This linter can be disabled with `set_option linter.unusedSimpArgs false`
warning: denote/yoco_goals/Pattern_1.lean:2663:45: This simp argument is unused:
  hEhd_ne

Hint: Omit it from the simp argument list.
  simp [hE_ne, hh_ne, hd_ne, hE2_ne, hhd_ne, hE̵h̵d̵_̵n̵e̵,̵ ̵h̵pre_div, hpre_mod, hjFull_val, hk_val,
  ̵  ̵ ̵ ̵ ̵ ̵ ̵ ̵hr'_val,
  ̲  ̲ ̲ ̲hjLocal_val]

Note: This linter can be disabled with `set_option linter.unusedSimpArgs false`
warning: denote/yoco_goals/Pattern_1.lean:2605:2: `simp [Tensor.mkShape, List.set, List.getD, List.drop, List.foldl]
  -- The mkShape function computes valAt (Ws.getD r' _) (preIdx * dimStride + jLocal * postStride + k)
  -- shardShape=[E,h,d], gatherDim=0.
  -- dimSize = E, fullDimSize = E*2, postStride = h*d, dimStride = E*h*d, fullDimStride = E*2*h*d` is a flexible tactic modifying `⊢`. Try `simp?` and use the suggested `simp only [...]`. Alternatively, use `suffices` to explicitly state the simplified form.

Note: This linter can be disabled with `set_option linter.flexible false`
info: denote/yoco_goals/Pattern_1.lean:2605:2: Try this:
  [apply] simp only [List.set_cons_zero, List.length_cons, List.length_nil, zero_add, Nat.reduceAdd, Nat.ofNat_pos,
    getElem?_pos, List.getElem_cons_zero, Option.getD_some, one_mul, mul_eq_zero, OfNat.ofNat_ne_zero, or_false]
info: denote/yoco_goals/Pattern_1.lean:2609:2: `set idx := ((r * E + eLocal) * h + hi) * d + di with hidx_def` uses `⊢`!
warning: denote/yoco_goals/Pattern_1.lean:2605:2: `simp [Tensor.mkShape, List.set, List.getD, List.drop, List.foldl]
  -- The mkShape function computes valAt (Ws.getD r' _) (preIdx * dimStride + jLocal * postStride + k)
  -- shardShape=[E,h,d], gatherDim=0.
  -- dimSize = E, fullDimSize = E*2, postStride = h*d, dimStride = E*h*d, fullDimStride = E*2*h*d` is a flexible tactic modifying `⊢`. Try `simp?` and use the suggested `simp only [...]`. Alternatively, use `suffices` to explicitly state the simplified form.

Note: This linter can be disabled with `set_option linter.flexible false`
info: denote/yoco_goals/Pattern_1.lean:2605:2: Try this:
  [apply] simp only [List.set_cons_zero, List.length_cons, List.length_nil, zero_add, Nat.reduceAdd, Nat.ofNat_pos,
    getElem?_pos, List.getElem_cons_zero, Option.getD_some, one_mul, mul_eq_zero, OfNat.ofNat_ne_zero, or_false]
info: denote/yoco_goals/Pattern_1.lean:2613:2: `have hE2_ne : E * 2 ≠ 0 := Nat.mul_ne_zero hE_ne (by omega)` uses `⊢`!
warning: denote/yoco_goals/Pattern_1.lean:2605:2: `simp [Tensor.mkShape, List.set, List.getD, List.drop, List.foldl]
  -- The mkShape function computes valAt (Ws.getD r' _) (preIdx * dimStride + jLocal * postStride + k)
  -- shardShape=[E,h,d], gatherDim=0.
  -- dimSize = E, fullDimSize = E*2, postStride = h*d, dimStride = E*h*d, fullDimStride = E*2*h*d` is a flexible tactic modifying `⊢`. Try `simp?` and use the suggested `simp only [...]`. Alternatively, use `suffices` to explicitly state the simplified form.

Note: This linter can be disabled with `set_option linter.flexible false`
info: denote/yoco_goals/Pattern_1.lean:2605:2: Try this:
  [apply] simp only [List.set_cons_zero, List.length_cons, List.length_nil, zero_add, Nat.reduceAdd, Nat.ofNat_pos,
    getElem?_pos, List.getElem_cons_zero, Option.getD_some, one_mul, mul_eq_zero, OfNat.ofNat_ne_zero, or_false]
info: denote/yoco_goals/Pattern_1.lean:2614:2: `have hhd_ne : h * d ≠ 0 := Nat.mul_ne_zero hh_ne hd_ne` uses `⊢`!
warning: denote/yoco_goals/Pattern_1.lean:2605:2: `simp [Tensor.mkShape, List.set, List.getD, List.drop, List.foldl]
  -- The mkShape function computes valAt (Ws.getD r' _) (preIdx * dimStride + jLocal * postStride + k)
  -- shardShape=[E,h,d], gatherDim=0.
  -- dimSize = E, fullDimSize = E*2, postStride = h*d, dimStride = E*h*d, fullDimStride = E*2*h*d` is a flexible tactic modifying `⊢`. Try `simp?` and use the suggested `simp only [...]`. Alternatively, use `suffices` to explicitly state the simplified form.

Note: This linter can be disabled with `set_option linter.flexible false`
info: denote/yoco_goals/Pattern_1.lean:2605:2: Try this:
  [apply] simp only [List.set_cons_zero, List.length_cons, List.length_nil, zero_add, Nat.reduceAdd, Nat.ofNat_pos,
    getElem?_pos, List.getElem_cons_zero, Option.getD_some, one_mul, mul_eq_zero, OfNat.ofNat_ne_zero, or_false]
info: denote/yoco_goals/Pattern_1.lean:2615:2: `have hEhd_ne : E * 2 * (h * d) ≠ 0 := Nat.mul_ne_zero hE2_ne hhd_ne` uses `⊢`!
warning: denote/yoco_goals/Pattern_1.lean:2605:2: `simp [Tensor.mkShape, List.set, List.getD, List.drop, List.foldl]
  -- The mkShape function computes valAt (Ws.getD r' _) (preIdx * dimStride + jLocal * postStride + k)
  -- shardShape=[E,h,d], gatherDim=0.
  -- dimSize = E, fullDimSize = E*2, postStride = h*d, dimStride = E*h*d, fullDimStride = E*2*h*d` is a flexible tactic modifying `⊢`. Try `simp?` and use the suggested `simp only [...]`. Alternatively, use `suffices` to explicitly state the simplified form.

Note: This linter can be disabled with `set_option linter.flexible false`
info: denote/yoco_goals/Pattern_1.lean:2605:2: Try this:
  [apply] simp only [List.set_cons_zero, List.length_cons, List.length_nil, zero_add, Nat.reduceAdd, Nat.ofNat_pos,
    getElem?_pos, List.getElem_cons_zero, Option.getD_some, one_mul, mul_eq_zero, OfNat.ofNat_ne_zero, or_false]
info: denote/yoco_goals/Pattern_1.lean:2617:2: `have hidx_bound2 : idx < E * 2 * (h * d) := by rw [hidx_def]; simp only [Nat.mul_assoc]; convert hout_bound using 1;
  ring` uses `⊢`!
warning: denote/yoco_goals/Pattern_1.lean:2605:2: `simp [Tensor.mkShape, List.set, List.getD, List.drop, List.foldl]
  -- The mkShape function computes valAt (Ws.getD r' _) (preIdx * dimStride + jLocal * postStride + k)
  -- shardShape=[E,h,d], gatherDim=0.
  -- dimSize = E, fullDimSize = E*2, postStride = h*d, dimStride = E*h*d, fullDimStride = E*2*h*d` is a flexible tactic modifying `⊢`. Try `simp?` and use the suggested `simp only [...]`. Alternatively, use `suffices` to explicitly state the simplified form.

Note: This linter can be disabled with `set_option linter.flexible false`
info: denote/yoco_goals/Pattern_1.lean:2605:2: Try this:
  [apply] simp only [List.set_cons_zero, List.length_cons, List.length_nil, zero_add, Nat.reduceAdd, Nat.ofNat_pos,
    getElem?_pos, List.getElem_cons_zero, Option.getD_some, one_mul, mul_eq_zero, OfNat.ofNat_ne_zero, or_false]
info: denote/yoco_goals/Pattern_1.lean:2619:2: `have hpre_div : idx / (E * 2 * (h * d)) = 0 := Nat.div_eq_of_lt hidx_bound2` uses `⊢`!
warning: denote/yoco_goals/Pattern_1.lean:2605:2: `simp [Tensor.mkShape, List.set, List.getD, List.drop, List.foldl]
  -- The mkShape function computes valAt (Ws.getD r' _) (preIdx * dimStride + jLocal * postStride + k)
  -- shardShape=[E,h,d], gatherDim=0.
  -- dimSize = E, fullDimSize = E*2, postStride = h*d, dimStride = E*h*d, fullDimStride = E*2*h*d` is a flexible tactic modifying `⊢`. Try `simp?` and use the suggested `simp only [...]`. Alternatively, use `suffices` to explicitly state the simplified form.

Note: This linter can be disabled with `set_option linter.flexible false`
info: denote/yoco_goals/Pattern_1.lean:2605:2: Try this:
  [apply] simp only [List.set_cons_zero, List.length_cons, List.length_nil, zero_add, Nat.reduceAdd, Nat.ofNat_pos,
    getElem?_pos, List.getElem_cons_zero, Option.getD_some, one_mul, mul_eq_zero, OfNat.ofNat_ne_zero, or_false]
info: denote/yoco_goals/Pattern_1.lean:2620:2: `have hpre_mod : idx % (E * 2 * (h * d)) = idx := Nat.mod_eq_of_lt hidx_bound2` uses `⊢`!
warning: denote/yoco_goals/Pattern_1.lean:2605:2: `simp [Tensor.mkShape, List.set, List.getD, List.drop, List.foldl]
  -- The mkShape function computes valAt (Ws.getD r' _) (preIdx * dimStride + jLocal * postStride + k)
  -- shardShape=[E,h,d], gatherDim=0.
  -- dimSize = E, fullDimSize = E*2, postStride = h*d, dimStride = E*h*d, fullDimStride = E*2*h*d` is a flexible tactic modifying `⊢`. Try `simp?` and use the suggested `simp only [...]`. Alternatively, use `suffices` to explicitly state the simplified form.

Note: This linter can be disabled with `set_option linter.flexible false`
info: denote/yoco_goals/Pattern_1.lean:2605:2: Try this:
  [apply] simp only [List.set_cons_zero, List.length_cons, List.length_nil, zero_add, Nat.reduceAdd, Nat.ofNat_pos,
    getElem?_pos, List.getElem_cons_zero, Option.getD_some, one_mul, mul_eq_zero, OfNat.ofNat_ne_zero, or_false]
info: denote/yoco_goals/Pattern_1.lean:2622:2: `have hjFull_val : idx / (h * d) = r * E + eLocal := by
  rw [hidx_def]
  have h1 : ((r * E + eLocal) * h + hi) * d + di = ((r * E + eLocal) * h + hi) * d + di := rfl
  have h2 : ((r * E + eLocal) * h + hi) * d + di = (r * E + eLocal) * (h * d) + (hi * d + di) := by ring
  rw [h2]
  have h_small_lt : hi * d + di < h * d := by
    calc
      hi * d + di < hi * d + d := by omega
      _ = (hi + 1) * d := by ring
      _ ≤ h * d := Nat.mul_le_mul_right _ (by omega)
  have h_div : ((r * E + eLocal) * (h * d) + (hi * d + di)) / (h * d) = (hi * d + di) / (h * d) + (r * E + eLocal) := by
    rw [Nat.add_comm, Nat.add_mul_div_right _ _ (by positivity)]
  rw [h_div, Nat.div_eq_of_lt h_small_lt]; ring` uses `⊢`!
warning: denote/yoco_goals/Pattern_1.lean:2605:2: `simp [Tensor.mkShape, List.set, List.getD, List.drop, List.foldl]
  -- The mkShape function computes valAt (Ws.getD r' _) (preIdx * dimStride + jLocal * postStride + k)
  -- shardShape=[E,h,d], gatherDim=0.
  -- dimSize = E, fullDimSize = E*2, postStride = h*d, dimStride = E*h*d, fullDimStride = E*2*h*d` is a flexible tactic modifying `⊢`. Try `simp?` and use the suggested `simp only [...]`. Alternatively, use `suffices` to explicitly state the simplified form.

Note: This linter can be disabled with `set_option linter.flexible false`
info: denote/yoco_goals/Pattern_1.lean:2605:2: Try this:
  [apply] simp only [List.set_cons_zero, List.length_cons, List.length_nil, zero_add, Nat.reduceAdd, Nat.ofNat_pos,
    getElem?_pos, List.getElem_cons_zero, Option.getD_some, one_mul, mul_eq_zero, OfNat.ofNat_ne_zero, or_false]
info: denote/yoco_goals/Pattern_1.lean:2638:2: `have hk_val : idx % (h * d) = hi * d + di := by
  rw [hidx_def]
  have h2 : ((r * E + eLocal) * h + hi) * d + di = (r * E + eLocal) * (h * d) + (hi * d + di) := by ring
  rw [h2]
  have h_small_lt : hi * d + di < h * d := by
    calc
      hi * d + di < hi * d + d := by omega
      _ = (hi + 1) * d := by ring
      _ ≤ h * d := Nat.mul_le_mul_right _ (by omega)
  have h_mod : ((r * E + eLocal) * (h * d) + (hi * d + di)) % (h * d) = (hi * d + di) % (h * d) := by
    rw [Nat.add_comm, Nat.add_mul_mod_self_right]
  rw [h_mod, Nat.mod_eq_of_lt h_small_lt]` uses `⊢`!
warning: denote/yoco_goals/Pattern_1.lean:2605:2: `simp [Tensor.mkShape, List.set, List.getD, List.drop, List.foldl]
  -- The mkShape function computes valAt (Ws.getD r' _) (preIdx * dimStride + jLocal * postStride + k)
  -- shardShape=[E,h,d], gatherDim=0.
  -- dimSize = E, fullDimSize = E*2, postStride = h*d, dimStride = E*h*d, fullDimStride = E*2*h*d` is a flexible tactic modifying `⊢`. Try `simp?` and use the suggested `simp only [...]`. Alternatively, use `suffices` to explicitly state the simplified form.

Note: This linter can be disabled with `set_option linter.flexible false`
info: denote/yoco_goals/Pattern_1.lean:2605:2: Try this:
  [apply] simp only [List.set_cons_zero, List.length_cons, List.length_nil, zero_add, Nat.reduceAdd, Nat.ofNat_pos,
    getElem?_pos, List.getElem_cons_zero, Option.getD_some, one_mul, mul_eq_zero, OfNat.ofNat_ne_zero, or_false]
info: denote/yoco_goals/Pattern_1.lean:2652:2: `have hr'_val : (r * E + eLocal) / E = r :=
  by
  have h1 : (r * E + eLocal) / E = eLocal / E + r := by rw [Nat.add_comm, Nat.add_mul_div_right eLocal r hE]
  rw [h1, Nat.div_eq_of_lt heLocal]; ring` uses `⊢`!
warning: denote/yoco_goals/Pattern_1.lean:2605:2: `simp [Tensor.mkShape, List.set, List.getD, List.drop, List.foldl]
  -- The mkShape function computes valAt (Ws.getD r' _) (preIdx * dimStride + jLocal * postStride + k)
  -- shardShape=[E,h,d], gatherDim=0.
  -- dimSize = E, fullDimSize = E*2, postStride = h*d, dimStride = E*h*d, fullDimStride = E*2*h*d` is a flexible tactic modifying `⊢`. Try `simp?` and use the suggested `simp only [...]`. Alternatively, use `suffices` to explicitly state the simplified form.

Note: This linter can be disabled with `set_option linter.flexible false`
info: denote/yoco_goals/Pattern_1.lean:2605:2: Try this:
  [apply] simp only [List.set_cons_zero, List.length_cons, List.length_nil, zero_add, Nat.reduceAdd, Nat.ofNat_pos,
    getElem?_pos, List.getElem_cons_zero, Option.getD_some, one_mul, mul_eq_zero, OfNat.ofNat_ne_zero, or_false]
info: denote/yoco_goals/Pattern_1.lean:2657:2: `have hjLocal_val : (r * E + eLocal) % E = eLocal :=
  by
  have h1 : (r * E + eLocal) % E = eLocal % E := by rw [Nat.add_comm, Nat.add_mul_mod_self_right]
  rw [h1, Nat.mod_eq_of_lt heLocal]` uses `⊢`!
warning: denote/yoco_goals/Pattern_1.lean:2602:4: The `show` tactic should only be used to indicate intermediate goal states for readability.
However, this tactic invocation changed the goal. Please use `change` instead for these purposes.

Note: This linter can be disabled with `set_option linter.style.show false`
warning: denote/yoco_goals/Pattern_1.lean:2720:35: `simp [Finset.mem_range] at hd` is a flexible tactic modifying `hd`. Try `simp?` and use the suggested `simp only [...]`. Alternatively, use `suffices` to explicitly state the simplified form.

Note: This linter can be disabled with `set_option linter.flexible false`
info: denote/yoco_goals/Pattern_1.lean:2720:66: `exact hd` uses `hd`!
warning: denote/yoco_goals/Pattern_1.lean:2729:36: `simp [Finset.mem_range] at hk` is a flexible tactic modifying `hk`. Try `simp?` and use the suggested `simp only [...]`. Alternatively, use `suffices` to explicitly state the simplified form.

Note: This linter can be disabled with `set_option linter.flexible false`
info: denote/yoco_goals/Pattern_1.lean:2729:67: `exact hk` uses `hk`!
warning: denote/yoco_goals/Pattern_1.lean:2739:36: `simp [Finset.mem_range] at hk` is a flexible tactic modifying `hk`. Try `simp?` and use the suggested `simp only [...]`. Alternatively, use `suffices` to explicitly state the simplified form.

Note: This linter can be disabled with `set_option linter.flexible false`
info: denote/yoco_goals/Pattern_1.lean:2739:67: `exact hk` uses `hk`!
warning: denote/yoco_goals/Pattern_1.lean:2748:5: Variable name `hL` is not explicitly referenced.

The binding can be removed (if unused) or named `_` (if used implicitly).

Note: This linter can be disabled with `set_option linter.unusedVariables false`
warning: denote/yoco_goals/Pattern_1.lean:2748:41: Variable name `hnE` is not explicitly referenced.

The binding can be removed (if unused) or named `_` (if used implicitly).

Note: This linter can be disabled with `set_option linter.unusedVariables false`
warning: denote/yoco_goals/Pattern_1.lean:2748:60: Variable name `hE_total` is not explicitly referenced.

The binding can be removed (if unused) or named `_` (if used implicitly).

Note: This linter can be disabled with `set_option linter.unusedVariables false`
warning: denote/yoco_goals/Pattern_1.lean:2749:5: Variable name `hstart_le_end` is not explicitly referenced.

The binding can be removed (if unused) or named `_` (if used implicitly).

Note: This linter can be disabled with `set_option linter.unusedVariables false`
warning: denote/yoco_goals/Pattern_1.lean:2764:4: `simp [prodShape, List.reverse_cons]` is a flexible tactic modifying `⊢`. Try `simp?` and use the suggested `simp only [...]`. Alternatively, use `suffices` to explicitly state the simplified form.

Note: This linter can be disabled with `set_option linter.flexible false`
info: denote/yoco_goals/Pattern_1.lean:2764:4: Try this:
  [apply] simp only [List.head?_cons, Option.getD_some, List.reverse_cons, List.reverse_nil, List.nil_append,
    List.cons_append]
info: denote/yoco_goals/Pattern_1.lean:2765:4: `calc
  l * hModel + h_col < l * hModel + hModel := by omega
  _ = (l + 1) * hModel := by ring
  _ ≤ L * hModel := Nat.mul_le_mul_right _ (by omega)` uses `⊢`!
warning: denote/yoco_goals/Pattern_1.lean:2850:52: Variable name `ht` is not explicitly referenced.

The binding can be removed (if unused) or named `_` (if used implicitly).

Note: This linter can be disabled with `set_option linter.unusedVariables false`
warning: denote/yoco_goals/Pattern_1.lean:2850:69: Variable name `hd` is not explicitly referenced.

The binding can be removed (if unused) or named `_` (if used implicitly).

Note: This linter can be disabled with `set_option linter.unusedVariables false`
warning: denote/yoco_goals/Pattern_1.lean:2855:51: Variable name `hw13_b` is not explicitly referenced.

The binding can be removed (if unused) or named `_` (if used implicitly).

Note: This linter can be disabled with `set_option linter.unusedVariables false`
warning: denote/yoco_goals/Pattern_1.lean:2856:5: Variable name `hw2_a` is not explicitly referenced.

The binding can be removed (if unused) or named `_` (if used implicitly).

Note: This linter can be disabled with `set_option linter.unusedVariables false`
warning: denote/yoco_goals/Pattern_1.lean:2856:49: Variable name `hw2_b` is not explicitly referenced.

The binding can be removed (if unused) or named `_` (if used implicitly).

Note: This linter can be disabled with `set_option linter.unusedVariables false`
warning: denote/yoco_goals/Pattern_1.lean:2997:41: `simp [Finset.mem_range] at hx` is a flexible tactic modifying `hx`. Try `simp?` and use the suggested `simp only [...]`. Alternatively, use `suffices` to explicitly state the simplified form.

Note: This linter can be disabled with `set_option linter.flexible false`
info: denote/yoco_goals/Pattern_1.lean:2997:72: `exact hx` uses `hx`!
warning: denote/yoco_goals/Pattern_1.lean:3044:41: `simp [Finset.mem_range] at hx` is a flexible tactic modifying `hx`. Try `simp?` and use the suggested `simp only [...]`. Alternatively, use `suffices` to explicitly state the simplified form.

Note: This linter can be disabled with `set_option linter.flexible false`
info: denote/yoco_goals/Pattern_1.lean:3044:72: `exact hx` uses `hx`!
warning: denote/yoco_goals/Pattern_1.lean:2903:4: The `show` tactic should only be used to indicate intermediate goal states for readability.
However, this tactic invocation changed the goal. Please use `change` instead for these purposes.

Note: This linter can be disabled with `set_option linter.style.show false`
warning: denote/yoco_goals/Pattern_1.lean:2908:4: The `show` tactic should only be used to indicate intermediate goal states for readability.
However, this tactic invocation changed the goal. Please use `change` instead for these purposes.

Note: This linter can be disabled with `set_option linter.style.show false`
warning: denote/yoco_goals/Pattern_1.lean:2924:4: The `show` tactic should only be used to indicate intermediate goal states for readability.
However, this tactic invocation changed the goal. Please use `change` instead for these purposes.

Note: This linter can be disabled with `set_option linter.style.show false`
warning: denote/yoco_goals/Pattern_1.lean:3311:19: This simp argument is unused:
  show ∀ (t₁ t₂ : Tensor) (d : Tensor), ([t₁, t₂] : List Tensor).getD 1 d = t₂ from fun _ _ _ => rfl

Hint: Omit it from the simp argument list.
  simp only [Nat.zero_mul, Nat.zero_add,
            show ∀ (t₁ t₂ : Tensor) (d : Tensor), ([t₁, t₂] : List Tensor).getD 0 d = t₁ from
  ̲  ̲ ̲ ̲ ̲ ̲ ̲ ̲ ̲ ̲ ̲ ̲ ̲ ̲fun _ _ _ => r̵f̵l̵,̵
  ̵ ̵ ̵ ̵ ̵ ̵ ̵ ̵ ̵ ̵ ̵ ̵ ̵ ̵ ̵ ̵ ̵ ̵ ̵ ̵s̵h̵o̵w̵ ̵∀̵ ̵(̵t̵₁̵ ̵t̵₂̵ ̵:̵ ̵T̵e̵n̵s̵o̵r̵)̵ ̵(̵d̵ ̵:̵ ̵T̵e̵n̵s̵o̵r̵)̵,̵ ̵(̵[̵t̵₁̵,̵ ̵t̵₂̵]̵ ̵:̵ ̵L̵i̵s̵t̵ ̵T̵e̵n̵s̵o̵r̵)̵.̵g̵e̵t̵D̵ ̵1̵ ̵d̵ ̵=̵ ̵t̵₂̵ ̵f̵r̵o̵m̵ ̵f̵u̵n̵ ̵_̵ ̵_̵ ̵_̵ ̵=̵>̵ ̵rfl] at this

Note: This linter can be disabled with `set_option linter.unusedSimpArgs false`
warning: denote/yoco_goals/Pattern_1.lean:3325:19: This simp argument is unused:
  show ∀ (t₁ t₂ : Tensor) (d : Tensor), ([t₁, t₂] : List Tensor).getD 1 d = t₂ from fun _ _ _ => rfl

Hint: Omit it from the simp argument list.
  simp only [Nat.zero_mul, Nat.zero_add,
            show ∀ (t₁ t₂ : Tensor) (d : Tensor), ([t₁, t₂] : List Tensor).getD 0 d = t₁ from
  ̲  ̲ ̲ ̲ ̲ ̲ ̲ ̲ ̲ ̲ ̲ ̲ ̲ ̲fun _ _ _ => r̵f̵l̵,̵
  ̵ ̵ ̵ ̵ ̵ ̵ ̵ ̵ ̵ ̵ ̵ ̵ ̵ ̵ ̵ ̵ ̵ ̵ ̵ ̵s̵h̵o̵w̵ ̵∀̵ ̵(̵t̵₁̵ ̵t̵₂̵ ̵:̵ ̵T̵e̵n̵s̵o̵r̵)̵ ̵(̵d̵ ̵:̵ ̵T̵e̵n̵s̵o̵r̵)̵,̵ ̵(̵[̵t̵₁̵,̵ ̵t̵₂̵]̵ ̵:̵ ̵L̵i̵s̵t̵ ̵T̵e̵n̵s̵o̵r̵)̵.̵g̵e̵t̵D̵ ̵1̵ ̵d̵ ̵=̵ ̵t̵₂̵ ̵f̵r̵o̵m̵ ̵f̵u̵n̵ ̵_̵ ̵_̵ ̵_̵ ̵=̵>̵ ̵rfl] at this

Note: This linter can be disabled with `set_option linter.unusedSimpArgs false`
warning: denote/yoco_goals/Pattern_1.lean:3339:19: This simp argument is unused:
  show ∀ (t₁ t₂ : Tensor) (d : Tensor), ([t₁, t₂] : List Tensor).getD 1 d = t₂ from fun _ _ _ => rfl

Hint: Omit it from the simp argument list.
  simp only [Nat.zero_mul, Nat.zero_add,
            show ∀ (t₁ t₂ : Tensor) (d : Tensor), ([t₁, t₂] : List Tensor).getD 0 d = t₁ from
  ̲  ̲ ̲ ̲ ̲ ̲ ̲ ̲ ̲ ̲ ̲ ̲ ̲ ̲fun _ _ _ => r̵f̵l̵,̵
  ̵ ̵ ̵ ̵ ̵ ̵ ̵ ̵ ̵ ̵ ̵ ̵ ̵ ̵ ̵ ̵ ̵ ̵ ̵ ̵s̵h̵o̵w̵ ̵∀̵ ̵(̵t̵₁̵ ̵t̵₂̵ ̵:̵ ̵T̵e̵n̵s̵o̵r̵)̵ ̵(̵d̵ ̵:̵ ̵T̵e̵n̵s̵o̵r̵)̵,̵ ̵(̵[̵t̵₁̵,̵ ̵t̵₂̵]̵ ̵:̵ ̵L̵i̵s̵t̵ ̵T̵e̵n̵s̵o̵r̵)̵.̵g̵e̵t̵D̵ ̵1̵ ̵d̵ ̵=̵ ̵t̵₂̵ ̵f̵r̵o̵m̵ ̵f̵u̵n̵ ̵_̵ ̵_̵ ̵_̵ ̵=̵>̵ ̵rfl] at this

Note: This linter can be disabled with `set_option linter.unusedSimpArgs false`
warning: denote/yoco_goals/Pattern_1.lean:3354:19: This simp argument is unused:
  show ∀ (t₁ t₂ : Tensor) (d : Tensor), ([t₁, t₂] : List Tensor).getD 1 d = t₂ from fun _ _ _ => rfl

Hint: Omit it from the simp argument list.
  simp only [Nat.zero_mul, Nat.zero_add,
            show ∀ (t₁ t₂ : Tensor) (d : Tensor), ([t₁, t₂] : List Tensor).getD 0 d = t₁ from
  ̲  ̲ ̲ ̲ ̲ ̲ ̲ ̲ ̲ ̲ ̲ ̲ ̲ ̲fun _ _ _ => r̵f̵l̵,̵
  ̵ ̵ ̵ ̵ ̵ ̵ ̵ ̵ ̵ ̵ ̵ ̵ ̵ ̵ ̵ ̵ ̵ ̵ ̵ ̵s̵h̵o̵w̵ ̵∀̵ ̵(̵t̵₁̵ ̵t̵₂̵ ̵:̵ ̵T̵e̵n̵s̵o̵r̵)̵ ̵(̵d̵ ̵:̵ ̵T̵e̵n̵s̵o̵r̵)̵,̵ ̵(̵[̵t̵₁̵,̵ ̵t̵₂̵]̵ ̵:̵ ̵L̵i̵s̵t̵ ̵T̵e̵n̵s̵o̵r̵)̵.̵g̵e̵t̵D̵ ̵1̵ ̵d̵ ̵=̵ ̵t̵₂̵ ̵f̵r̵o̵m̵ ̵f̵u̵n̵ ̵_̵ ̵_̵ ̵_̵ ̵=̵>̵ ̵rfl] at this

Note: This linter can be disabled with `set_option linter.unusedSimpArgs false`
warning: denote/yoco_goals/Pattern_1.lean:3369:19: This simp argument is unused:
  show ∀ (t₁ t₂ : Tensor) (d : Tensor), ([t₁, t₂] : List Tensor).getD 1 d = t₂ from fun _ _ _ => rfl

Hint: Omit it from the simp argument list.
  simp only [Nat.zero_mul, Nat.zero_add,
            show ∀ (t₁ t₂ : Tensor) (d : Tensor), ([t₁, t₂] : List Tensor).getD 0 d = t₁ from
  ̲  ̲ ̲ ̲ ̲ ̲ ̲ ̲ ̲ ̲ ̲ ̲ ̲ ̲fun _ _ _ => r̵f̵l̵,̵
  ̵ ̵ ̵ ̵ ̵ ̵ ̵ ̵ ̵ ̵ ̵ ̵ ̵ ̵ ̵ ̵ ̵ ̵ ̵ ̵s̵h̵o̵w̵ ̵∀̵ ̵(̵t̵₁̵ ̵t̵₂̵ ̵:̵ ̵T̵e̵n̵s̵o̵r̵)̵ ̵(̵d̵ ̵:̵ ̵T̵e̵n̵s̵o̵r̵)̵,̵ ̵(̵[̵t̵₁̵,̵ ̵t̵₂̵]̵ ̵:̵ ̵L̵i̵s̵t̵ ̵T̵e̵n̵s̵o̵r̵)̵.̵g̵e̵t̵D̵ ̵1̵ ̵d̵ ̵=̵ ̵t̵₂̵ ̵f̵r̵o̵m̵ ̵f̵u̵n̵ ̵_̵ ̵_̵ ̵_̵ ̵=̵>̵ ̵rfl] at this

Note: This linter can be disabled with `set_option linter.unusedSimpArgs false`
warning: denote/yoco_goals/Pattern_1.lean:3383:19: This simp argument is unused:
  show ∀ (t₁ t₂ : Tensor) (d : Tensor), ([t₁, t₂] : List Tensor).getD 1 d = t₂ from fun _ _ _ => rfl

Hint: Omit it from the simp argument list.
  simp only [Nat.zero_mul, Nat.zero_add,
            show ∀ (t₁ t₂ : Tensor) (d : Tensor), ([t₁, t₂] : List Tensor).getD 0 d = t₁ from
  ̲  ̲ ̲ ̲ ̲ ̲ ̲ ̲ ̲ ̲ ̲ ̲ ̲ ̲fun _ _ _ => r̵f̵l̵,̵
  ̵ ̵ ̵ ̵ ̵ ̵ ̵ ̵ ̵ ̵ ̵ ̵ ̵ ̵ ̵ ̵ ̵ ̵ ̵ ̵s̵h̵o̵w̵ ̵∀̵ ̵(̵t̵₁̵ ̵t̵₂̵ ̵:̵ ̵T̵e̵n̵s̵o̵r̵)̵ ̵(̵d̵ ̵:̵ ̵T̵e̵n̵s̵o̵r̵)̵,̵ ̵(̵[̵t̵₁̵,̵ ̵t̵₂̵]̵ ̵:̵ ̵L̵i̵s̵t̵ ̵T̵e̵n̵s̵o̵r̵)̵.̵g̵e̵t̵D̵ ̵1̵ ̵d̵ ̵=̵ ̵t̵₂̵ ̵f̵r̵o̵m̵ ̵f̵u̵n̵ ̵_̵ ̵_̵ ̵_̵ ̵=̵>̵ ̵rfl] at this

Note: This linter can be disabled with `set_option linter.unusedSimpArgs false`
warning: denote/yoco_goals/Pattern_1.lean:3502:21: This simp argument is unused:
  show ∀ (t₁ t₂ : Tensor) (d : Tensor), ([t₁, t₂] : List Tensor).getD 0 d = t₁ from fun _ _ _ => rfl

Hint: Omit it from the simp argument list.
  simp only [show ∀ (t₁ t₂ : Tensor) (d : Tensor), ([t₁, t₂] : List Tensor).getD 0̵ ̵d̵ ̵=̵ ̵t̵₁̵ ̵f̵r̵o̵m̵ ̵f̵u̵n̵ ̵_̵ ̵_̵ ̵_̵ ̵=̵>̵ ̵r̵f̵l̵,̵
  ̵ ̵ ̵ ̵ ̵ ̵ ̵ ̵ ̵ ̵ ̵ ̵ ̵ ̵ ̵ ̵ ̵ ̵ ̵ ̵s̵h̵o̵w̵ ̵∀̵ ̵(̵t̵₁̵ ̵t̵₂̵ ̵:̵ ̵T̵e̵n̵s̵o̵r̵)̵ ̵(̵d̵ ̵:̵ ̵T̵e̵n̵s̵o̵r̵)̵,̵ ̵(̵[̵t̵₁̵,̵ ̵t̵₂̵]̵ ̵:̵ ̵L̵i̵s̵t̵ ̵T̵e̵n̵s̵o̵r̵)̵.̵g̵e̵t̵D̵ ̵1 d = t₂
  ̲  ̲ ̲ ̲ ̲ ̲ ̲ ̲ ̲ ̲ ̲ ̲ ̲ ̲ ̲ ̲from fun _ _ _ => rfl] at this

Note: This linter can be disabled with `set_option linter.unusedSimpArgs false`
warning: denote/yoco_goals/Pattern_1.lean:3266:39: `simp [Finset.mem_range] at hx` is a flexible tactic modifying `hx`. Try `simp?` and use the suggested `simp only [...]`. Alternatively, use `suffices` to explicitly state the simplified form.

Note: This linter can be disabled with `set_option linter.flexible false`
info: denote/yoco_goals/Pattern_1.lean:3266:70: `exact hx` uses `hx`!
warning: denote/yoco_goals/Pattern_1.lean:3299:37: `simp [Finset.mem_range] at hx` is a flexible tactic modifying `hx`. Try `simp?` and use the suggested `simp only [...]`. Alternatively, use `suffices` to explicitly state the simplified form.

Note: This linter can be disabled with `set_option linter.flexible false`
info: denote/yoco_goals/Pattern_1.lean:3299:68: `exact hx` uses `hx`!
warning: denote/yoco_goals/Pattern_1.lean:3416:39: `simp [Finset.mem_range] at hx` is a flexible tactic modifying `hx`. Try `simp?` and use the suggested `simp only [...]`. Alternatively, use `suffices` to explicitly state the simplified form.

Note: This linter can be disabled with `set_option linter.flexible false`
info: denote/yoco_goals/Pattern_1.lean:3416:70: `exact hx` uses `hx`!
warning: denote/yoco_goals/Pattern_1.lean:3440:37: `simp [Finset.mem_range] at hx` is a flexible tactic modifying `hx`. Try `simp?` and use the suggested `simp only [...]`. Alternatively, use `suffices` to explicitly state the simplified form.

Note: This linter can be disabled with `set_option linter.flexible false`
info: denote/yoco_goals/Pattern_1.lean:3440:68: `exact hx` uses `hx`!
warning: denote/yoco_goals/Pattern_1.lean:3482:37: `simp [Finset.mem_range] at hd` is a flexible tactic modifying `hd`. Try `simp?` and use the suggested `simp only [...]`. Alternatively, use `suffices` to explicitly state the simplified form.

Note: This linter can be disabled with `set_option linter.flexible false`
info: denote/yoco_goals/Pattern_1.lean:3482:68: `exact hd` uses `hd`!
warning: denote/yoco_goals/Pattern_1.lean:3533:36: `simp [Finset.mem_range] at hk` is a flexible tactic modifying `hk`. Try `simp?` and use the suggested `simp only [...]`. Alternatively, use `suffices` to explicitly state the simplified form.

Note: This linter can be disabled with `set_option linter.flexible false`
info: denote/yoco_goals/Pattern_1.lean:3533:67: `exact hk` uses `hk`!
warning: denote/yoco_goals/Pattern_1.lean:3543:36: `simp [Finset.mem_range] at hk` is a flexible tactic modifying `hk`. Try `simp?` and use the suggested `simp only [...]`. Alternatively, use `suffices` to explicitly state the simplified form.

Note: This linter can be disabled with `set_option linter.flexible false`
info: denote/yoco_goals/Pattern_1.lean:3543:67: `exact hk` uses `hk`!
warning: denote/yoco_goals/Pattern_1.lean:3150:4: The `show` tactic should only be used to indicate intermediate goal states for readability.
However, this tactic invocation changed the goal. Please use `change` instead for these purposes.

Note: This linter can be disabled with `set_option linter.style.show false`
warning: denote/yoco_goals/Pattern_1.lean:3155:4: The `show` tactic should only be used to indicate intermediate goal states for readability.
However, this tactic invocation changed the goal. Please use `change` instead for these purposes.

Note: This linter can be disabled with `set_option linter.style.show false`
warning: denote/yoco_goals/Pattern_1.lean:3177:4: The `show` tactic should only be used to indicate intermediate goal states for readability.
However, this tactic invocation changed the goal. Please use `change` instead for these purposes.

Note: This linter can be disabled with `set_option linter.style.show false`
warning: denote/yoco_goals/Pattern_1.lean:3576:5: Variable name `hshapes` is not explicitly referenced.

The binding can be removed (if unused) or named `_` (if used implicitly).

Note: This linter can be disabled with `set_option linter.unusedVariables false`
warning: denote/yoco_goals/Pattern_1.lean:3594:24: This simp argument is unused:
  List.set

Hint: Omit it from the simp argument list.
  simp [Tensor.mkShape, List.s̵e̵t̵,̵ ̵L̵i̵s̵t̵.̵getD]

Note: This linter can be disabled with `set_option linter.unusedSimpArgs false`
warning: denote/yoco_goals/Pattern_1.lean:3594:34: This simp argument is unused:
  List.getD

Hint: Omit it from the simp argument list.
  simp [Tensor.mkShape, List.set,̵ ̵L̵i̵s̵t̵.̵g̵e̵t̵D̵]

Note: This linter can be disabled with `set_option linter.unusedSimpArgs false`
warning: denote/yoco_goals/Pattern_1.lean:3619:20: This simp argument is unused:
  hLshard2_ne

Hint: Omit it from the simp argument list.
  simp [hLshard_ne, hL̵s̵h̵a̵r̵d̵2̵_̵n̵e̵,̵ ̵h̵idx_div_full, hidx_mod_full, hjFull_div, hjFull_mod, hmod1]

Note: This linter can be disabled with `set_option linter.unusedSimpArgs false`
warning: denote/yoco_goals/Pattern_1.lean:3592:4: `simp [prodShape, List.set, List.getD]` is a flexible tactic modifying `⊢`. Try `simp?` and use the suggested `simp only [...]`. Alternatively, use `suffices` to explicitly state the simplified form.

Note: This linter can be disabled with `set_option linter.flexible false`
info: denote/yoco_goals/Pattern_1.lean:3592:4: Try this:
  [apply] simp only [List.getD_eq_getElem?_getD, List.length_cons, List.length_nil, zero_add, Order.lt_one_iff,
    getElem?_pos, List.getElem_cons_zero, Option.getD_some, List.set_cons_zero]
info: denote/yoco_goals/Pattern_1.lean:3593:4: `exact hbound` uses `⊢`!
warning: denote/yoco_goals/Pattern_1.lean:3594:2: `simp [Tensor.mkShape, List.set, List.getD]
  -- The mkShape function computes valAt (Ws.getD r' _) (preIdx * dimStride + jLocal * postStride + k)
  -- After all simplifications with dimSize=Lshard, postStride=1, dimStride=Lshard, fullDimStride=Lshard*2:
  -- preIdx = idx / (Lshard*2) = 0 (since idx < Lshard*2)
  -- remainder = idx % (Lshard*2) = idx
  -- jFull = remainder / 1 = idx
  -- k = remainder % 1 = 0
  -- r' = jFull / Lshard = r (given hi)
  -- jLocal = jFull % Lshard = i (given hi)
  -- Reads Ws[r] at (0 * Lshard + i * 1 + 0) = i.` is a flexible tactic modifying `⊢`. Try `simp?` and use the suggested `simp only [...]`. Alternatively, use `suffices` to explicitly state the simplified form.

Note: This linter can be disabled with `set_option linter.flexible false`
info: denote/yoco_goals/Pattern_1.lean:3594:2: Try this:
  [apply] simp only [List.set_cons_zero, List.length_cons, List.length_nil, zero_add, Order.lt_one_iff, getElem?_pos,
    List.getElem_cons_zero, Option.getD_some, one_ne_zero, ↓dreduceIte, mul_one, mul_eq_zero, OfNat.ofNat_ne_zero,
    or_false]
info: denote/yoco_goals/Pattern_1.lean:3605:2: `have hLshard2_ne : Lshard * 2 ≠ 0 := Nat.mul_ne_zero hLshard_ne (by omega)` uses `⊢`!
warning: denote/yoco_goals/Pattern_1.lean:3594:2: `simp [Tensor.mkShape, List.set, List.getD]
  -- The mkShape function computes valAt (Ws.getD r' _) (preIdx * dimStride + jLocal * postStride + k)
  -- After all simplifications with dimSize=Lshard, postStride=1, dimStride=Lshard, fullDimStride=Lshard*2:
  -- preIdx = idx / (Lshard*2) = 0 (since idx < Lshard*2)
  -- remainder = idx % (Lshard*2) = idx
  -- jFull = remainder / 1 = idx
  -- k = remainder % 1 = 0
  -- r' = jFull / Lshard = r (given hi)
  -- jLocal = jFull % Lshard = i (given hi)
  -- Reads Ws[r] at (0 * Lshard + i * 1 + 0) = i.` is a flexible tactic modifying `⊢`. Try `simp?` and use the suggested `simp only [...]`. Alternatively, use `suffices` to explicitly state the simplified form.

Note: This linter can be disabled with `set_option linter.flexible false`
info: denote/yoco_goals/Pattern_1.lean:3594:2: Try this:
  [apply] simp only [List.set_cons_zero, List.length_cons, List.length_nil, zero_add, Order.lt_one_iff, getElem?_pos,
    List.getElem_cons_zero, Option.getD_some, one_ne_zero, ↓dreduceIte, mul_one, mul_eq_zero, OfNat.ofNat_ne_zero,
    or_false]
info: denote/yoco_goals/Pattern_1.lean:3606:2: `have hidx_div_full : (r * Lshard + i) / (Lshard * 2) = 0 := by apply Nat.div_eq_of_lt; exact hbound` uses `⊢`!
warning: denote/yoco_goals/Pattern_1.lean:3594:2: `simp [Tensor.mkShape, List.set, List.getD]
  -- The mkShape function computes valAt (Ws.getD r' _) (preIdx * dimStride + jLocal * postStride + k)
  -- After all simplifications with dimSize=Lshard, postStride=1, dimStride=Lshard, fullDimStride=Lshard*2:
  -- preIdx = idx / (Lshard*2) = 0 (since idx < Lshard*2)
  -- remainder = idx % (Lshard*2) = idx
  -- jFull = remainder / 1 = idx
  -- k = remainder % 1 = 0
  -- r' = jFull / Lshard = r (given hi)
  -- jLocal = jFull % Lshard = i (given hi)
  -- Reads Ws[r] at (0 * Lshard + i * 1 + 0) = i.` is a flexible tactic modifying `⊢`. Try `simp?` and use the suggested `simp only [...]`. Alternatively, use `suffices` to explicitly state the simplified form.

Note: This linter can be disabled with `set_option linter.flexible false`
info: denote/yoco_goals/Pattern_1.lean:3594:2: Try this:
  [apply] simp only [List.set_cons_zero, List.length_cons, List.length_nil, zero_add, Order.lt_one_iff, getElem?_pos,
    List.getElem_cons_zero, Option.getD_some, one_ne_zero, ↓dreduceIte, mul_one, mul_eq_zero, OfNat.ofNat_ne_zero,
    or_false]
info: denote/yoco_goals/Pattern_1.lean:3608:2: `have hidx_mod_full : (r * Lshard + i) % (Lshard * 2) = r * Lshard + i := by apply Nat.mod_eq_of_lt;
  exact hbound` uses `⊢`!
warning: denote/yoco_goals/Pattern_1.lean:3594:2: `simp [Tensor.mkShape, List.set, List.getD]
  -- The mkShape function computes valAt (Ws.getD r' _) (preIdx * dimStride + jLocal * postStride + k)
  -- After all simplifications with dimSize=Lshard, postStride=1, dimStride=Lshard, fullDimStride=Lshard*2:
  -- preIdx = idx / (Lshard*2) = 0 (since idx < Lshard*2)
  -- remainder = idx % (Lshard*2) = idx
  -- jFull = remainder / 1 = idx
  -- k = remainder % 1 = 0
  -- r' = jFull / Lshard = r (given hi)
  -- jLocal = jFull % Lshard = i (given hi)
  -- Reads Ws[r] at (0 * Lshard + i * 1 + 0) = i.` is a flexible tactic modifying `⊢`. Try `simp?` and use the suggested `simp only [...]`. Alternatively, use `suffices` to explicitly state the simplified form.

Note: This linter can be disabled with `set_option linter.flexible false`
info: denote/yoco_goals/Pattern_1.lean:3594:2: Try this:
  [apply] simp only [List.set_cons_zero, List.length_cons, List.length_nil, zero_add, Order.lt_one_iff, getElem?_pos,
    List.getElem_cons_zero, Option.getD_some, one_ne_zero, ↓dreduceIte, mul_one, mul_eq_zero, OfNat.ofNat_ne_zero,
    or_false]
info: denote/yoco_goals/Pattern_1.lean:3610:2: `have hjFull_div : (r * Lshard + i) / Lshard = r :=
  by
  have h1 : (r * Lshard + i) / Lshard = i / Lshard + r := by rw [Nat.add_comm, Nat.add_mul_div_right i r hLshard]
  rw [h1, Nat.div_eq_of_lt hi]; ring` uses `⊢`!
warning: denote/yoco_goals/Pattern_1.lean:3594:2: `simp [Tensor.mkShape, List.set, List.getD]
  -- The mkShape function computes valAt (Ws.getD r' _) (preIdx * dimStride + jLocal * postStride + k)
  -- After all simplifications with dimSize=Lshard, postStride=1, dimStride=Lshard, fullDimStride=Lshard*2:
  -- preIdx = idx / (Lshard*2) = 0 (since idx < Lshard*2)
  -- remainder = idx % (Lshard*2) = idx
  -- jFull = remainder / 1 = idx
  -- k = remainder % 1 = 0
  -- r' = jFull / Lshard = r (given hi)
  -- jLocal = jFull % Lshard = i (given hi)
  -- Reads Ws[r] at (0 * Lshard + i * 1 + 0) = i.` is a flexible tactic modifying `⊢`. Try `simp?` and use the suggested `simp only [...]`. Alternatively, use `suffices` to explicitly state the simplified form.

Note: This linter can be disabled with `set_option linter.flexible false`
info: denote/yoco_goals/Pattern_1.lean:3594:2: Try this:
  [apply] simp only [List.set_cons_zero, List.length_cons, List.length_nil, zero_add, Order.lt_one_iff, getElem?_pos,
    List.getElem_cons_zero, Option.getD_some, one_ne_zero, ↓dreduceIte, mul_one, mul_eq_zero, OfNat.ofNat_ne_zero,
    or_false]
info: denote/yoco_goals/Pattern_1.lean:3614:2: `have hjFull_mod : (r * Lshard + i) % Lshard = i :=
  by
  have h1 : (r * Lshard + i) % Lshard = i % Lshard := by rw [Nat.add_comm, Nat.add_mul_mod_self_right]
  rw [h1, Nat.mod_eq_of_lt hi]` uses `⊢`!
warning: denote/yoco_goals/Pattern_1.lean:3594:2: `simp [Tensor.mkShape, List.set, List.getD]
  -- The mkShape function computes valAt (Ws.getD r' _) (preIdx * dimStride + jLocal * postStride + k)
  -- After all simplifications with dimSize=Lshard, postStride=1, dimStride=Lshard, fullDimStride=Lshard*2:
  -- preIdx = idx / (Lshard*2) = 0 (since idx < Lshard*2)
  -- remainder = idx % (Lshard*2) = idx
  -- jFull = remainder / 1 = idx
  -- k = remainder % 1 = 0
  -- r' = jFull / Lshard = r (given hi)
  -- jLocal = jFull % Lshard = i (given hi)
  -- Reads Ws[r] at (0 * Lshard + i * 1 + 0) = i.` is a flexible tactic modifying `⊢`. Try `simp?` and use the suggested `simp only [...]`. Alternatively, use `suffices` to explicitly state the simplified form.

Note: This linter can be disabled with `set_option linter.flexible false`
info: denote/yoco_goals/Pattern_1.lean:3594:2: Try this:
  [apply] simp only [List.set_cons_zero, List.length_cons, List.length_nil, zero_add, Order.lt_one_iff, getElem?_pos,
    List.getElem_cons_zero, Option.getD_some, one_ne_zero, ↓dreduceIte, mul_one, mul_eq_zero, OfNat.ofNat_ne_zero,
    or_false]
info: denote/yoco_goals/Pattern_1.lean:3618:2: `have hmod1 : (r * Lshard + i) % 1 = 0 := Nat.mod_one _` uses `⊢`!
warning: denote/yoco_goals/Pattern_1.lean:3591:4: The `show` tactic should only be used to indicate intermediate goal states for readability.
However, this tactic invocation changed the goal. Please use `change` instead for these purposes.

Note: This linter can be disabled with `set_option linter.style.show false`
warning: denote/yoco_goals/Pattern_1.lean:3638:24: This simp argument is unused:
  List.set

Hint: Omit it from the simp argument list.
  simp [Tensor.mkShape, L̵i̵s̵t̵.̵s̵e̵t̵,̵ ̵hLshard2_div, hrmod]

Note: This linter can be disabled with `set_option linter.unusedSimpArgs false`
warning: denote/yoco_goals/Pattern_1.lean:3636:4: `simp [prodShape, List.set, hLshard2_div]` is a flexible tactic modifying `⊢`. Try `simp?` and use the suggested `simp only [...]`. Alternatively, use `suffices` to explicitly state the simplified form.

Note: This linter can be disabled with `set_option linter.flexible false`
info: denote/yoco_goals/Pattern_1.lean:3636:4: Try this:
  [apply] simp only [ne_eq, OfNat.ofNat_ne_zero, not_false_eq_true, mul_div_cancel_right₀, List.set_cons_zero]
info: denote/yoco_goals/Pattern_1.lean:3637:4: `exact hi` uses `⊢`!
warning: denote/yoco_goals/Pattern_1.lean:3635:4: The `show` tactic should only be used to indicate intermediate goal states for readability.
However, this tactic invocation changed the goal. Please use `change` instead for these purposes.

Note: This linter can be disabled with `set_option linter.style.show false`
warning: denote/yoco_goals/Pattern_1.lean:3675:4: `simp [Tensor.mkShape]` is a flexible tactic modifying `⊢`. Try `simp?` and use the suggested `simp only [...]`. Alternatively, use `suffices` to explicitly state the simplified form.

Note: This linter can be disabled with `set_option linter.flexible false`
info: denote/yoco_goals/Pattern_1.lean:3676:4: `rw [hxa]` uses `⊢`!
warning: denote/yoco_goals/Pattern_1.lean:3679:4: `simp [Tensor.mkShape]` is a flexible tactic modifying `⊢`. Try `simp?` and use the suggested `simp only [...]`. Alternatively, use `suffices` to explicitly state the simplified form.

Note: This linter can be disabled with `set_option linter.flexible false`
info: denote/yoco_goals/Pattern_1.lean:3680:4: `rw [hxb]` uses `⊢`!
warning: denote/yoco_goals/Pattern_1.lean:3707:4: `simp [Tensor.mkShape]` is a flexible tactic modifying `⊢`. Try `simp?` and use the suggested `simp only [...]`. Alternatively, use `suffices` to explicitly state the simplified form.

Note: This linter can be disabled with `set_option linter.flexible false`
info: denote/yoco_goals/Pattern_1.lean:3708:4: `rw [hG_x]` uses `⊢`!
warning: denote/yoco_goals/Pattern_1.lean:3816:35: `simp [Finset.mem_range] at hj` is a flexible tactic modifying `hj`. Try `simp?` and use the suggested `simp only [...]`. Alternatively, use `suffices` to explicitly state the simplified form.

Note: This linter can be disabled with `set_option linter.flexible false`
info: denote/yoco_goals/Pattern_1.lean:3816:66: `exact hj` uses `hj`!
warning: denote/yoco_goals/Pattern_1.lean:3956:67: Using `native_decide` is not allowed in mathlib: because it trusts the entire Lean compiler (not just the Lean kernel), it could quite possibly be used to prove false.

Note: This linter can be disabled with `set_option linter.style.nativeDecide false`
warning: denote/yoco_goals/Pattern_1.lean:3890:4: The `show` tactic should only be used to indicate intermediate goal states for readability.
However, this tactic invocation changed the goal. Please use `change` instead for these purposes.

Note: This linter can be disabled with `set_option linter.style.show false`
warning: denote/yoco_goals/Pattern_1.lean:3908:4: The `show` tactic should only be used to indicate intermediate goal states for readability.
However, this tactic invocation changed the goal. Please use `change` instead for these purposes.

Note: This linter can be disabled with `set_option linter.style.show false`
warning: denote/yoco_goals/Pattern_1.lean:3927:4: The `show` tactic should only be used to indicate intermediate goal states for readability.
However, this tactic invocation changed the goal. Please use `change` instead for these purposes.

Note: This linter can be disabled with `set_option linter.style.show false`
warning: denote/yoco_goals/Pattern_1.lean:4154:68: Using `native_decide` is not allowed in mathlib: because it trusts the entire Lean compiler (not just the Lean kernel), it could quite possibly be used to prove false.

Note: This linter can be disabled with `set_option linter.style.nativeDecide false`
warning: denote/yoco_goals/Pattern_1.lean:4154:123: Using `native_decide` is not allowed in mathlib: because it trusts the entire Lean compiler (not just the Lean kernel), it could quite possibly be used to prove false.

Note: This linter can be disabled with `set_option linter.style.nativeDecide false`
warning: denote/yoco_goals/Pattern_1.lean:3999:4: The `show` tactic should only be used to indicate intermediate goal states for readability.
However, this tactic invocation changed the goal. Please use `change` instead for these purposes.

Note: This linter can be disabled with `set_option linter.style.show false`
warning: denote/yoco_goals/Pattern_1.lean:4016:4: The `show` tactic should only be used to indicate intermediate goal states for readability.
However, this tactic invocation changed the goal. Please use `change` instead for these purposes.

Note: This linter can be disabled with `set_option linter.style.show false`
warning: denote/yoco_goals/Pattern_1.lean:4034:4: The `show` tactic should only be used to indicate intermediate goal states for readability.
However, this tactic invocation changed the goal. Please use `change` instead for these purposes.

Note: This linter can be disabled with `set_option linter.style.show false`
warning: denote/yoco_goals/Pattern_1.lean:4089:4: The `show` tactic should only be used to indicate intermediate goal states for readability.
However, this tactic invocation changed the goal. Please use `change` instead for these purposes.

Note: This linter can be disabled with `set_option linter.style.show false`
warning: denote/yoco_goals/Pattern_1.lean:4106:4: The `show` tactic should only be used to indicate intermediate goal states for readability.
However, this tactic invocation changed the goal. Please use `change` instead for these purposes.

Note: This linter can be disabled with `set_option linter.style.show false`
warning: denote/yoco_goals/Pattern_1.lean:4124:4: The `show` tactic should only be used to indicate intermediate goal states for readability.
However, this tactic invocation changed the goal. Please use `change` instead for these purposes.

Note: This linter can be disabled with `set_option linter.style.show false`
warning: denote/yoco_goals/Pattern_1.lean:4160:4: The `show` tactic should only be used to indicate intermediate goal states for readability.
However, this tactic invocation changed the goal. Please use `change` instead for these purposes.

Note: This linter can be disabled with `set_option linter.style.show false`
warning: denote/yoco_goals/Pattern_1.lean:4213:42: Using `native_decide` is not allowed in mathlib: because it trusts the entire Lean compiler (not just the Lean kernel), it could quite possibly be used to prove false.

Note: This linter can be disabled with `set_option linter.style.nativeDecide false`
warning: denote/yoco_goals/Pattern_1.lean:4215:42: Using `native_decide` is not allowed in mathlib: because it trusts the entire Lean compiler (not just the Lean kernel), it could quite possibly be used to prove false.

Note: This linter can be disabled with `set_option linter.style.nativeDecide false`
warning: denote/yoco_goals/Pattern_1.lean:4217:42: Using `native_decide` is not allowed in mathlib: because it trusts the entire Lean compiler (not just the Lean kernel), it could quite possibly be used to prove false.

Note: This linter can be disabled with `set_option linter.style.nativeDecide false`
warning: denote/yoco_goals/Pattern_1.lean:4219:42: Using `native_decide` is not allowed in mathlib: because it trusts the entire Lean compiler (not just the Lean kernel), it could quite possibly be used to prove false.

Note: This linter can be disabled with `set_option linter.style.nativeDecide false`
warning: denote/yoco_goals/Pattern_1.lean:4221:42: Using `native_decide` is not allowed in mathlib: because it trusts the entire Lean compiler (not just the Lean kernel), it could quite possibly be used to prove false.

Note: This linter can be disabled with `set_option linter.style.nativeDecide false`
warning: denote/yoco_goals/Pattern_1.lean:4223:42: Using `native_decide` is not allowed in mathlib: because it trusts the entire Lean compiler (not just the Lean kernel), it could quite possibly be used to prove false.

Note: This linter can be disabled with `set_option linter.style.nativeDecide false`
warning: denote/yoco_goals/Pattern_1.lean:4225:42: Using `native_decide` is not allowed in mathlib: because it trusts the entire Lean compiler (not just the Lean kernel), it could quite possibly be used to prove false.

Note: This linter can be disabled with `set_option linter.style.nativeDecide false`
warning: denote/yoco_goals/Pattern_1.lean:4227:42: Using `native_decide` is not allowed in mathlib: because it trusts the entire Lean compiler (not just the Lean kernel), it could quite possibly be used to prove false.

Note: This linter can be disabled with `set_option linter.style.nativeDecide false`
warning: denote/yoco_goals/Pattern_1.lean:4229:90: Using `native_decide` is not allowed in mathlib: because it trusts the entire Lean compiler (not just the Lean kernel), it could quite possibly be used to prove false.

Note: This linter can be disabled with `set_option linter.style.nativeDecide false`
warning: denote/yoco_goals/Pattern_1.lean:4230:90: Using `native_decide` is not allowed in mathlib: because it trusts the entire Lean compiler (not just the Lean kernel), it could quite possibly be used to prove false.

Note: This linter can be disabled with `set_option linter.style.nativeDecide false`
warning: denote/yoco_goals/Pattern_1.lean:4231:86: Using `native_decide` is not allowed in mathlib: because it trusts the entire Lean compiler (not just the Lean kernel), it could quite possibly be used to prove false.

Note: This linter can be disabled with `set_option linter.style.nativeDecide false`
warning: denote/yoco_goals/Pattern_1.lean:4232:98: Using `native_decide` is not allowed in mathlib: because it trusts the entire Lean compiler (not just the Lean kernel), it could quite possibly be used to prove false.

Note: This linter can be disabled with `set_option linter.style.nativeDecide false`
warning: denote/yoco_goals/Pattern_1.lean:4233:96: Using `native_decide` is not allowed in mathlib: because it trusts the entire Lean compiler (not just the Lean kernel), it could quite possibly be used to prove false.

Note: This linter can be disabled with `set_option linter.style.nativeDecide false`
warning: denote/yoco_goals/Pattern_1.lean:4235:45: Using `native_decide` is not allowed in mathlib: because it trusts the entire Lean compiler (not just the Lean kernel), it could quite possibly be used to prove false.

Note: This linter can be disabled with `set_option linter.style.nativeDecide false`
warning: denote/yoco_goals/Pattern_1.lean:4238:45: Using `native_decide` is not allowed in mathlib: because it trusts the entire Lean compiler (not just the Lean kernel), it could quite possibly be used to prove false.

Note: This linter can be disabled with `set_option linter.style.nativeDecide false`
warning: denote/yoco_goals/Pattern_1.lean:4241:45: Using `native_decide` is not allowed in mathlib: because it trusts the entire Lean compiler (not just the Lean kernel), it could quite possibly be used to prove false.

Note: This linter can be disabled with `set_option linter.style.nativeDecide false`
warning: denote/yoco_goals/Pattern_1.lean:4244:37: Using `native_decide` is not allowed in mathlib: because it trusts the entire Lean compiler (not just the Lean kernel), it could quite possibly be used to prove false.

Note: This linter can be disabled with `set_option linter.style.nativeDecide false`
warning: denote/yoco_goals/Pattern_1.lean:4247:37: Using `native_decide` is not allowed in mathlib: because it trusts the entire Lean compiler (not just the Lean kernel), it could quite possibly be used to prove false.

Note: This linter can be disabled with `set_option linter.style.nativeDecide false`
warning: denote/yoco_goals/Pattern_1.lean:4252:69: Using `native_decide` is not allowed in mathlib: because it trusts the entire Lean compiler (not just the Lean kernel), it could quite possibly be used to prove false.

Note: This linter can be disabled with `set_option linter.style.nativeDecide false`
warning: denote/yoco_goals/Pattern_1.lean:4253:70: Using `native_decide` is not allowed in mathlib: because it trusts the entire Lean compiler (not just the Lean kernel), it could quite possibly be used to prove false.

Note: This linter can be disabled with `set_option linter.style.nativeDecide false`
warning: denote/yoco_goals/Pattern_1.lean:4253:125: Using `native_decide` is not allowed in mathlib: because it trusts the entire Lean compiler (not just the Lean kernel), it could quite possibly be used to prove false.

Note: This linter can be disabled with `set_option linter.style.nativeDecide false`
warning: denote/yoco_goals/Pattern_1.lean:4262:90: Using `native_decide` is not allowed in mathlib: because it trusts the entire Lean compiler (not just the Lean kernel), it could quite possibly be used to prove false.

Note: This linter can be disabled with `set_option linter.style.nativeDecide false`
warning: denote/yoco_goals/Pattern_1.lean:4263:90: Using `native_decide` is not allowed in mathlib: because it trusts the entire Lean compiler (not just the Lean kernel), it could quite possibly be used to prove false.

Note: This linter can be disabled with `set_option linter.style.nativeDecide false`
warning: denote/yoco_goals/Pattern_1.lean:4264:86: Using `native_decide` is not allowed in mathlib: because it trusts the entire Lean compiler (not just the Lean kernel), it could quite possibly be used to prove false.

Note: This linter can be disabled with `set_option linter.style.nativeDecide false`
warning: denote/yoco_goals/Pattern_1.lean:4265:98: Using `native_decide` is not allowed in mathlib: because it trusts the entire Lean compiler (not just the Lean kernel), it could quite possibly be used to prove false.

Note: This linter can be disabled with `set_option linter.style.nativeDecide false`
warning: denote/yoco_goals/Pattern_1.lean:4266:96: Using `native_decide` is not allowed in mathlib: because it trusts the entire Lean compiler (not just the Lean kernel), it could quite possibly be used to prove false.

Note: This linter can be disabled with `set_option linter.style.nativeDecide false`
warning: denote/yoco_goals/Pattern_1.lean:4460:6: The `show` tactic should only be used to indicate intermediate goal states for readability.
However, this tactic invocation changed the goal. Please use `change` instead for these purposes.

Note: This linter can be disabled with `set_option linter.style.show false`
warning: denote/yoco_goals/Pattern_1.lean:4473:6: The `show` tactic should only be used to indicate intermediate goal states for readability.
However, this tactic invocation changed the goal. Please use `change` instead for these purposes.

Note: This linter can be disabled with `set_option linter.style.show false`
warning: denote/yoco_goals/Pattern_1.lean:4506:6: The `show` tactic should only be used to indicate intermediate goal states for readability.
However, this tactic invocation changed the goal. Please use `change` instead for these purposes.

Note: This linter can be disabled with `set_option linter.style.show false`
warning: denote/yoco_goals/Pattern_1.lean:4519:6: The `show` tactic should only be used to indicate intermediate goal states for readability.
However, this tactic invocation changed the goal. Please use `change` instead for these purposes.

Note: This linter can be disabled with `set_option linter.style.show false`
warning: denote/yoco_goals/Pattern_1.lean:4599:6: The `show` tactic should only be used to indicate intermediate goal states for readability.
However, this tactic invocation changed the goal. Please use `change` instead for these purposes.

Note: This linter can be disabled with `set_option linter.style.show false`
warning: denote/yoco_goals/Pattern_1.lean:4616:6: The `show` tactic should only be used to indicate intermediate goal states for readability.
However, this tactic invocation changed the goal. Please use `change` instead for these purposes.

Note: This linter can be disabled with `set_option linter.style.show false`
warning: denote/yoco_goals/Pattern_1.lean:4634:6: The `show` tactic should only be used to indicate intermediate goal states for readability.
However, this tactic invocation changed the goal. Please use `change` instead for these purposes.

Note: This linter can be disabled with `set_option linter.style.show false`
warning: denote/yoco_goals/Pattern_1.lean:4681:6: The `show` tactic should only be used to indicate intermediate goal states for readability.
However, this tactic invocation changed the goal. Please use `change` instead for these purposes.

Note: This linter can be disabled with `set_option linter.style.show false`
warning: denote/yoco_goals/Pattern_1.lean:4698:6: The `show` tactic should only be used to indicate intermediate goal states for readability.
However, this tactic invocation changed the goal. Please use `change` instead for these purposes.

Note: This linter can be disabled with `set_option linter.style.show false`
warning: denote/yoco_goals/Pattern_1.lean:4716:6: The `show` tactic should only be used to indicate intermediate goal states for readability.
However, this tactic invocation changed the goal. Please use `change` instead for these purposes.

Note: This linter can be disabled with `set_option linter.style.show false`
warning: denote/yoco_goals/Pattern_1.lean:4831:40: '' starts on column 40, but all commands should start at the beginning of the line.

Note: This linter can be disabled with `set_option linter.style.whitespace false`
