⚠ [2621/2622] Replayed denote.Denote
warning: denote/Denote.lean:1:0: 'Mathlib.Data.Real.Archimedean' has been deprecated: please replace this import by

import Mathlib.Algebra.Order.Archimedean.Real.Basic
warning: denote/Denote.lean:1:0: 'Mathlib.Data.Real.Sqrt' has been deprecated: please replace this import by

import Mathlib.Analysis.Real.Sqrt
warning: denote/Denote.lean:20:0: Unscoped option linter.flexible is not allowed:
Please scope this to individual declarations, as in
```
set_option linter.flexible in
-- comment explaining why this is necessary
example : ... := ...
```

Note: This linter can be disabled with `set_option linter.style.setOption false`
warning: denote/Denote.lean:676:14: The `show` tactic should only be used to indicate intermediate goal states for readability.
However, this tactic invocation changed the goal. Please use `change` instead for these purposes.

Note: This linter can be disabled with `set_option linter.style.show false`
warning: denote/Denote.lean:715:2: The `show` tactic should only be used to indicate intermediate goal states for readability.
However, this tactic invocation changed the goal. Please use `change` instead for these purposes.

Note: This linter can be disabled with `set_option linter.style.show false`
warning: denote/Denote.lean:2404:2: The `show` tactic should only be used to indicate intermediate goal states for readability.
However, this tactic invocation changed the goal. Please use `change` instead for these purposes.

Note: This linter can be disabled with `set_option linter.style.show false`
warning: denote/Denote.lean:2572:35: This simp argument is unused:
  List.foldl

Hint: Omit it from the simp argument list.
  simp [tensorSum, Tensor.mkShape,̵ ̵L̵i̵s̵t̵.̵f̵o̵l̵d̵l̵]

Note: This linter can be disabled with `set_option linter.unusedSimpArgs false`
warning: denote/Denote.lean:2576:32: Variable name `hb` is not explicitly referenced.

The binding can be removed (if unused) or named `_` (if used implicitly).

Note: This linter can be disabled with `set_option linter.unusedVariables false`
warning: denote/Denote.lean:2594:13: The `show` tactic should only be used to indicate intermediate goal states for readability.
However, this tactic invocation changed the goal. Please use `change` instead for these purposes.

Note: This linter can be disabled with `set_option linter.style.show false`
warning: denote/Denote.lean:2608:4: The `show` tactic should only be used to indicate intermediate goal states for readability.
However, this tactic invocation changed the goal. Please use `change` instead for these purposes.

Note: This linter can be disabled with `set_option linter.style.show false`
warning: denote/Denote.lean:2680:34: Variable name `hb1` is not explicitly referenced.

The binding can be removed (if unused) or named `_` (if used implicitly).

Note: This linter can be disabled with `set_option linter.unusedVariables false`
warning: denote/Denote.lean:2681:5: Variable name `hb2` is not explicitly referenced.

The binding can be removed (if unused) or named `_` (if used implicitly).

Note: This linter can be disabled with `set_option linter.unusedVariables false`
warning: denote/Denote.lean:2681:34: Variable name `hb3` is not explicitly referenced.

The binding can be removed (if unused) or named `_` (if used implicitly).

Note: This linter can be disabled with `set_option linter.unusedVariables false`
warning: denote/Denote.lean:2750:24: This simp argument is unused:
  List.getD

Hint: Omit it from the simp argument list.
  simp only [List.getD̵,̵ ̵L̵i̵s̵t̵.̵g̵e̵t̵Elem?_cons_zero, List.getElem?_cons_succ, Option.getD_some]

Note: This linter can be disabled with `set_option linter.unusedSimpArgs false`
warning: denote/Denote.lean:2750:60: This simp argument is unused:
  List.getElem?_cons_succ

Hint: Omit it from the simp argument list.
  simp only [List.getD, List.getElem?_cons_zero, L̵i̵s̵t̵.̵g̵e̵t̵E̵l̵e̵m̵?̵_̵c̵o̵n̵s̵_̵s̵u̵c̵c̵,̵ ̵Option.getD_some]

Note: This linter can be disabled with `set_option linter.unusedSimpArgs false`
warning: denote/Denote.lean:2755:24: This simp argument is unused:
  List.getD

Hint: Omit it from the simp argument list.
  simp only [List.getD̵,̵ ̵L̵i̵s̵t̵.̵g̵e̵t̵Elem?_cons_zero, List.getElem?_cons_succ, Option.getD_some]

Note: This linter can be disabled with `set_option linter.unusedSimpArgs false`
warning: denote/Denote.lean:2760:24: This simp argument is unused:
  List.getD

Hint: Omit it from the simp argument list.
  simp only [List.getD̵,̵ ̵L̵i̵s̵t̵.̵g̵e̵t̵Elem?_cons_zero, List.getElem?_cons_succ, Option.getD_some]

Note: This linter can be disabled with `set_option linter.unusedSimpArgs false`
warning: denote/Denote.lean:2765:24: This simp argument is unused:
  List.getD

Hint: Omit it from the simp argument list.
  simp only [List.getD̵,̵ ̵L̵i̵s̵t̵.̵g̵e̵t̵Elem?_cons_zero, List.getElem?_cons_succ, Option.getD_some]

Note: This linter can be disabled with `set_option linter.unusedSimpArgs false`
warning: denote/Denote.lean:2931:4: This simp argument is unused:
  show (8 : Nat) ≠ 0 by omega

Hint: Omit it from the simp argument list.
  simp only [hheadR, List.getD, List.getElem?_cons_zero, List.getElem?_cons_succ, Option.getD_some,
  ̲  ̲ ̲ ̲List.drop, List.foldl, show (̵8̵ ̵:̵ ̵N̵a̵t̵)̵ ̵≠̵ ̵0̵ ̵b̵y̵ ̵o̵m̵e̵g̵a̵,̵ ̵s̵h̵o̵w̵ ̵(32 : Nat) ≠ 0 by omega, show (1 : Nat) ≠ 0 by omega, ite_false]

Note: This linter can be disabled with `set_option linter.unusedSimpArgs false`
warning: denote/Denote.lean:4142:13: This simp argument is unused:
  Prod.fst

Hint: Omit it from the simp argument list.
  simp only [̵P̵r̵o̵d̵.̵f̵s̵t̵]̵ ̵at heq

Note: This linter can be disabled with `set_option linter.unusedSimpArgs false`
warning: denote/Denote.lean:4438:5: Variable name `hne` is not explicitly referenced.

The binding can be removed (if unused) or named `_` (if used implicitly).

Note: This linter can be disabled with `set_option linter.unusedVariables false`
warning: denote/Denote.lean:4447:20: This simp argument is unused:
  hne

Hint: Omit it from the simp argument list.
  simp [List.find?,̵ ̵h̵n̵e̵]

Note: This linter can be disabled with `set_option linter.unusedSimpArgs false`
warning: denote/Denote.lean:4602:61: This simp argument is unused:
  List.foldl

Hint: Omit it from the simp argument list.
  simp only [zeroTensor, Tensor.mkShape, valAt, prodShape,̵ ̵L̵i̵s̵t̵.̵f̵o̵l̵d̵l̵]

Note: This linter can be disabled with `set_option linter.unusedSimpArgs false`
warning: denote/Denote.lean:4751:48: This simp argument is unused:
  List.find?

Hint: Omit it from the simp argument list.
  simp [List.zip, List.zipWith, List.replicate,̵ ̵L̵i̵s̵t̵.̵f̵i̵n̵d̵?̵]

Note: This linter can be disabled with `set_option linter.unusedSimpArgs false`
warning: denote/Denote.lean:5021:2: The `show` tactic should only be used to indicate intermediate goal states for readability.
However, this tactic invocation changed the goal. Please use `change` instead for these purposes.

Note: This linter can be disabled with `set_option linter.style.show false`
warning: denote/Denote.lean:5112:26: This simp argument is unused:
  decide_eq_true_iff

Hint: Omit it from the simp argument list.
  simp [List.find?, hne',̵ ̵d̵e̵c̵i̵d̵e̵_̵e̵q̵_̵t̵r̵u̵e̵_̵i̵f̵f̵]

Note: This linter can be disabled with `set_option linter.unusedSimpArgs false`
warning: denote/Denote.lean:5138:4: This simp argument is unused:
  show (8 : Nat) ≠ 0 by omega

Hint: Omit it from the simp argument list.
  simp only [hx, List.getD, List.getElem?_cons_zero, List.getElem?_cons_succ,
  ̵  ̵ ̵ ̵Option.getD_some,
  ̲  ̲ ̲ ̲List.drop, List.foldl,
  ̵  ̵ ̵ ̵show (4 : Nat) ≠ 0 by omega, show (32 : Nat) ≠ 0 by omega,
      show (8̵ ̵:̵ ̵N̵a̵t̵)̵ ̵≠̵ ̵0̵ ̵b̵y̵ ̵o̵m̵e̵g̵a̵,̵ ̵s̵h̵o̵w̵ ̵(̵2 : Nat) ≠ 0 by omega,
  ̵  ̵ ̵ ̵show (1 : Nat) ≠ 0 by omega, ite_false]

Note: This linter can be disabled with `set_option linter.unusedSimpArgs false`
warning: denote/Denote.lean:5138:33: This simp argument is unused:
  show (2 : Nat) ≠ 0 by omega

Hint: Omit it from the simp argument list.
  simp only [hx, List.getD, List.getElem?_cons_zero, List.getElem?_cons_succ,
  ̵  ̵ ̵ ̵Option.getD_some,
  ̲  ̲ ̲ ̲List.drop, List.foldl,
  ̵  ̵ ̵ ̵show (4 : Nat) ≠ 0 by omega, show (32 : Nat) ≠ 0 by omega,
      show (8 : Nat) ≠ 0 by omega, show (2̵ ̵:̵ ̵N̵a̵t̵)̵ ̵≠̵ ̵0̵ ̵b̵y̵ ̵o̵m̵e̵g̵a̵,̵
  ̵ ̵ ̵ ̵ ̵s̵h̵o̵w̵ ̵(̵1 : Nat) ≠ 0 by omega, ite_false]

Note: This linter can be disabled with `set_option linter.unusedSimpArgs false`
warning: denote/Denote.lean:5139:4: This simp argument is unused:
  show (1 : Nat) ≠ 0 by omega

Hint: Omit it from the simp argument list.
  simp only [hx, List.getD, List.getElem?_cons_zero, List.getElem?_cons_succ,
  ̵  ̵ ̵ ̵Option.getD_some,
  ̲  ̲ ̲ ̲List.drop, List.foldl,
  ̵  ̵ ̵ ̵show (4 : Nat) ≠ 0 by omega, show (32 : Nat) ≠ 0 by omega,
      show (8 : Nat) ≠ 0 by omega, show (2 : Nat) ≠ 0 by omega,
  ̵  ̵ ̵ ̵s̵h̵o̵w̵ ̵(̵1̵ ̵:̵ ̵N̵a̵t̵)̵ ̵≠̵ ̵0̵ ̵b̵y̵ ̵o̵m̵e̵g̵a̵,̵ ̵ite_false]

Note: This linter can be disabled with `set_option linter.unusedSimpArgs false`
warning: denote/Denote.lean:5150:59: This simp argument is unused:
  show (32 : Nat) ≠ 0 by omega

Hint: Omit it from the simp argument list.
  simp only [h1, h2, h3, h4, show (64 : Nat) ≠ 0 by omega, s̵h̵o̵w̵ ̵(̵3̵2̵ ̵:̵ ̵N̵a̵t̵)̵ ̵≠̵ ̵0̵ ̵b̵y̵ ̵o̵m̵e̵g̵a̵,̵
  ̵ ̵ ̵ ̵ ̵ite_false]

Note: This linter can be disabled with `set_option linter.unusedSimpArgs false`
warning: denote/Denote.lean:5324:6: This simp argument is unused:
  show (8 : Nat) ≠ 0 by omega

Hint: Omit it from the simp argument list.
  simp only [hhead, List.getD, List.getElem?_cons_zero, List.getElem?_cons_succ, Option.getD_some,
  ̲  ̲ ̲ ̲ ̲ ̲List.drop, List.foldl, show (̵8̵ ̵:̵ ̵N̵a̵t̵)̵ ̵≠̵ ̵0̵ ̵b̵y̵ ̵o̵m̵e̵g̵a̵,̵ ̵s̵h̵o̵w̵ ̵(32 : Nat) ≠ 0 by omega, show (4 : Nat) ≠ 0 by omega,
  ̲  ̲ ̲ ̲ ̲ ̲show (2 : Nat) ≠ 0 by omega, show (1 : Nat) ≠ 0 by omega, ite_false]

Note: This linter can be disabled with `set_option linter.unusedSimpArgs false`
warning: denote/Denote.lean:5325:6: This simp argument is unused:
  show (4 : Nat) ≠ 0 by omega

Hint: Omit it from the simp argument list.
  simp only [hhead, List.getD, List.getElem?_cons_zero, List.getElem?_cons_succ, Option.getD_some,
  ̲  ̲ ̲ ̲ ̲ ̲List.drop, List.foldl, show (8 : Nat) ≠ 0 by omega, show (32 : Nat) ≠ 0 by omega,
        show (̵4̵ ̵:̵ ̵N̵a̵t̵)̵ ̵≠̵ ̵0̵ ̵b̵y̵ ̵o̵m̵e̵g̵a̵,̵ ̵s̵h̵o̵w̵ ̵(2 : Nat) ≠ 0 by omega, show (1 : Nat) ≠ 0 by omega, ite_false]

Note: This linter can be disabled with `set_option linter.unusedSimpArgs false`
warning: denote/Denote.lean:5326:6: This simp argument is unused:
  show (1 : Nat) ≠ 0 by omega

Hint: Omit it from the simp argument list.
  simp only [hhead, List.getD, List.getElem?_cons_zero, List.getElem?_cons_succ, Option.getD_some,
  ̲  ̲ ̲ ̲ ̲ ̲List.drop, List.foldl, show (8 : Nat) ≠ 0 by omega, show (32 : Nat) ≠ 0 by omega,
        show (4 : Nat) ≠ 0 by omega, show (2 : Nat) ≠ 0 by omega, s̵h̵o̵w̵ ̵(̵1̵ ̵:̵ ̵N̵a̵t̵)̵ ̵≠̵ ̵0̵ ̵b̵y̵ ̵o̵m̵e̵g̵a̵,̵ ̵ite_false]

Note: This linter can be disabled with `set_option linter.unusedSimpArgs false`
warning: denote/Denote.lean:5329:6: This simp argument is unused:
  show (2 : Nat) * 1 = 2 by norm_num

Hint: Omit it from the simp argument list.
  simp only [show (2 : Nat) * 4 * 1 = 8 by norm_num, show (̵2̵ ̵:̵ ̵N̵a̵t̵)̵ ̵*̵ ̵1̵ ̵=̵ ̵2̵ ̵b̵y̵ ̵n̵o̵r̵m̵_̵n̵u̵m̵,̵
  ̵ ̵ ̵ ̵ ̵ ̵ ̵s̵h̵o̵w̵ ̵(8 : Nat) * (1 * 32) = 256 by norm_num,
        show (1 : Nat) * 32 = 32 by norm_num, show (2 : Nat) * (1 * 32) = 64 by norm_num,
        show (256 : Nat) = 0 ↔ False by simp, show (32 : Nat) = 0 ↔ False by simp,
        show (64 : Nat) = 0 ↔ False by simp, ite_false]

Note: This linter can be disabled with `set_option linter.unusedSimpArgs false`
warning: denote/Denote.lean:5334:6: This simp argument is unused:
  show (32 : Nat) = 0 ↔ False by simp

Hint: Omit it from the simp argument list.
  simp only [show (2 : Nat) * 4 * 1 = 8 by norm_num, show (2 : Nat) * 1 = 2 by norm_num,
        show (8 : Nat) * (1 * 32) = 256 by norm_num, show (1 : Nat) * 32 = 32 by norm_num,
        show (2 : Nat) * (1 * 32) = 64 by norm_num, show (256 : Nat) = 0 ↔ False by simp,
        show (̵3̵2̵ ̵:̵ ̵N̵a̵t̵)̵ ̵=̵ ̵0̵ ̵↔̵ ̵F̵a̵l̵s̵e̵ ̵b̵y̵ ̵s̵i̵m̵p̵,̵
  ̵ ̵ ̵ ̵ ̵ ̵ ̵s̵h̵o̵w̵ ̵(64 : Nat) = 0 ↔ False by simp, ite_false]

Note: This linter can be disabled with `set_option linter.unusedSimpArgs false`
warning: denote/Denote.lean:5335:6: This simp argument is unused:
  show (64 : Nat) = 0 ↔ False by simp

Hint: Omit it from the simp argument list.
  simp only [show (2 : Nat) * 4 * 1 = 8 by norm_num, show (2 : Nat) * 1 = 2 by norm_num,
        show (8 : Nat) * (1 * 32) = 256 by norm_num, show (1 : Nat) * 32 = 32 by norm_num,
        show (2 : Nat) * (1 * 32) = 64 by norm_num, show (256 : Nat) = 0 ↔ False by simp,
        show (32 : Nat) = 0 ↔ False by simp, s̵h̵o̵w̵ ̵(̵6̵4̵ ̵:̵ ̵N̵a̵t̵)̵ ̵=̵ ̵0̵ ̵↔̵ ̵F̵a̵l̵s̵e̵ ̵b̵y̵ ̵s̵i̵m̵p̵,̵ite_false]

Note: This linter can be disabled with `set_option linter.unusedSimpArgs false`
warning: denote/Denote.lean:5404:4: This simp argument is unused:
  show (8 : Nat) ≠ 0 by omega

Hint: Omit it from the simp argument list.
  simp only [hhead, List.getD, List.getElem?_cons_zero, List.getElem?_cons_succ, Option.getD_some,
  ̲  ̲ ̲ ̲List.drop, List.foldl, show (̵8̵ ̵:̵ ̵N̵a̵t̵)̵ ̵≠̵ ̵0̵ ̵b̵y̵ ̵o̵m̵e̵g̵a̵,̵ ̵s̵h̵o̵w̵ ̵(32 : Nat) ≠ 0 by omega, show (4 : Nat) ≠ 0 by omega,
  ̲  ̲ ̲ ̲show (2 : Nat) ≠ 0 by omega, show (1 : Nat) ≠ 0 by omega, ite_false]

Note: This linter can be disabled with `set_option linter.unusedSimpArgs false`
warning: denote/Denote.lean:5405:4: This simp argument is unused:
  show (4 : Nat) ≠ 0 by omega

Hint: Omit it from the simp argument list.
  simp only [hhead, List.getD, List.getElem?_cons_zero, List.getElem?_cons_succ,
  ̵  ̵ ̵ ̵Option.getD_some,
  ̲  ̲ ̲ ̲List.drop, List.foldl,
  ̵  ̵ ̵ ̵show (8 : Nat) ≠ 0 by omega, show (32 : Nat) ≠ 0 by omega,
      show (4̵ ̵:̵ ̵N̵a̵t̵)̵ ̵≠̵ ̵0̵ ̵b̵y̵ ̵o̵m̵e̵g̵a̵,̵ ̵s̵h̵o̵w̵ ̵(̵2 : Nat) ≠ 0 by omega,
  ̵  ̵ ̵ ̵show (1 : Nat) ≠ 0 by omega, ite_false]

Note: This linter can be disabled with `set_option linter.unusedSimpArgs false`
warning: denote/Denote.lean:5406:4: This simp argument is unused:
  show (1 : Nat) ≠ 0 by omega

Hint: Omit it from the simp argument list.
  simp only [hhead, List.getD, List.getElem?_cons_zero, List.getElem?_cons_succ,
  ̵  ̵ ̵ ̵Option.getD_some,
  ̲  ̲ ̲ ̲List.drop, List.foldl,
  ̵  ̵ ̵ ̵show (8 : Nat) ≠ 0 by omega, show (32 : Nat) ≠ 0 by omega,
      show (4 : Nat) ≠ 0 by omega, show (2 : Nat) ≠ 0 by omega,
  ̵  ̵ ̵ ̵s̵h̵o̵w̵ ̵(̵1̵ ̵:̵ ̵N̵a̵t̵)̵ ̵≠̵ ̵0̵ ̵b̵y̵ ̵o̵m̵e̵g̵a̵,̵ ̵ite_false]

Note: This linter can be disabled with `set_option linter.unusedSimpArgs false`
warning: denote/Denote.lean:5409:4: This simp argument is unused:
  show (2 : Nat) * 1 = 2 by norm_num

Hint: Omit it from the simp argument list.
  simp only [show (2 : Nat) * 4 * 1 = 8 by norm_num,
  ̵  ̵ ̵ ̵show (2̵ ̵:̵ ̵N̵a̵t̵)̵ ̵*̵ ̵1̵ ̵=̵ ̵2̵ ̵b̵y̵ ̵n̵o̵r̵m̵_̵n̵u̵m̵,̵
  ̵ ̵ ̵ ̵ ̵s̵h̵o̵w̵ ̵(̵8 : Nat) * (1 * 32) = 256 by norm_num,
      show (1 : Nat) * 32 = 32 by norm_num,
  ̵  ̵ ̵ ̵show (2 : Nat) * (1 * 32) = 64 by norm_num,
      show (256 : Nat) = 0 ↔ False by simp,
  ̵  ̵ ̵ ̵show (32 : Nat) = 0 ↔ False by simp,
      show (64 : Nat) = 0 ↔ False by simp,
  ̵  ̵ ̵ ̵ite_false]

Note: This linter can be disabled with `set_option linter.unusedSimpArgs false`
warning: denote/Denote.lean:5414:4: This simp argument is unused:
  show (32 : Nat) = 0 ↔ False by simp

Hint: Omit it from the simp argument list.
  simp only [show (2 : Nat) * 4 * 1 = 8 by norm_num,
  ̵  ̵ ̵ ̵show (2 : Nat) * 1 = 2 by norm_num,
      show (8 : Nat) * (1 * 32) = 256 by norm_num,
  ̵  ̵ ̵ ̵show (1 : Nat) * 32 = 32 by norm_num,
      show (2 : Nat) * (1 * 32) = 64 by norm_num,
  ̵  ̵ ̵ ̵show (256 : Nat) = 0 ↔ False by simp,
      show (3̵2̵ ̵:̵ ̵N̵a̵t̵)̵ ̵=̵ ̵0̵ ̵↔̵ ̵F̵a̵l̵s̵e̵ ̵b̵y̵ ̵s̵i̵m̵p̵,̵
  ̵ ̵ ̵ ̵ ̵s̵h̵o̵w̵ ̵(̵64 : Nat) = 0 ↔ False by simp,
  ̵  ̵ ̵ ̵ite_false]

Note: This linter can be disabled with `set_option linter.unusedSimpArgs false`
warning: denote/Denote.lean:5415:4: This simp argument is unused:
  show (64 : Nat) = 0 ↔ False by simp

Hint: Omit it from the simp argument list.
  simp only [show (2 : Nat) * 4 * 1 = 8 by norm_num,
  ̵  ̵ ̵ ̵show (2 : Nat) * 1 = 2 by norm_num,
      show (8 : Nat) * (1 * 32) = 256 by norm_num,
  ̵  ̵ ̵ ̵show (1 : Nat) * 32 = 32 by norm_num,
      show (2 : Nat) * (1 * 32) = 64 by norm_num,
  ̵  ̵ ̵ ̵show (256 : Nat) = 0 ↔ False by simp,
      show (32 : Nat) = 0 ↔ False by simp,
  ̵  ̵ ̵ ̵s̵h̵o̵w̵ ̵(̵6̵4̵ ̵:̵ ̵N̵a̵t̵)̵ ̵=̵ ̵0̵ ̵↔̵ ̵F̵a̵l̵s̵e̵ ̵b̵y̵ ̵s̵im̵p̵,̵
  ̵ ̵ ̵ ̵ ̵i̵te_false]

Note: This linter can be disabled with `set_option linter.unusedSimpArgs false`
warning: denote/Denote.lean:5491:25: This simp argument is unused:
  List.getD

Hint: Omit it from the simp argument list.
  simp only [List.map, List.getD̵,̵ ̵L̵i̵s̵t̵.̵g̵e̵t̵Elem?_cons_zero, List.getElem?_cons_succ,
  ̵  ̵ ̵ ̵ ̵ ̵Option.getD_some]

Note: This linter can be disabled with `set_option linter.unusedSimpArgs false`
warning: denote/Denote.lean:5491:36: This simp argument is unused:
  List.getElem?_cons_zero

Hint: Omit it from the simp argument list.
  simp only [List.map, List.getD, L̵i̵s̵t̵.̵g̵e̵t̵E̵l̵e̵m̵?̵_̵c̵o̵n̵s̵_̵z̵e̵r̵o̵,̵ ̵List.getElem?_cons_succ, Option.getD_some]

Note: This linter can be disabled with `set_option linter.unusedSimpArgs false`
warning: denote/Denote.lean:5491:61: This simp argument is unused:
  List.getElem?_cons_succ

Hint: Omit it from the simp argument list.
  simp only [List.map, List.getD, List.getElem?_cons_zero, L̵i̵s̵t̵.̵g̵e̵t̵E̵l̵e̵m̵?̵_̵c̵o̵n̵s̵_̵s̵u̵c̵c̵,̵
  ̵ ̵ ̵ ̵ ̵ ̵ ̵Option.getD_some]

Note: This linter can be disabled with `set_option linter.unusedSimpArgs false`
warning: denote/Denote.lean:5492:6: This simp argument is unused:
  Option.getD_some

Hint: Omit it from the simp argument list.
  simp only [List.map, List.getD, List.getElem?_cons_zero, List.getElem?_cons_succ,̵
  ̵ ̵ ̵ ̵ ̵ ̵ ̵O̵p̵t̵i̵o̵n̵.̵g̵e̵t̵D̵_̵s̵o̵m̵e̵]

Note: This linter can be disabled with `set_option linter.unusedSimpArgs false`
warning: denote/Denote.lean:5708:0: Please, add a comment explaining the need for modifying the maxHeartbeat limit, as in
set_option maxHeartbeats 1600000 in
-- reason for change
...

Note: This linter can be disabled with `set_option linter.style.maxHeartbeats false`
warning: denote/Denote.lean:5804:0: Please, add a comment explaining the need for modifying the maxHeartbeat limit, as in
set_option maxHeartbeats 4000000 in
-- reason for change
...

Note: This linter can be disabled with `set_option linter.style.maxHeartbeats false`
warning: denote/Denote.lean:5813:49: missing space in the source

This part of the code
  '(s+1) 0'
should be written as
  '(s + 1)'


Note: This linter can be disabled with `set_option linter.style.whitespace false`
warning: denote/Denote.lean:5928:9: Variable name `h` is not explicitly referenced.

The binding can be removed (if unused) or named `_` (if used implicitly).

Note: This linter can be disabled with `set_option linter.unusedVariables false`
warning: denote/Denote.lean:5941:9: Variable name `h` is not explicitly referenced.

The binding can be removed (if unused) or named `_` (if used implicitly).

Note: This linter can be disabled with `set_option linter.unusedVariables false`
warning: denote/Denote.lean:5978:33: This simp argument is unused:
  show (8 : Nat) ≠ 0 by omega

Hint: Omit it from the simp argument list.
  simp only [hx, List.getD, List.getElem?_cons_zero, List.getElem?_cons_succ, Option.getD_some,
  ̲  ̲ ̲ ̲List.drop, List.foldl, show (4 : Nat) ≠ 0 by omega, show (̵8̵ ̵:̵ ̵N̵a̵t̵)̵ ̵≠̵ ̵0̵ ̵b̵y̵ ̵o̵m̵e̵g̵a̵,̵
  ̵ ̵ ̵ ̵ ̵s̵h̵o̵w̵ ̵(2 : Nat) ≠ 0 by omega,
  ̲  ̲ ̲ ̲show (1 : Nat) ≠ 0 by omega, ite_false]

Note: This linter can be disabled with `set_option linter.unusedSimpArgs false`
warning: denote/Denote.lean:5985:4: This simp argument is unused:
  show (2 : Nat) ≠ 0 by omega

Hint: Omit it from the simp argument list.
  simp only [h1, show (2 : Nat) * 1 = 2 by norm_num, show (8 : Nat) * 1 = 8 by norm_num,
      show (2̵ ̵:̵ ̵N̵a̵t̵)̵ ̵≠̵ ̵0̵ ̵b̵y̵ ̵o̵m̵e̵g̵a̵,̵ ̵s̵h̵o̵w̵ ̵(̵1 : Nat) ≠ 0 by omega, ite_false]

Note: This linter can be disabled with `set_option linter.unusedSimpArgs false`
warning: denote/Denote.lean:5985:33: This simp argument is unused:
  show (1 : Nat) ≠ 0 by omega

Hint: Omit it from the simp argument list.
  simp only [h1, show (2 : Nat) * 1 = 2 by norm_num, show (8 : Nat) * 1 = 8 by norm_num,
      show (2 : Nat) ≠ 0 by omega, s̵h̵o̵w̵ ̵(̵1̵ ̵:̵ ̵N̵a̵t̵)̵ ̵≠̵ ̵0̵ ̵b̵y̵ ̵o̵m̵e̵g̵a̵,̵ ̵ite_false]

Note: This linter can be disabled with `set_option linter.unusedSimpArgs false`
warning: denote/Denote.lean:5985:62: This simp argument is unused:
  ite_false

Hint: Omit it from the simp argument list.
  simp only [h1, show (2 : Nat) * 1 = 2 by norm_num, show (8 : Nat) * 1 = 8 by norm_num,
      show (2 : Nat) ≠ 0 by omega, show (1 : Nat) ≠ 0 by omega,̵ ̵i̵t̵e̵_̵f̵a̵l̵s̵e̵]

Note: This linter can be disabled with `set_option linter.unusedSimpArgs false`
warning: denote/Denote.lean:6255:4: `push_neg` has been deprecated. Prefer using `push Not` instead.
If you'd rather continue using `push_neg` in your project, you can implement it as follows:
```
open Lean.Parser.Tactic in
macro "push_neg" cfg:optConfig loc:(location)? : tactic =>
  `(tactic| push $cfg:optConfig Not $[$loc]?)
```
warning: denote/Denote.lean:6513:35: This simp argument is unused:
  List.foldl

Hint: Omit it from the simp argument list.
  simp [tensorSum, Tensor.mkShape,̵ ̵L̵i̵s̵t̵.̵f̵o̵l̵d̵l̵]

Note: This linter can be disabled with `set_option linter.unusedSimpArgs false`
warning: denote/Denote.lean:6619:59: This simp argument is unused:
  Nat.zero_add

Hint: Omit it from the simp argument list.
  simp only [Finset.sum_range_succ, Finset.sum_range_zero,̵ ̵N̵a̵t̵.̵z̵e̵r̵o̵_̵a̵d̵d̵]

Note: This linter can be disabled with `set_option linter.unusedSimpArgs false`
warning: denote/Denote.lean:7152:0: Please, add a comment explaining the need for modifying the maxHeartbeat limit, as in
set_option maxHeartbeats 1600000 in
-- reason for change
...

Note: This linter can be disabled with `set_option linter.style.maxHeartbeats false`
warning: denote/Denote.lean:7417:20: `push_neg` has been deprecated. Prefer using `push Not` instead.
If you'd rather continue using `push_neg` in your project, you can implement it as follows:
```
open Lean.Parser.Tactic in
macro "push_neg" cfg:optConfig loc:(location)? : tactic =>
  `(tactic| push $cfg:optConfig Not $[$loc]?)
```
warning: denote/Denote.lean:7976:53: This simp argument is unused:
  Nat.one_mul

Hint: Omit it from the simp argument list.
  simp ̵[̵N̵a̵t̵.̵o̵n̵e̵_̵m̵u̵l̵]̵

Note: This linter can be disabled with `set_option linter.unusedSimpArgs false`
warning: denote/Denote.lean:7882:0: Please, add a comment explaining the need for modifying the maxHeartbeat limit, as in
set_option maxHeartbeats 800000 in
-- reason for change
...

Note: This linter can be disabled with `set_option linter.style.maxHeartbeats false`
warning: denote/Denote.lean:8020:45: This simp argument is unused:
  List.set

Hint: Omit it from the simp argument list.
  simp only [allGatherPrimDimN, allGatherPrim, Tensor.mkShape, hhead, List.getD,
  ̲  ̲ ̲ ̲List.getElem?_cons_zero, List.getElem?_cons_succ, Option.getD_some, List.drop, List.foldl,
  ̲  ̲ ̲ ̲L̵i̵s̵t̵.̵s̵e̵t̵,̵ ̵dropLast, lastD, appendLast, Nat.mul_one, Nat.add_zero, Nat.div_one, Nat.mod_one,
      show shard ≠ 0 from Nat.ne_of_gt hshard,
      show shard * numParts ≠ 0 from Nat.ne_of_gt (Nat.mul_pos hshard hnp),
      show (1 : Nat) ≠ 0 from by omega, ite_false,
      show ([o, shard] : List Nat).getLastD 0 = shard from by simp [List.getLastD],
      show ([o, shard] : List Nat).dropLast = [o] from by simp [List.dropLast]]

Note: This linter can be disabled with `set_option linter.unusedSimpArgs false`
warning: denote/Denote.lean:8044:4: This simp argument is unused:
  Nat.reduceDiv

Hint: Omit it from the simp argument list.
  simp only [hhead, List.getD, List.getElem?_cons_zero, List.getElem?_cons_succ,
  ̵  ̵ ̵ ̵Option.getD_some,
  ̲  ̲ ̲ ̲List.drop, List.foldl, Nat.reduceMul, Nat.reduceAdd,
  ̵  ̵ ̵ ̵Nat.reduceD̵i̵v̵,̵ ̵N̵a̵t̵.̵r̵e̵d̵u̵c̵e̵Mod, Nat.div_one, Nat.mod_one,
  ̲  ̲ ̲ ̲Nat.mul_one,
  ̵  ̵ ̵ ̵Nat.add_zero, Nat.zero_add, show (8 : Nat) ≠ 0 from by omega,
      show (32 : Nat) ≠ 0 from by omega,
  ̵  ̵ ̵ ̵show (1 : Nat) ≠ 0 from by omega, ite_false, List.set]

Note: This linter can be disabled with `set_option linter.unusedSimpArgs false`
warning: denote/Denote.lean:8044:19: This simp argument is unused:
  Nat.reduceMod

Hint: Omit it from the simp argument list.
  simp only [hhead, List.getD, List.getElem?_cons_zero, List.getElem?_cons_succ,
  ̵  ̵ ̵ ̵Option.getD_some,
  ̲  ̲ ̲ ̲List.drop, List.foldl, Nat.reduceMul, Nat.reduceAdd,
  ̵  ̵ ̵ ̵Nat.reduceDiv, Nat.r̵e̵du̵c̵e̵M̵o̵d̵,̵ ̵N̵a̵t̵.̵d̵iv_one, Nat.mod_one,
  ̲  ̲ ̲ ̲Nat.mul_one,
  ̵  ̵ ̵ ̵Nat.add_zero, Nat.zero_add, show (8 : Nat) ≠ 0 from by omega,
      show (32 : Nat) ≠ 0 from by omega,
  ̵  ̵ ̵ ̵show (1 : Nat) ≠ 0 from by omega, ite_false, List.set]

Note: This linter can be disabled with `set_option linter.unusedSimpArgs false`
warning: denote/Denote.lean:8045:18: This simp argument is unused:
  Nat.zero_add

Hint: Omit it from the simp argument list.
  simp only [hhead, List.getD, List.getElem?_cons_zero, List.getElem?_cons_succ,
  ̵  ̵ ̵ ̵Option.getD_some,
  ̲  ̲ ̲ ̲List.drop, List.foldl, Nat.reduceMul, Nat.reduceAdd,
  ̵  ̵ ̵ ̵Nat.reduceDiv, Nat.reduceMod, Nat.div_one,
  ̲  ̲ ̲ ̲Nat.mod_one, Nat.mul_one,
  ̵  ̵ ̵ ̵Nat.add_zero, N̵a̵t̵.̵z̵e̵r̵o̵_̵a̵d̵d̵,̵ ̵show (8 : Nat) ≠ 0 from by omega,
      show (32 : Nat) ≠ 0 from by omega,
  ̵  ̵ ̵ ̵show (1 : Nat) ≠ 0 from by omega, ite_false, List.set]

Note: This linter can be disabled with `set_option linter.unusedSimpArgs false`
warning: denote/Denote.lean:8047:49: This simp argument is unused:
  List.set

Hint: Omit it from the simp argument list.
  simp only [hhead, List.getD, List.getElem?_cons_zero, List.getElem?_cons_succ,
  ̵  ̵ ̵ ̵Option.getD_some,
  ̲  ̲ ̲ ̲List.drop, List.foldl, Nat.reduceMul, Nat.reduceAdd,
  ̵  ̵ ̵ ̵Nat.reduceDiv, Nat.reduceMod, Nat.div_one,
  ̲  ̲ ̲ ̲Nat.mod_one, Nat.mul_one,
  ̵  ̵ ̵ ̵Nat.add_zero, Nat.zero_add, show (8 : Nat) ≠ 0 from by omega,
      show (32 : Nat) ≠ 0 from by omega,
  ̵  ̵ ̵ ̵show (1 : Nat) ≠ 0 from by omega, ite_false,̵ ̵L̵i̵s̵t̵.̵s̵e̵t̵]

Note: This linter can be disabled with `set_option linter.unusedSimpArgs false`
warning: denote/Denote.lean:8068:23: This simp argument is unused:
  List.getElem?_cons_zero

Hint: Omit it from the simp argument list.
  simp [List.getD, L̵i̵s̵t̵.̵g̵e̵t̵E̵l̵e̵m̵?̵_̵c̵o̵n̵s̵_̵z̵e̵r̵o̵,̵ ̵List.getElem?_cons_succ, hc0, hc1, hc2, hc3]

Note: This linter can be disabled with `set_option linter.unusedSimpArgs false`
warning: denote/Denote.lean:8068:48: This simp argument is unused:
  List.getElem?_cons_succ

Hint: Omit it from the simp argument list.
  simp [List.getD, List.getElem?_cons_zero, L̵i̵s̵t̵.̵g̵e̵t̵E̵l̵e̵m̵?̵_̵c̵o̵n̵s̵_̵s̵u̵c̵c̵,̵ ̵hc0, hc1, hc2, hc3]

Note: This linter can be disabled with `set_option linter.unusedSimpArgs false`
warning: denote/Denote.lean:8052:0: Please, add a comment explaining the need for modifying the maxHeartbeat limit, as in
set_option maxHeartbeats 800000 in
-- reason for change
...

Note: This linter can be disabled with `set_option linter.style.maxHeartbeats false`
warning: denote/Denote.lean:8341:33: This simp argument is unused:
  show (8 : Nat) ≠ 0 by omega

Hint: Omit it from the simp argument list.
  simp only [hx, List.getD, List.getElem?_cons_zero, List.getElem?_cons_succ,
  ̵  ̵ ̵ ̵Option.getD_some,
  ̲  ̲ ̲ ̲List.drop, List.foldl,
  ̵  ̵ ̵ ̵show (4 : Nat) ≠ 0 by omega, show (8̵ ̵:̵ ̵N̵a̵t̵)̵ ̵≠̵ ̵0̵ ̵b̵y̵ ̵o̵m̵e̵g̵a̵,̵
  ̵ ̵ ̵ ̵ ̵s̵h̵o̵w̵ ̵(̵1 : Nat) ≠ 0 by omega, ite_false,
      show (4 / 4 * (1 * 8 * 8) : Nat) ≠ 0 by decide,
  ̵  ̵ ̵ ̵show (1 * 8 * 8 : Nat) ≠ 0 by decide]

Note: This linter can be disabled with `set_option linter.unusedSimpArgs false`
warning: denote/Denote.lean:8342:4: This simp argument is unused:
  show (1 : Nat) ≠ 0 by omega

Hint: Omit it from the simp argument list.
  simp only [hx, List.getD, List.getElem?_cons_zero, List.getElem?_cons_succ,
  ̵  ̵ ̵ ̵Option.getD_some,
  ̲  ̲ ̲ ̲List.drop, List.foldl,
  ̵  ̵ ̵ ̵show (4 : Nat) ≠ 0 by omega, show (8 : Nat) ≠ 0 by omega,
  ̵  ̵ ̵ ̵s̵h̵o̵w̵ ̵(̵1̵ ̵:̵ ̵N̵a̵t̵)̵ ̵≠̵ ̵0̵ ̵b̵y̵ ̵o̵m̵e̵g̵a̵,̵ ̵ite_false,
      show (4 / 4 * (1 * 8 * 8) : Nat) ≠ 0 by decide,
  ̵  ̵ ̵ ̵show (1 * 8 * 8 : Nat) ≠ 0 by decide]

Note: This linter can be disabled with `set_option linter.unusedSimpArgs false`
warning: denote/Denote.lean:8344:4: This simp argument is unused:
  show (1 * 8 * 8 : Nat) ≠ 0 by decide

Hint: Omit it from the simp argument list.
  simp only [hx, List.getD, List.getElem?_cons_zero, List.getElem?_cons_succ, Option.getD_some,
  ̲  ̲ ̲ ̲List.drop, List.foldl, show (4 : Nat) ≠ 0 by omega, show (8 : Nat) ≠ 0 by omega,
      show (1 : Nat) ≠ 0 by omega, ite_false, show (4 / 4 * (1 * 8 * 8) : Nat) ≠ 0 by d̵e̵c̵i̵d̵e̵,̵
  ̵ ̵ ̵ ̵ ̵s̵h̵o̵w̵ ̵(̵1̵ ̵*̵ ̵8̵ ̵*̵ ̵8̵ ̵:̵ ̵N̵a̵t̵)̵ ̵≠̵ ̵0̵ ̵b̵y̵ ̵decide]

Note: This linter can be disabled with `set_option linter.unusedSimpArgs false`
warning: denote/Denote.lean:8352:36: Variable name `h1` is not explicitly referenced.

The binding can be removed (if unused) or named `_` (if used implicitly).

Note: This linter can be disabled with `set_option linter.unusedVariables false`
warning: denote/Denote.lean:8353:5: Variable name `h2` is not explicitly referenced.

The binding can be removed (if unused) or named `_` (if used implicitly).

Note: This linter can be disabled with `set_option linter.unusedVariables false`
warning: denote/Denote.lean:8353:36: Variable name `h3` is not explicitly referenced.

The binding can be removed (if unused) or named `_` (if used implicitly).

Note: This linter can be disabled with `set_option linter.unusedVariables false`
warning: denote/Denote.lean:8367:33: This simp argument is unused:
  show (8 : Nat) ≠ 0 by omega

Hint: Omit it from the simp argument list.
  simp only [hhead, List.getD, List.getElem?_cons_zero, List.getElem?_cons_succ,
  ̵  ̵ ̵ ̵Option.getD_some,
  ̲  ̲ ̲ ̲List.drop, List.foldl,
  ̵  ̵ ̵ ̵show (1 : Nat) ≠ 0 by omega, show (8̵ ̵:̵ ̵N̵a̵t̵)̵ ̵≠̵ ̵0̵ ̵b̵y̵ ̵o̵m̵e̵g̵a̵,̵
  ̵ ̵ ̵ ̵ ̵s̵h̵o̵w̵ ̵(̵4 : Nat) ≠ 0 by omega, ite_false,
      show (1 * (8 * (8 * 1)) * 4 : Nat) ≠ 0 by decide,
  ̵  ̵ ̵ ̵show (8 * (8 * 1) : Nat) ≠ 0 by decide,
      show (1 * 4 : Nat) = 4 by decide,
  ̵  ̵ ̵ ̵show (1 * 4 * (8 * (8 * 1)) : Nat) = 256 by decide]

Note: This linter can be disabled with `set_option linter.unusedSimpArgs false`
warning: denote/Denote.lean:8368:4: This simp argument is unused:
  show (4 : Nat) ≠ 0 by omega

Hint: Omit it from the simp argument list.
  simp only [hhead, List.getD, List.getElem?_cons_zero, List.getElem?_cons_succ,
  ̵  ̵ ̵ ̵Option.getD_some,
  ̲  ̲ ̲ ̲List.drop, List.foldl,
  ̵  ̵ ̵ ̵show (1 : Nat) ≠ 0 by omega, show (8 : Nat) ≠ 0 by omega,
  ̵  ̵ ̵ ̵s̵h̵o̵w̵ ̵(̵4̵ ̵:̵ ̵N̵a̵t̵)̵ ̵≠̵ ̵0̵ ̵b̵y̵ ̵o̵m̵e̵g̵a̵,̵ ̵ite_false,
      show (1 * (8 * (8 * 1)) * 4 : Nat) ≠ 0 by decide,
  ̵  ̵ ̵ ̵show (8 * (8 * 1) : Nat) ≠ 0 by decide,
      show (1 * 4 : Nat) = 4 by decide,
  ̵  ̵ ̵ ̵show (1 * 4 * (8 * (8 * 1)) : Nat) = 256 by decide]

Note: This linter can be disabled with `set_option linter.unusedSimpArgs false`
warning: denote/Denote.lean:8421:2: The `show` tactic should only be used to indicate intermediate goal states for readability.
However, this tactic invocation changed the goal. Please use `change` instead for these purposes.

Note: This linter can be disabled with `set_option linter.style.show false`
warning: denote/Denote.lean:8426:10: Used `tac1 <;> tac2` where `(tac1; tac2)` would suffice

Note: This linter can be disabled with `set_option linter.unnecessarySeqFocus false`
warning: denote/Denote.lean:8447:2: The `show` tactic should only be used to indicate intermediate goal states for readability.
However, this tactic invocation changed the goal. Please use `change` instead for these purposes.

Note: This linter can be disabled with `set_option linter.style.show false`
warning: denote/Denote.lean:8610:2: The `show` tactic should only be used to indicate intermediate goal states for readability.
However, this tactic invocation changed the goal. Please use `change` instead for these purposes.

Note: This linter can be disabled with `set_option linter.style.show false`
warning: denote/Denote.lean:8632:4: This simp argument is unused:
  show (8 : Nat) ≠ 0 by omega

Hint: Omit it from the simp argument list.
  simp only [hx, List.getD, List.getElem?_cons_zero, List.getElem?_cons_succ,
  ̵  ̵ ̵ ̵Option.getD_some,
  ̲  ̲ ̲ ̲List.drop, List.foldl,
  ̵  ̵ ̵ ̵show (4 : Nat) ≠ 0 by omega, show (128 : Nat) ≠ 0 by omega,
      show (8̵ ̵:̵ ̵N̵a̵t̵)̵ ̵≠̵ ̵0̵ ̵b̵y̵ ̵o̵m̵e̵g̵a̵,̵ ̵s̵h̵o̵w̵ ̵(̵2 : Nat) ≠ 0 by omega,
  ̵  ̵ ̵ ̵show (1 : Nat) ≠ 0 by omega, ite_false]

Note: This linter can be disabled with `set_option linter.unusedSimpArgs false`
warning: denote/Denote.lean:8632:33: This simp argument is unused:
  show (2 : Nat) ≠ 0 by omega

Hint: Omit it from the simp argument list.
  simp only [hx, List.getD, List.getElem?_cons_zero, List.getElem?_cons_succ,
  ̵  ̵ ̵ ̵Option.getD_some,
  ̲  ̲ ̲ ̲List.drop, List.foldl,
  ̵  ̵ ̵ ̵show (4 : Nat) ≠ 0 by omega, show (128 : Nat) ≠ 0 by omega,
      show (8 : Nat) ≠ 0 by omega, show (2̵ ̵:̵ ̵N̵a̵t̵)̵ ̵≠̵ ̵0̵ ̵b̵y̵ ̵o̵m̵e̵g̵a̵,̵
  ̵ ̵ ̵ ̵ ̵s̵h̵o̵w̵ ̵(̵1 : Nat) ≠ 0 by omega, ite_false]

Note: This linter can be disabled with `set_option linter.unusedSimpArgs false`
warning: denote/Denote.lean:8633:4: This simp argument is unused:
  show (1 : Nat) ≠ 0 by omega

Hint: Omit it from the simp argument list.
  simp only [hx, List.getD, List.getElem?_cons_zero, List.getElem?_cons_succ,
  ̵  ̵ ̵ ̵Option.getD_some,
  ̲  ̲ ̲ ̲List.drop, List.foldl,
  ̵  ̵ ̵ ̵show (4 : Nat) ≠ 0 by omega, show (128 : Nat) ≠ 0 by omega,
      show (8 : Nat) ≠ 0 by omega, show (2 : Nat) ≠ 0 by omega,
  ̵  ̵ ̵ ̵s̵h̵o̵w̵ ̵(̵1̵ ̵:̵ ̵N̵a̵t̵)̵ ̵≠̵ ̵0̵ ̵b̵y̵ ̵o̵m̵e̵g̵a̵,̵ ̵ite_false]

Note: This linter can be disabled with `set_option linter.unusedSimpArgs false`
warning: denote/Denote.lean:8641:60: This simp argument is unused:
  show (128 : Nat) ≠ 0 by omega

Hint: Omit it from the simp argument list.
  simp only [h1, h2, h3, h4, show (256 : Nat) ≠ 0 by omega, s̵h̵o̵w̵ ̵(̵1̵2̵8̵ ̵:̵ ̵N̵a̵t̵)̵ ̵≠̵ ̵0̵ ̵b̵y̵ ̵o̵m̵e̵g̵a̵,̵
  ̵ ̵ ̵ ̵ ̵ite_false]

Note: This linter can be disabled with `set_option linter.unusedSimpArgs false`
warning: denote/Denote.lean:8617:0: Please, add a comment explaining the need for modifying the maxHeartbeat limit, as in
set_option maxHeartbeats 400000 in
-- reason for change
...

Note: This linter can be disabled with `set_option linter.style.maxHeartbeats false`
warning: denote/Denote.lean:8668:4: This simp argument is unused:
  show (8 : Nat) ≠ 0 by omega

Hint: Omit it from the simp argument list.
  simp only [hhead, List.getD, List.getElem?_cons_zero, List.getElem?_cons_succ, Option.getD_some,
  ̲  ̲ ̲ ̲List.drop, List.foldl, show (̵8̵ ̵:̵ ̵N̵a̵t̵)̵ ̵≠̵ ̵0̵ ̵b̵y̵ ̵o̵m̵e̵g̵a̵,̵ ̵s̵h̵o̵w̵ ̵(128 : Nat) ≠ 0 by omega, show (4 : Nat) ≠ 0 by omega,
  ̲  ̲ ̲ ̲show (2 : Nat) ≠ 0 by omega, show (1 : Nat) ≠ 0 by omega, ite_false]

Note: This linter can be disabled with `set_option linter.unusedSimpArgs false`
warning: denote/Denote.lean:8669:4: This simp argument is unused:
  show (4 : Nat) ≠ 0 by omega

Hint: Omit it from the simp argument list.
  simp only [hhead, List.getD, List.getElem?_cons_zero, List.getElem?_cons_succ,
  ̵  ̵ ̵ ̵Option.getD_some,
  ̲  ̲ ̲ ̲List.drop, List.foldl,
  ̵  ̵ ̵ ̵show (8 : Nat) ≠ 0 by omega, show (128 : Nat) ≠ 0 by omega,
      show (4̵ ̵:̵ ̵N̵a̵t̵)̵ ̵≠̵ ̵0̵ ̵b̵y̵ ̵o̵m̵e̵g̵a̵,̵ ̵s̵h̵o̵w̵ ̵(̵2 : Nat) ≠ 0 by omega,
  ̵  ̵ ̵ ̵show (1 : Nat) ≠ 0 by omega, ite_false]

Note: This linter can be disabled with `set_option linter.unusedSimpArgs false`
warning: denote/Denote.lean:8670:4: This simp argument is unused:
  show (1 : Nat) ≠ 0 by omega

Hint: Omit it from the simp argument list.
  simp only [hhead, List.getD, List.getElem?_cons_zero, List.getElem?_cons_succ,
  ̵  ̵ ̵ ̵Option.getD_some,
  ̲  ̲ ̲ ̲List.drop, List.foldl,
  ̵  ̵ ̵ ̵show (8 : Nat) ≠ 0 by omega, show (128 : Nat) ≠ 0 by omega,
      show (4 : Nat) ≠ 0 by omega, show (2 : Nat) ≠ 0 by omega,
  ̵  ̵ ̵ ̵s̵h̵o̵w̵ ̵(̵1̵ ̵:̵ ̵N̵a̵t̵)̵ ̵≠̵ ̵0̵ ̵b̵y̵ ̵o̵m̵e̵g̵a̵,̵ ̵ite_false]

Note: This linter can be disabled with `set_option linter.unusedSimpArgs false`
warning: denote/Denote.lean:8672:4: This simp argument is unused:
  show (2 : Nat) * 1 = 2 by norm_num

Hint: Omit it from the simp argument list.
  simp only [show (2 : Nat) * 4 * 1 = 8 by norm_num,
  ̵  ̵ ̵ ̵show (2̵ ̵:̵ ̵N̵a̵t̵)̵ ̵*̵ ̵1̵ ̵=̵ ̵2̵ ̵b̵y̵ ̵n̵o̵r̵m̵_̵n̵u̵m̵,̵
  ̵ ̵ ̵ ̵ ̵s̵h̵o̵w̵ ̵(̵8 : Nat) * (1 * 128) = 1024 by norm_num,
      show (1 : Nat) * 128 = 128 by norm_num,
  ̵  ̵ ̵ ̵show (2 : Nat) * (1 * 128) = 256 by norm_num,
      show (1024 : Nat) = 0 ↔ False by simp,
  ̵  ̵ ̵ ̵show (128 : Nat) = 0 ↔ False by simp,
      show (256 : Nat) = 0 ↔ False by simp,
  ̵  ̵ ̵ ̵ite_false]

Note: This linter can be disabled with `set_option linter.unusedSimpArgs false`
warning: denote/Denote.lean:8677:4: This simp argument is unused:
  show (128 : Nat) = 0 ↔ False by simp

Hint: Omit it from the simp argument list.
  simp only [show (2 : Nat) * 4 * 1 = 8 by norm_num,
  ̵  ̵ ̵ ̵show (2 : Nat) * 1 = 2 by norm_num,
      show (8 : Nat) * (1 * 128) = 1024 by norm_num,
  ̵  ̵ ̵ ̵show (1 : Nat) * 128 = 128 by norm_num,
      show (2 : Nat) * (1 * 128) = 256 by norm_num,
  ̵  ̵ ̵ ̵show (1024 : Nat) = 0 ↔ False by simp,
      show (1̵28̵ ̵:̵ ̵N̵a̵t̵)̵ ̵=̵ ̵0̵ ̵↔̵ ̵F̵a̵l̵s̵e̵ ̵b̵y̵ ̵s̵i̵m̵p̵,̵
  ̵ ̵ ̵ ̵ ̵s̵h̵o̵w̵ ̵(̵2̵56 : Nat) = 0 ↔ False by simp,
  ̵  ̵ ̵ ̵ite_false]

Note: This linter can be disabled with `set_option linter.unusedSimpArgs false`
warning: denote/Denote.lean:8678:4: This simp argument is unused:
  show (256 : Nat) = 0 ↔ False by simp

Hint: Omit it from the simp argument list.
  simp only [show (2 : Nat) * 4 * 1 = 8 by norm_num,
  ̵  ̵ ̵ ̵show (2 : Nat) * 1 = 2 by norm_num,
      show (8 : Nat) * (1 * 128) = 1024 by norm_num,
  ̵  ̵ ̵ ̵show (1 : Nat) * 128 = 128 by norm_num,
      show (2 : Nat) * (1 * 128) = 256 by norm_num,
  ̵  ̵ ̵ ̵show (1024 : Nat) = 0 ↔ False by simp,
      show (128 : Nat) = 0 ↔ False by simp,
  ̵  ̵ ̵ ̵s̵h̵o̵w̵ ̵(̵2̵5̵6̵ ̵:̵ ̵N̵a̵t̵)̵ ̵=̵ ̵0̵ ̵↔̵ ̵F̵a̵l̵s̵e̵ ̵b̵y̵ ̵s̵im̵p̵,̵
  ̵ ̵ ̵ ̵ ̵i̵te_false]

Note: This linter can be disabled with `set_option linter.unusedSimpArgs false`
warning: denote/Denote.lean:8651:0: Please, add a comment explaining the need for modifying the maxHeartbeat limit, as in
set_option maxHeartbeats 400000 in
-- reason for change
...

Note: This linter can be disabled with `set_option linter.style.maxHeartbeats false`
warning: denote/Denote.lean:8732:62: This simp argument is unused:
  List.getElem?_cons_zero

Hint: Omit it from the simp argument list.
  simp [List.getD, L̵i̵s̵t̵.̵g̵e̵t̵E̵l̵e̵m̵?̵_̵c̵o̵n̵s̵_̵z̵e̵r̵o̵,̵ ̵List.getElem?_cons_succ]

Note: This linter can be disabled with `set_option linter.unusedSimpArgs false`
warning: denote/Denote.lean:8732:87: This simp argument is unused:
  List.getElem?_cons_succ

Hint: Omit it from the simp argument list.
  simp [List.getD, List.getElem?_cons_zero,̵ ̵L̵i̵s̵t̵.̵g̵e̵t̵E̵l̵e̵m̵?̵_̵c̵o̵n̵s̵_̵s̵u̵c̵c̵]

Note: This linter can be disabled with `set_option linter.unusedSimpArgs false`
warning: denote/Denote.lean:8691:0: Please, add a comment explaining the need for modifying the maxHeartbeat limit, as in
set_option maxHeartbeats 800000 in
-- reason for change
...

Note: This linter can be disabled with `set_option linter.style.maxHeartbeats false`
warning: denote/Denote.lean:8856:8: This simp argument is unused:
  List.find?

Hint: Omit it from the simp argument list.
  simp ̵[̵L̵i̵s̵t̵.̵f̵i̵n̵d̵?̵]̵

Note: This linter can be disabled with `set_option linter.unusedSimpArgs false`
warning: denote/Denote.lean:8933:35: Variable name `hg1` is not explicitly referenced.

The binding can be removed (if unused) or named `_` (if used implicitly).

Note: This linter can be disabled with `set_option linter.unusedVariables false`
warning: denote/Denote.lean:8934:5: Variable name `hg2` is not explicitly referenced.

The binding can be removed (if unused) or named `_` (if used implicitly).

Note: This linter can be disabled with `set_option linter.unusedVariables false`
warning: denote/Denote.lean:8934:35: Variable name `hg3` is not explicitly referenced.

The binding can be removed (if unused) or named `_` (if used implicitly).

Note: This linter can be disabled with `set_option linter.unusedVariables false`
warning: denote/Denote.lean:8980:15: This simp argument is unused:
  hw

Hint: Omit it from the simp argument list.
  simp only [̵h̵w̵,̵ ̵h̵x̵0̵,̵[̲h̲x̲0̲,̲ hx1, hx2, hx3, prodShape, show [1, 2, 32].foldl (· * ·) 1 = 64 from rfl,
        show (64 : Nat) / 32 = 2 from rfl]

Note: This linter can be disabled with `set_option linter.unusedSimpArgs false`
warning: denote/Denote.lean:8928:0: Please, add a comment explaining the need for modifying the maxHeartbeat limit, as in
set_option maxHeartbeats 800000 in
-- reason for change
...

Note: This linter can be disabled with `set_option linter.style.maxHeartbeats false`
warning: denote/Denote.lean:9024:35: Variable name `hg1` is not explicitly referenced.

The binding can be removed (if unused) or named `_` (if used implicitly).

Note: This linter can be disabled with `set_option linter.unusedVariables false`
warning: denote/Denote.lean:9025:5: Variable name `hg2` is not explicitly referenced.

The binding can be removed (if unused) or named `_` (if used implicitly).

Note: This linter can be disabled with `set_option linter.unusedVariables false`
warning: denote/Denote.lean:9025:35: Variable name `hg3` is not explicitly referenced.

The binding can be removed (if unused) or named `_` (if used implicitly).

Note: This linter can be disabled with `set_option linter.unusedVariables false`
warning: denote/Denote.lean:9070:15: This simp argument is unused:
  hb

Hint: Omit it from the simp argument list.
  simp only [̵h̵b̵,̵ ̵h̵x̵0̵,̵[̲h̲x̲0̲,̲ hx1, hx2, hx3, prodShape, show [1, 2, 32].foldl (· * ·) 1 = 64 from rfl,
        show (64 : Nat) / 32 = 2 from rfl]

Note: This linter can be disabled with `set_option linter.unusedSimpArgs false`
warning: denote/Denote.lean:9019:0: Please, add a comment explaining the need for modifying the maxHeartbeat limit, as in
set_option maxHeartbeats 400000 in
-- reason for change
...

Note: This linter can be disabled with `set_option linter.style.maxHeartbeats false`
warning: denote/Denote.lean:9138:35: Variable name `hg1` is not explicitly referenced.

The binding can be removed (if unused) or named `_` (if used implicitly).

Note: This linter can be disabled with `set_option linter.unusedVariables false`
warning: denote/Denote.lean:9139:5: Variable name `hg2` is not explicitly referenced.

The binding can be removed (if unused) or named `_` (if used implicitly).

Note: This linter can be disabled with `set_option linter.unusedVariables false`
warning: denote/Denote.lean:9139:35: Variable name `hg3` is not explicitly referenced.

The binding can be removed (if unused) or named `_` (if used implicitly).

Note: This linter can be disabled with `set_option linter.unusedVariables false`
warning: denote/Denote.lean:9142:5: Variable name `hw` is not explicitly referenced.

The binding can be removed (if unused) or named `_` (if used implicitly).

Note: This linter can be disabled with `set_option linter.unusedVariables false`
warning: denote/Denote.lean:9133:0: Please, add a comment explaining the need for modifying the maxHeartbeat limit, as in
set_option maxHeartbeats 800000 in
-- reason for change
...

Note: This linter can be disabled with `set_option linter.style.maxHeartbeats false`
warning: denote/Denote.lean:9256:30: This simp argument is unused:
  if_neg

Hint: Omit it from the simp argument list.
  simp only [flatToMulti, multiToFlat, prodShape, List.foldl,
  ̵  ̵ ̵ ̵List.getElem?_cons_zero,
  ̲  ̲ ̲ ̲List.getElem?_cons_succ, Option.getD_some,
  ̵  ̵ ̵ ̵List.set, Nat.div_one, Nat.mul_one, Nat.one_mul,
      e213, e13, hd3, if_false, i̵f̵_̵n̵e̵g̵,̵ ̵Nat.add_zero, reduceIte,
  ̵  ̵ ̵ ̵Nat.one_ne_zero, Nat.reduceEqDiff]

Note: This linter can be disabled with `set_option linter.unusedSimpArgs false`
warning: denote/Denote.lean:9256:52: This simp argument is unused:
  reduceIte

Hint: Omit it from the simp argument list.
  simp only [flatToMulti, multiToFlat, prodShape, List.foldl,
  ̵  ̵ ̵ ̵List.getElem?_cons_zero,
  ̲  ̲ ̲ ̲List.getElem?_cons_succ, Option.getD_some,
  ̵  ̵ ̵ ̵List.set, Nat.div_one, Nat.mul_one, Nat.one_mul,
      e213, e13, hd3, if_false, if_neg, Nat.add_zero, r̵e̵d̵u̵c̵e̵I̵t̵e̵,̵
  ̵ ̵ ̵ ̵ ̵Nat.one_ne_zero, Nat.reduceEqDiff]

Note: This linter can be disabled with `set_option linter.unusedSimpArgs false`
warning: denote/Denote.lean:9257:21: This simp argument is unused:
  Nat.reduceEqDiff

Hint: Omit it from the simp argument list.
  simp only [flatToMulti, multiToFlat, prodShape, List.foldl,
  ̵  ̵ ̵ ̵List.getElem?_cons_zero,
  ̲  ̲ ̲ ̲List.getElem?_cons_succ, Option.getD_some,
  ̵  ̵ ̵ ̵List.set, Nat.div_one, Nat.mul_one, Nat.one_mul,
      e213, e13, hd3, if_false, if_neg, Nat.add_zero, reduceIte,
  ̵  ̵ ̵ ̵Nat.one_ne_zero,̵ ̵N̵a̵t̵.̵r̵e̵d̵u̵c̵e̵E̵q̵D̵i̵f̵f̵]

Note: This linter can be disabled with `set_option linter.unusedSimpArgs false`
warning: denote/Denote.lean:9226:0: Please, add a comment explaining the need for modifying the maxHeartbeat limit, as in
set_option maxHeartbeats 3200000 in
-- reason for change
...

Note: This linter can be disabled with `set_option linter.style.maxHeartbeats false`
warning: denote/Denote.lean:9260:0: Please, add a comment explaining the need for modifying the maxHeartbeat limit, as in
set_option maxHeartbeats 3200000 in
-- reason for change
...

Note: This linter can be disabled with `set_option linter.style.maxHeartbeats false`
warning: denote/Denote.lean:9266:10: Used `tac1 <;> tac2` where `(tac1; tac2)` would suffice

Note: This linter can be disabled with `set_option linter.unnecessarySeqFocus false`
warning: denote/Denote.lean:9294:4: This simp argument is unused:
  Nat.mod_one

Hint: Omit it from the simp argument list.
  simp only [chunkPrimDimN, Tensor.mkShape, hx, List.getD, List.getElem?_cons_zero,
      List.getElem?_cons_succ, Option.getD_some, List.drop, List.foldl, N̵a̵t̵.̵m̵o̵d̵_̵o̵n̵e̵,̵ ̵Nat.mul_one, Nat.one_mul,
  ̲  ̲ ̲ ̲Nat.add_zero, hshard, hrm, if_false, reduceIte, Nat.one_ne_zero, Nat.reduceEqDiff,
      eq_false e_csd2d3, eq_false e_d2d3, eq_false hd3]

Note: This linter can be disabled with `set_option linter.unusedSimpArgs false`
warning: denote/Denote.lean:9294:17: This simp argument is unused:
  Nat.mul_one

Hint: Omit it from the simp argument list.
  simp only [chunkPrimDimN, Tensor.mkShape, hx, List.getD, List.getElem?_cons_zero,
      List.getElem?_cons_succ, Option.getD_some, List.drop, List.foldl,
  ̵  ̵ ̵ ̵Nat.mod_one, Nat.m̵u̵l̵_̵one_̲m̲u̲l̲,
  ̲ N̵a̵t̵.̵o̵n̵e̵_̵m̵u̵l̵,̵  ̲ ̲Nat.add_zero,
  ̵  ̵ ̵ ̵hshard, hrm, if_false, reduceIte, Nat.one_ne_zero, Nat.reduceEqDiff,
      eq_false e_csd2d3, eq_false e_d2d3, eq_false hd3]

Note: This linter can be disabled with `set_option linter.unusedSimpArgs false`
warning: denote/Denote.lean:9294:43: This simp argument is unused:
  Nat.add_zero

Hint: Omit it from the simp argument list.
  simp only [chunkPrimDimN, Tensor.mkShape, hx, List.getD, List.getElem?_cons_zero,
      List.getElem?_cons_succ, Option.getD_some, List.drop, List.foldl,
  ̵  ̵ ̵ ̵Nat.mod_one, Nat.mul_o̵n̵o̲n̲e, ̵N̵a̵t̵.̵o̵n̵e̵_̵m̵u̵l̵,̵ ̵N̵a̵t̵.̵a̵d̵d̵_̵z̵e̵r̵o̵,̵
      N̲a̲t̲.̲o̲n̲e̲_̲m̲u̲l̲,̲ ̲hshard, hrm, if_false, reduceIte, Nat.one_ne_zero, Nat.reduceEqDiff,
      eq_false e_csd2d3, eq_false e_d2d3, eq_false hd3]

Note: This linter can be disabled with `set_option linter.unusedSimpArgs false`
warning: denote/Denote.lean:9295:27: This simp argument is unused:
  reduceIte

Hint: Omit it from the simp argument list.
  simp only [chunkPrimDimN, Tensor.mkShape, hx, List.getD, List.getElem?_cons_zero,
      List.getElem?_cons_succ, Option.getD_some, List.drop, List.foldl,
  ̵  ̵ ̵ ̵Nat.mod_one, Nat.mul_one,
  ̲  ̲ ̲ ̲Nat.one_mul, Nat.add_zero,
  ̵  ̵ ̵ ̵hshard, hrm, if_false, r̵e̵d̵u̵c̵e̵I̵t̵e̵,̵ ̵Nat.one_ne_zero, Nat.reduceEqDiff,
      eq_false e_csd2d3, eq_false e_d2d3, eq_false hd3]

Note: This linter can be disabled with `set_option linter.unusedSimpArgs false`
warning: denote/Denote.lean:9295:38: This simp argument is unused:
  Nat.one_ne_zero

Hint: Omit it from the simp argument list.
  simp only [chunkPrimDimN, Tensor.mkShape, hx, List.getD, List.getElem?_cons_zero,
      List.getElem?_cons_succ, Option.getD_some, List.drop, List.foldl,
  ̵  ̵ ̵ ̵Nat.mod_one, Nat.mul_one,
  ̲  ̲ ̲ ̲Nat.one_mul, Nat.add_zero,
  ̵  ̵ ̵ ̵hshard, hrm, if_false, reduceIte, Nat.o̵n̵e̵_̵n̵e̵_̵z̵e̵ro̵,̵ ̵N̵a̵t̵.̵r̵educeEqDiff,
      eq_false e_csd2d3, eq_false e_d2d3, eq_false hd3]

Note: This linter can be disabled with `set_option linter.unusedSimpArgs false`
warning: denote/Denote.lean:9296:40: This simp argument is unused:
  eq_false hd3

Hint: Omit it from the simp argument list.
  simp only [chunkPrimDimN, Tensor.mkShape, hx, List.getD, List.getElem?_cons_zero,
      List.getElem?_cons_succ, Option.getD_some, List.drop, List.foldl,
  ̵  ̵ ̵ ̵Nat.mod_one, Nat.mul_one,
  ̲  ̲ ̲ ̲Nat.one_mul, Nat.add_zero,
  ̵  ̵ ̵ ̵hshard, hrm, if_false, reduceIte, Nat.one_ne_zero, Nat.reduceEqDiff,
      eq_false e_csd2d3, eq_false e_d2d3,̵ ̵e̵q̵_̵f̵a̵l̵s̵e̵ ̵h̵d̵3̵]

Note: This linter can be disabled with `set_option linter.unusedSimpArgs false`
warning: denote/Denote.lean:9271:0: Please, add a comment explaining the need for modifying the maxHeartbeat limit, as in
set_option maxHeartbeats 3200000 in
-- reason for change
...

Note: This linter can be disabled with `set_option linter.style.maxHeartbeats false`
warning: denote/Denote.lean:9322:4: This simp argument is unused:
  Nat.mod_one

Hint: Omit it from the simp argument list.
  simp only [chunkPrimDimN, Tensor.mkShape, hx, List.getD, List.getElem?_cons_zero,
      List.getElem?_cons_succ, Option.getD_some, List.drop, List.foldl, N̵a̵t̵.̵m̵o̵d̵_̵o̵n̵e̵,̵ ̵Nat.mul_one, Nat.one_mul,
  ̲  ̲ ̲ ̲Nat.add_zero, hshard, hrm, if_false, reduceIte, Nat.one_ne_zero, Nat.reduceEqDiff,
      eq_false e_csd3, eq_false hd3]

Note: This linter can be disabled with `set_option linter.unusedSimpArgs false`
warning: denote/Denote.lean:9322:17: This simp argument is unused:
  Nat.mul_one

Hint: Omit it from the simp argument list.
  simp only [chunkPrimDimN, Tensor.mkShape, hx, List.getD, List.getElem?_cons_zero,
      List.getElem?_cons_succ, Option.getD_some, List.drop, List.foldl,
  ̵  ̵ ̵ ̵Nat.mod_one, Nat.m̵u̵l̵_̵one_̲m̲u̲l̲,
  ̲ N̵a̵t̵.̵o̵n̵e̵_̵m̵u̵l̵,̵  ̲ ̲Nat.add_zero,
  ̵  ̵ ̵ ̵hshard, hrm, if_false, reduceIte, Nat.one_ne_zero, Nat.reduceEqDiff,
      eq_false e_csd3, eq_false hd3]

Note: This linter can be disabled with `set_option linter.unusedSimpArgs false`
warning: denote/Denote.lean:9322:43: This simp argument is unused:
  Nat.add_zero

Hint: Omit it from the simp argument list.
  simp only [chunkPrimDimN, Tensor.mkShape, hx, List.getD, List.getElem?_cons_zero,
      List.getElem?_cons_succ, Option.getD_some, List.drop, List.foldl,
  ̵  ̵ ̵ ̵Nat.mod_one, Nat.mul_o̵n̵o̲n̲e, ̵N̵a̵t̵.̵o̵n̵e̵_̵m̵u̵l̵,̵ ̵N̵a̵t̵.̵a̵d̵d̵_̵z̵e̵r̵o̵,̵
      N̲a̲t̲.̲o̲n̲e̲_̲m̲u̲l̲,̲ ̲hshard, hrm, if_false, reduceIte, Nat.one_ne_zero, Nat.reduceEqDiff,
      eq_false e_csd3, eq_false hd3]

Note: This linter can be disabled with `set_option linter.unusedSimpArgs false`
warning: denote/Denote.lean:9323:27: This simp argument is unused:
  reduceIte

Hint: Omit it from the simp argument list.
  simp only [chunkPrimDimN, Tensor.mkShape, hx, List.getD, List.getElem?_cons_zero,
      List.getElem?_cons_succ, Option.getD_some, List.drop, List.foldl,
  ̵  ̵ ̵ ̵Nat.mod_one, Nat.mul_one,
  ̲  ̲ ̲ ̲Nat.one_mul, Nat.add_zero,
  ̵  ̵ ̵ ̵hshard, hrm, if_false, r̵e̵d̵u̵c̵e̵I̵t̵e̵,̵ ̵Nat.one_ne_zero, Nat.reduceEqDiff,
      eq_false e_csd3, eq_false hd3]

Note: This linter can be disabled with `set_option linter.unusedSimpArgs false`
warning: denote/Denote.lean:9323:38: This simp argument is unused:
  Nat.one_ne_zero

Hint: Omit it from the simp argument list.
  simp only [chunkPrimDimN, Tensor.mkShape, hx, List.getD, List.getElem?_cons_zero,
      List.getElem?_cons_succ, Option.getD_some, List.drop, List.foldl,
  ̵  ̵ ̵ ̵Nat.mod_one, Nat.mul_one,
  ̲  ̲ ̲ ̲Nat.one_mul, Nat.add_zero,
  ̵  ̵ ̵ ̵hshard, hrm, if_false, reduceIte, Nat.o̵n̵e̵_̵n̵e̵_̵z̵e̵ro̵,̵ ̵N̵a̵t̵.̵r̵educeEqDiff,
  ̵  ̵ ̵ ̵eq_false e_csd3,
  ̲  ̲ ̲ ̲eq_false hd3]

Note: This linter can be disabled with `set_option linter.unusedSimpArgs false`
warning: denote/Denote.lean:9304:0: Please, add a comment explaining the need for modifying the maxHeartbeat limit, as in
set_option maxHeartbeats 3200000 in
-- reason for change
...

Note: This linter can be disabled with `set_option linter.style.maxHeartbeats false`
warning: denote/Denote.lean:9352:57: This simp argument is unused:
  Nat.zero_add

Hint: Omit it from the simp argument list.
  simp only [chunkPrimDimN, Tensor.mkShape, hx, List.getD, List.getElem?_cons_zero,
      List.getElem?_cons_succ, Option.getD_some, List.drop, List.foldl, Nat.div_one, Nat.mod_one,
  ̲  ̲ ̲ ̲Nat.mul_one, Nat.add_zero, N̵a̵t̵.̵z̵e̵r̵o̵_̵a̵d̵d̵,̵hshard, hrm, e_cs, if_false, reduceIte, Nat.one_ne_zero,
  ̲  ̲ ̲ ̲Nat.reduceEqDiff]

Note: This linter can be disabled with `set_option linter.unusedSimpArgs false`
warning: denote/Denote.lean:9353:33: This simp argument is unused:
  reduceIte

Hint: Omit it from the simp argument list.
  simp only [chunkPrimDimN, Tensor.mkShape, hx, List.getD, List.getElem?_cons_zero,
      List.getElem?_cons_succ, Option.getD_some, List.drop, List.foldl, Nat.div_one, Nat.mod_one,
  ̲  ̲ ̲ ̲Nat.mul_one, Nat.add_zero, Nat.zero_add, hshard, hrm, e_cs, if_false, r̵e̵d̵u̵c̵e̵I̵t̵e̵,̵ ̵Nat.one_ne_zero,
      Nat.reduceEqDiff]

Note: This linter can be disabled with `set_option linter.unusedSimpArgs false`
warning: denote/Denote.lean:9334:0: Please, add a comment explaining the need for modifying the maxHeartbeat limit, as in
set_option maxHeartbeats 3200000 in
-- reason for change
...

Note: This linter can be disabled with `set_option linter.style.maxHeartbeats false`
warning: denote/Denote.lean:9358:0: Please, add a comment explaining the need for modifying the maxHeartbeat limit, as in
set_option maxHeartbeats 3200000 in
-- reason for change
...

Note: This linter can be disabled with `set_option linter.style.maxHeartbeats false`
warning: denote/Denote.lean:9365:0: Please, add a comment explaining the need for modifying the maxHeartbeat limit, as in
set_option maxHeartbeats 3200000 in
-- reason for change
...

Note: This linter can be disabled with `set_option linter.style.maxHeartbeats false`
warning: denote/Denote.lean:9371:10: Used `tac1 <;> tac2` where `(tac1; tac2)` would suffice

Note: This linter can be disabled with `set_option linter.unnecessarySeqFocus false`
warning: denote/Denote.lean:9389:4: This simp argument is unused:
  Nat.reduceDiv

Hint: Omit it from the simp argument list.
  simp only [hhead, List.getD, List.getElem?_cons_zero, List.getElem?_cons_succ, Option.getD_some,
  ̲  ̲ ̲ ̲List.drop, List.foldl, Nat.reduceMul, Nat.reduceAdd, N̵a̵t̵.̵r̵e̵d̵u̵c̵e̵D̵i̵v̵,̵ ̵Nat.reduceMod, Nat.div_one, Nat.mod_one,
  ̲  ̲ ̲ ̲Nat.mul_one, Nat.add_zero, Nat.zero_add, show (8 : Nat) ≠ 0 from by omega,
      show (4 : Nat) ≠ 0 from by omega, show (2 : Nat) ≠ 0 from by omega,
      show (256 : Nat) ≠ 0 from by omega, ite_false]

Note: This linter can be disabled with `set_option linter.unusedSimpArgs false`
warning: denote/Denote.lean:9389:19: This simp argument is unused:
  Nat.reduceMod

Hint: Omit it from the simp argument list.
  simp only [hhead, List.getD, List.getElem?_cons_zero, List.getElem?_cons_succ,
  ̵  ̵ ̵ ̵Option.getD_some,
  ̲  ̲ ̲ ̲List.drop, List.foldl, Nat.reduceMul, Nat.reduceAdd,
  ̵  ̵ ̵ ̵Nat.reduceDiv, Nat.r̵e̵du̵c̵e̵M̵o̵d̵,̵ ̵N̵a̵t̵.̵d̵iv_one, Nat.mod_one,
  ̲  ̲ ̲ ̲Nat.mul_one,
  ̵  ̵ ̵ ̵Nat.add_zero, Nat.zero_add, show (8 : Nat) ≠ 0 from by omega,
      show (4 : Nat) ≠ 0 from by omega, show (2 : Nat) ≠ 0 from by omega,
      show (256 : Nat) ≠ 0 from by omega, ite_false]

Note: This linter can be disabled with `set_option linter.unusedSimpArgs false`
warning: denote/Denote.lean:9390:4: This simp argument is unused:
  Nat.add_zero

Hint: Omit it from the simp argument list.
  simp only [hhead, List.getD, List.getElem?_cons_zero, List.getElem?_cons_succ,
  ̵  ̵ ̵ ̵Option.getD_some,
  ̲  ̲ ̲ ̲List.drop, List.foldl, Nat.reduceMul, Nat.reduceAdd,
  ̵  ̵ ̵ ̵Nat.reduceDiv, Nat.reduceMod, Nat.div_one, ̵N̵a̵t̵.̵m̵o̵d̵_̵o̵n̵e̵,̵ ̵N̵a̵t̵.̵m̵u̵l̵_̵o̵n̵e̵,̵
      Nat.m̲o̲d̲_̲o̲n̲e̲,̲ ̲N̲ad̵d̵t̲.̲m̲u̲l̲_z̵o̲n̲er̵o̵, Nat.zero_add, show (8 : Nat) ≠ 0 from by omega,
      show (4 : Nat) ≠ 0 from by omega, show (2 : Nat) ≠ 0 from by omega,
      show (256 : Nat) ≠ 0 from by omega, ite_false]

Note: This linter can be disabled with `set_option linter.unusedSimpArgs false`
warning: denote/Denote.lean:9390:18: This simp argument is unused:
  Nat.zero_add

Hint: Omit it from the simp argument list.
  simp only [hhead, List.getD, List.getElem?_cons_zero, List.getElem?_cons_succ,
  ̵  ̵ ̵ ̵Option.getD_some,
  ̲  ̲ ̲ ̲List.drop, List.foldl, Nat.reduceMul, Nat.reduceAdd,
  ̵  ̵ ̵ ̵Nat.reduceDiv, Nat.reduceMod, Nat.div_one, ̵N̵a̵t̵.̵m̵o̵d̵_̵o̵n̵e̵,̵ ̵N̵a̵t̵.̵m̵u̵l̵_̵o̵n̵e̵,̵
      Nat.m̲o̲d̲_̲o̲n̲e̲,̲ ̲N̲ad̵d̵t̲.̲m̲u̲l̲_z̵o̲n̲er̵o̵, Nat.z̵e̵r̵o̵_̵add_̲z̲e̲r̲o̲, show (8 : Nat) ≠ 0 from by omega,
      show (4 : Nat) ≠ 0 from by omega, show (2 : Nat) ≠ 0 from by omega,
      show (256 : Nat) ≠ 0 from by omega, ite_false]

Note: This linter can be disabled with `set_option linter.unusedSimpArgs false`
warning: denote/Denote.lean:9391:4: This simp argument is unused:
  show (4 : Nat) ≠ 0 from by omega

Hint: Omit it from the simp argument list.
  simp only [hhead, List.getD, List.getElem?_cons_zero, List.getElem?_cons_succ,
  ̵  ̵ ̵ ̵Option.getD_some,
  ̲  ̲ ̲ ̲List.drop, List.foldl, Nat.reduceMul, Nat.reduceAdd,
  ̵  ̵ ̵ ̵Nat.reduceDiv, Nat.reduceMod, Nat.div_one,
  ̲  ̲ ̲ ̲Nat.mod_one, Nat.mul_one,
  ̵  ̵ ̵ ̵Nat.add_zero, Nat.zero_add, show (8 : Nat) ≠ 0 from by omega,
      show (4̵ ̵:̵ ̵N̵a̵t̵)̵ ̵≠̵ ̵0̵ ̵f̵r̵o̵m̵ ̵b̵y̵ ̵o̵m̵e̵g̵a̵,̵ ̵s̵h̵o̵w̵ ̵(̵2 : Nat) ≠ 0 from by omega,
  ̵  ̵ ̵ ̵show (256 : Nat) ≠ 0 from by omega, ite_false]

Note: This linter can be disabled with `set_option linter.unusedSimpArgs false`
warning: denote/Denote.lean:9392:4: This simp argument is unused:
  show (256 : Nat) ≠ 0 from by omega

Hint: Omit it from the simp argument list.
  simp only [hhead, List.getD, List.getElem?_cons_zero, List.getElem?_cons_succ,
  ̵  ̵ ̵ ̵Option.getD_some,
  ̲  ̲ ̲ ̲List.drop, List.foldl, Nat.reduceMul, Nat.reduceAdd,
  ̵  ̵ ̵ ̵Nat.reduceDiv, Nat.reduceMod, Nat.div_one,
  ̲  ̲ ̲ ̲Nat.mod_one, Nat.mul_one,
  ̵  ̵ ̵ ̵Nat.add_zero, Nat.zero_add, show (8 : Nat) ≠ 0 from by omega,
      show (4 : Nat) ≠ 0 from by omega, show (2 : Nat) ≠ 0 from by omega,
  ̵  ̵ ̵ ̵s̵h̵o̵w̵ ̵(̵2̵5̵6̵ ̵:̵ ̵N̵a̵t̵)̵ ̵≠̵ ̵0̵ ̵f̵r̵o̵m̵ ̵b̵y̵ ̵o̵m̵e̵g̵a̵,̵ ̵ite_false]

Note: This linter can be disabled with `set_option linter.unusedSimpArgs false`
warning: denote/Denote.lean:9373:0: Please, add a comment explaining the need for modifying the maxHeartbeat limit, as in
set_option maxHeartbeats 3200000 in
-- reason for change
...

Note: This linter can be disabled with `set_option linter.style.maxHeartbeats false`
warning: denote/Denote.lean:9411:10: Used `tac1 <;> tac2` where `(tac1; tac2)` would suffice

Note: This linter can be disabled with `set_option linter.unnecessarySeqFocus false`
warning: denote/Denote.lean:9468:23: This simp argument is unused:
  List.getElem?_cons_zero

Hint: Omit it from the simp argument list.
  simp [List.getD, L̵i̵s̵t̵.̵g̵e̵t̵E̵l̵e̵m̵?̵_̵c̵o̵n̵s̵_̵z̵e̵r̵o̵,̵ ̵List.getElem?_cons_succ]

Note: This linter can be disabled with `set_option linter.unusedSimpArgs false`
warning: denote/Denote.lean:9468:48: This simp argument is unused:
  List.getElem?_cons_succ

Hint: Omit it from the simp argument list.
  simp [List.getD, List.getElem?_cons_zero,̵ ̵L̵i̵s̵t̵.̵g̵e̵t̵E̵l̵e̵m̵?̵_̵c̵o̵n̵s̵_̵s̵u̵c̵c̵]

Note: This linter can be disabled with `set_option linter.unusedSimpArgs false`
warning: denote/Denote.lean:9529:23: This simp argument is unused:
  List.getElem?_cons_zero

Hint: Omit it from the simp argument list.
  simp [List.getD, L̵i̵s̵t̵.̵g̵e̵t̵E̵l̵e̵m̵?̵_̵c̵o̵n̵s̵_̵z̵e̵r̵o̵,̵ ̵List.getElem?_cons_succ]

Note: This linter can be disabled with `set_option linter.unusedSimpArgs false`
warning: denote/Denote.lean:9529:48: This simp argument is unused:
  List.getElem?_cons_succ

Hint: Omit it from the simp argument list.
  simp [List.getD, List.getElem?_cons_zero,̵ ̵L̵i̵s̵t̵.̵g̵e̵t̵E̵l̵e̵m̵?̵_̵c̵o̵n̵s̵_̵s̵u̵c̵c̵]

Note: This linter can be disabled with `set_option linter.unusedSimpArgs false`
warning: denote/Denote.lean:9548:10: Used `tac1 <;> tac2` where `(tac1; tac2)` would suffice

Note: This linter can be disabled with `set_option linter.unnecessarySeqFocus false`
warning: denote/Denote.lean:9558:10: Used `tac1 <;> tac2` where `(tac1; tac2)` would suffice

Note: This linter can be disabled with `set_option linter.unnecessarySeqFocus false`
warning: denote/Denote.lean:9578:4: This simp argument is unused:
  Nat.reduceDiv

Hint: Omit it from the simp argument list.
  simp only [hhead, List.getD, List.getElem?_cons_zero, List.getElem?_cons_succ, Option.getD_some,
  ̲  ̲ ̲ ̲List.drop, List.foldl, Nat.reduceMul, Nat.reduceAdd, N̵a̵t̵.̵r̵e̵d̵u̵c̵e̵D̵i̵v̵,̵ ̵Nat.reduceMod, Nat.div_one, Nat.mod_one,
  ̲  ̲ ̲ ̲Nat.mul_one, Nat.add_zero, Nat.zero_add, show (8 : Nat) ≠ 0 from by omega,
      show (4 : Nat) ≠ 0 from by omega, show (2 : Nat) ≠ 0 from by omega,
      show (16 : Nat) ≠ 0 from by omega, show (64 : Nat) ≠ 0 from by omega,
      show (256 : Nat) ≠ 0 from by omega, ite_false]

Note: This linter can be disabled with `set_option linter.unusedSimpArgs false`
warning: denote/Denote.lean:9578:19: This simp argument is unused:
  Nat.reduceMod

Hint: Omit it from the simp argument list.
  simp only [hhead, List.getD, List.getElem?_cons_zero, List.getElem?_cons_succ,
  ̵  ̵ ̵ ̵Option.getD_some,
  ̲  ̲ ̲ ̲List.drop, List.foldl, Nat.reduceMul, Nat.reduceAdd,
  ̵  ̵ ̵ ̵Nat.reduceDiv, Nat.r̵e̵du̵c̵e̵M̵o̵d̵,̵ ̵N̵a̵t̵.̵d̵iv_one, Nat.mod_one,
  ̲  ̲ ̲ ̲Nat.mul_one,
  ̵  ̵ ̵ ̵Nat.add_zero, Nat.zero_add, show (8 : Nat) ≠ 0 from by omega,
      show (4 : Nat) ≠ 0 from by omega, show (2 : Nat) ≠ 0 from by omega,
      show (16 : Nat) ≠ 0 from by omega, show (64 : Nat) ≠ 0 from by omega,
      show (256 : Nat) ≠ 0 from by omega, ite_false]

Note: This linter can be disabled with `set_option linter.unusedSimpArgs false`
warning: denote/Denote.lean:9578:34: This simp argument is unused:
  Nat.div_one

Hint: Omit it from the simp argument list.
  simp only [hhead, List.getD, List.getElem?_cons_zero, List.getElem?_cons_succ,
  ̵  ̵ ̵ ̵Option.getD_some,
  ̲  ̲ ̲ ̲List.drop, List.foldl, Nat.reduceMul, Nat.reduceAdd,
  ̵  ̵ ̵ ̵Nat.reduceDiv, Nat.reduceMod, Nat.d̵i̵v̵_̵o̵n̵e̵,̵ ̵N̵a̵t̵.̵mod_one, ̵N̵a̵t̵.̵m̵u̵l̵_̵o̵n̵e̵,̵
      Nat.m̲u̲l̲_̲o̲n̲e̲,̲ ̲N̲at̲.̲a̲dd_zero, Nat.zero_add, show (8 : Nat) ≠ 0 from by omega,
      show (4 : Nat) ≠ 0 from by omega, show (2 : Nat) ≠ 0 from by omega,
      show (16 : Nat) ≠ 0 from by omega, show (64 : Nat) ≠ 0 from by omega,
      show (256 : Nat) ≠ 0 from by omega, ite_false]

Note: This linter can be disabled with `set_option linter.unusedSimpArgs false`
warning: denote/Denote.lean:9578:47: This simp argument is unused:
  Nat.mod_one

Hint: Omit it from the simp argument list.
  simp only [hhead, List.getD, List.getElem?_cons_zero, List.getElem?_cons_succ,
  ̵  ̵ ̵ ̵Option.getD_some,
  ̲  ̲ ̲ ̲List.drop, List.foldl, Nat.reduceMul, Nat.reduceAdd,
  ̵  ̵ ̵ ̵Nat.reduceDiv, Nat.reduceMod, Nat.div_one, ̵N̵a̵t̵.̵m̵o̵d̵_̵o̵n̵e̵,̵ ̵N̵a̵t̵.̵m̵u̵l̵_̵o̵n̵e̵,̵
      Nat.m̲u̲l̲_̲o̲n̲e̲,̲ ̲N̲at̲.̲a̲dd_zero, Nat.zero_add, show (8 : Nat) ≠ 0 from by omega,
      show (4 : Nat) ≠ 0 from by omega, show (2 : Nat) ≠ 0 from by omega,
      show (16 : Nat) ≠ 0 from by omega, show (64 : Nat) ≠ 0 from by omega,
      show (256 : Nat) ≠ 0 from by omega, ite_false]

Note: This linter can be disabled with `set_option linter.unusedSimpArgs false`
warning: denote/Denote.lean:9578:60: This simp argument is unused:
  Nat.mul_one

Hint: Omit it from the simp argument list.
  simp only [hhead, List.getD, List.getElem?_cons_zero, List.getElem?_cons_succ,
  ̵  ̵ ̵ ̵Option.getD_some,
  ̲  ̲ ̲ ̲List.drop, List.foldl, Nat.reduceMul, Nat.reduceAdd,
  ̵  ̵ ̵ ̵Nat.reduceDiv, Nat.reduceMod, Nat.div_one,
  ̲  ̲ ̲ ̲Nat.mod_one, Nat.m̵u̵l̵_̵o̵n̵e̵,̵
  ̵ ̵ ̵ ̵ ̵N̵at̵.̵a̵dd_zero, Nat.zero_add, show (8 : Nat) ≠ 0 from by omega,
      show (4 : Nat) ≠ 0 from by omega, show (2 : Nat) ≠ 0 from by omega,
      show (16 : Nat) ≠ 0 from by omega, show (64 : Nat) ≠ 0 from by omega,
      show (256 : Nat) ≠ 0 from by omega, ite_false]

Note: This linter can be disabled with `set_option linter.unusedSimpArgs false`
warning: denote/Denote.lean:9579:4: This simp argument is unused:
  Nat.add_zero

Hint: Omit it from the simp argument list.
  simp only [hhead, List.getD, List.getElem?_cons_zero, List.getElem?_cons_succ,
  ̵  ̵ ̵ ̵Option.getD_some,
  ̲  ̲ ̲ ̲List.drop, List.foldl, Nat.reduceMul, Nat.reduceAdd,
  ̵  ̵ ̵ ̵Nat.reduceDiv, Nat.reduceMod, Nat.div_one, ̵N̵a̵t̵.̵m̵o̵d̵_̵o̵n̵e̵,̵ ̵N̵a̵t̵.̵m̵u̵l̵_̵o̵n̵e̵,̵
      Nat.m̲o̲d̲_̲o̲n̲e̲,̲ ̲N̲ad̵d̵t̲.̲m̲u̲l̲_z̵o̲n̲er̵o̵, Nat.zero_add, show (8 : Nat) ≠ 0 from by omega,
      show (4 : Nat) ≠ 0 from by omega, show (2 : Nat) ≠ 0 from by omega,
      show (16 : Nat) ≠ 0 from by omega, show (64 : Nat) ≠ 0 from by omega,
      show (256 : Nat) ≠ 0 from by omega, ite_false]

Note: This linter can be disabled with `set_option linter.unusedSimpArgs false`
warning: denote/Denote.lean:9579:18: This simp argument is unused:
  Nat.zero_add

Hint: Omit it from the simp argument list.
  simp only [hhead, List.getD, List.getElem?_cons_zero, List.getElem?_cons_succ,
  ̵  ̵ ̵ ̵Option.getD_some,
  ̲  ̲ ̲ ̲List.drop, List.foldl, Nat.reduceMul, Nat.reduceAdd,
  ̵  ̵ ̵ ̵Nat.reduceDiv, Nat.reduceMod, Nat.div_one, ̵N̵a̵t̵.̵m̵o̵d̵_̵o̵n̵e̵,̵ ̵N̵a̵t̵.̵m̵u̵l̵_̵o̵n̵e̵,̵
      Nat.m̲o̲d̲_̲o̲n̲e̲,̲ ̲N̲ad̵d̵t̲.̲m̲u̲l̲_z̵o̲n̲er̵o̵, Nat.z̵e̵r̵o̵_̵add_̲z̲e̲r̲o̲, show (8 : Nat) ≠ 0 from by omega,
      show (4 : Nat) ≠ 0 from by omega, show (2 : Nat) ≠ 0 from by omega,
      show (16 : Nat) ≠ 0 from by omega, show (64 : Nat) ≠ 0 from by omega,
      show (256 : Nat) ≠ 0 from by omega, ite_false]

Note: This linter can be disabled with `set_option linter.unusedSimpArgs false`
warning: denote/Denote.lean:9580:4: This simp argument is unused:
  show (4 : Nat) ≠ 0 from by omega

Hint: Omit it from the simp argument list.
  simp only [hhead, List.getD, List.getElem?_cons_zero, List.getElem?_cons_succ,
  ̵  ̵ ̵ ̵Option.getD_some,
  ̲  ̲ ̲ ̲List.drop, List.foldl, Nat.reduceMul, Nat.reduceAdd,
  ̵  ̵ ̵ ̵Nat.reduceDiv, Nat.reduceMod, Nat.div_one,
  ̲  ̲ ̲ ̲Nat.mod_one, Nat.mul_one,
  ̵  ̵ ̵ ̵Nat.add_zero, Nat.zero_add, show (8 : Nat) ≠ 0 from by omega,
      show (4̵ ̵:̵ ̵N̵a̵t̵)̵ ̵≠̵ ̵0̵ ̵f̵r̵o̵m̵ ̵b̵y̵ ̵o̵m̵e̵g̵a̵,̵ ̵s̵h̵o̵w̵ ̵(̵2 : Nat) ≠ 0 from by omega,
  ̵  ̵ ̵ ̵show (16 : Nat) ≠ 0 from by omega,
  ̲  ̲ ̲ ̲show (64 : Nat) ≠ 0 from by omega,
  ̵  ̵ ̵ ̵show (256 : Nat) ≠ 0 from by omega, ite_false]

Note: This linter can be disabled with `set_option linter.unusedSimpArgs false`
warning: denote/Denote.lean:9581:4: This simp argument is unused:
  show (16 : Nat) ≠ 0 from by omega

Hint: Omit it from the simp argument list.
  simp only [hhead, List.getD, List.getElem?_cons_zero, List.getElem?_cons_succ,
  ̵  ̵ ̵ ̵Option.getD_some,
  ̲  ̲ ̲ ̲List.drop, List.foldl, Nat.reduceMul, Nat.reduceAdd,
  ̵  ̵ ̵ ̵Nat.reduceDiv, Nat.reduceMod, Nat.div_one,
  ̲  ̲ ̲ ̲Nat.mod_one, Nat.mul_one,
  ̵  ̵ ̵ ̵Nat.add_zero, Nat.zero_add, show (8 : Nat) ≠ 0 from by omega,
      show (4 : Nat) ≠ 0 from by omega, show (2 : Nat) ≠ 0 from by omega,
      show (1̵6 ̵:̵ ̵N̵a̵t̵)̵ ̵≠̵ ̵0̵ ̵f̵r̵o̵m̵ ̵b̵y̵ ̵o̵m̵e̵g̵a̵,̵ ̵s̵h̵o̵w̵ ̵(̵6̵4 : Nat) ≠ 0 from by omega,
  ̵  ̵ ̵ ̵show (256 : Nat) ≠ 0 from by omega, ite_false]

Note: This linter can be disabled with `set_option linter.unusedSimpArgs false`
warning: denote/Denote.lean:9582:4: This simp argument is unused:
  show (256 : Nat) ≠ 0 from by omega

Hint: Omit it from the simp argument list.
  simp only [hhead, List.getD, List.getElem?_cons_zero, List.getElem?_cons_succ,
  ̵  ̵ ̵ ̵Option.getD_some,
  ̲  ̲ ̲ ̲List.drop, List.foldl, Nat.reduceMul, Nat.reduceAdd,
  ̵  ̵ ̵ ̵Nat.reduceDiv, Nat.reduceMod, Nat.div_one,
  ̲  ̲ ̲ ̲Nat.mod_one, Nat.mul_one,
  ̵  ̵ ̵ ̵Nat.add_zero, Nat.zero_add, show (8 : Nat) ≠ 0 from by omega,
      show (4 : Nat) ≠ 0 from by omega, show (2 : Nat) ≠ 0 from by omega,
      show (16 : Nat) ≠ 0 from by omega, show (64 : Nat) ≠ 0 from by omega,
  ̵  ̵ ̵ ̵s̵h̵o̵w̵ ̵(̵2̵5̵6̵ ̵:̵ ̵N̵a̵t̵)̵ ̵≠̵ ̵0̵ ̵f̵r̵o̵m̵ ̵b̵y̵ ̵o̵m̵e̵g̵a̵,̵ ̵ite_false]

Note: This linter can be disabled with `set_option linter.unusedSimpArgs false`
warning: denote/Denote.lean:9642:23: This simp argument is unused:
  List.getElem?_cons_zero

Hint: Omit it from the simp argument list.
  simp [List.getD, L̵i̵s̵t̵.̵g̵e̵t̵E̵l̵e̵m̵?̵_̵c̵o̵n̵s̵_̵z̵e̵r̵o̵,̵ ̵List.getElem?_cons_succ]

Note: This linter can be disabled with `set_option linter.unusedSimpArgs false`
warning: denote/Denote.lean:9642:48: This simp argument is unused:
  List.getElem?_cons_succ

Hint: Omit it from the simp argument list.
  simp [List.getD, List.getElem?_cons_zero,̵ ̵L̵i̵s̵t̵.̵g̵e̵t̵E̵l̵e̵m̵?̵_̵c̵o̵n̵s̵_̵s̵u̵c̵c̵]

Note: This linter can be disabled with `set_option linter.unusedSimpArgs false`
warning: denote/Denote.lean:9661:10: Used `tac1 <;> tac2` where `(tac1; tac2)` would suffice

Note: This linter can be disabled with `set_option linter.unnecessarySeqFocus false`
warning: denote/Denote.lean:9680:10: Used `tac1 <;> tac2` where `(tac1; tac2)` would suffice

Note: This linter can be disabled with `set_option linter.unnecessarySeqFocus false`
warning: denote/Denote.lean:9699:4: This simp argument is unused:
  Nat.reduceDiv

Hint: Omit it from the simp argument list.
  simp only [hhead, List.getD, List.getElem?_cons_zero, List.getElem?_cons_succ, Option.getD_some,
  ̲  ̲ ̲ ̲List.drop, List.foldl, Nat.reduceMul, Nat.reduceAdd, N̵a̵t̵.̵r̵e̵d̵u̵c̵e̵D̵i̵v̵,̵ ̵Nat.reduceMod, Nat.div_one, Nat.mod_one,
  ̲  ̲ ̲ ̲Nat.mul_one, Nat.add_zero, Nat.zero_add, show (8 : Nat) ≠ 0 from by omega,
      show (4 : Nat) ≠ 0 from by omega, show (2 : Nat) ≠ 0 from by omega,
      show (256 : Nat) ≠ 0 from by omega, ite_false]

Note: This linter can be disabled with `set_option linter.unusedSimpArgs false`
warning: denote/Denote.lean:9699:19: This simp argument is unused:
  Nat.reduceMod

Hint: Omit it from the simp argument list.
  simp only [hhead, List.getD, List.getElem?_cons_zero, List.getElem?_cons_succ,
  ̵  ̵ ̵ ̵Option.getD_some,
  ̲  ̲ ̲ ̲List.drop, List.foldl, Nat.reduceMul, Nat.reduceAdd,
  ̵  ̵ ̵ ̵Nat.reduceDiv, Nat.r̵e̵du̵c̵e̵M̵o̵d̵,̵ ̵N̵a̵t̵.̵d̵iv_one, Nat.mod_one,
  ̲  ̲ ̲ ̲Nat.mul_one,
  ̵  ̵ ̵ ̵Nat.add_zero, Nat.zero_add, show (8 : Nat) ≠ 0 from by omega,
      show (4 : Nat) ≠ 0 from by omega, show (2 : Nat) ≠ 0 from by omega,
      show (256 : Nat) ≠ 0 from by omega, ite_false]

Note: This linter can be disabled with `set_option linter.unusedSimpArgs false`
warning: denote/Denote.lean:9700:4: This simp argument is unused:
  Nat.add_zero

Hint: Omit it from the simp argument list.
  simp only [hhead, List.getD, List.getElem?_cons_zero, List.getElem?_cons_succ,
  ̵  ̵ ̵ ̵Option.getD_some,
  ̲  ̲ ̲ ̲List.drop, List.foldl, Nat.reduceMul, Nat.reduceAdd,
  ̵  ̵ ̵ ̵Nat.reduceDiv, Nat.reduceMod, Nat.div_one, ̵N̵a̵t̵.̵m̵o̵d̵_̵o̵n̵e̵,̵ ̵N̵a̵t̵.̵m̵u̵l̵_̵o̵n̵e̵,̵
      Nat.m̲o̲d̲_̲o̲n̲e̲,̲ ̲N̲ad̵d̵t̲.̲m̲u̲l̲_z̵o̲n̲er̵o̵, Nat.zero_add, show (8 : Nat) ≠ 0 from by omega,
      show (4 : Nat) ≠ 0 from by omega, show (2 : Nat) ≠ 0 from by omega,
      show (256 : Nat) ≠ 0 from by omega, ite_false]

Note: This linter can be disabled with `set_option linter.unusedSimpArgs false`
warning: denote/Denote.lean:9700:18: This simp argument is unused:
  Nat.zero_add

Hint: Omit it from the simp argument list.
  simp only [hhead, List.getD, List.getElem?_cons_zero, List.getElem?_cons_succ,
  ̵  ̵ ̵ ̵Option.getD_some,
  ̲  ̲ ̲ ̲List.drop, List.foldl, Nat.reduceMul, Nat.reduceAdd,
  ̵  ̵ ̵ ̵Nat.reduceDiv, Nat.reduceMod, Nat.div_one, ̵N̵a̵t̵.̵m̵o̵d̵_̵o̵n̵e̵,̵ ̵N̵a̵t̵.̵m̵u̵l̵_̵o̵n̵e̵,̵
      Nat.m̲o̲d̲_̲o̲n̲e̲,̲ ̲N̲ad̵d̵t̲.̲m̲u̲l̲_z̵o̲n̲er̵o̵, Nat.z̵e̵r̵o̵_̵add_̲z̲e̲r̲o̲, show (8 : Nat) ≠ 0 from by omega,
      show (4 : Nat) ≠ 0 from by omega, show (2 : Nat) ≠ 0 from by omega,
      show (256 : Nat) ≠ 0 from by omega, ite_false]

Note: This linter can be disabled with `set_option linter.unusedSimpArgs false`
warning: denote/Denote.lean:9701:4: This simp argument is unused:
  show (4 : Nat) ≠ 0 from by omega

Hint: Omit it from the simp argument list.
  simp only [hhead, List.getD, List.getElem?_cons_zero, List.getElem?_cons_succ,
  ̵  ̵ ̵ ̵Option.getD_some,
  ̲  ̲ ̲ ̲List.drop, List.foldl, Nat.reduceMul, Nat.reduceAdd,
  ̵  ̵ ̵ ̵Nat.reduceDiv, Nat.reduceMod, Nat.div_one,
  ̲  ̲ ̲ ̲Nat.mod_one, Nat.mul_one,
  ̵  ̵ ̵ ̵Nat.add_zero, Nat.zero_add, show (8 : Nat) ≠ 0 from by omega,
      show (4̵ ̵:̵ ̵N̵a̵t̵)̵ ̵≠̵ ̵0̵ ̵f̵r̵o̵m̵ ̵b̵y̵ ̵o̵m̵e̵g̵a̵,̵ ̵s̵h̵o̵w̵ ̵(̵2 : Nat) ≠ 0 from by omega,
  ̵  ̵ ̵ ̵show (256 : Nat) ≠ 0 from by omega, ite_false]

Note: This linter can be disabled with `set_option linter.unusedSimpArgs false`
warning: denote/Denote.lean:9702:4: This simp argument is unused:
  show (256 : Nat) ≠ 0 from by omega

Hint: Omit it from the simp argument list.
  simp only [hhead, List.getD, List.getElem?_cons_zero, List.getElem?_cons_succ,
  ̵  ̵ ̵ ̵Option.getD_some,
  ̲  ̲ ̲ ̲List.drop, List.foldl, Nat.reduceMul, Nat.reduceAdd,
  ̵  ̵ ̵ ̵Nat.reduceDiv, Nat.reduceMod, Nat.div_one,
  ̲  ̲ ̲ ̲Nat.mod_one, Nat.mul_one,
  ̵  ̵ ̵ ̵Nat.add_zero, Nat.zero_add, show (8 : Nat) ≠ 0 from by omega,
      show (4 : Nat) ≠ 0 from by omega, show (2 : Nat) ≠ 0 from by omega,
  ̵  ̵ ̵ ̵s̵h̵o̵w̵ ̵(̵2̵5̵6̵ ̵:̵ ̵N̵a̵t̵)̵ ̵≠̵ ̵0̵ ̵f̵r̵o̵m̵ ̵b̵y̵ ̵o̵m̵e̵g̵a̵,̵ ̵ite_false]

Note: This linter can be disabled with `set_option linter.unusedSimpArgs false`
warning: denote/Denote.lean:9758:23: This simp argument is unused:
  List.getElem?_cons_zero

Hint: Omit it from the simp argument list.
  simp [List.getD, L̵i̵s̵t̵.̵g̵e̵t̵E̵l̵e̵m̵?̵_̵c̵o̵n̵s̵_̵z̵e̵r̵o̵,̵ ̵List.getElem?_cons_succ]

Note: This linter can be disabled with `set_option linter.unusedSimpArgs false`
warning: denote/Denote.lean:9758:48: This simp argument is unused:
  List.getElem?_cons_succ

Hint: Omit it from the simp argument list.
  simp [List.getD, List.getElem?_cons_zero,̵ ̵L̵i̵s̵t̵.̵g̵e̵t̵E̵l̵e̵m̵?̵_̵c̵o̵n̵s̵_̵s̵u̵c̵c̵]

Note: This linter can be disabled with `set_option linter.unusedSimpArgs false`
warning: denote/Denote.lean:9769:0: Please, add a comment explaining the need for modifying the maxHeartbeat limit, as in
set_option maxHeartbeats 3200000 in
-- reason for change
...

Note: This linter can be disabled with `set_option linter.style.maxHeartbeats false`
warning: denote/Denote.lean:9774:10: Used `tac1 <;> tac2` where `(tac1; tac2)` would suffice

Note: This linter can be disabled with `set_option linter.unnecessarySeqFocus false`
warning: denote/Denote.lean:9776:0: Please, add a comment explaining the need for modifying the maxHeartbeat limit, as in
set_option maxHeartbeats 3200000 in
-- reason for change
...

Note: This linter can be disabled with `set_option linter.style.maxHeartbeats false`
warning: denote/Denote.lean:9782:10: Used `tac1 <;> tac2` where `(tac1; tac2)` would suffice

Note: This linter can be disabled with `set_option linter.unnecessarySeqFocus false`
warning: denote/Denote.lean:9798:4: This simp argument is unused:
  Nat.reduceDiv

Hint: Omit it from the simp argument list.
  simp only [hhead, List.getD, List.getElem?_cons_zero, List.getElem?_cons_succ, Option.getD_some,
  ̲  ̲ ̲ ̲List.drop, List.foldl, Nat.reduceMul, Nat.reduceAdd, N̵a̵t̵.̵r̵e̵d̵u̵c̵e̵D̵i̵v̵,̵ ̵Nat.reduceMod, Nat.div_one, Nat.mod_one,
  ̲  ̲ ̲ ̲Nat.mul_one, Nat.add_zero, Nat.zero_add, show (1 : Nat) ≠ 0 from by omega,
      show (64 : Nat) ≠ 0 from by omega, show (256 : Nat) ≠ 0 from by omega, ite_false]

Note: This linter can be disabled with `set_option linter.unusedSimpArgs false`
warning: denote/Denote.lean:9798:19: This simp argument is unused:
  Nat.reduceMod

Hint: Omit it from the simp argument list.
  simp only [hhead, List.getD, List.getElem?_cons_zero, List.getElem?_cons_succ,
  ̵  ̵ ̵ ̵Option.getD_some,
  ̲  ̲ ̲ ̲List.drop, List.foldl, Nat.reduceMul, Nat.reduceAdd,
  ̵  ̵ ̵ ̵Nat.reduceDiv, Nat.r̵e̵du̵c̵e̵M̵o̵d̵,̵ ̵N̵a̵t̵.̵d̵iv_one, Nat.mod_one,
  ̲  ̲ ̲ ̲Nat.mul_one,
  ̵  ̵ ̵ ̵Nat.add_zero, Nat.zero_add, show (1 : Nat) ≠ 0 from by omega,
      show (64 : Nat) ≠ 0 from by omega, show (256 : Nat) ≠ 0 from by omega, ite_false]

Note: This linter can be disabled with `set_option linter.unusedSimpArgs false`
warning: denote/Denote.lean:9798:60: This simp argument is unused:
  Nat.mul_one

Hint: Omit it from the simp argument list.
  simp only [hhead, List.getD, List.getElem?_cons_zero, List.getElem?_cons_succ,
  ̵  ̵ ̵ ̵Option.getD_some,
  ̲  ̲ ̲ ̲List.drop, List.foldl, Nat.reduceMul, Nat.reduceAdd,
  ̵  ̵ ̵ ̵Nat.reduceDiv, Nat.reduceMod, Nat.div_one,
  ̲  ̲ ̲ ̲Nat.mod_one, Nat.m̵u̵l̵_̵o̵n̵e̵,̵
  ̵ ̵ ̵ ̵ ̵N̵at̵.̵a̵dd_zero, Nat.zero_add, show (1 : Nat) ≠ 0 from by omega,
      show (64 : Nat) ≠ 0 from by omega, show (256 : Nat) ≠ 0 from by omega, ite_false]

Note: This linter can be disabled with `set_option linter.unusedSimpArgs false`
warning: denote/Denote.lean:9799:18: This simp argument is unused:
  Nat.zero_add

Hint: Omit it from the simp argument list.
  simp only [hhead, List.getD, List.getElem?_cons_zero, List.getElem?_cons_succ,
  ̵  ̵ ̵ ̵Option.getD_some,
  ̲  ̲ ̲ ̲List.drop, List.foldl, Nat.reduceMul, Nat.reduceAdd,
  ̵  ̵ ̵ ̵Nat.reduceDiv, Nat.reduceMod, Nat.div_one, ̵N̵a̵t̵.̵m̵o̵d̵_̵o̵n̵e̵,̵ ̵N̵a̵t̵.̵m̵u̵l̵_̵o̵n̵e̵,̵
      Nat.m̲o̲d̲_̲o̲n̲e̲,̲ ̲N̲ad̵d̵t̲.̲m̲u̲l̲_z̵o̲n̲er̵o̵, Nat.z̵e̵r̵o̵_̵add_̲z̲e̲r̲o̲, show (1 : Nat) ≠ 0 from by omega,
      show (64 : Nat) ≠ 0 from by omega, show (256 : Nat) ≠ 0 from by omega, ite_false]

Note: This linter can be disabled with `set_option linter.unusedSimpArgs false`
warning: denote/Denote.lean:9784:0: Please, add a comment explaining the need for modifying the maxHeartbeat limit, as in
set_option maxHeartbeats 3200000 in
-- reason for change
...

Note: This linter can be disabled with `set_option linter.style.maxHeartbeats false`
warning: denote/Denote.lean:9834:4: This simp argument is unused:
  Nat.reduceDiv

Hint: Omit it from the simp argument list.
  simp only [hhead, List.getD, List.getElem?_cons_zero, List.getElem?_cons_succ, Option.getD_some,
  ̲  ̲ ̲ ̲List.drop, List.foldl, Nat.reduceMul, Nat.reduceAdd, N̵a̵t̵.̵r̵e̵d̵u̵c̵e̵D̵i̵v̵,̵ ̵Nat.reduceMod, Nat.div_one, Nat.mod_one,
  ̲  ̲ ̲ ̲Nat.mul_one, Nat.add_zero, Nat.zero_add, show (1 : Nat) ≠ 0 from by omega,
      show (8 : Nat) ≠ 0 from by omega, show (32 : Nat) ≠ 0 from by omega,
      show (256 : Nat) ≠ 0 from by omega, ite_false]

Note: This linter can be disabled with `set_option linter.unusedSimpArgs false`
warning: denote/Denote.lean:9834:19: This simp argument is unused:
  Nat.reduceMod

Hint: Omit it from the simp argument list.
  simp only [hhead, List.getD, List.getElem?_cons_zero, List.getElem?_cons_succ,
  ̵  ̵ ̵ ̵Option.getD_some,
  ̲  ̲ ̲ ̲List.drop, List.foldl, Nat.reduceMul, Nat.reduceAdd,
  ̵  ̵ ̵ ̵Nat.reduceDiv, Nat.r̵e̵du̵c̵e̵M̵o̵d̵,̵ ̵N̵a̵t̵.̵d̵iv_one, Nat.mod_one,
  ̲  ̲ ̲ ̲Nat.mul_one,
  ̵  ̵ ̵ ̵Nat.add_zero, Nat.zero_add, show (1 : Nat) ≠ 0 from by omega,
      show (8 : Nat) ≠ 0 from by omega, show (32 : Nat) ≠ 0 from by omega,
      show (256 : Nat) ≠ 0 from by omega, ite_false]

Note: This linter can be disabled with `set_option linter.unusedSimpArgs false`
warning: denote/Denote.lean:9834:60: This simp argument is unused:
  Nat.mul_one

Hint: Omit it from the simp argument list.
  simp only [hhead, List.getD, List.getElem?_cons_zero, List.getElem?_cons_succ,
  ̵  ̵ ̵ ̵Option.getD_some,
  ̲  ̲ ̲ ̲List.drop, List.foldl, Nat.reduceMul, Nat.reduceAdd,
  ̵  ̵ ̵ ̵Nat.reduceDiv, Nat.reduceMod, Nat.div_one,
  ̲  ̲ ̲ ̲Nat.mod_one, Nat.m̵u̵l̵_̵o̵n̵e̵,̵
  ̵ ̵ ̵ ̵ ̵N̵at̵.̵a̵dd_zero, Nat.zero_add, show (1 : Nat) ≠ 0 from by omega,
      show (8 : Nat) ≠ 0 from by omega, show (32 : Nat) ≠ 0 from by omega,
      show (256 : Nat) ≠ 0 from by omega, ite_false]

Note: This linter can be disabled with `set_option linter.unusedSimpArgs false`
warning: denote/Denote.lean:9835:18: This simp argument is unused:
  Nat.zero_add

Hint: Omit it from the simp argument list.
  simp only [hhead, List.getD, List.getElem?_cons_zero, List.getElem?_cons_succ,
  ̵  ̵ ̵ ̵Option.getD_some,
  ̲  ̲ ̲ ̲List.drop, List.foldl, Nat.reduceMul, Nat.reduceAdd,
  ̵  ̵ ̵ ̵Nat.reduceDiv, Nat.reduceMod, Nat.div_one, ̵N̵a̵t̵.̵m̵o̵d̵_̵o̵n̵e̵,̵ ̵N̵a̵t̵.̵m̵u̵l̵_̵o̵n̵e̵,̵
      Nat.m̲o̲d̲_̲o̲n̲e̲,̲ ̲N̲ad̵d̵t̲.̲m̲u̲l̲_z̵o̲n̲er̵o̵, Nat.z̵e̵r̵o̵_̵add_̲z̲e̲r̲o̲, show (1 : Nat) ≠ 0 from by omega,
      show (8 : Nat) ≠ 0 from by omega, show (32 : Nat) ≠ 0 from by omega,
      show (256 : Nat) ≠ 0 from by omega, ite_false]

Note: This linter can be disabled with `set_option linter.unusedSimpArgs false`
warning: denote/Denote.lean:9837:4: This simp argument is unused:
  show (256 : Nat) ≠ 0 from by omega

Hint: Omit it from the simp argument list.
  simp only [hhead, List.getD, List.getElem?_cons_zero, List.getElem?_cons_succ,
  ̵  ̵ ̵ ̵Option.getD_some,
  ̲  ̲ ̲ ̲List.drop, List.foldl, Nat.reduceMul, Nat.reduceAdd,
  ̵  ̵ ̵ ̵Nat.reduceDiv, Nat.reduceMod, Nat.div_one,
  ̲  ̲ ̲ ̲Nat.mod_one, Nat.mul_one,
  ̵  ̵ ̵ ̵Nat.add_zero, Nat.zero_add, show (1 : Nat) ≠ 0 from by omega,
      show (8 : Nat) ≠ 0 from by omega, show (32 : Nat) ≠ 0 from by omega,
  ̵  ̵ ̵ ̵s̵h̵o̵w̵ ̵(̵2̵5̵6̵ ̵:̵ ̵N̵a̵t̵)̵ ̵≠̵ ̵0̵ ̵f̵r̵o̵m̵ ̵b̵y̵ ̵o̵m̵e̵g̵a̵,̵ ̵ite_false]

Note: This linter can be disabled with `set_option linter.unusedSimpArgs false`
warning: denote/Denote.lean:9816:0: Please, add a comment explaining the need for modifying the maxHeartbeat limit, as in
set_option maxHeartbeats 3200000 in
-- reason for change
...

Note: This linter can be disabled with `set_option linter.style.maxHeartbeats false`
warning: denote/Denote.lean:9838:10: Used `tac1 <;> tac2` where `(tac1; tac2)` would suffice

Note: This linter can be disabled with `set_option linter.unnecessarySeqFocus false`
warning: denote/Denote.lean:9854:4: This simp argument is unused:
  Nat.reduceDiv

Hint: Omit it from the simp argument list.
  simp only [hhead, List.getD, List.getElem?_cons_zero, List.getElem?_cons_succ, Option.getD_some,
  ̲  ̲ ̲ ̲List.drop, List.foldl, Nat.reduceMul, Nat.reduceAdd, N̵a̵t̵.̵r̵e̵d̵u̵c̵e̵D̵i̵v̵,̵ ̵Nat.reduceMod, Nat.div_one, Nat.mod_one,
  ̲  ̲ ̲ ̲Nat.mul_one, Nat.add_zero, Nat.zero_add, show (2 : Nat) ≠ 0 from by omega,
      show (4 : Nat) ≠ 0 from by omega, show (8 : Nat) ≠ 0 from by omega,
      show (32 : Nat) ≠ 0 from by omega, show (64 : Nat) ≠ 0 from by omega,
      show (256 : Nat) ≠ 0 from by omega, ite_false]

Note: This linter can be disabled with `set_option linter.unusedSimpArgs false`
warning: denote/Denote.lean:9854:19: This simp argument is unused:
  Nat.reduceMod

Hint: Omit it from the simp argument list.
  simp only [hhead, List.getD, List.getElem?_cons_zero, List.getElem?_cons_succ,
  ̵  ̵ ̵ ̵Option.getD_some,
  ̲  ̲ ̲ ̲List.drop, List.foldl, Nat.reduceMul, Nat.reduceAdd,
  ̵  ̵ ̵ ̵Nat.reduceDiv, Nat.r̵e̵du̵c̵e̵M̵o̵d̵,̵ ̵N̵a̵t̵.̵d̵iv_one, Nat.mod_one,
  ̲  ̲ ̲ ̲Nat.mul_one,
  ̵  ̵ ̵ ̵Nat.add_zero, Nat.zero_add, show (2 : Nat) ≠ 0 from by omega,
      show (4 : Nat) ≠ 0 from by omega, show (8 : Nat) ≠ 0 from by omega,
      show (32 : Nat) ≠ 0 from by omega, show (64 : Nat) ≠ 0 from by omega,
      show (256 : Nat) ≠ 0 from by omega, ite_false]

Note: This linter can be disabled with `set_option linter.unusedSimpArgs false`
warning: denote/Denote.lean:9854:34: This simp argument is unused:
  Nat.div_one

Hint: Omit it from the simp argument list.
  simp only [hhead, List.getD, List.getElem?_cons_zero, List.getElem?_cons_succ,
  ̵  ̵ ̵ ̵Option.getD_some,
  ̲  ̲ ̲ ̲List.drop, List.foldl, Nat.reduceMul, Nat.reduceAdd,
  ̵  ̵ ̵ ̵Nat.reduceDiv, Nat.reduceMod, Nat.d̵i̵v̵_̵o̵n̵e̵,̵ ̵N̵a̵t̵.̵mod_one, ̵N̵a̵t̵.̵m̵u̵l̵_̵o̵n̵e̵,̵
      Nat.m̲u̲l̲_̲o̲n̲e̲,̲ ̲N̲at̲.̲a̲dd_zero, Nat.zero_add, show (2 : Nat) ≠ 0 from by omega,
      show (4 : Nat) ≠ 0 from by omega, show (8 : Nat) ≠ 0 from by omega,
      show (32 : Nat) ≠ 0 from by omega, show (64 : Nat) ≠ 0 from by omega,
      show (256 : Nat) ≠ 0 from by omega, ite_false]

Note: This linter can be disabled with `set_option linter.unusedSimpArgs false`
warning: denote/Denote.lean:9854:47: This simp argument is unused:
  Nat.mod_one

Hint: Omit it from the simp argument list.
  simp only [hhead, List.getD, List.getElem?_cons_zero, List.getElem?_cons_succ,
  ̵  ̵ ̵ ̵Option.getD_some,
  ̲  ̲ ̲ ̲List.drop, List.foldl, Nat.reduceMul, Nat.reduceAdd,
  ̵  ̵ ̵ ̵Nat.reduceDiv, Nat.reduceMod, Nat.div_one, ̵N̵a̵t̵.̵m̵o̵d̵_̵o̵n̵e̵,̵ ̵N̵a̵t̵.̵m̵u̵l̵_̵o̵n̵e̵,̵
      Nat.m̲u̲l̲_̲o̲n̲e̲,̲ ̲N̲at̲.̲a̲dd_zero, Nat.zero_add, show (2 : Nat) ≠ 0 from by omega,
      show (4 : Nat) ≠ 0 from by omega, show (8 : Nat) ≠ 0 from by omega,
      show (32 : Nat) ≠ 0 from by omega, show (64 : Nat) ≠ 0 from by omega,
      show (256 : Nat) ≠ 0 from by omega, ite_false]

Note: This linter can be disabled with `set_option linter.unusedSimpArgs false`
warning: denote/Denote.lean:9854:60: This simp argument is unused:
  Nat.mul_one

Hint: Omit it from the simp argument list.
  simp only [hhead, List.getD, List.getElem?_cons_zero, List.getElem?_cons_succ,
  ̵  ̵ ̵ ̵Option.getD_some,
  ̲  ̲ ̲ ̲List.drop, List.foldl, Nat.reduceMul, Nat.reduceAdd,
  ̵  ̵ ̵ ̵Nat.reduceDiv, Nat.reduceMod, Nat.div_one,
  ̲  ̲ ̲ ̲Nat.mod_one, Nat.m̵u̵l̵_̵o̵n̵e̵,̵
  ̵ ̵ ̵ ̵ ̵N̵at̵.̵a̵dd_zero, Nat.zero_add, show (2 : Nat) ≠ 0 from by omega,
      show (4 : Nat) ≠ 0 from by omega, show (8 : Nat) ≠ 0 from by omega,
      show (32 : Nat) ≠ 0 from by omega, show (64 : Nat) ≠ 0 from by omega,
      show (256 : Nat) ≠ 0 from by omega, ite_false]

Note: This linter can be disabled with `set_option linter.unusedSimpArgs false`
warning: denote/Denote.lean:9855:4: This simp argument is unused:
  Nat.add_zero

Hint: Omit it from the simp argument list.
  simp only [hhead, List.getD, List.getElem?_cons_zero, List.getElem?_cons_succ,
  ̵  ̵ ̵ ̵Option.getD_some,
  ̲  ̲ ̲ ̲List.drop, List.foldl, Nat.reduceMul, Nat.reduceAdd,
  ̵  ̵ ̵ ̵Nat.reduceDiv, Nat.reduceMod, Nat.div_one, ̵N̵a̵t̵.̵m̵o̵d̵_̵o̵n̵e̵,̵ ̵N̵a̵t̵.̵m̵u̵l̵_̵o̵n̵e̵,̵
      Nat.m̲o̲d̲_̲o̲n̲e̲,̲ ̲N̲ad̵d̵t̲.̲m̲u̲l̲_z̵o̲n̲er̵o̵, Nat.zero_add, show (2 : Nat) ≠ 0 from by omega,
      show (4 : Nat) ≠ 0 from by omega, show (8 : Nat) ≠ 0 from by omega,
      show (32 : Nat) ≠ 0 from by omega, show (64 : Nat) ≠ 0 from by omega,
      show (256 : Nat) ≠ 0 from by omega, ite_false]

Note: This linter can be disabled with `set_option linter.unusedSimpArgs false`
warning: denote/Denote.lean:9855:18: This simp argument is unused:
  Nat.zero_add

Hint: Omit it from the simp argument list.
  simp only [hhead, List.getD, List.getElem?_cons_zero, List.getElem?_cons_succ,
  ̵  ̵ ̵ ̵Option.getD_some,
  ̲  ̲ ̲ ̲List.drop, List.foldl, Nat.reduceMul, Nat.reduceAdd,
  ̵  ̵ ̵ ̵Nat.reduceDiv, Nat.reduceMod, Nat.div_one, ̵N̵a̵t̵.̵m̵o̵d̵_̵o̵n̵e̵,̵ ̵N̵a̵t̵.̵m̵u̵l̵_̵o̵n̵e̵,̵
      Nat.m̲o̲d̲_̲o̲n̲e̲,̲ ̲N̲ad̵d̵t̲.̲m̲u̲l̲_z̵o̲n̲er̵o̵, Nat.z̵e̵r̵o̵_̵add_̲z̲e̲r̲o̲, show (2 : Nat) ≠ 0 from by omega,
      show (4 : Nat) ≠ 0 from by omega, show (8 : Nat) ≠ 0 from by omega,
      show (32 : Nat) ≠ 0 from by omega, show (64 : Nat) ≠ 0 from by omega,
      show (256 : Nat) ≠ 0 from by omega, ite_false]

Note: This linter can be disabled with `set_option linter.unusedSimpArgs false`
warning: denote/Denote.lean:9856:4: This simp argument is unused:
  show (4 : Nat) ≠ 0 from by omega

Hint: Omit it from the simp argument list.
  simp only [hhead, List.getD, List.getElem?_cons_zero, List.getElem?_cons_succ,
  ̵  ̵ ̵ ̵Option.getD_some,
  ̲  ̲ ̲ ̲List.drop, List.foldl, Nat.reduceMul, Nat.reduceAdd,
  ̵  ̵ ̵ ̵Nat.reduceDiv, Nat.reduceMod, Nat.div_one,
  ̲  ̲ ̲ ̲Nat.mod_one, Nat.mul_one,
  ̵  ̵ ̵ ̵Nat.add_zero, Nat.zero_add, show (2 : Nat) ≠ 0 from by omega,
      show (4̵ ̵:̵ ̵N̵a̵t̵)̵ ̵≠̵ ̵0̵ ̵f̵r̵o̵m̵ ̵b̵y̵ ̵o̵m̵e̵g̵a̵,̵ ̵s̵h̵o̵w̵ ̵(̵8 : Nat) ≠ 0 from by omega,
  ̵  ̵ ̵ ̵show (32 : Nat) ≠ 0 from by omega,
  ̲  ̲ ̲ ̲show (64 : Nat) ≠ 0 from by omega,
  ̵  ̵ ̵ ̵show (256 : Nat) ≠ 0 from by omega, ite_false]

Note: This linter can be disabled with `set_option linter.unusedSimpArgs false`
warning: denote/Denote.lean:9856:38: This simp argument is unused:
  show (8 : Nat) ≠ 0 from by omega

Hint: Omit it from the simp argument list.
  simp only [hhead, List.getD, List.getElem?_cons_zero, List.getElem?_cons_succ,
  ̵  ̵ ̵ ̵Option.getD_some,
  ̲  ̲ ̲ ̲List.drop, List.foldl, Nat.reduceMul, Nat.reduceAdd,
  ̵  ̵ ̵ ̵Nat.reduceDiv, Nat.reduceMod, Nat.div_one,
  ̲  ̲ ̲ ̲Nat.mod_one, Nat.mul_one,
  ̵  ̵ ̵ ̵Nat.add_zero, Nat.zero_add, show (2 : Nat) ≠ 0 from by omega,
      show (4 : Nat) ≠ 0 from by omega, show (8̵ ̵:̵ ̵N̵a̵t̵)̵ ̵≠̵ ̵0̵ ̵f̵r̵o̵m̵ ̵b̵y̵ ̵o̵m̵e̵g̵a̵,̵
  ̵ ̵ ̵ ̵ ̵s̵h̵o̵w̵ ̵(̵32 : Nat) ≠ 0 from by omega,
  ̲  ̲ ̲ ̲show (64 : Nat) ≠ 0 from by omega,
  ̵  ̵ ̵ ̵show (256 : Nat) ≠ 0 from by omega, ite_false]

Note: This linter can be disabled with `set_option linter.unusedSimpArgs false`
warning: denote/Denote.lean:9857:39: This simp argument is unused:
  show (64 : Nat) ≠ 0 from by omega

Hint: Omit it from the simp argument list.
  simp only [hhead, List.getD, List.getElem?_cons_zero, List.getElem?_cons_succ,
  ̵  ̵ ̵ ̵Option.getD_some,
  ̲  ̲ ̲ ̲List.drop, List.foldl, Nat.reduceMul, Nat.reduceAdd,
  ̵  ̵ ̵ ̵Nat.reduceDiv, Nat.reduceMod, Nat.div_one,
  ̲  ̲ ̲ ̲Nat.mod_one, Nat.mul_one,
  ̵  ̵ ̵ ̵Nat.add_zero, Nat.zero_add, show (2 : Nat) ≠ 0 from by omega,
      show (4 : Nat) ≠ 0 from by omega, show (8 : Nat) ≠ 0 from by omega,
      show (32 : Nat) ≠ 0 from by omega, show (6̵4̵ ̵:̵ ̵N̵a̵t̵)̵ ̵≠̵ ̵0̵ ̵f̵r̵o̵m̵ ̵b̵y̵ ̵o̵m̵e̵g̵a̵,̵
  ̵ ̵ ̵ ̵ ̵s̵h̵o̵w̵ ̵(̵256 : Nat) ≠ 0 from by omega, ite_false]

Note: This linter can be disabled with `set_option linter.unusedSimpArgs false`
warning: denote/Denote.lean:9840:0: Please, add a comment explaining the need for modifying the maxHeartbeat limit, as in
set_option maxHeartbeats 3200000 in
-- reason for change
...

Note: This linter can be disabled with `set_option linter.style.maxHeartbeats false`
warning: denote/Denote.lean:9914:23: This simp argument is unused:
  List.getElem?_cons_zero

Hint: Omit it from the simp argument list.
  simp [List.getD, L̵i̵s̵t̵.̵g̵e̵t̵E̵l̵e̵m̵?̵_̵c̵o̵n̵s̵_̵z̵e̵r̵o̵,̵ ̵List.getElem?_cons_succ]

Note: This linter can be disabled with `set_option linter.unusedSimpArgs false`
warning: denote/Denote.lean:9914:48: This simp argument is unused:
  List.getElem?_cons_succ

Hint: Omit it from the simp argument list.
  simp [List.getD, List.getElem?_cons_zero,̵ ̵L̵i̵s̵t̵.̵g̵e̵t̵E̵l̵e̵m̵?̵_̵c̵o̵n̵s̵_̵s̵u̵c̵c̵]

Note: This linter can be disabled with `set_option linter.unusedSimpArgs false`
warning: denote/Denote.lean:9921:23: This simp argument is unused:
  List.getElem?_cons_zero

Hint: Omit it from the simp argument list.
  simp [List.getD, L̵i̵s̵t̵.̵g̵e̵t̵E̵l̵e̵m̵?̵_̵c̵o̵n̵s̵_̵z̵e̵r̵o̵,̵ ̵List.getElem?_cons_succ, hp0, hp1, hp2, hp3, zeroTensor]

Note: This linter can be disabled with `set_option linter.unusedSimpArgs false`
warning: denote/Denote.lean:9921:48: This simp argument is unused:
  List.getElem?_cons_succ

Hint: Omit it from the simp argument list.
  simp [List.getD, List.getElem?_cons_zero, L̵i̵s̵t̵.̵g̵e̵t̵E̵l̵e̵m̵?̵_̵c̵o̵n̵s̵_̵s̵u̵c̵c̵,̵
  ̵ ̵ ̵ ̵ ̵ ̵ ̵ ̵ ̵hp0, hp1, hp2, hp3, zeroTensor]

Note: This linter can be disabled with `set_option linter.unusedSimpArgs false`
warning: denote/Denote.lean:9869:0: Please, add a comment explaining the need for modifying the maxHeartbeat limit, as in
set_option maxHeartbeats 3200000 in
-- reason for change
...

Note: This linter can be disabled with `set_option linter.style.maxHeartbeats false`
warning: denote/Denote.lean:9980:23: This simp argument is unused:
  List.getElem?_cons_zero

Hint: Omit it from the simp argument list.
  simp [List.getD, L̵i̵s̵t̵.̵g̵e̵t̵E̵l̵e̵m̵?̵_̵c̵o̵n̵s̵_̵z̵e̵r̵o̵,̵ ̵List.getElem?_cons_succ, hp0, hp1, hp2, hp3]

Note: This linter can be disabled with `set_option linter.unusedSimpArgs false`
warning: denote/Denote.lean:9980:48: This simp argument is unused:
  List.getElem?_cons_succ

Hint: Omit it from the simp argument list.
  simp [List.getD, List.getElem?_cons_zero, L̵i̵s̵t̵.̵g̵e̵t̵E̵l̵e̵m̵?̵_̵c̵o̵n̵s̵_̵s̵u̵c̵c̵,̵
  ̵ ̵ ̵ ̵ ̵ ̵ ̵ ̵ ̵hp0, hp1, hp2, hp3]

Note: This linter can be disabled with `set_option linter.unusedSimpArgs false`
warning: denote/Denote.lean:9927:0: Please, add a comment explaining the need for modifying the maxHeartbeat limit, as in
set_option maxHeartbeats 3200000 in
-- reason for change
...

Note: This linter can be disabled with `set_option linter.style.maxHeartbeats false`
warning: denote/Denote.lean:10043:23: This simp argument is unused:
  List.getElem?_cons_zero

Hint: Omit it from the simp argument list.
  simp [List.getD, L̵i̵s̵t̵.̵g̵e̵t̵E̵l̵e̵m̵?̵_̵c̵o̵n̵s̵_̵z̵e̵r̵o̵,̵ ̵List.getElem?_cons_succ, hp0, hp1, hp2, hp3]

Note: This linter can be disabled with `set_option linter.unusedSimpArgs false`
warning: denote/Denote.lean:10043:48: This simp argument is unused:
  List.getElem?_cons_succ

Hint: Omit it from the simp argument list.
  simp [List.getD, List.getElem?_cons_zero, L̵i̵s̵t̵.̵g̵e̵t̵E̵l̵e̵m̵?̵_̵c̵o̵n̵s̵_̵s̵u̵c̵c̵,̵
  ̵ ̵ ̵ ̵ ̵ ̵ ̵ ̵ ̵hp0, hp1, hp2, hp3]

Note: This linter can be disabled with `set_option linter.unusedSimpArgs false`
warning: denote/Denote.lean:9986:0: Please, add a comment explaining the need for modifying the maxHeartbeat limit, as in
set_option maxHeartbeats 3200000 in
-- reason for change
...

Note: This linter can be disabled with `set_option linter.style.maxHeartbeats false`
warning: denote/Denote.lean:10102:23: This simp argument is unused:
  List.getElem?_cons_zero

Hint: Omit it from the simp argument list.
  simp [List.getD, L̵i̵s̵t̵.̵g̵e̵t̵E̵l̵e̵m̵?̵_̵c̵o̵n̵s̵_̵z̵e̵r̵o̵,̵ ̵List.getElem?_cons_succ]

Note: This linter can be disabled with `set_option linter.unusedSimpArgs false`
warning: denote/Denote.lean:10102:48: This simp argument is unused:
  List.getElem?_cons_succ

Hint: Omit it from the simp argument list.
  simp [List.getD, List.getElem?_cons_zero,̵ ̵L̵i̵s̵t̵.̵g̵e̵t̵E̵l̵e̵m̵?̵_̵c̵o̵n̵s̵_̵s̵u̵c̵c̵]

Note: This linter can be disabled with `set_option linter.unusedSimpArgs false`
warning: denote/Denote.lean:10109:23: This simp argument is unused:
  List.getElem?_cons_zero

Hint: Omit it from the simp argument list.
  simp [List.getD, L̵i̵s̵t̵.̵g̵e̵t̵E̵l̵e̵m̵?̵_̵c̵o̵n̵s̵_̵z̵e̵r̵o̵,̵ ̵List.getElem?_cons_succ, hp0, hp1, hp2, hp3, zeroTensor]

Note: This linter can be disabled with `set_option linter.unusedSimpArgs false`
warning: denote/Denote.lean:10109:48: This simp argument is unused:
  List.getElem?_cons_succ

Hint: Omit it from the simp argument list.
  simp [List.getD, List.getElem?_cons_zero, L̵i̵s̵t̵.̵g̵e̵t̵E̵l̵e̵m̵?̵_̵c̵o̵n̵s̵_̵s̵u̵c̵c̵,̵
  ̵ ̵ ̵ ̵ ̵ ̵ ̵ ̵ ̵hp0, hp1, hp2, hp3, zeroTensor]

Note: This linter can be disabled with `set_option linter.unusedSimpArgs false`
warning: denote/Denote.lean:10057:0: Please, add a comment explaining the need for modifying the maxHeartbeat limit, as in
set_option maxHeartbeats 3200000 in
-- reason for change
...

Note: This linter can be disabled with `set_option linter.style.maxHeartbeats false`
warning: denote/Denote.lean:10133:23: This simp argument is unused:
  List.getElem?_cons_zero

Hint: Omit it from the simp argument list.
  simp [List.getD, L̵i̵s̵t̵.̵g̵e̵t̵E̵l̵e̵m̵?̵_̵c̵o̵n̵s̵_̵z̵e̵r̵o̵,̵ ̵List.getElem?_cons_succ, hc0, hc1, hc2, hc3]

Note: This linter can be disabled with `set_option linter.unusedSimpArgs false`
warning: denote/Denote.lean:10133:48: This simp argument is unused:
  List.getElem?_cons_succ

Hint: Omit it from the simp argument list.
  simp [List.getD, List.getElem?_cons_zero, L̵i̵s̵t̵.̵g̵e̵t̵E̵l̵e̵m̵?̵_̵c̵o̵n̵s̵_̵s̵u̵c̵c̵,̵ ̵hc0, hc1, hc2, hc3]

Note: This linter can be disabled with `set_option linter.unusedSimpArgs false`
warning: denote/Denote.lean:10115:0: Please, add a comment explaining the need for modifying the maxHeartbeat limit, as in
set_option maxHeartbeats 3200000 in
-- reason for change
...

Note: This linter can be disabled with `set_option linter.style.maxHeartbeats false`
warning: denote/Denote.lean:10169:23: This simp argument is unused:
  List.getElem?_cons_zero

Hint: Omit it from the simp argument list.
  simp [List.getD, L̵i̵s̵t̵.̵g̵e̵t̵E̵l̵e̵m̵?̵_̵c̵o̵n̵s̵_̵z̵e̵r̵o̵,̵ ̵List.getElem?_cons_succ, hc0, hc1, hc2, hc3]

Note: This linter can be disabled with `set_option linter.unusedSimpArgs false`
warning: denote/Denote.lean:10169:48: This simp argument is unused:
  List.getElem?_cons_succ

Hint: Omit it from the simp argument list.
  simp [List.getD, List.getElem?_cons_zero, L̵i̵s̵t̵.̵g̵e̵t̵E̵l̵e̵m̵?̵_̵c̵o̵n̵s̵_̵s̵u̵c̵c̵,̵ ̵hc0, hc1, hc2, hc3]

Note: This linter can be disabled with `set_option linter.unusedSimpArgs false`
warning: denote/Denote.lean:10151:0: Please, add a comment explaining the need for modifying the maxHeartbeat limit, as in
set_option maxHeartbeats 3200000 in
-- reason for change
...

Note: This linter can be disabled with `set_option linter.style.maxHeartbeats false`
warning: denote/Denote.lean:10187:0: Please, add a comment explaining the need for modifying the maxHeartbeat limit, as in
set_option maxHeartbeats 3200000 in
-- reason for change
...

Note: This linter can be disabled with `set_option linter.style.maxHeartbeats false`
warning: denote/Denote.lean:10212:23: This simp argument is unused:
  List.getElem?_cons_zero

Hint: Omit it from the simp argument list.
  simp [List.getD, L̵i̵s̵t̵.̵g̵e̵t̵E̵l̵e̵m̵?̵_̵c̵o̵n̵s̵_̵z̵e̵r̵o̵,̵ ̵List.getElem?_cons_succ, hc0, hc1, hc2, hc3]

Note: This linter can be disabled with `set_option linter.unusedSimpArgs false`
warning: denote/Denote.lean:10212:48: This simp argument is unused:
  List.getElem?_cons_succ

Hint: Omit it from the simp argument list.
  simp [List.getD, List.getElem?_cons_zero, L̵i̵s̵t̵.̵g̵e̵t̵E̵l̵e̵m̵?̵_̵c̵o̵n̵s̵_̵s̵u̵c̵c̵,̵ ̵hc0, hc1, hc2, hc3]

Note: This linter can be disabled with `set_option linter.unusedSimpArgs false`
warning: denote/Denote.lean:10194:0: Please, add a comment explaining the need for modifying the maxHeartbeat limit, as in
set_option maxHeartbeats 3200000 in
-- reason for change
...

Note: This linter can be disabled with `set_option linter.style.maxHeartbeats false`
warning: denote/Denote.lean:10259:15: This simp argument is unused:
  hd1

Hint: Omit it from the simp argument list.
  simp only [flatToMulti, multiToFlat, prodShape, List.foldl,
  ̵  ̵ ̵ ̵List.getElem?_cons_zero,
  ̲  ̲ ̲ ̲List.getElem?_cons_succ, Option.getD_some,
  ̵  ̵ ̵ ̵List.set, Nat.div_one, Nat.mul_one, Nat.one_mul, ̲e̲3̲2̲,̲
      e3̵2̵,̵ ̵e̵13̵2̵3̲2̲, hd1̵,̵ ̵h̵d̵2, hd3, if_false, if_neg, Nat.add_zero, reduceIte,
  ̵  ̵ ̵ ̵Nat.one_ne_zero, Nat.reduceEqDiff]

Note: This linter can be disabled with `set_option linter.unusedSimpArgs false`
warning: denote/Denote.lean:10259:25: This simp argument is unused:
  hd3

Hint: Omit it from the simp argument list.
  simp only [flatToMulti, multiToFlat, prodShape, List.foldl,
  ̵  ̵ ̵ ̵List.getElem?_cons_zero,
  ̲  ̲ ̲ ̲List.getElem?_cons_succ, Option.getD_some,
  ̵  ̵ ̵ ̵List.set, Nat.div_one, Nat.mul_one, Nat.one_mul, ̲e̲3̲2̲,̲
      e3̵2̵,̵ ̵e̵132, hd1, hd2, h̵d̵3̵,̵ ̵if_false, if_neg, Nat.add_zero, reduceIte,
  ̵  ̵ ̵ ̵Nat.one_ne_zero, Nat.reduceEqDiff]

Note: This linter can be disabled with `set_option linter.unusedSimpArgs false`
warning: denote/Denote.lean:10259:40: This simp argument is unused:
  if_neg

Hint: Omit it from the simp argument list.
  simp only [flatToMulti, multiToFlat, prodShape, List.foldl,
  ̵  ̵ ̵ ̵List.getElem?_cons_zero,
  ̲  ̲ ̲ ̲List.getElem?_cons_succ, Option.getD_some,
  ̵  ̵ ̵ ̵List.set, Nat.div_one, Nat.mul_one, Nat.one_mul,
  ̵  ̵ ̵ ̵e32,
  ̲  ̲ ̲ ̲e132, hd1, hd2, hd3, if_false, i̵f̵_̵n̵e̵g̵,̵ ̵Nat.add_zero, reduceIte,
  ̵  ̵ ̵ ̵Nat.one_ne_zero, Nat.reduceEqDiff]

Note: This linter can be disabled with `set_option linter.unusedSimpArgs false`
warning: denote/Denote.lean:10259:62: This simp argument is unused:
  reduceIte

Hint: Omit it from the simp argument list.
  simp only [flatToMulti, multiToFlat, prodShape, List.foldl,
  ̵  ̵ ̵ ̵List.getElem?_cons_zero,
  ̲  ̲ ̲ ̲List.getElem?_cons_succ, Option.getD_some,
  ̵  ̵ ̵ ̵List.set, Nat.div_one, Nat.mul_one, Nat.one_mul,
  ̵  ̵ ̵ ̵e32,
  ̲  ̲ ̲ ̲e132, hd1, hd2, hd3, if_false, if_neg, Nat.add_zero, r̵e̵d̵u̵c̵e̵I̵t̵e̵,̵
  ̵ ̵ ̵ ̵ ̵Nat.one_ne_zero, Nat.reduceEqDiff]

Note: This linter can be disabled with `set_option linter.unusedSimpArgs false`
warning: denote/Denote.lean:10260:21: This simp argument is unused:
  Nat.reduceEqDiff

Hint: Omit it from the simp argument list.
  simp only [flatToMulti, multiToFlat, prodShape, List.foldl,
  ̵  ̵ ̵ ̵List.getElem?_cons_zero,
  ̲  ̲ ̲ ̲List.getElem?_cons_succ, Option.getD_some,
  ̵  ̵ ̵ ̵List.set, Nat.div_one, Nat.mul_one, Nat.one_mul,
  ̵  ̵ ̵ ̵e32,
  ̲  ̲ ̲ ̲e132, hd1, hd2, hd3, if_false, if_neg, Nat.add_zero, reduceIte,
  ̵  ̵ ̵ ̵Nat.one_ne_zero,̵ ̵N̵a̵t̵.̵r̵e̵d̵u̵c̵e̵E̵q̵D̵i̵f̵f̵]

Note: This linter can be disabled with `set_option linter.unusedSimpArgs false`
warning: denote/Denote.lean:10230:0: Please, add a comment explaining the need for modifying the maxHeartbeat limit, as in
set_option maxHeartbeats 3200000 in
-- reason for change
...

Note: This linter can be disabled with `set_option linter.style.maxHeartbeats false`
warning: denote/Denote.lean:10264:0: Please, add a comment explaining the need for modifying the maxHeartbeat limit, as in
set_option maxHeartbeats 3200000 in
-- reason for change
...

Note: This linter can be disabled with `set_option linter.style.maxHeartbeats false`
warning: denote/Denote.lean:10270:10: Used `tac1 <;> tac2` where `(tac1; tac2)` would suffice

Note: This linter can be disabled with `set_option linter.unnecessarySeqFocus false`
warning: denote/Denote.lean:10273:0: Please, add a comment explaining the need for modifying the maxHeartbeat limit, as in
set_option maxHeartbeats 3200000 in
-- reason for change
...

Note: This linter can be disabled with `set_option linter.style.maxHeartbeats false`
warning: denote/Denote.lean:10279:10: Used `tac1 <;> tac2` where `(tac1; tac2)` would suffice

Note: This linter can be disabled with `set_option linter.unnecessarySeqFocus false`
warning: denote/Denote.lean:10328:23: This simp argument is unused:
  List.getElem?_cons_zero

Hint: Omit it from the simp argument list.
  simp [List.getD, L̵i̵s̵t̵.̵g̵e̵t̵E̵l̵e̵m̵?̵_̵c̵o̵n̵s̵_̵z̵e̵r̵o̵,̵ ̵List.getElem?_cons_succ]

Note: This linter can be disabled with `set_option linter.unusedSimpArgs false`
warning: denote/Denote.lean:10328:48: This simp argument is unused:
  List.getElem?_cons_succ

Hint: Omit it from the simp argument list.
  simp [List.getD, List.getElem?_cons_zero,̵ ̵L̵i̵s̵t̵.̵g̵e̵t̵E̵l̵e̵m̵?̵_̵c̵o̵n̵s̵_̵s̵u̵c̵c̵]

Note: This linter can be disabled with `set_option linter.unusedSimpArgs false`
warning: denote/Denote.lean:10280:0: Please, add a comment explaining the need for modifying the maxHeartbeat limit, as in
set_option maxHeartbeats 4000000 in
-- reason for change
...

Note: This linter can be disabled with `set_option linter.style.maxHeartbeats false`
warning: denote/Denote.lean:10355:0: Please, add a comment explaining the need for modifying the maxHeartbeat limit, as in
set_option maxHeartbeats 3200000 in
-- reason for change
...

Note: This linter can be disabled with `set_option linter.style.maxHeartbeats false`
warning: denote/Denote.lean:10361:10: Used `tac1 <;> tac2` where `(tac1; tac2)` would suffice

Note: This linter can be disabled with `set_option linter.unnecessarySeqFocus false`
warning: denote/Denote.lean:10381:23: This simp argument is unused:
  List.getElem?_cons_zero

Hint: Omit it from the simp argument list.
  simp [List.getD, L̵i̵s̵t̵.̵g̵e̵t̵E̵l̵e̵m̵?̵_̵c̵o̵n̵s̵_̵z̵e̵r̵o̵,̵ ̵List.getElem?_cons_succ, hc0, hc1, hc2, hc3]

Note: This linter can be disabled with `set_option linter.unusedSimpArgs false`
warning: denote/Denote.lean:10381:48: This simp argument is unused:
  List.getElem?_cons_succ

Hint: Omit it from the simp argument list.
  simp [List.getD, List.getElem?_cons_zero, L̵i̵s̵t̵.̵g̵e̵t̵E̵l̵e̵m̵?̵_̵c̵o̵n̵s̵_̵s̵u̵c̵c̵,̵ ̵hc0, hc1, hc2, hc3]

Note: This linter can be disabled with `set_option linter.unusedSimpArgs false`
warning: denote/Denote.lean:10363:0: Please, add a comment explaining the need for modifying the maxHeartbeat limit, as in
set_option maxHeartbeats 3200000 in
-- reason for change
...

Note: This linter can be disabled with `set_option linter.style.maxHeartbeats false`
warning: denote/Denote.lean:10451:23: This simp argument is unused:
  List.getElem?_cons_zero

Hint: Omit it from the simp argument list.
  simp [List.getD, L̵i̵s̵t̵.̵g̵e̵t̵E̵l̵e̵m̵?̵_̵c̵o̵n̵s̵_̵z̵e̵r̵o̵,̵ ̵List.getElem?_cons_succ]

Note: This linter can be disabled with `set_option linter.unusedSimpArgs false`
warning: denote/Denote.lean:10451:48: This simp argument is unused:
  List.getElem?_cons_succ

Hint: Omit it from the simp argument list.
  simp [List.getD, List.getElem?_cons_zero,̵ ̵L̵i̵s̵t̵.̵g̵e̵t̵E̵l̵e̵m̵?̵_̵c̵o̵n̵s̵_̵s̵u̵c̵c̵]

Note: This linter can be disabled with `set_option linter.unusedSimpArgs false`
warning: denote/Denote.lean:10399:0: Please, add a comment explaining the need for modifying the maxHeartbeat limit, as in
set_option maxHeartbeats 3200000 in
-- reason for change
...

Note: This linter can be disabled with `set_option linter.style.maxHeartbeats false`
warning: denote/Denote.lean:10462:0: Please, add a comment explaining the need for modifying the maxHeartbeat limit, as in
set_option maxHeartbeats 3200000 in
-- reason for change
...

Note: This linter can be disabled with `set_option linter.style.maxHeartbeats false`
warning: denote/Denote.lean:10468:10: Used `tac1 <;> tac2` where `(tac1; tac2)` would suffice

Note: This linter can be disabled with `set_option linter.unnecessarySeqFocus false`
warning: denote/Denote.lean:10522:23: This simp argument is unused:
  List.getElem?_cons_zero

Hint: Omit it from the simp argument list.
  simp [List.getD, L̵i̵s̵t̵.̵g̵e̵t̵E̵l̵e̵m̵?̵_̵c̵o̵n̵s̵_̵z̵e̵r̵o̵,̵ ̵List.getElem?_cons_succ]

Note: This linter can be disabled with `set_option linter.unusedSimpArgs false`
warning: denote/Denote.lean:10522:48: This simp argument is unused:
  List.getElem?_cons_succ

Hint: Omit it from the simp argument list.
  simp [List.getD, List.getElem?_cons_zero,̵ ̵L̵i̵s̵t̵.̵g̵e̵t̵E̵l̵e̵m̵?̵_̵c̵o̵n̵s̵_̵s̵u̵c̵c̵]

Note: This linter can be disabled with `set_option linter.unusedSimpArgs false`
warning: denote/Denote.lean:10470:0: Please, add a comment explaining the need for modifying the maxHeartbeat limit, as in
set_option maxHeartbeats 4000000 in
-- reason for change
...

Note: This linter can be disabled with `set_option linter.style.maxHeartbeats false`
warning: denote/Denote.lean:10584:23: This simp argument is unused:
  List.getElem?_cons_zero

Hint: Omit it from the simp argument list.
  simp [List.getD, L̵i̵s̵t̵.̵g̵e̵t̵E̵l̵e̵m̵?̵_̵c̵o̵n̵s̵_̵z̵e̵r̵o̵,̵ ̵List.getElem?_cons_succ]

Note: This linter can be disabled with `set_option linter.unusedSimpArgs false`
warning: denote/Denote.lean:10584:48: This simp argument is unused:
  List.getElem?_cons_succ

Hint: Omit it from the simp argument list.
  simp [List.getD, List.getElem?_cons_zero,̵ ̵L̵i̵s̵t̵.̵g̵e̵t̵E̵l̵e̵m̵?̵_̵c̵o̵n̵s̵_̵s̵u̵c̵c̵]

Note: This linter can be disabled with `set_option linter.unusedSimpArgs false`
warning: denote/Denote.lean:10532:0: Please, add a comment explaining the need for modifying the maxHeartbeat limit, as in
set_option maxHeartbeats 4000000 in
-- reason for change
...

Note: This linter can be disabled with `set_option linter.style.maxHeartbeats false`
warning: denote/Denote.lean:10651:62: This simp argument is unused:
  List.getElem?_cons_zero

Hint: Omit it from the simp argument list.
  simp [List.getD, L̵i̵s̵t̵.̵g̵e̵t̵E̵l̵e̵m̵?̵_̵c̵o̵n̵s̵_̵z̵e̵r̵o̵,̵ ̵List.getElem?_cons_succ]

Note: This linter can be disabled with `set_option linter.unusedSimpArgs false`
warning: denote/Denote.lean:10651:87: This simp argument is unused:
  List.getElem?_cons_succ

Hint: Omit it from the simp argument list.
  simp [List.getD, List.getElem?_cons_zero,̵ ̵L̵i̵s̵t̵.̵g̵e̵t̵E̵l̵e̵m̵?̵_̵c̵o̵n̵s̵_̵s̵u̵c̵c̵]

Note: This linter can be disabled with `set_option linter.unusedSimpArgs false`
warning: denote/Denote.lean:10691:23: This simp argument is unused:
  List.getElem?_cons_zero

Hint: Omit it from the simp argument list.
  simp [List.getD, L̵i̵s̵t̵.̵g̵e̵t̵E̵l̵e̵m̵?̵_̵c̵o̵n̵s̵_̵z̵e̵r̵o̵,̵ ̵List.getElem?_cons_succ]

Note: This linter can be disabled with `set_option linter.unusedSimpArgs false`
warning: denote/Denote.lean:10691:48: This simp argument is unused:
  List.getElem?_cons_succ

Hint: Omit it from the simp argument list.
  simp [List.getD, List.getElem?_cons_zero,̵ ̵L̵i̵s̵t̵.̵g̵e̵t̵E̵l̵e̵m̵?̵_̵c̵o̵n̵s̵_̵s̵u̵c̵c̵]

Note: This linter can be disabled with `set_option linter.unusedSimpArgs false`
warning: denote/Denote.lean:10731:23: This simp argument is unused:
  List.getElem?_cons_zero

Hint: Omit it from the simp argument list.
  simp [List.getD, L̵i̵s̵t̵.̵g̵e̵t̵E̵l̵e̵m̵?̵_̵c̵o̵n̵s̵_̵z̵e̵r̵o̵,̵ ̵List.getElem?_cons_succ]

Note: This linter can be disabled with `set_option linter.unusedSimpArgs false`
warning: denote/Denote.lean:10731:48: This simp argument is unused:
  List.getElem?_cons_succ

Hint: Omit it from the simp argument list.
  simp [List.getD, List.getElem?_cons_zero,̵ ̵L̵i̵s̵t̵.̵g̵e̵t̵E̵l̵e̵m̵?̵_̵c̵o̵n̵s̵_̵s̵u̵c̵c̵]

Note: This linter can be disabled with `set_option linter.unusedSimpArgs false`
warning: denote/Denote.lean:10864:45: This simp argument is unused:
  List.set

Hint: Omit it from the simp argument list.
  simp only [hhead, List.getD, List.getElem?_cons_zero, List.getElem?_cons_succ,
  ̵  ̵ ̵ ̵Option.getD_some,
  ̲  ̲ ̲ ̲List.drop, List.foldl, L̵i̵st̵.̵s̵e̵t̵,̵
  ̵ ̵ ̵ ̵ ̵s̵how (8 : Nat) ≠ 0 from by omega, show (32 : Nat) ≠ 0 from by omega,
      show (4 : Nat) ≠ 0 from by omega, show (1 : Nat) ≠ 0 from by omega,
  ̵  ̵ ̵ ̵ite_false, Nat.div_one,
  ̲  ̲ ̲ ̲Nat.mod_one, Nat.mul_one, Nat.add_zero]

Note: This linter can be disabled with `set_option linter.unusedSimpArgs false`
warning: denote/Denote.lean:10866:4: This simp argument is unused:
  show (4 : Nat) ≠ 0 from by omega

Hint: Omit it from the simp argument list.
  simp only [hhead, List.getD, List.getElem?_cons_zero, List.getElem?_cons_succ, Option.getD_some,
  ̲  ̲ ̲ ̲List.drop, List.foldl, List.set, show (8 : Nat) ≠ 0 from by omega,
  ̲  ̲ ̲ ̲show (32 : Nat) ≠ 0 from by omega, show (̵4̵ ̵:̵ ̵N̵a̵t̵)̵ ̵≠̵ ̵0̵ ̵f̵r̵o̵m̵ ̵b̵y̵ ̵o̵m̵e̵g̵a̵,̵ ̵s̵h̵o̵w̵ ̵(1 : Nat) ≠ 0 from by omega, ite_false, Nat.div_one,
  ̲  ̲ ̲ ̲Nat.mod_one, Nat.mul_one, Nat.add_zero]

Note: This linter can be disabled with `set_option linter.unusedSimpArgs false`
warning: denote/Denote.lean:10874:0: Please, add a comment explaining the need for modifying the maxHeartbeat limit, as in
set_option maxHeartbeats 3200000 in
-- reason for change
...

Note: This linter can be disabled with `set_option linter.style.maxHeartbeats false`
warning: denote/Denote.lean:11101:45: This simp argument is unused:
  List.set

Hint: Omit it from the simp argument list.
  simp only [hhead, List.getD, List.getElem?_cons_zero, List.getElem?_cons_succ,
  ̵  ̵ ̵ ̵Option.getD_some,
  ̲  ̲ ̲ ̲List.drop, List.foldl, L̵i̵st̵.̵s̵e̵t̵,̵
  ̵ ̵ ̵ ̵ ̵s̵how (8 : Nat) ≠ 0 from by omega, show (32 : Nat) ≠ 0 from by omega,
      show (128 : Nat) ≠ 0 from by omega, show (4 : Nat) ≠ 0 from by omega,
      show (1 : Nat) ≠ 0 from by omega,
  ̵  ̵ ̵ ̵ite_false, Nat.div_one, Nat.mod_one, Nat.mul_one,
  ̲  ̲ ̲ ̲Nat.add_zero]

Note: This linter can be disabled with `set_option linter.unusedSimpArgs false`
warning: denote/Denote.lean:11102:4: This simp argument is unused:
  show (8 : Nat) ≠ 0 from by omega

Hint: Omit it from the simp argument list.
  simp only [hhead, List.getD, List.getElem?_cons_zero, List.getElem?_cons_succ,
  ̵  ̵ ̵ ̵Option.getD_some,
  ̲  ̲ ̲ ̲List.drop, List.foldl, List.set,
  ̵  ̵ ̵ ̵show (8̵ ̵:̵ ̵N̵a̵t̵)̵ ̵≠̵ ̵0̵ ̵f̵r̵o̵m̵ ̵b̵y̵ ̵o̵m̵e̵g̵a̵,̵ ̵s̵h̵o̵w̵ ̵(̵32 : Nat) ≠ 0 from by omega,
      show (128 : Nat) ≠ 0 from by omega, show (4 : Nat) ≠ 0 from by omega,
      show (1 : Nat) ≠ 0 from by omega,
  ̵  ̵ ̵ ̵ite_false, Nat.div_one, Nat.mod_one, Nat.mul_one,
  ̲  ̲ ̲ ̲Nat.add_zero]

Note: This linter can be disabled with `set_option linter.unusedSimpArgs false`
warning: denote/Denote.lean:11103:40: This simp argument is unused:
  show (4 : Nat) ≠ 0 from by omega

Hint: Omit it from the simp argument list.
  simp only [hhead, List.getD, List.getElem?_cons_zero, List.getElem?_cons_succ,
  ̵  ̵ ̵ ̵Option.getD_some,
  ̲  ̲ ̲ ̲List.drop, List.foldl, List.set,
  ̵  ̵ ̵ ̵show (8 : Nat) ≠ 0 from by omega,
  ̲  ̲ ̲ ̲show (32 : Nat) ≠ 0 from by omega,
  ̵  ̵ ̵ ̵show (128 : Nat) ≠ 0 from by omega, ̵s̵h̵o̵w̵ ̵(̵4̵ ̵:̵ ̵N̵a̵t̵)̵ ̵≠̵ ̵0̵ ̵f̵r̵o̵m̵ ̵b̵y̵ ̵o̵m̵e̵g̵a̵,̵
      show (1 : Nat) ≠ 0 from by omega,
  ̵  ̵ ̵ ̵ite_false, Nat.div_one, Nat.mod_one, Nat.mul_one,
  ̲  ̲ ̲ ̲Nat.add_zero]

Note: This linter can be disabled with `set_option linter.unusedSimpArgs false`
warning: denote/Denote.lean:11112:0: Please, add a comment explaining the need for modifying the maxHeartbeat limit, as in
set_option maxHeartbeats 3200000 in
-- reason for change
...

Note: This linter can be disabled with `set_option linter.style.maxHeartbeats false`
warning: denote/Denote.lean:11219:0: Please, add a comment explaining the need for modifying the maxHeartbeat limit, as in
set_option maxHeartbeats 800000 in
-- reason for change
...

Note: This linter can be disabled with `set_option linter.style.maxHeartbeats false`
warning: denote/Denote.lean:11363:0: Please, add a comment explaining the need for modifying the maxHeartbeat limit, as in
set_option maxHeartbeats 800000 in
-- reason for change
...

Note: This linter can be disabled with `set_option linter.style.maxHeartbeats false`
warning: denote/Denote.lean:11371:0: Please, add a comment explaining the need for modifying the maxHeartbeat limit, as in
set_option maxHeartbeats 2000000 in
-- reason for change
...

Note: This linter can be disabled with `set_option linter.style.maxHeartbeats false`
warning: denote/Denote.lean:11381:5: Variable name `hW_shapes` is not explicitly referenced.

The binding can be removed (if unused) or named `_` (if used implicitly).

Note: This linter can be disabled with `set_option linter.unusedVariables false`
warning: denote/Denote.lean:11394:45: This simp argument is unused:
  List.set

Hint: Omit it from the simp argument list.
  simp only [hhead, List.getD, List.getElem?_cons_zero, List.getElem?_cons_succ,
  ̵  ̵ ̵ ̵Option.getD_some,
  ̲  ̲ ̲ ̲List.drop, List.foldl, L̵i̵st̵.̵s̵e̵t̵,̵
  ̵ ̵ ̵ ̵ ̵s̵how (4 : Nat) ≠ 0 by omega, show (8 : Nat) ≠ 0 by omega,
      show (128 : Nat) ≠ 0 by omega, show (32 : Nat) ≠ 0 by omega,
  ̵  ̵ ̵ ̵show (1 : Nat) ≠ 0 by omega,
  ̲  ̲ ̲ ̲ite_false]

Note: This linter can be disabled with `set_option linter.unusedSimpArgs false`
warning: denote/Denote.lean:11395:4: This simp argument is unused:
  show (4 : Nat) ≠ 0 by omega

Hint: Omit it from the simp argument list.
  simp only [hhead, List.getD, List.getElem?_cons_zero, List.getElem?_cons_succ,
  ̵  ̵ ̵ ̵Option.getD_some,
  ̲  ̲ ̲ ̲List.drop, List.foldl, List.set,
  ̵  ̵ ̵ ̵show (4̵ ̵:̵ ̵N̵a̵t̵)̵ ̵≠̵ ̵0̵ ̵b̵y̵ ̵o̵m̵e̵g̵a̵,̵ ̵s̵h̵o̵w̵ ̵(̵8 : Nat) ≠ 0 by omega,
  ̵  ̵ ̵ ̵show (128 : Nat) ≠ 0 by omega,
  ̲  ̲ ̲ ̲show (32 : Nat) ≠ 0 by omega,
  ̵  ̵ ̵ ̵show (1 : Nat) ≠ 0 by omega, ite_false]

Note: This linter can be disabled with `set_option linter.unusedSimpArgs false`
warning: denote/Denote.lean:11396:4: This simp argument is unused:
  show (128 : Nat) ≠ 0 by omega

Hint: Omit it from the simp argument list.
  simp only [hhead, List.getD, List.getElem?_cons_zero, List.getElem?_cons_succ,
  ̵  ̵ ̵ ̵Option.getD_some,
  ̲  ̲ ̲ ̲List.drop, List.foldl, List.set,
  ̵  ̵ ̵ ̵show (4 : Nat) ≠ 0 by omega, show (8 : Nat) ≠ 0 by omega,
      show (1̵2̵8̵ ̵:̵ ̵N̵a̵t̵)̵ ̵≠̵ ̵0̵ ̵b̵y̵ ̵o̵m̵e̵g̵a̵,̵ ̵s̵h̵o̵w̵ ̵(̵32 : Nat) ≠ 0 by omega,
  ̵  ̵ ̵ ̵show (1 : Nat) ≠ 0 by omega, ite_false]

Note: This linter can be disabled with `set_option linter.unusedSimpArgs false`
warning: denote/Denote.lean:11409:5: Variable name `hW_shapes` is not explicitly referenced.

The binding can be removed (if unused) or named `_` (if used implicitly).

Note: This linter can be disabled with `set_option linter.unusedVariables false`
warning: denote/Denote.lean:11422:45: This simp argument is unused:
  List.set

Hint: Omit it from the simp argument list.
  simp only [hhead, List.getD, List.getElem?_cons_zero, List.getElem?_cons_succ,
  ̵  ̵ ̵ ̵Option.getD_some,
  ̲  ̲ ̲ ̲List.drop, List.foldl, L̵i̵st̵.̵s̵e̵t̵,̵
  ̵ ̵ ̵ ̵ ̵s̵how (4 : Nat) ≠ 0 by omega, show (32 : Nat) ≠ 0 by omega,
      show (128 : Nat) ≠ 0 by omega, show (1 : Nat) ≠ 0 by omega,
  ̵  ̵ ̵ ̵ite_false]

Note: This linter can be disabled with `set_option linter.unusedSimpArgs false`
warning: denote/Denote.lean:11423:4: This simp argument is unused:
  show (4 : Nat) ≠ 0 by omega

Hint: Omit it from the simp argument list.
  simp only [hhead, List.getD, List.getElem?_cons_zero, List.getElem?_cons_succ, Option.getD_some,
  ̲  ̲ ̲ ̲List.drop, List.foldl, List.set, show (̵4̵ ̵:̵ ̵N̵a̵t̵)̵ ̵≠̵ ̵0̵ ̵b̵y̵ ̵o̵m̵e̵g̵a̵,̵ ̵s̵h̵o̵w̵ ̵(32 : Nat) ≠ 0 by omega, show (128 : Nat) ≠ 0 by omega,
  ̲  ̲ ̲ ̲show (1 : Nat) ≠ 0 by omega, ite_false]

Note: This linter can be disabled with `set_option linter.unusedSimpArgs false`
warning: denote/Denote.lean:11435:0: Please, add a comment explaining the need for modifying the maxHeartbeat limit, as in
set_option maxHeartbeats 1600000 in
-- reason for change
...

Note: This linter can be disabled with `set_option linter.style.maxHeartbeats false`
warning: denote/Denote.lean:11597:5: Variable name `hW_shapes` is not explicitly referenced.

The binding can be removed (if unused) or named `_` (if used implicitly).

Note: This linter can be disabled with `set_option linter.unusedVariables false`
warning: denote/Denote.lean:11610:45: This simp argument is unused:
  List.set

Hint: Omit it from the simp argument list.
  simp only [hhead, List.getD, List.getElem?_cons_zero, List.getElem?_cons_succ,
  ̵  ̵ ̵ ̵Option.getD_some,
  ̲  ̲ ̲ ̲List.drop, List.foldl, L̵i̵st̵.̵s̵e̵t̵,̵
  ̵ ̵ ̵ ̵ ̵s̵how (4 : Nat) ≠ 0 by omega, show (8 : Nat) ≠ 0 by omega,
      show (32 : Nat) ≠ 0 by omega,
  ̵  ̵ ̵ ̵show (1 : Nat) ≠ 0 by omega, ite_false]

Note: This linter can be disabled with `set_option linter.unusedSimpArgs false`
warning: denote/Denote.lean:11611:4: This simp argument is unused:
  show (4 : Nat) ≠ 0 by omega

Hint: Omit it from the simp argument list.
  simp only [hhead, List.getD, List.getElem?_cons_zero, List.getElem?_cons_succ,
  ̵  ̵ ̵ ̵Option.getD_some,
  ̲  ̲ ̲ ̲List.drop, List.foldl, List.set,
  ̵  ̵ ̵ ̵show (4̵ ̵:̵ ̵N̵a̵t̵)̵ ̵≠̵ ̵0̵ ̵b̵y̵ ̵o̵m̵e̵g̵a̵,̵ ̵s̵h̵o̵w̵ ̵(̵8 : Nat) ≠ 0 by omega,
  ̵  ̵ ̵ ̵show (32 : Nat) ≠ 0 by omega,
      show (1 : Nat) ≠ 0 by omega, ite_false]

Note: This linter can be disabled with `set_option linter.unusedSimpArgs false`
warning: denote/Denote.lean:11623:0: Please, add a comment explaining the need for modifying the maxHeartbeat limit, as in
set_option maxHeartbeats 2000000 in
-- reason for change
...

Note: This linter can be disabled with `set_option linter.style.maxHeartbeats false`
warning: denote/Denote.lean:11820:4: This simp argument is unused:
  Nat.reduceDiv

Hint: Omit it from the simp argument list.
  simp only [hhead, List.getD, List.getElem?_cons_zero, List.getElem?_cons_succ, Option.getD_some,
  ̲  ̲ ̲ ̲List.drop, List.foldl, Nat.reduceMul, Nat.reduceAdd, N̵a̵t̵.̵r̵e̵d̵u̵c̵e̵D̵i̵v̵,̵ ̵Nat.reduceMod, Nat.div_one, Nat.mod_one,
  ̲  ̲ ̲ ̲Nat.mul_one, Nat.add_zero, Nat.zero_add, show (8 : Nat) ≠ 0 from by omega,
      show (32 : Nat) ≠ 0 from by omega, show (128 : Nat) ≠ 0 from by omega,
      show (1 : Nat) ≠ 0 from by omega, ite_false, List.set]

Note: This linter can be disabled with `set_option linter.unusedSimpArgs false`
warning: denote/Denote.lean:11820:19: This simp argument is unused:
  Nat.reduceMod

Hint: Omit it from the simp argument list.
  simp only [hhead, List.getD, List.getElem?_cons_zero, List.getElem?_cons_succ,
  ̵  ̵ ̵ ̵Option.getD_some,
  ̲  ̲ ̲ ̲List.drop, List.foldl, Nat.reduceMul, Nat.reduceAdd,
  ̵  ̵ ̵ ̵Nat.reduceDiv, Nat.r̵e̵du̵c̵e̵M̵o̵d̵,̵ ̵N̵a̵t̵.̵d̵iv_one, Nat.mod_one,
  ̲  ̲ ̲ ̲Nat.mul_one,
  ̵  ̵ ̵ ̵Nat.add_zero, Nat.zero_add, show (8 : Nat) ≠ 0 from by omega,
      show (32 : Nat) ≠ 0 from by omega, show (128 : Nat) ≠ 0 from by omega,
      show (1 : Nat) ≠ 0 from by omega, ite_false, List.set]

Note: This linter can be disabled with `set_option linter.unusedSimpArgs false`
warning: denote/Denote.lean:11821:18: This simp argument is unused:
  Nat.zero_add

Hint: Omit it from the simp argument list.
  simp only [hhead, List.getD, List.getElem?_cons_zero, List.getElem?_cons_succ,
  ̵  ̵ ̵ ̵Option.getD_some,
  ̲  ̲ ̲ ̲List.drop, List.foldl, Nat.reduceMul, Nat.reduceAdd,
  ̵  ̵ ̵ ̵Nat.reduceDiv, Nat.reduceMod, Nat.div_one, ̵N̵a̵t̵.̵m̵o̵d̵_̵o̵n̵e̵,̵ ̵N̵a̵t̵.̵m̵u̵l̵_̵o̵n̵e̵,̵
      Nat.m̲o̲d̲_̲o̲n̲e̲,̲ ̲N̲ad̵d̵t̲.̲m̲u̲l̲_z̵o̲n̲er̵o̵, Nat.z̵e̵r̵o̵_̵add_̲z̲e̲r̲o̲, show (8 : Nat) ≠ 0 from by omega,
      show (32 : Nat) ≠ 0 from by omega, show (128 : Nat) ≠ 0 from by omega,
      show (1 : Nat) ≠ 0 from by omega, ite_false, List.set]

Note: This linter can be disabled with `set_option linter.unusedSimpArgs false`
warning: denote/Denote.lean:11821:32: This simp argument is unused:
  show (8 : Nat) ≠ 0 from by omega

Hint: Omit it from the simp argument list.
  simp only [hhead, List.getD, List.getElem?_cons_zero, List.getElem?_cons_succ,
  ̵  ̵ ̵ ̵Option.getD_some,
  ̲  ̲ ̲ ̲List.drop, List.foldl, Nat.reduceMul, Nat.reduceAdd,
  ̵  ̵ ̵ ̵Nat.reduceDiv, Nat.reduceMod, Nat.div_one,
  ̲  ̲ ̲ ̲Nat.mod_one, Nat.mul_one,
  ̵  ̵ ̵ ̵Nat.add_zero, Nat.zero_add, show (8̵ ̵:̵ ̵N̵a̵t̵)̵ ̵≠̵ ̵0̵ ̵f̵r̵o̵m̵ ̵b̵y̵ ̵o̵m̵e̵g̵a̵,̵
  ̵ ̵ ̵ ̵ ̵s̵h̵o̵w̵ ̵(̵32 : Nat) ≠ 0 from by omega,
  ̲  ̲ ̲ ̲show (128 : Nat) ≠ 0 from by omega,
  ̵  ̵ ̵ ̵show (1 : Nat) ≠ 0 from by omega, ite_false, List.set]

Note: This linter can be disabled with `set_option linter.unusedSimpArgs false`
warning: denote/Denote.lean:11823:49: This simp argument is unused:
  List.set

Hint: Omit it from the simp argument list.
  simp only [hhead, List.getD, List.getElem?_cons_zero, List.getElem?_cons_succ,
  ̵  ̵ ̵ ̵Option.getD_some,
  ̲  ̲ ̲ ̲List.drop, List.foldl, Nat.reduceMul, Nat.reduceAdd,
  ̵  ̵ ̵ ̵Nat.reduceDiv, Nat.reduceMod, Nat.div_one,
  ̲  ̲ ̲ ̲Nat.mod_one, Nat.mul_one,
  ̵  ̵ ̵ ̵Nat.add_zero, Nat.zero_add, show (8 : Nat) ≠ 0 from by omega,
      show (32 : Nat) ≠ 0 from by omega, show (128 : Nat) ≠ 0 from by omega,
      show (1 : Nat) ≠ 0 from by omega, ite_false,̵ ̵L̵i̵s̵t̵.̵s̵e̵t̵]

Note: This linter can be disabled with `set_option linter.unusedSimpArgs false`
warning: denote/Denote.lean:11868:0: Please, add a comment explaining the need for modifying the maxHeartbeat limit, as in
set_option maxHeartbeats 2000000 in
-- reason for change
...

Note: This linter can be disabled with `set_option linter.style.maxHeartbeats false`
warning: denote/Denote.lean:12058:2: The `show` tactic should only be used to indicate intermediate goal states for readability.
However, this tactic invocation changed the goal. Please use `change` instead for these purposes.

Note: This linter can be disabled with `set_option linter.style.show false`
warning: denote/Denote.lean:12075:2: The `show` tactic should only be used to indicate intermediate goal states for readability.
However, this tactic invocation changed the goal. Please use `change` instead for these purposes.

Note: This linter can be disabled with `set_option linter.style.show false`
warning: denote/Denote.lean:12160:51: This simp argument is unused:
  List.getElem?_cons_succ

Hint: Omit it from the simp argument list.
  simp only [List.getD, List.getElem?_cons_zero, L̵i̵s̵t̵.̵g̵e̵t̵E̵l̵e̵m̵?̵_̵c̵o̵n̵s̵_̵s̵u̵c̵c̵,̵ ̵Option.getD_some]

Note: This linter can be disabled with `set_option linter.unusedSimpArgs false`
warning: denote/Denote.lean:12170:51: This simp argument is unused:
  List.getElem?_cons_succ

Hint: Omit it from the simp argument list.
  simp only [List.getD, List.getElem?_cons_zero, L̵i̵s̵t̵.̵g̵e̵t̵E̵l̵e̵m̵?̵_̵c̵o̵n̵s̵_̵s̵u̵c̵c̵,̵ ̵Option.getD_some]

Note: This linter can be disabled with `set_option linter.unusedSimpArgs false`
warning: denote/Denote.lean:12085:0: Please, add a comment explaining the need for modifying the maxHeartbeat limit, as in
set_option maxHeartbeats 3200000 in
-- reason for change
...

Note: This linter can be disabled with `set_option linter.style.maxHeartbeats false`
warning: denote/Denote.lean:12233:2: The `show` tactic should only be used to indicate intermediate goal states for readability.
However, this tactic invocation changed the goal. Please use `change` instead for these purposes.

Note: This linter can be disabled with `set_option linter.style.show false`
warning: denote/Denote.lean:12238:10: Used `tac1 <;> tac2` where `(tac1; tac2)` would suffice

Note: This linter can be disabled with `set_option linter.unnecessarySeqFocus false`
warning: denote/Denote.lean:12276:65: Variable name `hidx` is not explicitly referenced.

The binding can be removed (if unused) or named `_` (if used implicitly).

Note: This linter can be disabled with `set_option linter.unusedVariables false`
warning: denote/Denote.lean:12283:53: Variable name `hidx` is not explicitly referenced.

The binding can be removed (if unused) or named `_` (if used implicitly).

Note: This linter can be disabled with `set_option linter.unusedVariables false`
warning: denote/Denote.lean:12320:23: This simp argument is unused:
  List.getElem?_cons_zero

Hint: Omit it from the simp argument list.
  simp [List.getD, L̵i̵s̵t̵.̵g̵e̵t̵E̵l̵e̵m̵?̵_̵c̵o̵n̵s̵_̵z̵e̵r̵o̵,̵ ̵List.getElem?_cons_succ, h0, h1, h2, h3]

Note: This linter can be disabled with `set_option linter.unusedSimpArgs false`
warning: denote/Denote.lean:12320:48: This simp argument is unused:
  List.getElem?_cons_succ

Hint: Omit it from the simp argument list.
  simp [List.getD, List.getElem?_cons_zero, L̵i̵s̵t̵.̵g̵e̵t̵E̵l̵e̵m̵?̵_̵c̵o̵n̵s̵_̵s̵u̵c̵c̵,̵ ̵h0, h1, h2, h3]

Note: This linter can be disabled with `set_option linter.unusedSimpArgs false`
warning: denote/Denote.lean:12360:23: This simp argument is unused:
  List.getElem?_cons_zero

Hint: Omit it from the simp argument list.
  simp [List.getD, L̵i̵s̵t̵.̵g̵e̵t̵E̵l̵e̵m̵?̵_̵c̵o̵n̵s̵_̵z̵e̵r̵o̵,̵ ̵List.getElem?_cons_succ]

Note: This linter can be disabled with `set_option linter.unusedSimpArgs false`
warning: denote/Denote.lean:12360:48: This simp argument is unused:
  List.getElem?_cons_succ

Hint: Omit it from the simp argument list.
  simp [List.getD, List.getElem?_cons_zero,̵ ̵L̵i̵s̵t̵.̵g̵e̵t̵E̵l̵e̵m̵?̵_̵c̵o̵n̵s̵_̵s̵u̵c̵c̵]

Note: This linter can be disabled with `set_option linter.unusedSimpArgs false`
warning: denote/Denote.lean:12417:51: Variable name `hidx` is not explicitly referenced.

The binding can be removed (if unused) or named `_` (if used implicitly).

Note: This linter can be disabled with `set_option linter.unusedVariables false`
warning: denote/Denote.lean:12422:51: Variable name `hidx` is not explicitly referenced.

The binding can be removed (if unused) or named `_` (if used implicitly).

Note: This linter can be disabled with `set_option linter.unusedVariables false`
warning: denote/Denote.lean:12458:23: This simp argument is unused:
  List.getElem?_cons_zero

Hint: Omit it from the simp argument list.
  simp [List.getD, L̵i̵s̵t̵.̵g̵e̵t̵E̵l̵e̵m̵?̵_̵c̵o̵n̵s̵_̵z̵e̵r̵o̵,̵ ̵List.getElem?_cons_succ, h0, h1, h2, h3]

Note: This linter can be disabled with `set_option linter.unusedSimpArgs false`
warning: denote/Denote.lean:12458:48: This simp argument is unused:
  List.getElem?_cons_succ

Hint: Omit it from the simp argument list.
  simp [List.getD, List.getElem?_cons_zero, L̵i̵s̵t̵.̵g̵e̵t̵E̵l̵e̵m̵?̵_̵c̵o̵n̵s̵_̵s̵u̵c̵c̵,̵ ̵h0, h1, h2, h3]

Note: This linter can be disabled with `set_option linter.unusedSimpArgs false`
warning: denote/Denote.lean:12486:23: This simp argument is unused:
  List.getElem?_cons_zero

Hint: Omit it from the simp argument list.
  simp [List.getD, L̵i̵s̵t̵.̵g̵e̵t̵E̵l̵e̵m̵?̵_̵c̵o̵n̵s̵_̵z̵e̵r̵o̵,̵ ̵List.getElem?_cons_succ]

Note: This linter can be disabled with `set_option linter.unusedSimpArgs false`
warning: denote/Denote.lean:12486:48: This simp argument is unused:
  List.getElem?_cons_succ

Hint: Omit it from the simp argument list.
  simp [List.getD, List.getElem?_cons_zero,̵ ̵L̵i̵s̵t̵.̵g̵e̵t̵E̵l̵e̵m̵?̵_̵c̵o̵n̵s̵_̵s̵u̵c̵c̵]

Note: This linter can be disabled with `set_option linter.unusedSimpArgs false`
warning: denote/Denote.lean:12531:2: The `show` tactic should only be used to indicate intermediate goal states for readability.
However, this tactic invocation changed the goal. Please use `change` instead for these purposes.

Note: This linter can be disabled with `set_option linter.style.show false`
warning: denote/Denote.lean:12560:2: The `show` tactic should only be used to indicate intermediate goal states for readability.
However, this tactic invocation changed the goal. Please use `change` instead for these purposes.

Note: This linter can be disabled with `set_option linter.style.show false`
warning: denote/Denote.lean:12565:10: Used `tac1 <;> tac2` where `(tac1; tac2)` would suffice

Note: This linter can be disabled with `set_option linter.unnecessarySeqFocus false`
warning: denote/Denote.lean:12587:48: Variable name `hl` is not explicitly referenced.

The binding can be removed (if unused) or named `_` (if used implicitly).

Note: This linter can be disabled with `set_option linter.unusedVariables false`
warning: denote/Denote.lean:12598:63: Variable name `hidx` is not explicitly referenced.

The binding can be removed (if unused) or named `_` (if used implicitly).

Note: This linter can be disabled with `set_option linter.unusedVariables false`
warning: denote/Denote.lean:12605:50: Variable name `hidx` is not explicitly referenced.

The binding can be removed (if unused) or named `_` (if used implicitly).

Note: This linter can be disabled with `set_option linter.unusedVariables false`
warning: denote/Denote.lean:12631:23: This simp argument is unused:
  List.getElem?_cons_zero

Hint: Omit it from the simp argument list.
  simp [List.getD, L̵i̵s̵t̵.̵g̵e̵t̵E̵l̵e̵m̵?̵_̵c̵o̵n̵s̵_̵z̵e̵r̵o̵,̵ ̵List.getElem?_cons_succ, h0, h1, h2, h3]

Note: This linter can be disabled with `set_option linter.unusedSimpArgs false`
warning: denote/Denote.lean:12631:48: This simp argument is unused:
  List.getElem?_cons_succ

Hint: Omit it from the simp argument list.
  simp [List.getD, List.getElem?_cons_zero, L̵i̵s̵t̵.̵g̵e̵t̵E̵l̵e̵m̵?̵_̵c̵o̵n̵s̵_̵s̵u̵c̵c̵,̵ ̵h0, h1, h2, h3]

Note: This linter can be disabled with `set_option linter.unusedSimpArgs false`
warning: denote/Denote.lean:12670:23: This simp argument is unused:
  List.getElem?_cons_zero

Hint: Omit it from the simp argument list.
  simp [List.getD, L̵i̵s̵t̵.̵g̵e̵t̵E̵l̵e̵m̵?̵_̵c̵o̵n̵s̵_̵z̵e̵r̵o̵,̵ ̵List.getElem?_cons_succ]

Note: This linter can be disabled with `set_option linter.unusedSimpArgs false`
warning: denote/Denote.lean:12670:48: This simp argument is unused:
  List.getElem?_cons_succ

Hint: Omit it from the simp argument list.
  simp [List.getD, List.getElem?_cons_zero,̵ ̵L̵i̵s̵t̵.̵g̵e̵t̵E̵l̵e̵m̵?̵_̵c̵o̵n̵s̵_̵s̵u̵c̵c̵]

Note: This linter can be disabled with `set_option linter.unusedSimpArgs false`
warning: denote/Denote.lean:12798:0: Please, add a comment explaining the need for modifying the maxHeartbeat limit, as in
set_option maxHeartbeats 2000000 in
-- reason for change
...

Note: This linter can be disabled with `set_option linter.style.maxHeartbeats false`
warning: denote/Denote.lean:12804:25: missing space in the source

This part of the code
  '[1,8,8])'
should be written as
  '[1, 8, 8])'


Note: This linter can be disabled with `set_option linter.style.whitespace false`
warning: denote/Denote.lean:12804:27: missing space in the source

This part of the code
  '[1,8,8]) (hg1'
should be written as
  '8, 8])'


Note: This linter can be disabled with `set_option linter.style.whitespace false`
warning: denote/Denote.lean:12804:52: missing space in the source

This part of the code
  '[1,8,8])'
should be written as
  '[1, 8, 8])'


Note: This linter can be disabled with `set_option linter.style.whitespace false`
warning: denote/Denote.lean:12804:54: missing space in the source

This part of the code
  '[1,8,8])
'
should be written as
  '8, 8])'


Note: This linter can be disabled with `set_option linter.style.whitespace false`
warning: denote/Denote.lean:12805:25: missing space in the source

This part of the code
  '[1,8,8])'
should be written as
  '[1, 8, 8])'


Note: This linter can be disabled with `set_option linter.style.whitespace false`
warning: denote/Denote.lean:12805:27: missing space in the source

This part of the code
  '[1,8,8]) (hg3'
should be written as
  '8, 8])'


Note: This linter can be disabled with `set_option linter.style.whitespace false`
warning: denote/Denote.lean:12805:52: missing space in the source

This part of the code
  '[1,8,8])'
should be written as
  '[1, 8, 8])'


Note: This linter can be disabled with `set_option linter.style.whitespace false`
warning: denote/Denote.lean:12805:54: missing space in the source

This part of the code
  '[1,8,8])
'
should be written as
  '8, 8])'


Note: This linter can be disabled with `set_option linter.style.whitespace false`
warning: denote/Denote.lean:12806:23: missing space in the source

This part of the code
  '[1,8,32])'
should be written as
  '[1, 8, 32])'


Note: This linter can be disabled with `set_option linter.style.whitespace false`
warning: denote/Denote.lean:12806:25: missing space in the source

This part of the code
  '[1,8,32])'
should be written as
  '8, 32])'


Note: This linter can be disabled with `set_option linter.style.whitespace false`
warning: denote/Denote.lean:12807:25: missing space in the source

This part of the code
  '[8,32])'
should be written as
  '[8, 32])'


Note: This linter can be disabled with `set_option linter.style.whitespace false`
warning: denote/Denote.lean:12807:51: missing space in the source

This part of the code
  '[8,32])'
should be written as
  '[8, 32])'


Note: This linter can be disabled with `set_option linter.style.whitespace false`
warning: denote/Denote.lean:12808:25: missing space in the source

This part of the code
  '[8,32])'
should be written as
  '[8, 32])'


Note: This linter can be disabled with `set_option linter.style.whitespace false`
warning: denote/Denote.lean:12808:51: missing space in the source

This part of the code
  '[8,32])'
should be written as
  '[8, 32])'


Note: This linter can be disabled with `set_option linter.style.whitespace false`
warning: denote/Denote.lean:12892:56: This simp argument is unused:
  List.getElem?_cons_succ

Hint: Omit it from the simp argument list.
  simp only [hhead, List.getD, List.getElem?_cons_zero, L̵i̵s̵t̵.̵g̵e̵t̵E̵l̵e̵m̵?̵_̵c̵o̵n̵s̵_̵s̵u̵c̵c̵,̵
  ̵ ̵ ̵ ̵ ̵Option.getD_some, List.drop, List.foldl,
  ̲  ̲ ̲ ̲List.set,
  ̵  ̵ ̵ ̵show (32 : Nat) ≠ 0 from by omega, show (128 : Nat) ≠ 0 from by omega,
      show (4096 : Nat) ≠ 0 from by omega, show (4 : Nat) ≠ 0 from by omega,
  ̵  ̵ ̵ ̵ite_false]

Note: This linter can be disabled with `set_option linter.unusedSimpArgs false`
warning: denote/Denote.lean:12893:45: This simp argument is unused:
  List.set

Hint: Omit it from the simp argument list.
  simp only [hhead, List.getD, List.getElem?_cons_zero, List.getElem?_cons_succ,
  ̵  ̵ ̵ ̵Option.getD_some,
  ̲  ̲ ̲ ̲List.drop, List.foldl, L̵i̵st̵.̵s̵e̵t̵,̵
  ̵ ̵ ̵ ̵ ̵s̵how (32 : Nat) ≠ 0 from by omega, show (128 : Nat) ≠ 0 from by omega,
      show (4096 : Nat) ≠ 0 from by omega, show (4 : Nat) ≠ 0 from by omega,
  ̵  ̵ ̵ ̵ite_false]

Note: This linter can be disabled with `set_option linter.unusedSimpArgs false`
warning: denote/Denote.lean:12894:39: This simp argument is unused:
  show (128 : Nat) ≠ 0 from by omega

Hint: Omit it from the simp argument list.
  simp only [hhead, List.getD, List.getElem?_cons_zero, List.getElem?_cons_succ, Option.getD_some,
  ̲  ̲ ̲ ̲List.drop, List.foldl, List.set, show (32 : Nat) ≠ 0 from by omega,
  ̲  ̲ ̲ ̲show (̵1̵2̵8̵ ̵:̵ ̵N̵a̵t̵)̵ ̵≠̵ ̵0̵ ̵f̵r̵o̵m̵ ̵b̵y̵ ̵o̵m̵e̵g̵a̵,̵
  ̵ ̵ ̵ ̵ ̵s̵h̵o̵w̵ ̵(4096 : Nat) ≠ 0 from by omega, show (4 : Nat) ≠ 0 from by omega, ite_false]

Note: This linter can be disabled with `set_option linter.unusedSimpArgs false`
warning: denote/Denote.lean:12895:41: This simp argument is unused:
  show (4 : Nat) ≠ 0 from by omega

Hint: Omit it from the simp argument list.
  simp only [hhead, List.getD, List.getElem?_cons_zero, List.getElem?_cons_succ, Option.getD_some,
  ̲  ̲ ̲ ̲List.drop, List.foldl, List.set, show (32 : Nat) ≠ 0 from by omega,
  ̲  ̲ ̲ ̲show (128 : Nat) ≠ 0 from by omega, show (4096 : Nat) ≠ 0 from by omega, s̵h̵o̵w̵ ̵(̵4̵ ̵:̵ ̵N̵a̵t̵)̵ ̵≠̵ ̵0̵ ̵f̵r̵o̵m̵ ̵b̵y̵ ̵o̵m̵e̵g̵a̵,̵ite_false]

Note: This linter can be disabled with `set_option linter.unusedSimpArgs false`
warning: denote/Denote.lean:12906:0: Please, add a comment explaining the need for modifying the maxHeartbeat limit, as in
set_option maxHeartbeats 1600000 in
-- reason for change
...

Note: This linter can be disabled with `set_option linter.style.maxHeartbeats false`
warning: denote/Denote.lean:13082:61: This simp argument is unused:
  List.getElem?_cons_succ

Hint: Omit it from the simp argument list.
  simp only [List.getD, List.getElem?_cons_zero, L̵i̵s̵t̵.̵g̵e̵t̵E̵l̵e̵m̵?̵_̵c̵o̵n̵s̵_̵s̵u̵c̵c̵,̵ ̵Option.getD_some]

Note: This linter can be disabled with `set_option linter.unusedSimpArgs false`
warning: denote/Denote.lean:13012:0: Please, add a comment explaining the need for modifying the maxHeartbeat limit, as in
set_option maxHeartbeats 1600000 in
-- reason for change
...

Note: This linter can be disabled with `set_option linter.style.maxHeartbeats false`
warning: denote/Denote.lean:13111:0: Please, add a comment explaining the need for modifying the maxHeartbeat limit, as in
set_option maxHeartbeats 800000 in
-- reason for change
...

Note: This linter can be disabled with `set_option linter.style.maxHeartbeats false`
warning: denote/Denote.lean:13215:0: Please, add a comment explaining the need for modifying the maxHeartbeat limit, as in
set_option maxHeartbeats 800000 in
-- reason for change
...

Note: This linter can be disabled with `set_option linter.style.maxHeartbeats false`
warning: denote/Denote.lean:13306:0: Please, add a comment explaining the need for modifying the maxHeartbeat limit, as in
set_option maxHeartbeats 800000 in
-- reason for change
...

Note: This linter can be disabled with `set_option linter.style.maxHeartbeats false`
warning: denote/Denote.lean:13420:0: Please, add a comment explaining the need for modifying the maxHeartbeat limit, as in
set_option maxHeartbeats 2000000 in
-- reason for change
...

Note: This linter can be disabled with `set_option linter.style.maxHeartbeats false`
warning: denote/Denote.lean:13427:25: missing space in the source

This part of the code
  '[1,2,32])'
should be written as
  '[1, 2, 32])'


Note: This linter can be disabled with `set_option linter.style.whitespace false`
warning: denote/Denote.lean:13427:27: missing space in the source

This part of the code
  '[1,2,32])'
should be written as
  '2, 32])'


Note: This linter can be disabled with `set_option linter.style.whitespace false`
warning: denote/Denote.lean:13427:53: missing space in the source

This part of the code
  '[1,2,32])'
should be written as
  '[1, 2, 32])'


Note: This linter can be disabled with `set_option linter.style.whitespace false`
warning: denote/Denote.lean:13427:55: missing space in the source

This part of the code
  '[1,2,32])'
should be written as
  '2, 32])'


Note: This linter can be disabled with `set_option linter.style.whitespace false`
warning: denote/Denote.lean:13428:25: missing space in the source

This part of the code
  '[1,2,32])'
should be written as
  '[1, 2, 32])'


Note: This linter can be disabled with `set_option linter.style.whitespace false`
warning: denote/Denote.lean:13428:27: missing space in the source

This part of the code
  '[1,2,32])'
should be written as
  '2, 32])'


Note: This linter can be disabled with `set_option linter.style.whitespace false`
warning: denote/Denote.lean:13428:53: missing space in the source

This part of the code
  '[1,2,32])'
should be written as
  '[1, 2, 32])'


Note: This linter can be disabled with `set_option linter.style.whitespace false`
warning: denote/Denote.lean:13428:55: missing space in the source

This part of the code
  '[1,2,32])'
should be written as
  '2, 32])'


Note: This linter can be disabled with `set_option linter.style.whitespace false`
warning: denote/Denote.lean:13429:23: missing space in the source

This part of the code
  '[1,8,32])'
should be written as
  '[1, 8, 32])'


Note: This linter can be disabled with `set_option linter.style.whitespace false`
warning: denote/Denote.lean:13429:25: missing space in the source

This part of the code
  '[1,8,32])'
should be written as
  '8, 32])'


Note: This linter can be disabled with `set_option linter.style.whitespace false`
warning: denote/Denote.lean:13429:50: missing space in the source

This part of the code
  '[32,32])'
should be written as
  '[32, 32])'


Note: This linter can be disabled with `set_option linter.style.whitespace false`
warning: denote/Denote.lean:13534:0: Please, add a comment explaining the need for modifying the maxHeartbeat limit, as in
set_option maxHeartbeats 2000000 in
-- reason for change
...

Note: This linter can be disabled with `set_option linter.style.maxHeartbeats false`
warning: denote/Denote.lean:13540:25: missing space in the source

This part of the code
  '[1,8,32])'
should be written as
  '[1, 8, 32])'


Note: This linter can be disabled with `set_option linter.style.whitespace false`
warning: denote/Denote.lean:13540:27: missing space in the source

This part of the code
  '[1,8,32])'
should be written as
  '8, 32])'


Note: This linter can be disabled with `set_option linter.style.whitespace false`
warning: denote/Denote.lean:13540:53: missing space in the source

This part of the code
  '[1,8,32])'
should be written as
  '[1, 8, 32])'


Note: This linter can be disabled with `set_option linter.style.whitespace false`
warning: denote/Denote.lean:13540:55: missing space in the source

This part of the code
  '[1,8,32])'
should be written as
  '8, 32])'


Note: This linter can be disabled with `set_option linter.style.whitespace false`
warning: denote/Denote.lean:13541:25: missing space in the source

This part of the code
  '[1,8,32])'
should be written as
  '[1, 8, 32])'


Note: This linter can be disabled with `set_option linter.style.whitespace false`
warning: denote/Denote.lean:13541:27: missing space in the source

This part of the code
  '[1,8,32])'
should be written as
  '8, 32])'


Note: This linter can be disabled with `set_option linter.style.whitespace false`
warning: denote/Denote.lean:13541:53: missing space in the source

This part of the code
  '[1,8,32])'
should be written as
  '[1, 8, 32])'


Note: This linter can be disabled with `set_option linter.style.whitespace false`
warning: denote/Denote.lean:13541:55: missing space in the source

This part of the code
  '[1,8,32])'
should be written as
  '8, 32])'


Note: This linter can be disabled with `set_option linter.style.whitespace false`
warning: denote/Denote.lean:13542:23: missing space in the source

This part of the code
  '[1,8,32])'
should be written as
  '[1, 8, 32])'


Note: This linter can be disabled with `set_option linter.style.whitespace false`
warning: denote/Denote.lean:13542:25: missing space in the source

This part of the code
  '[1,8,32])'
should be written as
  '8, 32])'


Note: This linter can be disabled with `set_option linter.style.whitespace false`
warning: denote/Denote.lean:13543:26: missing space in the source

This part of the code
  '[32,32])'
should be written as
  '[32, 32])'


Note: This linter can be disabled with `set_option linter.style.whitespace false`
warning: denote/Denote.lean:13543:53: missing space in the source

This part of the code
  '[32,32])'
should be written as
  '[32, 32])'


Note: This linter can be disabled with `set_option linter.style.whitespace false`
warning: denote/Denote.lean:13544:26: missing space in the source

This part of the code
  '[32,32])'
should be written as
  '[32, 32])'


Note: This linter can be disabled with `set_option linter.style.whitespace false`
warning: denote/Denote.lean:13544:53: missing space in the source

This part of the code
  '[32,32])'
should be written as
  '[32, 32])'


Note: This linter can be disabled with `set_option linter.style.whitespace false`
warning: denote/Denote.lean:13629:4: This simp argument is unused:
  show (8 : Nat) ≠ 0 by omega

Hint: Omit it from the simp argument list.
  simp only [hhead, List.getD, List.getElem?_cons_zero, List.getElem?_cons_succ, Option.getD_some,
  ̲  ̲ ̲ ̲List.drop, List.foldl, show (̵8̵ ̵:̵ ̵N̵a̵t̵)̵ ̵≠̵ ̵0̵ ̵b̵y̵ ̵o̵m̵e̵g̵a̵,̵ ̵s̵h̵o̵w̵ ̵(128 : Nat) ≠ 0 by omega, show (4 : Nat) ≠ 0 by omega,
  ̲  ̲ ̲ ̲show (32 : Nat) ≠ 0 by omega, show (1 : Nat) ≠ 0 by omega, ite_false]

Note: This linter can be disabled with `set_option linter.unusedSimpArgs false`
warning: denote/Denote.lean:13630:4: This simp argument is unused:
  show (4 : Nat) ≠ 0 by omega

Hint: Omit it from the simp argument list.
  simp only [hhead, List.getD, List.getElem?_cons_zero, List.getElem?_cons_succ,
  ̵  ̵ ̵ ̵Option.getD_some,
  ̲  ̲ ̲ ̲List.drop, List.foldl,
  ̵  ̵ ̵ ̵show (8 : Nat) ≠ 0 by omega, show (128 : Nat) ≠ 0 by omega,
      show (4̵ ̵:̵ ̵N̵a̵t̵)̵ ̵≠̵ ̵0̵ ̵b̵y̵ ̵o̵m̵e̵g̵a̵,̵ ̵s̵h̵o̵w̵ ̵(̵32 : Nat) ≠ 0 by omega,
  ̵  ̵ ̵ ̵show (1 : Nat) ≠ 0 by omega, ite_false]

Note: This linter can be disabled with `set_option linter.unusedSimpArgs false`
warning: denote/Denote.lean:13653:56: This simp argument is unused:
  List.getElem?_cons_succ

Hint: Omit it from the simp argument list.
  simp only [hhead, List.getD, List.getElem?_cons_zero, L̵i̵s̵t̵.̵g̵e̵t̵E̵l̵e̵m̵?̵_̵c̵o̵n̵s̵_̵s̵u̵c̵c̵,̵
  ̵ ̵ ̵ ̵ ̵Option.getD_some, List.drop, List.foldl,
      show (32 : Nat) ≠ 0 by omega, show (128 : Nat) ≠ 0 by omega,
  ̵  ̵ ̵ ̵show (4 : Nat) ≠ 0 by omega,
  ̲  ̲ ̲ ̲show (4096 : Nat) ≠ 0 by omega,
  ̵  ̵ ̵ ̵show (1 : Nat) ≠ 0 by omega, ite_false]

Note: This linter can be disabled with `set_option linter.unusedSimpArgs false`
warning: denote/Denote.lean:13655:34: This simp argument is unused:
  show (128 : Nat) ≠ 0 by omega

Hint: Omit it from the simp argument list.
  simp only [hhead, List.getD, List.getElem?_cons_zero, List.getElem?_cons_succ,
  ̵  ̵ ̵ ̵Option.getD_some,
  ̲  ̲ ̲ ̲List.drop, List.foldl,
  ̵  ̵ ̵ ̵show (32 : Nat) ≠ 0 by omega, show (1̵2̵8̵4̲ : Nat) ≠ 0 by omega,
      show (4 ̵:̵ ̵N̵a̵t̵)̵ ̵≠̵ ̵0 ̵b̵y̵ ̵o̵m̵e̵g̵a̵,̵ ̵s̵h̵o̵w̵ ̵(̵4̵0̵96 : Nat) ≠ 0 by omega,
  ̵  ̵ ̵ ̵show (1 : Nat) ≠ 0 by omega, ite_false]

Note: This linter can be disabled with `set_option linter.unusedSimpArgs false`
warning: denote/Denote.lean:13656:4: This simp argument is unused:
  show (4 : Nat) ≠ 0 by omega

Hint: Omit it from the simp argument list.
  simp only [hhead, List.getD, List.getElem?_cons_zero, List.getElem?_cons_succ,
  ̵  ̵ ̵ ̵Option.getD_some,
  ̲  ̲ ̲ ̲List.drop, List.foldl,
  ̵  ̵ ̵ ̵show (32 : Nat) ≠ 0 by omega, show (128 : Nat) ≠ 0 by omega,
      show (4 ̵:̵ ̵N̵a̵t̵)̵ ̵≠̵ ̵0 ̵b̵y̵ ̵o̵m̵e̵g̵a̵,̵ ̵s̵h̵o̵w̵ ̵(̵4̵0̵96 : Nat) ≠ 0 by omega,
  ̵  ̵ ̵ ̵show (1 : Nat) ≠ 0 by omega, ite_false]

Note: This linter can be disabled with `set_option linter.unusedSimpArgs false`
warning: denote/Denote.lean:13657:4: This simp argument is unused:
  show (1 : Nat) ≠ 0 by omega

Hint: Omit it from the simp argument list.
  simp only [hhead, List.getD, List.getElem?_cons_zero, List.getElem?_cons_succ,
  ̵  ̵ ̵ ̵Option.getD_some,
  ̲  ̲ ̲ ̲List.drop, List.foldl,
  ̵  ̵ ̵ ̵show (32 : Nat) ≠ 0 by omega, show (128 : Nat) ≠ 0 by omega,
      show (4 : Nat) ≠ 0 by omega, show (4096 : Nat) ≠ 0 by omega,
  ̵  ̵ ̵ ̵s̵h̵o̵w̵ ̵(̵1̵ ̵:̵ ̵N̵a̵t̵)̵ ̵≠̵ ̵0̵ ̵b̵y̵ ̵o̵m̵e̵g̵a̵,̵ ̵ite_false]

Note: This linter can be disabled with `set_option linter.unusedSimpArgs false`
warning: denote/Denote.lean:13702:0: Please, add a comment explaining the need for modifying the maxHeartbeat limit, as in
set_option maxHeartbeats 1600000 in
-- reason for change
...

Note: This linter can be disabled with `set_option linter.style.maxHeartbeats false`
warning: denote/Denote.lean:13820:0: Please, add a comment explaining the need for modifying the maxHeartbeat limit, as in
set_option maxHeartbeats 1600000 in
-- reason for change
...

Note: This linter can be disabled with `set_option linter.style.maxHeartbeats false`
warning: denote/Denote.lean:13926:0: Please, add a comment explaining the need for modifying the maxHeartbeat limit, as in
set_option maxHeartbeats 800000 in
-- reason for change
...

Note: This linter can be disabled with `set_option linter.style.maxHeartbeats false`
warning: denote/Denote.lean:13950:0: Please, add a comment explaining the need for modifying the maxHeartbeat limit, as in
set_option maxHeartbeats 2000000 in
-- reason for change
...

Note: This linter can be disabled with `set_option linter.style.maxHeartbeats false`
warning: denote/Denote.lean:13956:25: missing space in the source

This part of the code
  '[1,8,8])'
should be written as
  '[1, 8, 8])'


Note: This linter can be disabled with `set_option linter.style.whitespace false`
warning: denote/Denote.lean:13956:27: missing space in the source

This part of the code
  '[1,8,8]) (hg1'
should be written as
  '8, 8])'


Note: This linter can be disabled with `set_option linter.style.whitespace false`
warning: denote/Denote.lean:13956:52: missing space in the source

This part of the code
  '[1,8,8])'
should be written as
  '[1, 8, 8])'


Note: This linter can be disabled with `set_option linter.style.whitespace false`
warning: denote/Denote.lean:13956:54: missing space in the source

This part of the code
  '[1,8,8])
'
should be written as
  '8, 8])'


Note: This linter can be disabled with `set_option linter.style.whitespace false`
warning: denote/Denote.lean:13957:25: missing space in the source

This part of the code
  '[1,8,8])'
should be written as
  '[1, 8, 8])'


Note: This linter can be disabled with `set_option linter.style.whitespace false`
warning: denote/Denote.lean:13957:27: missing space in the source

This part of the code
  '[1,8,8]) (hg3'
should be written as
  '8, 8])'


Note: This linter can be disabled with `set_option linter.style.whitespace false`
warning: denote/Denote.lean:13957:52: missing space in the source

This part of the code
  '[1,8,8])'
should be written as
  '[1, 8, 8])'


Note: This linter can be disabled with `set_option linter.style.whitespace false`
warning: denote/Denote.lean:13957:54: missing space in the source

This part of the code
  '[1,8,8])
'
should be written as
  '8, 8])'


Note: This linter can be disabled with `set_option linter.style.whitespace false`
warning: denote/Denote.lean:13958:23: missing space in the source

This part of the code
  '[1,8,128])'
should be written as
  '[1, 8, 128])'


Note: This linter can be disabled with `set_option linter.style.whitespace false`
warning: denote/Denote.lean:13958:25: missing space in the source

This part of the code
  '[1,8,128])'
should be written as
  '8, 128])'


Note: This linter can be disabled with `set_option linter.style.whitespace false`
warning: denote/Denote.lean:13959:25: missing space in the source

This part of the code
  '[8,128])'
should be written as
  '[8, 128])'


Note: This linter can be disabled with `set_option linter.style.whitespace false`
warning: denote/Denote.lean:13959:52: missing space in the source

This part of the code
  '[8,128])'
should be written as
  '[8, 128])'


Note: This linter can be disabled with `set_option linter.style.whitespace false`
warning: denote/Denote.lean:13960:25: missing space in the source

This part of the code
  '[8,128])'
should be written as
  '[8, 128])'


Note: This linter can be disabled with `set_option linter.style.whitespace false`
warning: denote/Denote.lean:13960:52: missing space in the source

This part of the code
  '[8,128])'
should be written as
  '[8, 128])'


Note: This linter can be disabled with `set_option linter.style.whitespace false`
warning: denote/Denote.lean:14035:0: Please, add a comment explaining the need for modifying the maxHeartbeat limit, as in
set_option maxHeartbeats 800000 in
-- reason for change
...

Note: This linter can be disabled with `set_option linter.style.maxHeartbeats false`
warning: denote/Denote.lean:14178:0: Please, add a comment explaining the need for modifying the maxHeartbeat limit, as in
set_option maxHeartbeats 2000000 in
-- reason for change
...

Note: This linter can be disabled with `set_option linter.style.maxHeartbeats false`
warning: denote/Denote.lean:14185:23: missing space in the source

This part of the code
  '[1,8,32])'
should be written as
  '[1, 8, 32])'


Note: This linter can be disabled with `set_option linter.style.whitespace false`
warning: denote/Denote.lean:14185:25: missing space in the source

This part of the code
  '[1,8,32])'
should be written as
  '8, 32])'


Note: This linter can be disabled with `set_option linter.style.whitespace false`
warning: denote/Denote.lean:14185:49: missing space in the source

This part of the code
  '[1,8,32])'
should be written as
  '[1, 8, 32])'


Note: This linter can be disabled with `set_option linter.style.whitespace false`
warning: denote/Denote.lean:14185:51: missing space in the source

This part of the code
  '[1,8,32])'
should be written as
  '8, 32])'


Note: This linter can be disabled with `set_option linter.style.whitespace false`
warning: denote/Denote.lean:14186:26: missing space in the source

This part of the code
  '[32,8]) (hw1'
should be written as
  '[32, 8])'


Note: This linter can be disabled with `set_option linter.style.whitespace false`
warning: denote/Denote.lean:14186:52: missing space in the source

This part of the code
  '[32,8])
'
should be written as
  '[32, 8])'


Note: This linter can be disabled with `set_option linter.style.whitespace false`
warning: denote/Denote.lean:14187:26: missing space in the source

This part of the code
  '[32,8]) (hw3'
should be written as
  '[32, 8])'


Note: This linter can be disabled with `set_option linter.style.whitespace false`
warning: denote/Denote.lean:14187:52: missing space in the source

This part of the code
  '[32,8]) :'
should be written as
  '[32, 8])'


Note: This linter can be disabled with `set_option linter.style.whitespace false`
warning: denote/Denote.lean:14289:0: Please, add a comment explaining the need for modifying the maxHeartbeat limit, as in
set_option maxHeartbeats 800000 in
-- reason for change
...

Note: This linter can be disabled with `set_option linter.style.maxHeartbeats false`
warning: denote/Denote.lean:14345:29: Variable name `ho` is not explicitly referenced.

The binding can be removed (if unused) or named `_` (if used implicitly).

Note: This linter can be disabled with `set_option linter.unusedVariables false`
warning: denote/Denote.lean:14408:13: This simp argument is unused:
  Nat.mul_one

Hint: Omit it from the simp argument list.
  simp only [̵N̵a̵t̵.̵m̵u̵l̵_̵o̵n̵e̵,̵ ̵N̵a̵t̵.̵a̵d̵d̵_̵z̵e̵r̵o̵,̵[̲N̲a̲t̲.̲a̲d̲d̲_̲z̲e̲r̲o̲,̲ valAt, hidx_lt_Wr, dif_pos]

Note: This linter can be disabled with `set_option linter.unusedSimpArgs false`
warning: denote/Denote.lean:14410:0: Please, add a comment explaining the need for modifying the maxHeartbeat limit, as in
set_option maxHeartbeats 1600000 in
-- reason for change
...

Note: This linter can be disabled with `set_option linter.style.maxHeartbeats false`
warning: denote/Denote.lean:14495:61: This simp argument is unused:
  List.getElem?_cons_succ

Hint: Omit it from the simp argument list.
  simp only [List.getD, List.getElem?_cons_zero, L̵i̵s̵t̵.̵g̵e̵t̵E̵l̵e̵m̵?̵_̵c̵o̵n̵s̵_̵s̵u̵c̵c̵,̵ ̵Option.getD_some]

Note: This linter can be disabled with `set_option linter.unusedSimpArgs false`
warning: denote/Denote.lean:14428:0: Please, add a comment explaining the need for modifying the maxHeartbeat limit, as in
set_option maxHeartbeats 1600000 in
-- reason for change
...

Note: This linter can be disabled with `set_option linter.style.maxHeartbeats false`
warning: denote/Denote.lean:14526:0: Please, add a comment explaining the need for modifying the maxHeartbeat limit, as in
set_option maxHeartbeats 800000 in
-- reason for change
...

Note: This linter can be disabled with `set_option linter.style.maxHeartbeats false`
warning: denote/Denote.lean:14616:0: Please, add a comment explaining the need for modifying the maxHeartbeat limit, as in
set_option maxHeartbeats 2000000 in
-- reason for change
...

Note: This linter can be disabled with `set_option linter.style.maxHeartbeats false`
warning: denote/Denote.lean:14624:23: missing space in the source

This part of the code
  '[1,8,32])'
should be written as
  '[1, 8, 32])'


Note: This linter can be disabled with `set_option linter.style.whitespace false`
warning: denote/Denote.lean:14624:25: missing space in the source

This part of the code
  '[1,8,32])'
should be written as
  '8, 32])'


Note: This linter can be disabled with `set_option linter.style.whitespace false`
warning: denote/Denote.lean:14625:25: missing space in the source

This part of the code
  '[1,2,32])'
should be written as
  '[1, 2, 32])'


Note: This linter can be disabled with `set_option linter.style.whitespace false`
warning: denote/Denote.lean:14625:27: missing space in the source

This part of the code
  '[1,2,32])'
should be written as
  '2, 32])'


Note: This linter can be disabled with `set_option linter.style.whitespace false`
warning: denote/Denote.lean:14625:53: missing space in the source

This part of the code
  '[1,2,32])'
should be written as
  '[1, 2, 32])'


Note: This linter can be disabled with `set_option linter.style.whitespace false`
warning: denote/Denote.lean:14625:55: missing space in the source

This part of the code
  '[1,2,32])'
should be written as
  '2, 32])'


Note: This linter can be disabled with `set_option linter.style.whitespace false`
warning: denote/Denote.lean:14626:25: missing space in the source

This part of the code
  '[1,2,32])'
should be written as
  '[1, 2, 32])'


Note: This linter can be disabled with `set_option linter.style.whitespace false`
warning: denote/Denote.lean:14626:27: missing space in the source

This part of the code
  '[1,2,32])'
should be written as
  '2, 32])'


Note: This linter can be disabled with `set_option linter.style.whitespace false`
warning: denote/Denote.lean:14626:53: missing space in the source

This part of the code
  '[1,2,32])'
should be written as
  '[1, 2, 32])'


Note: This linter can be disabled with `set_option linter.style.whitespace false`
warning: denote/Denote.lean:14626:55: missing space in the source

This part of the code
  '[1,2,32])'
should be written as
  '2, 32])'


Note: This linter can be disabled with `set_option linter.style.whitespace false`
warning: denote/Denote.lean:14627:24: missing space in the source

This part of the code
  '[32,32])'
should be written as
  '[32, 32])'


Note: This linter can be disabled with `set_option linter.style.whitespace false`
warning: denote/Denote.lean:14720:0: Please, add a comment explaining the need for modifying the maxHeartbeat limit, as in
set_option maxHeartbeats 2000000 in
-- reason for change
...

Note: This linter can be disabled with `set_option linter.style.maxHeartbeats false`
warning: denote/Denote.lean:14729:23: missing space in the source

This part of the code
  '[1,8,32])'
should be written as
  '[1, 8, 32])'


Note: This linter can be disabled with `set_option linter.style.whitespace false`
warning: denote/Denote.lean:14729:25: missing space in the source

This part of the code
  '[1,8,32])'
should be written as
  '8, 32])'


Note: This linter can be disabled with `set_option linter.style.whitespace false`
warning: denote/Denote.lean:14729:49: missing space in the source

This part of the code
  '[1,8,32])'
should be written as
  '[1, 8, 32])'


Note: This linter can be disabled with `set_option linter.style.whitespace false`
warning: denote/Denote.lean:14729:51: missing space in the source

This part of the code
  '[1,8,32])'
should be written as
  '8, 32])'


Note: This linter can be disabled with `set_option linter.style.whitespace false`
warning: denote/Denote.lean:14730:25: missing space in the source

This part of the code
  '[1,2,32])'
should be written as
  '[1, 2, 32])'


Note: This linter can be disabled with `set_option linter.style.whitespace false`
warning: denote/Denote.lean:14730:27: missing space in the source

This part of the code
  '[1,2,32])'
should be written as
  '2, 32])'


Note: This linter can be disabled with `set_option linter.style.whitespace false`
warning: denote/Denote.lean:14730:53: missing space in the source

This part of the code
  '[1,2,32])'
should be written as
  '[1, 2, 32])'


Note: This linter can be disabled with `set_option linter.style.whitespace false`
warning: denote/Denote.lean:14730:55: missing space in the source

This part of the code
  '[1,2,32])'
should be written as
  '2, 32])'


Note: This linter can be disabled with `set_option linter.style.whitespace false`
warning: denote/Denote.lean:14731:25: missing space in the source

This part of the code
  '[1,2,32])'
should be written as
  '[1, 2, 32])'


Note: This linter can be disabled with `set_option linter.style.whitespace false`
warning: denote/Denote.lean:14731:27: missing space in the source

This part of the code
  '[1,2,32])'
should be written as
  '2, 32])'


Note: This linter can be disabled with `set_option linter.style.whitespace false`
warning: denote/Denote.lean:14731:53: missing space in the source

This part of the code
  '[1,2,32])'
should be written as
  '[1, 2, 32])'


Note: This linter can be disabled with `set_option linter.style.whitespace false`
warning: denote/Denote.lean:14731:55: missing space in the source

This part of the code
  '[1,2,32])'
should be written as
  '2, 32])'


Note: This linter can be disabled with `set_option linter.style.whitespace false`
warning: denote/Denote.lean:14732:24: missing space in the source

This part of the code
  '[32,32])'
should be written as
  '[32, 32])'


Note: This linter can be disabled with `set_option linter.style.whitespace false`
warning: denote/Denote.lean:14831:0: Please, add a comment explaining the need for modifying the maxHeartbeat limit, as in
set_option maxHeartbeats 1600000 in
-- reason for change
...

Note: This linter can be disabled with `set_option linter.style.maxHeartbeats false`
warning: denote/Denote.lean:14945:2: The `show` tactic should only be used to indicate intermediate goal states for readability.
However, this tactic invocation changed the goal. Please use `change` instead for these purposes.

Note: This linter can be disabled with `set_option linter.style.show false`
warning: denote/Denote.lean:14950:10: Used `tac1 <;> tac2` where `(tac1; tac2)` would suffice

Note: This linter can be disabled with `set_option linter.unnecessarySeqFocus false`
warning: denote/Denote.lean:15047:49: This simp argument is unused:
  Nat.reduceAdd

Hint: Omit it from the simp argument list.
  simp only [Finset.sum_range_succ, Finset.sum_range_zero, zero_add, Nat.reduceDiv, Nat.reduceMod,
  ̲  ̲ ̲ ̲Nat.reduceMul, N̵a̵t̵.̵r̵e̵d̵u̵c̵e̵A̵d̵d̵,̵Nat.zero_mul, Nat.add_zero, List.getD, List.getElem?_cons_zero,
  ̲  ̲ ̲ ̲List.getElem?_cons_succ, Option.getD_some]

Note: This linter can be disabled with `set_option linter.unusedSimpArgs false`
warning: denote/Denote.lean:15066:45: Variable name `hl` is not explicitly referenced.

The binding can be removed (if unused) or named `_` (if used implicitly).

Note: This linter can be disabled with `set_option linter.unusedVariables false`
warning: denote/Denote.lean:15069:43: Variable name `hl` is not explicitly referenced.

The binding can be removed (if unused) or named `_` (if used implicitly).

Note: This linter can be disabled with `set_option linter.unusedVariables false`
warning: denote/Denote.lean:15074:0: Please, add a comment explaining the need for modifying the maxHeartbeat limit, as in
set_option maxHeartbeats 1600000 in
-- reason for change
...

Note: This linter can be disabled with `set_option linter.style.maxHeartbeats false`
warning: denote/Denote.lean:15135:51: This simp argument is unused:
  List.getElem?_cons_succ

Hint: Omit it from the simp argument list.
  simp only [List.getD, List.getElem?_cons_zero, L̵i̵s̵t̵.̵g̵e̵t̵E̵l̵e̵m̵?̵_̵c̵o̵n̵s̵_̵s̵u̵c̵c̵,̵ ̵Option.getD_some]

Note: This linter can be disabled with `set_option linter.unusedSimpArgs false`
warning: denote/Denote.lean:15269:34: This simp argument is unused:
  Nat.reduceAdd

Hint: Omit it from the simp argument list.
  simp only [Finset.sum_range_succ, Finset.sum_range_zero, List.getD, List.getElem?_cons_zero,
  ̲  ̲ ̲ ̲List.getElem?_cons_succ, Option.getD_some, Nat.reduceDiv, Nat.reduceMod, N̵a̵t̵.̵r̵e̵d̵u̵c̵e̵A̵d̵d̵,̵ ̵Nat.add_zero,
  ̲  ̲ ̲ ̲Nat.zero_add]

Note: This linter can be disabled with `set_option linter.unusedSimpArgs false`
warning: denote/Denote.lean:15269:63: This simp argument is unused:
  Nat.zero_add

Hint: Omit it from the simp argument list.
  simp only [Finset.sum_range_succ, Finset.sum_range_zero,
  ̵  ̵ ̵ ̵List.getD, List.getElem?_cons_zero,
  ̲  ̲ ̲ ̲List.getElem?_cons_succ, Option.getD_some,
  ̵  ̵ ̵ ̵Nat.reduceDiv, Nat.reduceMod, Nat.reduceAdd,
  ̲ N̵a̵t̵.̵a̵d̵d̵_̵z̵e̵r̵o̵,̵  ̲ ̲Nat.z̵e̵r̵o̵_̵add_̲z̲e̲r̲o̲]

Note: This linter can be disabled with `set_option linter.unusedSimpArgs false`
warning: denote/Denote.lean:15324:2: The `show` tactic should only be used to indicate intermediate goal states for readability.
However, this tactic invocation changed the goal. Please use `change` instead for these purposes.

Note: This linter can be disabled with `set_option linter.style.show false`
warning: denote/Denote.lean:15348:2: The `show` tactic should only be used to indicate intermediate goal states for readability.
However, this tactic invocation changed the goal. Please use `change` instead for these purposes.

Note: This linter can be disabled with `set_option linter.style.show false`
warning: denote/Denote.lean:15375:2: The `show` tactic should only be used to indicate intermediate goal states for readability.
However, this tactic invocation changed the goal. Please use `change` instead for these purposes.

Note: This linter can be disabled with `set_option linter.style.show false`
warning: denote/Denote.lean:15412:33: This simp argument is unused:
  show (8 : Nat) ≠ 0 by omega

Hint: Omit it from the simp argument list.
  simp only [hx, List.getD, List.getElem?_cons_zero, List.getElem?_cons_succ,
  ̵  ̵ ̵ ̵Option.getD_some,
  ̲  ̲ ̲ ̲List.drop, List.foldl,
  ̵  ̵ ̵ ̵show (4 : Nat) ≠ 0 by omega, show (8̵ ̵:̵ ̵N̵a̵t̵)̵ ̵≠̵ ̵0̵ ̵b̵y̵ ̵o̵m̵e̵g̵a̵,̵
  ̵ ̵ ̵ ̵ ̵s̵h̵o̵w̵ ̵(̵32 : Nat) ≠ 0 by omega,
  ̲  ̲ ̲ ̲show (1 : Nat) ≠ 0 by omega, ite_false,
  ̵  ̵ ̵ ̵Nat.reduceMul, Nat.reduceDiv, Nat.reduceAdd,
      show (2 : Nat) ≠ 0 by omega, show (64 : Nat) ≠ 0 by omega]

Note: This linter can be disabled with `set_option linter.unusedSimpArgs false`
warning: denote/Denote.lean:15413:34: This simp argument is unused:
  show (1 : Nat) ≠ 0 by omega

Hint: Omit it from the simp argument list.
  simp only [hx, List.getD, List.getElem?_cons_zero, List.getElem?_cons_succ,
  ̵  ̵ ̵ ̵Option.getD_some,
  ̲  ̲ ̲ ̲List.drop, List.foldl,
  ̵  ̵ ̵ ̵show (4 : Nat) ≠ 0 by omega, show (8 : Nat) ≠ 0 by omega,
      show (32 : Nat) ≠ 0 by omega, s̵h̵o̵w̵ ̵(̵1̵ ̵:̵ ̵N̵a̵t̵)̵ ̵≠̵ ̵0̵ ̵b̵y̵ ̵o̵m̵e̵g̵a̵,̵ ̵ite_false,
  ̵  ̵ ̵ ̵Nat.reduceMul, Nat.reduceDiv, Nat.reduceAdd,
      show (2 : Nat) ≠ 0 by omega, show (64 : Nat) ≠ 0 by omega]

Note: This linter can be disabled with `set_option linter.unusedSimpArgs false`
warning: denote/Denote.lean:15415:4: This simp argument is unused:
  show (2 : Nat) ≠ 0 by omega

Hint: Omit it from the simp argument list.
  simp only [hx, List.getD, List.getElem?_cons_zero, List.getElem?_cons_succ,
  ̵  ̵ ̵ ̵Option.getD_some,
  ̲  ̲ ̲ ̲List.drop, List.foldl,
  ̵  ̵ ̵ ̵show (4 : Nat) ≠ 0 by omega, show (8 : Nat) ≠ 0 by omega,
      show (32 : Nat) ≠ 0 by omega, show (1 : Nat) ≠ 0 by omega, ite_false,
  ̵  ̵ ̵ ̵Nat.reduceMul,
  ̲  ̲ ̲ ̲Nat.reduceDiv, Nat.reduceAdd,
  ̵  ̵ ̵ ̵show (2̵ ̵:̵ ̵N̵a̵t̵)̵ ̵≠̵ ̵0̵ ̵b̵y̵ ̵o̵m̵e̵g̵a̵,̵ ̵s̵h̵o̵w̵ ̵(̵64 : Nat) ≠ 0 by omega]

Note: This linter can be disabled with `set_option linter.unusedSimpArgs false`
warning: denote/Denote.lean:15437:4: This simp argument is unused:
  Nat.reduceDiv

Hint: Omit it from the simp argument list.
  simp only [hhead, List.getD, List.getElem?_cons_zero, List.getElem?_cons_succ, Option.getD_some,
  ̲  ̲ ̲ ̲List.drop, List.foldl, Nat.reduceMul, Nat.reduceAdd, N̵a̵t̵.̵r̵e̵d̵u̵c̵e̵D̵i̵v̵,̵ ̵Nat.reduceMod, Nat.div_one, Nat.mod_one,
  ̲  ̲ ̲ ̲Nat.mul_one, Nat.add_zero, Nat.zero_add, show (2 : Nat) ≠ 0 from by omega,
      show (32 : Nat) ≠ 0 from by omega, show (64 : Nat) ≠ 0 from by omega,
      show (256 : Nat) ≠ 0 from by omega, ite_false]

Note: This linter can be disabled with `set_option linter.unusedSimpArgs false`
warning: denote/Denote.lean:15437:19: This simp argument is unused:
  Nat.reduceMod

Hint: Omit it from the simp argument list.
  simp only [hhead, List.getD, List.getElem?_cons_zero, List.getElem?_cons_succ,
  ̵  ̵ ̵ ̵Option.getD_some,
  ̲  ̲ ̲ ̲List.drop, List.foldl, Nat.reduceMul, Nat.reduceAdd,
  ̵  ̵ ̵ ̵Nat.reduceDiv, Nat.r̵e̵du̵c̵e̵M̵o̵d̵,̵ ̵N̵a̵t̵.̵d̵iv_one, Nat.mod_one,
  ̲  ̲ ̲ ̲Nat.mul_one,
  ̵  ̵ ̵ ̵Nat.add_zero, Nat.zero_add, show (2 : Nat) ≠ 0 from by omega,
      show (32 : Nat) ≠ 0 from by omega, show (64 : Nat) ≠ 0 from by omega,
      show (256 : Nat) ≠ 0 from by omega, ite_false]

Note: This linter can be disabled with `set_option linter.unusedSimpArgs false`
warning: denote/Denote.lean:15437:34: This simp argument is unused:
  Nat.div_one

Hint: Omit it from the simp argument list.
  simp only [hhead, List.getD, List.getElem?_cons_zero, List.getElem?_cons_succ,
  ̵  ̵ ̵ ̵Option.getD_some,
  ̲  ̲ ̲ ̲List.drop, List.foldl, Nat.reduceMul, Nat.reduceAdd,
  ̵  ̵ ̵ ̵Nat.reduceDiv, Nat.reduceMod, Nat.d̵i̵v̵_̵o̵n̵e̵,̵ ̵N̵a̵t̵.̵mod_one, ̵N̵a̵t̵.̵m̵u̵l̵_̵o̵n̵e̵,̵
      Nat.m̲u̲l̲_̲o̲n̲e̲,̲ ̲N̲at̲.̲a̲dd_zero, Nat.zero_add, show (2 : Nat) ≠ 0 from by omega,
      show (32 : Nat) ≠ 0 from by omega, show (64 : Nat) ≠ 0 from by omega,
      show (256 : Nat) ≠ 0 from by omega, ite_false]

Note: This linter can be disabled with `set_option linter.unusedSimpArgs false`
warning: denote/Denote.lean:15437:47: This simp argument is unused:
  Nat.mod_one

Hint: Omit it from the simp argument list.
  simp only [hhead, List.getD, List.getElem?_cons_zero, List.getElem?_cons_succ,
  ̵  ̵ ̵ ̵Option.getD_some,
  ̲  ̲ ̲ ̲List.drop, List.foldl, Nat.reduceMul, Nat.reduceAdd,
  ̵  ̵ ̵ ̵Nat.reduceDiv, Nat.reduceMod, Nat.div_one, ̵N̵a̵t̵.̵m̵o̵d̵_̵o̵n̵e̵,̵ ̵N̵a̵t̵.̵m̵u̵l̵_̵o̵n̵e̵,̵
      Nat.m̲u̲l̲_̲o̲n̲e̲,̲ ̲N̲at̲.̲a̲dd_zero, Nat.zero_add, show (2 : Nat) ≠ 0 from by omega,
      show (32 : Nat) ≠ 0 from by omega, show (64 : Nat) ≠ 0 from by omega,
      show (256 : Nat) ≠ 0 from by omega, ite_false]

Note: This linter can be disabled with `set_option linter.unusedSimpArgs false`
warning: denote/Denote.lean:15437:60: This simp argument is unused:
  Nat.mul_one

Hint: Omit it from the simp argument list.
  simp only [hhead, List.getD, List.getElem?_cons_zero, List.getElem?_cons_succ,
  ̵  ̵ ̵ ̵Option.getD_some,
  ̲  ̲ ̲ ̲List.drop, List.foldl, Nat.reduceMul, Nat.reduceAdd,
  ̵  ̵ ̵ ̵Nat.reduceDiv, Nat.reduceMod, Nat.div_one,
  ̲  ̲ ̲ ̲Nat.mod_one, Nat.m̵u̵l̵_̵o̵n̵e̵,̵
  ̵ ̵ ̵ ̵ ̵N̵at̵.̵a̵dd_zero, Nat.zero_add, show (2 : Nat) ≠ 0 from by omega,
      show (32 : Nat) ≠ 0 from by omega, show (64 : Nat) ≠ 0 from by omega,
      show (256 : Nat) ≠ 0 from by omega, ite_false]

Note: This linter can be disabled with `set_option linter.unusedSimpArgs false`
warning: denote/Denote.lean:15438:4: This simp argument is unused:
  Nat.add_zero

Hint: Omit it from the simp argument list.
  simp only [hhead, List.getD, List.getElem?_cons_zero, List.getElem?_cons_succ,
  ̵  ̵ ̵ ̵Option.getD_some,
  ̲  ̲ ̲ ̲List.drop, List.foldl, Nat.reduceMul, Nat.reduceAdd,
  ̵  ̵ ̵ ̵Nat.reduceDiv, Nat.reduceMod, Nat.div_one, ̵N̵a̵t̵.̵m̵o̵d̵_̵o̵n̵e̵,̵ ̵N̵a̵t̵.̵m̵u̵l̵_̵o̵n̵e̵,̵
      Nat.m̲o̲d̲_̲o̲n̲e̲,̲ ̲N̲ad̵d̵t̲.̲m̲u̲l̲_z̵o̲n̲er̵o̵, Nat.zero_add, show (2 : Nat) ≠ 0 from by omega,
      show (32 : Nat) ≠ 0 from by omega, show (64 : Nat) ≠ 0 from by omega,
      show (256 : Nat) ≠ 0 from by omega, ite_false]

Note: This linter can be disabled with `set_option linter.unusedSimpArgs false`
warning: denote/Denote.lean:15438:18: This simp argument is unused:
  Nat.zero_add

Hint: Omit it from the simp argument list.
  simp only [hhead, List.getD, List.getElem?_cons_zero, List.getElem?_cons_succ,
  ̵  ̵ ̵ ̵Option.getD_some,
  ̲  ̲ ̲ ̲List.drop, List.foldl, Nat.reduceMul, Nat.reduceAdd,
  ̵  ̵ ̵ ̵Nat.reduceDiv, Nat.reduceMod, Nat.div_one, ̵N̵a̵t̵.̵m̵o̵d̵_̵o̵n̵e̵,̵ ̵N̵a̵t̵.̵m̵u̵l̵_̵o̵n̵e̵,̵
      Nat.m̲o̲d̲_̲o̲n̲e̲,̲ ̲N̲ad̵d̵t̲.̲m̲u̲l̲_z̵o̲n̲er̵o̵, Nat.z̵e̵r̵o̵_̵add_̲z̲e̲r̲o̲, show (2 : Nat) ≠ 0 from by omega,
      show (32 : Nat) ≠ 0 from by omega, show (64 : Nat) ≠ 0 from by omega,
      show (256 : Nat) ≠ 0 from by omega, ite_false]

Note: This linter can be disabled with `set_option linter.unusedSimpArgs false`
warning: denote/Denote.lean:15439:39: This simp argument is unused:
  show (64 : Nat) ≠ 0 from by omega

Hint: Omit it from the simp argument list.
  simp only [hhead, List.getD, List.getElem?_cons_zero, List.getElem?_cons_succ,
  ̵  ̵ ̵ ̵Option.getD_some,
  ̲  ̲ ̲ ̲List.drop, List.foldl, Nat.reduceMul, Nat.reduceAdd,
  ̵  ̵ ̵ ̵Nat.reduceDiv, Nat.reduceMod, Nat.div_one,
  ̲  ̲ ̲ ̲Nat.mod_one, Nat.mul_one,
  ̵  ̵ ̵ ̵Nat.add_zero, Nat.zero_add, show (2 : Nat) ≠ 0 from by omega,
      show (32 : Nat) ≠ 0 from by omega, show (6̵4̵ ̵:̵ ̵N̵a̵t̵)̵ ̵≠̵ ̵0̵ ̵f̵r̵o̵m̵ ̵b̵y̵ ̵o̵m̵e̵g̵a̵,̵
  ̵ ̵ ̵ ̵ ̵s̵h̵o̵w̵ ̵(̵256 : Nat) ≠ 0 from by omega, ite_false]

Note: This linter can be disabled with `set_option linter.unusedSimpArgs false`
warning: denote/Denote.lean:15480:23: This simp argument is unused:
  List.getElem?_cons_zero

Hint: Omit it from the simp argument list.
  simp [List.getD, L̵i̵s̵t̵.̵g̵e̵t̵E̵l̵e̵m̵?̵_̵c̵o̵n̵s̵_̵z̵e̵r̵o̵,̵ ̵List.getElem?_cons_succ]

Note: This linter can be disabled with `set_option linter.unusedSimpArgs false`
warning: denote/Denote.lean:15480:48: This simp argument is unused:
  List.getElem?_cons_succ

Hint: Omit it from the simp argument list.
  simp [List.getD, List.getElem?_cons_zero,̵ ̵L̵i̵s̵t̵.̵g̵e̵t̵E̵l̵e̵m̵?̵_̵c̵o̵n̵s̵_̵s̵u̵c̵c̵]

Note: This linter can be disabled with `set_option linter.unusedSimpArgs false`
warning: denote/Denote.lean:15488:2: The `show` tactic should only be used to indicate intermediate goal states for readability.
However, this tactic invocation changed the goal. Please use `change` instead for these purposes.

Note: This linter can be disabled with `set_option linter.style.show false`
warning: denote/Denote.lean:15515:2: The `show` tactic should only be used to indicate intermediate goal states for readability.
However, this tactic invocation changed the goal. Please use `change` instead for these purposes.

Note: This linter can be disabled with `set_option linter.style.show false`
warning: denote/Denote.lean:15582:24: This simp argument is unused:
  List.getD

Hint: Omit it from the simp argument list.
  simp only [List.getD̵,̵ ̵L̵i̵s̵t̵.̵g̵e̵t̵Elem?_cons_zero, List.getElem?_cons_succ, Option.getD_some]

Note: This linter can be disabled with `set_option linter.unusedSimpArgs false`
warning: denote/Denote.lean:15582:60: This simp argument is unused:
  List.getElem?_cons_succ

Hint: Omit it from the simp argument list.
  simp only [List.getD, List.getElem?_cons_zero, L̵i̵s̵t̵.̵g̵e̵t̵E̵l̵e̵m̵?̵_̵c̵o̵n̵s̵_̵s̵u̵c̵c̵,̵ ̵Option.getD_some]

Note: This linter can be disabled with `set_option linter.unusedSimpArgs false`
warning: denote/Denote.lean:15586:24: This simp argument is unused:
  List.getD

Hint: Omit it from the simp argument list.
  simp only [List.getD̵,̵ ̵L̵i̵s̵t̵.̵g̵e̵t̵Elem?_cons_zero, List.getElem?_cons_succ, Option.getD_some]

Note: This linter can be disabled with `set_option linter.unusedSimpArgs false`
warning: denote/Denote.lean:15590:24: This simp argument is unused:
  List.getD

Hint: Omit it from the simp argument list.
  simp only [List.getD̵,̵ ̵L̵i̵s̵t̵.̵g̵e̵t̵Elem?_cons_zero, List.getElem?_cons_succ, Option.getD_some]

Note: This linter can be disabled with `set_option linter.unusedSimpArgs false`
warning: denote/Denote.lean:15594:24: This simp argument is unused:
  List.getD

Hint: Omit it from the simp argument list.
  simp only [List.getD̵,̵ ̵L̵i̵s̵t̵.̵g̵e̵t̵Elem?_cons_zero, List.getElem?_cons_succ, Option.getD_some]

Note: This linter can be disabled with `set_option linter.unusedSimpArgs false`
warning: denote/Denote.lean:15602:2: The `show` tactic should only be used to indicate intermediate goal states for readability.
However, this tactic invocation changed the goal. Please use `change` instead for these purposes.

Note: This linter can be disabled with `set_option linter.style.show false`
warning: denote/Denote.lean:15626:2: The `show` tactic should only be used to indicate intermediate goal states for readability.
However, this tactic invocation changed the goal. Please use `change` instead for these purposes.

Note: This linter can be disabled with `set_option linter.style.show false`
warning: denote/Denote.lean:15646:25: This simp argument is unused:
  hne.symm

Hint: Omit it from the simp argument list.
  simp [List.find?, hne,̵ ̵h̵n̵e̵.̵s̵y̵m̵m̵]

Note: This linter can be disabled with `set_option linter.unusedSimpArgs false`
warning: denote/Denote.lean:15650:2: The `show` tactic should only be used to indicate intermediate goal states for readability.
However, this tactic invocation changed the goal. Please use `change` instead for these purposes.

Note: This linter can be disabled with `set_option linter.style.show false`
warning: denote/Denote.lean:15674:2: The `show` tactic should only be used to indicate intermediate goal states for readability.
However, this tactic invocation changed the goal. Please use `change` instead for these purposes.

Note: This linter can be disabled with `set_option linter.style.show false`
warning: denote/Denote.lean:15694:25: This simp argument is unused:
  hne.symm

Hint: Omit it from the simp argument list.
  simp [List.find?, hne,̵ ̵h̵n̵e̵.̵s̵y̵m̵m̵]

Note: This linter can be disabled with `set_option linter.unusedSimpArgs false`
warning: denote/Denote.lean:15702:0: Please, add a comment explaining the need for modifying the maxHeartbeat limit, as in
set_option maxHeartbeats 1600000 in
-- reason for change
...

Note: This linter can be disabled with `set_option linter.style.maxHeartbeats false`
warning: denote/Denote.lean:15770:12: Used `tac1 <;> tac2` where `(tac1; tac2)` would suffice

Note: This linter can be disabled with `set_option linter.unnecessarySeqFocus false`
warning: denote/Denote.lean:15780:12: Used `tac1 <;> tac2` where `(tac1; tac2)` would suffice

Note: This linter can be disabled with `set_option linter.unnecessarySeqFocus false`
warning: denote/Denote.lean:15790:12: Used `tac1 <;> tac2` where `(tac1; tac2)` would suffice

Note: This linter can be disabled with `set_option linter.unnecessarySeqFocus false`
warning: denote/Denote.lean:15800:12: Used `tac1 <;> tac2` where `(tac1; tac2)` would suffice

Note: This linter can be disabled with `set_option linter.unnecessarySeqFocus false`
warning: denote/Denote.lean:15871:23: This simp argument is unused:
  List.getElem?_cons_zero

Hint: Omit it from the simp argument list.
  simp [List.getD, L̵i̵s̵t̵.̵g̵e̵t̵E̵l̵e̵m̵?̵_̵c̵o̵n̵s̵_̵z̵e̵r̵o̵,̵ ̵List.getElem?_cons_succ, h0, h1, h2, h3]

Note: This linter can be disabled with `set_option linter.unusedSimpArgs false`
warning: denote/Denote.lean:15871:48: This simp argument is unused:
  List.getElem?_cons_succ

Hint: Omit it from the simp argument list.
  simp [List.getD, List.getElem?_cons_zero, L̵i̵s̵t̵.̵g̵e̵t̵E̵l̵e̵m̵?̵_̵c̵o̵n̵s̵_̵s̵u̵c̵c̵,̵ ̵h0, h1, h2, h3]

Note: This linter can be disabled with `set_option linter.unusedSimpArgs false`
warning: denote/Denote.lean:15879:23: This simp argument is unused:
  List.getElem?_cons_zero

Hint: Omit it from the simp argument list.
  simp [List.getD, L̵i̵s̵t̵.̵g̵e̵t̵E̵l̵e̵m̵?̵_̵c̵o̵n̵s̵_̵z̵e̵r̵o̵,̵ ̵List.getElem?_cons_succ]

Note: This linter can be disabled with `set_option linter.unusedSimpArgs false`
warning: denote/Denote.lean:15879:48: This simp argument is unused:
  List.getElem?_cons_succ

Hint: Omit it from the simp argument list.
  simp [List.getD, List.getElem?_cons_zero,̵ ̵L̵i̵s̵t̵.̵g̵e̵t̵E̵l̵e̵m̵?̵_̵c̵o̵n̵s̵_̵s̵u̵c̵c̵]

Note: This linter can be disabled with `set_option linter.unusedSimpArgs false`
warning: denote/Denote.lean:15957:35: This simp argument is unused:
  List.foldl

Hint: Omit it from the simp argument list.
  simp [tensorSum, Tensor.mkShape,̵ ̵L̵i̵s̵t̵.̵f̵o̵l̵d̵l̵]

Note: This linter can be disabled with `set_option linter.unusedSimpArgs false`
warning: denote/Denote.lean:15967:35: Variable name `hb1` is not explicitly referenced.

The binding can be removed (if unused) or named `_` (if used implicitly).

Note: This linter can be disabled with `set_option linter.unusedVariables false`
warning: denote/Denote.lean:15968:5: Variable name `hb2` is not explicitly referenced.

The binding can be removed (if unused) or named `_` (if used implicitly).

Note: This linter can be disabled with `set_option linter.unusedVariables false`
warning: denote/Denote.lean:15968:35: Variable name `hb3` is not explicitly referenced.

The binding can be removed (if unused) or named `_` (if used implicitly).

Note: This linter can be disabled with `set_option linter.unusedVariables false`
warning: denote/Denote.lean:16043:0: Please, add a comment explaining the need for modifying the maxHeartbeat limit, as in
set_option maxHeartbeats 1600000 in
-- reason for change
...

Note: This linter can be disabled with `set_option linter.style.maxHeartbeats false`
warning: denote/Denote.lean:16168:2: The `show` tactic should only be used to indicate intermediate goal states for readability.
However, this tactic invocation changed the goal. Please use `change` instead for these purposes.

Note: This linter can be disabled with `set_option linter.style.show false`
warning: denote/Denote.lean:16173:10: Used `tac1 <;> tac2` where `(tac1; tac2)` would suffice

Note: This linter can be disabled with `set_option linter.unnecessarySeqFocus false`
warning: denote/Denote.lean:16175:0: Please, add a comment explaining the need for modifying the maxHeartbeat limit, as in
set_option maxHeartbeats 4000000 in
-- reason for change
...

Note: This linter can be disabled with `set_option linter.style.maxHeartbeats false`
warning: denote/Denote.lean:16281:35: This simp argument is unused:
  List.foldl

Hint: Omit it from the simp argument list.
  simp [tensorSum, Tensor.mkShape,̵ ̵L̵i̵s̵t̵.̵f̵o̵l̵d̵l̵]

Note: This linter can be disabled with `set_option linter.unusedSimpArgs false`
warning: denote/Denote.lean:16289:35: Variable name `hb1` is not explicitly referenced.

The binding can be removed (if unused) or named `_` (if used implicitly).

Note: This linter can be disabled with `set_option linter.unusedVariables false`
warning: denote/Denote.lean:16290:5: Variable name `hb2` is not explicitly referenced.

The binding can be removed (if unused) or named `_` (if used implicitly).

Note: This linter can be disabled with `set_option linter.unusedVariables false`
warning: denote/Denote.lean:16290:35: Variable name `hb3` is not explicitly referenced.

The binding can be removed (if unused) or named `_` (if used implicitly).

Note: This linter can be disabled with `set_option linter.unusedVariables false`
warning: denote/Denote.lean:16369:35: Variable name `hb1` is not explicitly referenced.

The binding can be removed (if unused) or named `_` (if used implicitly).

Note: This linter can be disabled with `set_option linter.unusedVariables false`
warning: denote/Denote.lean:16370:5: Variable name `hb2` is not explicitly referenced.

The binding can be removed (if unused) or named `_` (if used implicitly).

Note: This linter can be disabled with `set_option linter.unusedVariables false`
warning: denote/Denote.lean:16370:35: Variable name `hb3` is not explicitly referenced.

The binding can be removed (if unused) or named `_` (if used implicitly).

Note: This linter can be disabled with `set_option linter.unusedVariables false`
warning: denote/Denote.lean:16436:35: This simp argument is unused:
  List.foldl

Hint: Omit it from the simp argument list.
  simp [tensorSum, Tensor.mkShape,̵ ̵L̵i̵s̵t̵.̵f̵o̵l̵d̵l̵]

Note: This linter can be disabled with `set_option linter.unusedSimpArgs false`
warning: denote/Denote.lean:16443:35: Variable name `hc1` is not explicitly referenced.

The binding can be removed (if unused) or named `_` (if used implicitly).

Note: This linter can be disabled with `set_option linter.unusedVariables false`
warning: denote/Denote.lean:16444:5: Variable name `hc2` is not explicitly referenced.

The binding can be removed (if unused) or named `_` (if used implicitly).

Note: This linter can be disabled with `set_option linter.unusedVariables false`
warning: denote/Denote.lean:16444:35: Variable name `hc3` is not explicitly referenced.

The binding can be removed (if unused) or named `_` (if used implicitly).

Note: This linter can be disabled with `set_option linter.unusedVariables false`
warning: denote/Denote.lean:16505:51: This simp argument is unused:
  List.getElem?_cons_succ

Hint: Omit it from the simp argument list.
  simp only [List.getD, List.getElem?_cons_zero, L̵i̵s̵t̵.̵g̵e̵t̵E̵l̵e̵m̵?̵_̵c̵o̵n̵s̵_̵s̵u̵c̵c̵,̵ ̵Option.getD_some]

Note: This linter can be disabled with `set_option linter.unusedSimpArgs false`
warning: denote/Denote.lean:16539:35: Variable name `hb1` is not explicitly referenced.

The binding can be removed (if unused) or named `_` (if used implicitly).

Note: This linter can be disabled with `set_option linter.unusedVariables false`
warning: denote/Denote.lean:16540:5: Variable name `hb2` is not explicitly referenced.

The binding can be removed (if unused) or named `_` (if used implicitly).

Note: This linter can be disabled with `set_option linter.unusedVariables false`
warning: denote/Denote.lean:16540:35: Variable name `hb3` is not explicitly referenced.

The binding can be removed (if unused) or named `_` (if used implicitly).

Note: This linter can be disabled with `set_option linter.unusedVariables false`
warning: denote/Denote.lean:16586:4: The `show` tactic should only be used to indicate intermediate goal states for readability.
However, this tactic invocation changed the goal. Please use `change` instead for these purposes.

Note: This linter can be disabled with `set_option linter.style.show false`
warning: denote/Denote.lean:16589:4: The `show` tactic should only be used to indicate intermediate goal states for readability.
However, this tactic invocation changed the goal. Please use `change` instead for these purposes.

Note: This linter can be disabled with `set_option linter.style.show false`
warning: denote/Denote.lean:16592:4: The `show` tactic should only be used to indicate intermediate goal states for readability.
However, this tactic invocation changed the goal. Please use `change` instead for these purposes.

Note: This linter can be disabled with `set_option linter.style.show false`
warning: denote/Denote.lean:16595:4: The `show` tactic should only be used to indicate intermediate goal states for readability.
However, this tactic invocation changed the goal. Please use `change` instead for these purposes.

Note: This linter can be disabled with `set_option linter.style.show false`
warning: denote/Denote.lean:16606:5: Variable name `hb1` is not explicitly referenced.

The binding can be removed (if unused) or named `_` (if used implicitly).

Note: This linter can be disabled with `set_option linter.unusedVariables false`
warning: denote/Denote.lean:16606:35: Variable name `hb2` is not explicitly referenced.

The binding can be removed (if unused) or named `_` (if used implicitly).

Note: This linter can be disabled with `set_option linter.unusedVariables false`
warning: denote/Denote.lean:16607:5: Variable name `hb3` is not explicitly referenced.

The binding can be removed (if unused) or named `_` (if used implicitly).

Note: This linter can be disabled with `set_option linter.unusedVariables false`
warning: denote/Denote.lean:16651:35: This simp argument is unused:
  List.foldl

Hint: Omit it from the simp argument list.
  simp [tensorSum, Tensor.mkShape,̵ ̵L̵i̵s̵t̵.̵f̵o̵l̵d̵l̵]

Note: This linter can be disabled with `set_option linter.unusedSimpArgs false`
warning: denote/Denote.lean:16658:35: Variable name `hc1` is not explicitly referenced.

The binding can be removed (if unused) or named `_` (if used implicitly).

Note: This linter can be disabled with `set_option linter.unusedVariables false`
warning: denote/Denote.lean:16659:5: Variable name `hc2` is not explicitly referenced.

The binding can be removed (if unused) or named `_` (if used implicitly).

Note: This linter can be disabled with `set_option linter.unusedVariables false`
warning: denote/Denote.lean:16659:35: Variable name `hc3` is not explicitly referenced.

The binding can be removed (if unused) or named `_` (if used implicitly).

Note: This linter can be disabled with `set_option linter.unusedVariables false`
warning: denote/Denote.lean:16671:20: The `show` tactic should only be used to indicate intermediate goal states for readability.
However, this tactic invocation changed the goal. Please use `change` instead for these purposes.

Note: This linter can be disabled with `set_option linter.style.show false`
warning: denote/Denote.lean:16738:35: Variable name `hb1` is not explicitly referenced.

The binding can be removed (if unused) or named `_` (if used implicitly).

Note: This linter can be disabled with `set_option linter.unusedVariables false`
warning: denote/Denote.lean:16739:5: Variable name `hb2` is not explicitly referenced.

The binding can be removed (if unused) or named `_` (if used implicitly).

Note: This linter can be disabled with `set_option linter.unusedVariables false`
warning: denote/Denote.lean:16739:35: Variable name `hb3` is not explicitly referenced.

The binding can be removed (if unused) or named `_` (if used implicitly).

Note: This linter can be disabled with `set_option linter.unusedVariables false`
warning: denote/Denote.lean:16788:0: Please, add a comment explaining the need for modifying the maxHeartbeat limit, as in
set_option maxHeartbeats 1600000 in
-- reason for change
...

Note: This linter can be disabled with `set_option linter.style.maxHeartbeats false`
warning: denote/Denote.lean:16917:0: Please, add a comment explaining the need for modifying the maxHeartbeat limit, as in
set_option maxHeartbeats 2000000 in
-- reason for change
...

Note: This linter can be disabled with `set_option linter.style.maxHeartbeats false`
warning: denote/Denote.lean:16925:23: missing space in the source

This part of the code
  '[1,8,128])'
should be written as
  '[1, 8, 128])'


Note: This linter can be disabled with `set_option linter.style.whitespace false`
warning: denote/Denote.lean:16925:25: missing space in the source

This part of the code
  '[1,8,128])'
should be written as
  '8, 128])'


Note: This linter can be disabled with `set_option linter.style.whitespace false`
warning: denote/Denote.lean:16925:52: missing space in the source

This part of the code
  '[1,8,32])'
should be written as
  '[1, 8, 32])'


Note: This linter can be disabled with `set_option linter.style.whitespace false`
warning: denote/Denote.lean:16925:54: missing space in the source

This part of the code
  '[1,8,32])'
should be written as
  '8, 32])'


Note: This linter can be disabled with `set_option linter.style.whitespace false`
warning: denote/Denote.lean:16926:25: missing space in the source

This part of the code
  '[1,8,8])'
should be written as
  '[1, 8, 8])'


Note: This linter can be disabled with `set_option linter.style.whitespace false`
warning: denote/Denote.lean:16926:27: missing space in the source

This part of the code
  '[1,8,8]) (hx1'
should be written as
  '8, 8])'


Note: This linter can be disabled with `set_option linter.style.whitespace false`
warning: denote/Denote.lean:16926:52: missing space in the source

This part of the code
  '[1,8,8])'
should be written as
  '[1, 8, 8])'


Note: This linter can be disabled with `set_option linter.style.whitespace false`
warning: denote/Denote.lean:16926:54: missing space in the source

This part of the code
  '[1,8,8])
'
should be written as
  '8, 8])'


Note: This linter can be disabled with `set_option linter.style.whitespace false`
warning: denote/Denote.lean:16927:25: missing space in the source

This part of the code
  '[1,8,8])'
should be written as
  '[1, 8, 8])'


Note: This linter can be disabled with `set_option linter.style.whitespace false`
warning: denote/Denote.lean:16927:27: missing space in the source

This part of the code
  '[1,8,8]) (hx3'
should be written as
  '8, 8])'


Note: This linter can be disabled with `set_option linter.style.whitespace false`
warning: denote/Denote.lean:16927:52: missing space in the source

This part of the code
  '[1,8,8])'
should be written as
  '[1, 8, 8])'


Note: This linter can be disabled with `set_option linter.style.whitespace false`
warning: denote/Denote.lean:16927:54: missing space in the source

This part of the code
  '[1,8,8])
'
should be written as
  '8, 8])'


Note: This linter can be disabled with `set_option linter.style.whitespace false`
warning: denote/Denote.lean:16928:27: missing space in the source

This part of the code
  '[128,8]) (hw1'
should be written as
  '[128, 8])'


Note: This linter can be disabled with `set_option linter.style.whitespace false`
warning: denote/Denote.lean:16928:54: missing space in the source

This part of the code
  '[128,8])
'
should be written as
  '[128, 8])'


Note: This linter can be disabled with `set_option linter.style.whitespace false`
warning: denote/Denote.lean:16929:27: missing space in the source

This part of the code
  '[128,8]) (hw3'
should be written as
  '[128, 8])'


Note: This linter can be disabled with `set_option linter.style.whitespace false`
warning: denote/Denote.lean:16929:54: missing space in the source

This part of the code
  '[128,8]) :'
should be written as
  '[128, 8])'


Note: This linter can be disabled with `set_option linter.style.whitespace false`
warning: denote/Denote.lean:16996:0: Please, add a comment explaining the need for modifying the maxHeartbeat limit, as in
set_option maxHeartbeats 800000 in
-- reason for change
...

Note: This linter can be disabled with `set_option linter.style.maxHeartbeats false`
warning: denote/Denote.lean:17096:45: This simp argument is unused:
  List.set

Hint: Omit it from the simp argument list.
  simp only [allGatherPrimDimN, Tensor.mkShape, hhead, List.getD,
  ̵  ̵ ̵ ̵List.getElem?_cons_zero,
  ̲  ̲ ̲ ̲List.getElem?_cons_succ,
  ̵  ̵ ̵ ̵Option.getD_some, List.drop, List.foldl, List.s̵e̵t̵,̵ ̵L̵i̵s̵t̵.̵length, List.take,
      show (32 : Nat) ≠ 0 from by omega,
  ̵  ̵ ̵ ̵show (128 : Nat) ≠ 0 from by omega,
      show (4 : Nat) ≠ 0 from by omega, show (1 : Nat) ≠ 0 from by omega]

Note: This linter can be disabled with `set_option linter.unusedSimpArgs false`
warning: denote/Denote.lean:17096:55: This simp argument is unused:
  List.length

Hint: Omit it from the simp argument list.
  simp only [allGatherPrimDimN, Tensor.mkShape, hhead, List.getD,
  ̵  ̵ ̵ ̵List.getElem?_cons_zero,
  ̲  ̲ ̲ ̲List.getElem?_cons_succ,
  ̵  ̵ ̵ ̵Option.getD_some, List.drop, List.foldl, List.set, List.l̵e̵n̵g̵th̵,̵ ̵L̵i̵s̵t̵.̵t̵ake,
      show (32 : Nat) ≠ 0 from by omega,
  ̵  ̵ ̵ ̵show (128 : Nat) ≠ 0 from by omega,
      show (4 : Nat) ≠ 0 from by omega, show (1 : Nat) ≠ 0 from by omega]

Note: This linter can be disabled with `set_option linter.unusedSimpArgs false`
warning: denote/Denote.lean:17096:68: This simp argument is unused:
  List.take

Hint: Omit it from the simp argument list.
  simp only [allGatherPrimDimN, Tensor.mkShape, hhead, List.getD,
  ̵  ̵ ̵ ̵List.getElem?_cons_zero,
  ̲  ̲ ̲ ̲List.getElem?_cons_succ,
  ̵  ̵ ̵ ̵Option.getD_some, List.drop, List.foldl, List.set, List.length, ̵L̵i̵s̵t̵.̵t̵a̵k̵e̵,̵
      show (32 : Nat) ≠ 0 from by omega,
  ̵  ̵ ̵ ̵show (128 : Nat) ≠ 0 from by omega,
      show (4 : Nat) ≠ 0 from by omega, show (1 : Nat) ≠ 0 from by omega]

Note: This linter can be disabled with `set_option linter.unusedSimpArgs false`
warning: denote/Denote.lean:17099:4: This simp argument is unused:
  show (4 : Nat) ≠ 0 from by omega

Hint: Omit it from the simp argument list.
  simp only [allGatherPrimDimN, Tensor.mkShape, hhead, List.getD,
  ̵  ̵ ̵ ̵List.getElem?_cons_zero,
  ̲  ̲ ̲ ̲List.getElem?_cons_succ,
  ̵  ̵ ̵ ̵Option.getD_some, List.drop, List.foldl, List.set, List.length,
  ̲  ̲ ̲ ̲List.take,
  ̵  ̵ ̵ ̵show (32 : Nat) ≠ 0 from by omega,
  ̵  ̵ ̵ ̵show (128 : Nat) ≠ 0 from by omega,
      show (4̵ ̵:̵ ̵N̵a̵t̵)̵ ̵≠̵ ̵0̵ ̵f̵r̵o̵m̵ ̵b̵y̵ ̵o̵m̵e̵g̵a̵,̵ ̵s̵h̵o̵w̵ ̵(̵1 : Nat) ≠ 0 from by omega]

Note: This linter can be disabled with `set_option linter.unusedSimpArgs false`
warning: denote/Denote.lean:17100:28: This simp argument is unused:
  Nat.reduceAdd

Hint: Omit it from the simp argument list.
  simp only [Nat.reduceMul, Nat.reduceA̵d̵d̵,̵ ̵N̵a̵t̵.̵r̵e̵d̵u̵c̵e̵Pow, Nat.reduceDiv, Nat.reduceMod,
  ̵  ̵ ̵ ̵ite_false, ite_true,
  ̲  ̲ ̲ ̲Nat.div_one, Nat.mod_one, Nat.mul_one, Nat.add_zero, Nat.zero_add,
  ̵  ̵ ̵ ̵List.prod_cons,
  ̲  ̲ ̲ ̲List.prod_nil, Nat.one_mul]

Note: This linter can be disabled with `set_option linter.unusedSimpArgs false`
warning: denote/Denote.lean:17100:43: This simp argument is unused:
  Nat.reducePow

Hint: Omit it from the simp argument list.
  simp only [Nat.reduceMul, Nat.reduceAdd, Nat.reduceP̵o̵w̵,̵ ̵N̵a̵t̵.̵r̵e̵d̵u̵c̵e̵Div, Nat.reduceMod,
  ̵  ̵ ̵ ̵ite_false, ite_true,
  ̲  ̲ ̲ ̲Nat.div_one, Nat.mod_one, Nat.mul_one, Nat.add_zero, Nat.zero_add,
  ̵  ̵ ̵ ̵List.prod_cons,
  ̲  ̲ ̲ ̲List.prod_nil, Nat.one_mul]

Note: This linter can be disabled with `set_option linter.unusedSimpArgs false`
warning: denote/Denote.lean:17100:58: This simp argument is unused:
  Nat.reduceDiv

Hint: Omit it from the simp argument list.
  simp only [Nat.reduceMul, Nat.reduceAdd, Nat.reducePow, Nat.reduceD̵i̵v̵,̵ ̵N̵a̵t̵.̵r̵e̵d̵u̵c̵e̵Mod,
  ̵  ̵ ̵ ̵ite_false, ite_true,
  ̲  ̲ ̲ ̲Nat.div_one, Nat.mod_one, Nat.mul_one, Nat.add_zero, Nat.zero_add,
  ̵  ̵ ̵ ̵List.prod_cons,
  ̲  ̲ ̲ ̲List.prod_nil, Nat.one_mul]

Note: This linter can be disabled with `set_option linter.unusedSimpArgs false`
warning: denote/Denote.lean:17100:73: This simp argument is unused:
  Nat.reduceMod

Hint: Omit it from the simp argument list.
  simp only [Nat.reduceMul, Nat.reduceAdd, Nat.reducePow, Nat.reduceDiv, N̵a̵t̵.̵r̵e̵d̵u̵c̵e̵M̵o̵d̵,̵
  ̵ ̵ ̵ ̵ ̵ite_false, ite_true,
  ̲  ̲ ̲ ̲Nat.div_one, Nat.mod_one, Nat.mul_one, Nat.add_zero, Nat.zero_add,
  ̵  ̵ ̵ ̵List.prod_cons,
  ̲  ̲ ̲ ̲List.prod_nil, Nat.one_mul]

Note: This linter can be disabled with `set_option linter.unusedSimpArgs false`
warning: denote/Denote.lean:17101:15: This simp argument is unused:
  ite_true

Hint: Omit it from the simp argument list.
  simp only [Nat.reduceMul, Nat.reduceAdd, Nat.reducePow, Nat.reduceDiv, Nat.reduceMod, ite_false,
  ̲  ̲ ̲ ̲i̵t̵e̵_̵t̵r̵u̵e̵,̵ ̵Nat.div_one, Nat.mod_one, Nat.mul_one, Nat.add_zero, Nat.zero_add, List.prod_cons,
  ̲  ̲ ̲ ̲List.prod_nil, Nat.one_mul]

Note: This linter can be disabled with `set_option linter.unusedSimpArgs false`
warning: denote/Denote.lean:17101:78: This simp argument is unused:
  Nat.zero_add

Hint: Omit it from the simp argument list.
  simp only [Nat.reduceMul, Nat.reduceAdd, Nat.reducePow, Nat.reduceDiv, Nat.reduceMod, ite_false,
  ̲  ̲ ̲ ̲ite_true, Nat.div_one, Nat.mod_one, Nat.mul_one, Nat.add_zero, N̵a̵t̵.̵z̵e̵r̵o̵_̵a̵d̵d̵,̵List.prod_cons, List.prod_nil,
  ̲  ̲ ̲ ̲Nat.one_mul]

Note: This linter can be disabled with `set_option linter.unusedSimpArgs false`
warning: denote/Denote.lean:17102:4: This simp argument is unused:
  List.prod_cons

Hint: Omit it from the simp argument list.
  simp only [Nat.reduceMul, Nat.reduceAdd, Nat.reducePow, Nat.reduceDiv, Nat.reduceMod, ite_false,
  ̲  ̲ ̲ ̲ite_true, Nat.div_one, Nat.mod_one, Nat.mul_one, Nat.add_zero, Nat.zero_add, L̵i̵s̵t̵.̵p̵r̵o̵d̵_̵c̵o̵n̵s̵,̵ ̵List.prod_nil,
  ̲  ̲ ̲ ̲Nat.one_mul]

Note: This linter can be disabled with `set_option linter.unusedSimpArgs false`
warning: denote/Denote.lean:17102:20: This simp argument is unused:
  List.prod_nil

Hint: Omit it from the simp argument list.
  simp only [Nat.reduceMul, Nat.reduceAdd, Nat.reducePow, Nat.reduceDiv, Nat.reduceMod, ite_false,
  ̲  ̲ ̲ ̲ite_true, Nat.div_one, Nat.mod_one, Nat.mul_one, Nat.add_zero, Nat.zero_add, List.prod_cons,
  ̲  ̲ ̲ ̲L̵i̵s̵t̵.̵p̵r̵o̵d̵_̵n̵i̵l̵,̵ ̵Nat.one_mul]

Note: This linter can be disabled with `set_option linter.unusedSimpArgs false`
warning: denote/Denote.lean:17102:35: This simp argument is unused:
  Nat.one_mul

Hint: Omit it from the simp argument list.
  simp only [Nat.reduceMul, Nat.reduceAdd, Nat.reducePow, Nat.reduceDiv, Nat.reduceMod, ite_false,
  ̲  ̲ ̲ ̲ite_true, Nat.div_one, Nat.mod_one, Nat.mul_one, Nat.add_zero, Nat.zero_add, List.prod_cons,
  ̲  ̲ ̲ ̲L̵i̵s̵t̵.̵p̵r̵o̵d̵_̵n̵i̵l̵,̵ ̵N̵a̵t̵.̵o̵n̵e̵_̵m̵u̵l̵]̵L̲i̲s̲t̲.̲p̲r̲o̲d̲_̲n̲i̲l̲]̲

Note: This linter can be disabled with `set_option linter.unusedSimpArgs false`
warning: denote/Denote.lean:17109:0: Please, add a comment explaining the need for modifying the maxHeartbeat limit, as in
set_option maxHeartbeats 2000000 in
-- reason for change
...

Note: This linter can be disabled with `set_option linter.style.maxHeartbeats false`
warning: denote/Denote.lean:17117:23: missing space in the source

This part of the code
  '[1,8,32])'
should be written as
  '[1, 8, 32])'


Note: This linter can be disabled with `set_option linter.style.whitespace false`
warning: denote/Denote.lean:17117:25: missing space in the source

This part of the code
  '[1,8,32])'
should be written as
  '8, 32])'


Note: This linter can be disabled with `set_option linter.style.whitespace false`
warning: denote/Denote.lean:17117:49: missing space in the source

This part of the code
  '[1,8,128])'
should be written as
  '[1, 8, 128])'


Note: This linter can be disabled with `set_option linter.style.whitespace false`
warning: denote/Denote.lean:17117:51: missing space in the source

This part of the code
  '[1,8,128])'
should be written as
  '8, 128])'


Note: This linter can be disabled with `set_option linter.style.whitespace false`
warning: denote/Denote.lean:17118:25: missing space in the source

This part of the code
  '[1,8,32])'
should be written as
  '[1, 8, 32])'


Note: This linter can be disabled with `set_option linter.style.whitespace false`
warning: denote/Denote.lean:17118:27: missing space in the source

This part of the code
  '[1,8,32])'
should be written as
  '8, 32])'


Note: This linter can be disabled with `set_option linter.style.whitespace false`
warning: denote/Denote.lean:17118:53: missing space in the source

This part of the code
  '[1,8,32])'
should be written as
  '[1, 8, 32])'


Note: This linter can be disabled with `set_option linter.style.whitespace false`
warning: denote/Denote.lean:17118:55: missing space in the source

This part of the code
  '[1,8,32])'
should be written as
  '8, 32])'


Note: This linter can be disabled with `set_option linter.style.whitespace false`
warning: denote/Denote.lean:17119:25: missing space in the source

This part of the code
  '[1,8,32])'
should be written as
  '[1, 8, 32])'


Note: This linter can be disabled with `set_option linter.style.whitespace false`
warning: denote/Denote.lean:17119:27: missing space in the source

This part of the code
  '[1,8,32])'
should be written as
  '8, 32])'


Note: This linter can be disabled with `set_option linter.style.whitespace false`
warning: denote/Denote.lean:17119:53: missing space in the source

This part of the code
  '[1,8,32])'
should be written as
  '[1, 8, 32])'


Note: This linter can be disabled with `set_option linter.style.whitespace false`
warning: denote/Denote.lean:17119:55: missing space in the source

This part of the code
  '[1,8,32])'
should be written as
  '8, 32])'


Note: This linter can be disabled with `set_option linter.style.whitespace false`
warning: denote/Denote.lean:17120:26: missing space in the source

This part of the code
  '[32,32])'
should be written as
  '[32, 32])'


Note: This linter can be disabled with `set_option linter.style.whitespace false`
warning: denote/Denote.lean:17120:53: missing space in the source

This part of the code
  '[32,32])'
should be written as
  '[32, 32])'


Note: This linter can be disabled with `set_option linter.style.whitespace false`
warning: denote/Denote.lean:17121:26: missing space in the source

This part of the code
  '[32,32])'
should be written as
  '[32, 32])'


Note: This linter can be disabled with `set_option linter.style.whitespace false`
warning: denote/Denote.lean:17121:53: missing space in the source

This part of the code
  '[32,32])'
should be written as
  '[32, 32])'


Note: This linter can be disabled with `set_option linter.style.whitespace false`
warning: denote/Denote.lean:17188:0: Please, add a comment explaining the need for modifying the maxHeartbeat limit, as in
set_option maxHeartbeats 800000 in
-- reason for change
...

Note: This linter can be disabled with `set_option linter.style.maxHeartbeats false`
warning: denote/Denote.lean:17302:0: Please, add a comment explaining the need for modifying the maxHeartbeat limit, as in
set_option maxHeartbeats 1600000 in
-- reason for change
...

Note: This linter can be disabled with `set_option linter.style.maxHeartbeats false`
warning: denote/Denote.lean:17412:0: Please, add a comment explaining the need for modifying the maxHeartbeat limit, as in
set_option maxHeartbeats 2000000 in
-- reason for change
...

Note: This linter can be disabled with `set_option linter.style.maxHeartbeats false`
warning: denote/Denote.lean:17422:25: missing space in the source

This part of the code
  '[1,2,32])'
should be written as
  '[1, 2, 32])'


Note: This linter can be disabled with `set_option linter.style.whitespace false`
warning: denote/Denote.lean:17422:27: missing space in the source

This part of the code
  '[1,2,32])'
should be written as
  '2, 32])'


Note: This linter can be disabled with `set_option linter.style.whitespace false`
warning: denote/Denote.lean:17422:53: missing space in the source

This part of the code
  '[1,2,32])'
should be written as
  '[1, 2, 32])'


Note: This linter can be disabled with `set_option linter.style.whitespace false`
warning: denote/Denote.lean:17422:55: missing space in the source

This part of the code
  '[1,2,32])'
should be written as
  '2, 32])'


Note: This linter can be disabled with `set_option linter.style.whitespace false`
warning: denote/Denote.lean:17423:25: missing space in the source

This part of the code
  '[1,2,32])'
should be written as
  '[1, 2, 32])'


Note: This linter can be disabled with `set_option linter.style.whitespace false`
warning: denote/Denote.lean:17423:27: missing space in the source

This part of the code
  '[1,2,32])'
should be written as
  '2, 32])'


Note: This linter can be disabled with `set_option linter.style.whitespace false`
warning: denote/Denote.lean:17423:53: missing space in the source

This part of the code
  '[1,2,32])'
should be written as
  '[1, 2, 32])'


Note: This linter can be disabled with `set_option linter.style.whitespace false`
warning: denote/Denote.lean:17423:55: missing space in the source

This part of the code
  '[1,2,32])'
should be written as
  '2, 32])'


Note: This linter can be disabled with `set_option linter.style.whitespace false`
warning: denote/Denote.lean:17424:23: missing space in the source

This part of the code
  '[1,8,128])'
should be written as
  '[1, 8, 128])'


Note: This linter can be disabled with `set_option linter.style.whitespace false`
warning: denote/Denote.lean:17424:25: missing space in the source

This part of the code
  '[1,8,128])'
should be written as
  '8, 128])'


Note: This linter can be disabled with `set_option linter.style.whitespace false`
warning: denote/Denote.lean:17425:25: missing space in the source

This part of the code
  '[1,2,128])'
should be written as
  '[1, 2, 128])'


Note: This linter can be disabled with `set_option linter.style.whitespace false`
warning: denote/Denote.lean:17425:27: missing space in the source

This part of the code
  '[1,2,128])'
should be written as
  '2, 128])'


Note: This linter can be disabled with `set_option linter.style.whitespace false`
warning: denote/Denote.lean:17425:54: missing space in the source

This part of the code
  '[1,2,128])'
should be written as
  '[1, 2, 128])'


Note: This linter can be disabled with `set_option linter.style.whitespace false`
warning: denote/Denote.lean:17425:56: missing space in the source

This part of the code
  '[1,2,128])'
should be written as
  '2, 128])'


Note: This linter can be disabled with `set_option linter.style.whitespace false`
warning: denote/Denote.lean:17426:25: missing space in the source

This part of the code
  '[1,2,128])'
should be written as
  '[1, 2, 128])'


Note: This linter can be disabled with `set_option linter.style.whitespace false`
warning: denote/Denote.lean:17426:27: missing space in the source

This part of the code
  '[1,2,128])'
should be written as
  '2, 128])'


Note: This linter can be disabled with `set_option linter.style.whitespace false`
warning: denote/Denote.lean:17426:54: missing space in the source

This part of the code
  '[1,2,128])'
should be written as
  '[1, 2, 128])'


Note: This linter can be disabled with `set_option linter.style.whitespace false`
warning: denote/Denote.lean:17426:56: missing space in the source

This part of the code
  '[1,2,128])'
should be written as
  '2, 128])'


Note: This linter can be disabled with `set_option linter.style.whitespace false`
warning: denote/Denote.lean:17427:24: missing space in the source

This part of the code
  '[32,128])'
should be written as
  '[32, 128])'


Note: This linter can be disabled with `set_option linter.style.whitespace false`
warning: denote/Denote.lean:17490:0: Please, add a comment explaining the need for modifying the maxHeartbeat limit, as in
set_option maxHeartbeats 1600000 in
-- reason for change
...

Note: This linter can be disabled with `set_option linter.style.maxHeartbeats false`
warning: denote/Denote.lean:17577:61: This simp argument is unused:
  List.getElem?_cons_succ

Hint: Omit it from the simp argument list.
  simp only [List.getD, List.getElem?_cons_zero, L̵i̵s̵t̵.̵g̵e̵t̵E̵l̵e̵m̵?̵_̵c̵o̵n̵s̵_̵s̵u̵c̵c̵,̵ ̵Option.getD_some]

Note: This linter can be disabled with `set_option linter.unusedSimpArgs false`
warning: denote/Denote.lean:17509:0: Please, add a comment explaining the need for modifying the maxHeartbeat limit, as in
set_option maxHeartbeats 1600000 in
-- reason for change
...

Note: This linter can be disabled with `set_option linter.style.maxHeartbeats false`
warning: denote/Denote.lean:17598:0: Please, add a comment explaining the need for modifying the maxHeartbeat limit, as in
set_option maxHeartbeats 2000000 in
-- reason for change
...

Note: This linter can be disabled with `set_option linter.style.maxHeartbeats false`
warning: denote/Denote.lean:17607:23: missing space in the source

This part of the code
  '[1,8,32])'
should be written as
  '[1, 8, 32])'


Note: This linter can be disabled with `set_option linter.style.whitespace false`
warning: denote/Denote.lean:17607:25: missing space in the source

This part of the code
  '[1,8,32])'
should be written as
  '8, 32])'


Note: This linter can be disabled with `set_option linter.style.whitespace false`
warning: denote/Denote.lean:17607:49: missing space in the source

This part of the code
  '[1,8,128])'
should be written as
  '[1, 8, 128])'


Note: This linter can be disabled with `set_option linter.style.whitespace false`
warning: denote/Denote.lean:17607:51: missing space in the source

This part of the code
  '[1,8,128])'
should be written as
  '8, 128])'


Note: This linter can be disabled with `set_option linter.style.whitespace false`
warning: denote/Denote.lean:17608:25: missing space in the source

This part of the code
  '[1,8,32])'
should be written as
  '[1, 8, 32])'


Note: This linter can be disabled with `set_option linter.style.whitespace false`
warning: denote/Denote.lean:17608:27: missing space in the source

This part of the code
  '[1,8,32])'
should be written as
  '8, 32])'


Note: This linter can be disabled with `set_option linter.style.whitespace false`
warning: denote/Denote.lean:17608:53: missing space in the source

This part of the code
  '[1,8,32])'
should be written as
  '[1, 8, 32])'


Note: This linter can be disabled with `set_option linter.style.whitespace false`
warning: denote/Denote.lean:17608:55: missing space in the source

This part of the code
  '[1,8,32])'
should be written as
  '8, 32])'


Note: This linter can be disabled with `set_option linter.style.whitespace false`
warning: denote/Denote.lean:17609:25: missing space in the source

This part of the code
  '[1,8,32])'
should be written as
  '[1, 8, 32])'


Note: This linter can be disabled with `set_option linter.style.whitespace false`
warning: denote/Denote.lean:17609:27: missing space in the source

This part of the code
  '[1,8,32])'
should be written as
  '8, 32])'


Note: This linter can be disabled with `set_option linter.style.whitespace false`
warning: denote/Denote.lean:17609:53: missing space in the source

This part of the code
  '[1,8,32])'
should be written as
  '[1, 8, 32])'


Note: This linter can be disabled with `set_option linter.style.whitespace false`
warning: denote/Denote.lean:17609:55: missing space in the source

This part of the code
  '[1,8,32])'
should be written as
  '8, 32])'


Note: This linter can be disabled with `set_option linter.style.whitespace false`
warning: denote/Denote.lean:17610:26: missing space in the source

This part of the code
  '[32,32])'
should be written as
  '[32, 32])'


Note: This linter can be disabled with `set_option linter.style.whitespace false`
warning: denote/Denote.lean:17610:53: missing space in the source

This part of the code
  '[32,32])'
should be written as
  '[32, 32])'


Note: This linter can be disabled with `set_option linter.style.whitespace false`
warning: denote/Denote.lean:17611:26: missing space in the source

This part of the code
  '[32,32])'
should be written as
  '[32, 32])'


Note: This linter can be disabled with `set_option linter.style.whitespace false`
warning: denote/Denote.lean:17611:53: missing space in the source

This part of the code
  '[32,32])'
should be written as
  '[32, 32])'


Note: This linter can be disabled with `set_option linter.style.whitespace false`
warning: denote/Denote.lean:17790:61: This simp argument is unused:
  List.getElem?_cons_succ

Hint: Omit it from the simp argument list.
  simp only [List.getD, List.getElem?_cons_zero, L̵i̵s̵t̵.̵g̵e̵t̵E̵l̵e̵m̵?̵_̵c̵o̵n̵s̵_̵s̵u̵c̵c̵,̵ ̵Option.getD_some]

Note: This linter can be disabled with `set_option linter.unusedSimpArgs false`
warning: denote/Denote.lean:17722:0: Please, add a comment explaining the need for modifying the maxHeartbeat limit, as in
set_option maxHeartbeats 1600000 in
-- reason for change
...

Note: This linter can be disabled with `set_option linter.style.maxHeartbeats false`
warning: denote/Denote.lean:17923:23: This simp argument is unused:
  List.getElem?_cons_zero

Hint: Omit it from the simp argument list.
  simp [List.getD, L̵i̵s̵t̵.̵g̵e̵t̵E̵l̵e̵m̵?̵_̵c̵o̵n̵s̵_̵z̵e̵r̵o̵,̵ ̵List.getElem?_cons_succ]

Note: This linter can be disabled with `set_option linter.unusedSimpArgs false`
warning: denote/Denote.lean:17923:48: This simp argument is unused:
  List.getElem?_cons_succ

Hint: Omit it from the simp argument list.
  simp [List.getD, List.getElem?_cons_zero,̵ ̵L̵i̵s̵t̵.̵g̵e̵t̵E̵l̵e̵m̵?̵_̵c̵o̵n̵s̵_̵s̵u̵c̵c̵]

Note: This linter can be disabled with `set_option linter.unusedSimpArgs false`
warning: denote/Denote.lean:17938:65: This simp argument is unused:
  Ne.symm hne

Hint: Omit it from the simp argument list.
  simp [List.zip, List.zipWith, List.replicate, List.find?, hne,̵ ̵N̵e̵.̵s̵y̵m̵m̵ ̵h̵n̵e̵]

Note: This linter can be disabled with `set_option linter.unusedSimpArgs false`
warning: denote/Denote.lean:17952:59: This simp argument is unused:
  List.find?

Hint: Omit it from the simp argument list.
  simp [List.zip, List.zipWith, List.replicate,̵ ̵L̵i̵s̵t̵.̵f̵i̵n̵d̵?̵]

Note: This linter can be disabled with `set_option linter.unusedSimpArgs false`
warning: denote/Denote.lean:17966:48: This simp argument is unused:
  List.find?

Hint: Omit it from the simp argument list.
  simp [List.zip, List.zipWith, List.replicate,̵ ̵L̵i̵s̵t̵.̵f̵i̵n̵d̵?̵]

Note: This linter can be disabled with `set_option linter.unusedSimpArgs false`
warning: denote/Denote.lean:18076:48: This simp argument is unused:
  List.find?

Hint: Omit it from the simp argument list.
  simp [List.zip, List.zipWith, List.replicate,̵ ̵L̵i̵s̵t̵.̵f̵i̵n̵d̵?̵]

Note: This linter can be disabled with `set_option linter.unusedSimpArgs false`
warning: denote/Denote.lean:18171:48: This simp argument is unused:
  List.find?

Hint: Omit it from the simp argument list.
  simp [List.zip, List.zipWith, List.replicate,̵ ̵L̵i̵s̵t̵.̵f̵i̵n̵d̵?̵]

Note: This linter can be disabled with `set_option linter.unusedSimpArgs false`
warning: denote/Denote.lean:18207:23: This simp argument is unused:
  List.getElem?_cons_zero

Hint: Omit it from the simp argument list.
  simp [List.getD, L̵i̵s̵t̵.̵g̵e̵t̵E̵l̵e̵m̵?̵_̵c̵o̵n̵s̵_̵z̵e̵r̵o̵,̵ ̵List.getElem?_cons_succ]

Note: This linter can be disabled with `set_option linter.unusedSimpArgs false`
warning: denote/Denote.lean:18207:48: This simp argument is unused:
  List.getElem?_cons_succ

Hint: Omit it from the simp argument list.
  simp [List.getD, List.getElem?_cons_zero,̵ ̵L̵i̵s̵t̵.̵g̵e̵t̵E̵l̵e̵m̵?̵_̵c̵o̵n̵s̵_̵s̵u̵c̵c̵]

Note: This linter can be disabled with `set_option linter.unusedSimpArgs false`
warning: denote/Denote.lean:18238:40: This simp argument is unused:
  List.zipWith

Hint: Omit it from the simp argument list.
  simp [List.replicate, List.zip, List.z̵i̵p̵W̵i̵t̵h̵,̵ ̵L̵i̵s̵t̵.̵find?]

Note: This linter can be disabled with `set_option linter.unusedSimpArgs false`
warning: denote/Denote.lean:18238:54: This simp argument is unused:
  List.find?

Hint: Omit it from the simp argument list.
  simp [List.replicate, List.zip, List.zipWith,̵ ̵L̵i̵s̵t̵.̵f̵i̵n̵d̵?̵]

Note: This linter can be disabled with `set_option linter.unusedSimpArgs false`
warning: denote/Denote.lean:18298:0: Please, add a comment explaining the need for modifying the maxHeartbeat limit, as in
set_option maxHeartbeats 800000 in
-- reason for change
...

Note: This linter can be disabled with `set_option linter.style.maxHeartbeats false`
warning: denote/Denote.lean:18430:50: This simp argument is unused:
  List.find?

Hint: Omit it from the simp argument list.
  simp [List.zip, List.zipWith, List.replicate, L̵i̵s̵t̵.̵f̵i̵n̵d̵?̵,̵ ̵h]

Note: This linter can be disabled with `set_option linter.unusedSimpArgs false`
warning: denote/Denote.lean:18484:0: Please, add a comment explaining the need for modifying the maxHeartbeat limit, as in
set_option maxHeartbeats 3200000 in
-- reason for change
...

Note: This linter can be disabled with `set_option linter.style.maxHeartbeats false`
warning: denote/Denote.lean:18579:2: The `show` tactic should only be used to indicate intermediate goal states for readability.
However, this tactic invocation changed the goal. Please use `change` instead for these purposes.

Note: This linter can be disabled with `set_option linter.style.show false`
warning: denote/Denote.lean:18590:2: The `show` tactic should only be used to indicate intermediate goal states for readability.
However, this tactic invocation changed the goal. Please use `change` instead for these purposes.

Note: This linter can be disabled with `set_option linter.style.show false`
warning: denote/Denote.lean:18709:4: This simp argument is unused:
  Nat.reduceDiv

Hint: Omit it from the simp argument list.
  simp only [hhead, List.getD, List.getElem?_cons_zero, List.getElem?_cons_succ, Option.getD_some,
  ̲  ̲ ̲ ̲List.drop, List.foldl, Nat.reduceMul, Nat.reduceAdd, N̵a̵t̵.̵r̵e̵d̵u̵c̵e̵D̵i̵v̵,̵ ̵Nat.reduceMod, Nat.div_one, Nat.mod_one,
  ̲  ̲ ̲ ̲Nat.mul_one, Nat.add_zero, Nat.zero_add, show (8 : Nat) ≠ 0 from by omega,
      show (16 : Nat) ≠ 0 from by omega, show (64 : Nat) ≠ 0 from by omega,
      show (2 : Nat) ≠ 0 from by omega, show (1 : Nat) ≠ 0 from by omega, ite_false, List.set]

Note: This linter can be disabled with `set_option linter.unusedSimpArgs false`
warning: denote/Denote.lean:18709:19: This simp argument is unused:
  Nat.reduceMod

Hint: Omit it from the simp argument list.
  simp only [hhead, List.getD, List.getElem?_cons_zero, List.getElem?_cons_succ,
  ̵  ̵ ̵ ̵Option.getD_some,
  ̲  ̲ ̲ ̲List.drop, List.foldl, Nat.reduceMul, Nat.reduceAdd,
  ̵  ̵ ̵ ̵Nat.reduceDiv, Nat.r̵e̵du̵c̵e̵M̵o̵d̵,̵ ̵N̵a̵t̵.̵d̵iv_one, Nat.mod_one,
  ̲  ̲ ̲ ̲Nat.mul_one,
  ̵  ̵ ̵ ̵Nat.add_zero, Nat.zero_add, show (8 : Nat) ≠ 0 from by omega,
      show (16 : Nat) ≠ 0 from by omega, show (64 : Nat) ≠ 0 from by omega,
      show (2 : Nat) ≠ 0 from by omega, show (1 : Nat) ≠ 0 from by omega, ite_false, List.set]

Note: This linter can be disabled with `set_option linter.unusedSimpArgs false`
warning: denote/Denote.lean:18709:34: This simp argument is unused:
  Nat.div_one

Hint: Omit it from the simp argument list.
  simp only [hhead, List.getD, List.getElem?_cons_zero, List.getElem?_cons_succ,
  ̵  ̵ ̵ ̵Option.getD_some,
  ̲  ̲ ̲ ̲List.drop, List.foldl, Nat.reduceMul, Nat.reduceAdd,
  ̵  ̵ ̵ ̵Nat.reduceDiv, Nat.reduceMod, Nat.d̵i̵v̵_̵o̵n̵e̵,̵ ̵N̵a̵t̵.̵mod_one, ̵N̵a̵t̵.̵m̵u̵l̵_̵o̵n̵e̵,̵
      Nat.m̲u̲l̲_̲o̲n̲e̲,̲ ̲N̲at̲.̲a̲dd_zero, Nat.zero_add, show (8 : Nat) ≠ 0 from by omega,
      show (16 : Nat) ≠ 0 from by omega, show (64 : Nat) ≠ 0 from by omega,
      show (2 : Nat) ≠ 0 from by omega, show (1 : Nat) ≠ 0 from by omega, ite_false, List.set]

Note: This linter can be disabled with `set_option linter.unusedSimpArgs false`
warning: denote/Denote.lean:18709:47: This simp argument is unused:
  Nat.mod_one

Hint: Omit it from the simp argument list.
  simp only [hhead, List.getD, List.getElem?_cons_zero, List.getElem?_cons_succ,
  ̵  ̵ ̵ ̵Option.getD_some,
  ̲  ̲ ̲ ̲List.drop, List.foldl, Nat.reduceMul, Nat.reduceAdd,
  ̵  ̵ ̵ ̵Nat.reduceDiv, Nat.reduceMod, Nat.div_one, ̵N̵a̵t̵.̵m̵o̵d̵_̵o̵n̵e̵,̵ ̵N̵a̵t̵.̵m̵u̵l̵_̵o̵n̵e̵,̵
      Nat.m̲u̲l̲_̲o̲n̲e̲,̲ ̲N̲at̲.̲a̲dd_zero, Nat.zero_add, show (8 : Nat) ≠ 0 from by omega,
      show (16 : Nat) ≠ 0 from by omega, show (64 : Nat) ≠ 0 from by omega,
      show (2 : Nat) ≠ 0 from by omega, show (1 : Nat) ≠ 0 from by omega, ite_false, List.set]

Note: This linter can be disabled with `set_option linter.unusedSimpArgs false`
warning: denote/Denote.lean:18709:60: This simp argument is unused:
  Nat.mul_one

Hint: Omit it from the simp argument list.
  simp only [hhead, List.getD, List.getElem?_cons_zero, List.getElem?_cons_succ,
  ̵  ̵ ̵ ̵Option.getD_some,
  ̲  ̲ ̲ ̲List.drop, List.foldl, Nat.reduceMul, Nat.reduceAdd,
  ̵  ̵ ̵ ̵Nat.reduceDiv, Nat.reduceMod, Nat.div_one,
  ̲  ̲ ̲ ̲Nat.mod_one, Nat.m̵u̵l̵_̵o̵n̵e̵,̵
  ̵ ̵ ̵ ̵ ̵N̵at̵.̵a̵dd_zero, Nat.zero_add, show (8 : Nat) ≠ 0 from by omega,
      show (16 : Nat) ≠ 0 from by omega, show (64 : Nat) ≠ 0 from by omega,
      show (2 : Nat) ≠ 0 from by omega, show (1 : Nat) ≠ 0 from by omega, ite_false, List.set]

Note: This linter can be disabled with `set_option linter.unusedSimpArgs false`
warning: denote/Denote.lean:18710:4: This simp argument is unused:
  Nat.add_zero

Hint: Omit it from the simp argument list.
  simp only [hhead, List.getD, List.getElem?_cons_zero, List.getElem?_cons_succ,
  ̵  ̵ ̵ ̵Option.getD_some,
  ̲  ̲ ̲ ̲List.drop, List.foldl, Nat.reduceMul, Nat.reduceAdd,
  ̵  ̵ ̵ ̵Nat.reduceDiv, Nat.reduceMod, Nat.div_one, ̵N̵a̵t̵.̵m̵o̵d̵_̵o̵n̵e̵,̵ ̵N̵a̵t̵.̵m̵u̵l̵_̵o̵n̵e̵,̵
      Nat.m̲o̲d̲_̲o̲n̲e̲,̲ ̲N̲ad̵d̵t̲.̲m̲u̲l̲_z̵o̲n̲er̵o̵, Nat.zero_add, show (8 : Nat) ≠ 0 from by omega,
      show (16 : Nat) ≠ 0 from by omega, show (64 : Nat) ≠ 0 from by omega,
      show (2 : Nat) ≠ 0 from by omega, show (1 : Nat) ≠ 0 from by omega, ite_false, List.set]

Note: This linter can be disabled with `set_option linter.unusedSimpArgs false`
warning: denote/Denote.lean:18710:18: This simp argument is unused:
  Nat.zero_add

Hint: Omit it from the simp argument list.
  simp only [hhead, List.getD, List.getElem?_cons_zero, List.getElem?_cons_succ,
  ̵  ̵ ̵ ̵Option.getD_some,
  ̲  ̲ ̲ ̲List.drop, List.foldl, Nat.reduceMul, Nat.reduceAdd,
  ̵  ̵ ̵ ̵Nat.reduceDiv, Nat.reduceMod, Nat.div_one, ̵N̵a̵t̵.̵m̵o̵d̵_̵o̵n̵e̵,̵ ̵N̵a̵t̵.̵m̵u̵l̵_̵o̵n̵e̵,̵
      Nat.m̲o̲d̲_̲o̲n̲e̲,̲ ̲N̲ad̵d̵t̲.̲m̲u̲l̲_z̵o̲n̲er̵o̵, Nat.z̵e̵r̵o̵_̵add_̲z̲e̲r̲o̲, show (8 : Nat) ≠ 0 from by omega,
      show (16 : Nat) ≠ 0 from by omega, show (64 : Nat) ≠ 0 from by omega,
      show (2 : Nat) ≠ 0 from by omega, show (1 : Nat) ≠ 0 from by omega, ite_false, List.set]

Note: This linter can be disabled with `set_option linter.unusedSimpArgs false`
warning: denote/Denote.lean:18711:4: This simp argument is unused:
  show (16 : Nat) ≠ 0 from by omega

Hint: Omit it from the simp argument list.
  simp only [hhead, List.getD, List.getElem?_cons_zero, List.getElem?_cons_succ,
  ̵  ̵ ̵ ̵Option.getD_some,
  ̲  ̲ ̲ ̲List.drop, List.foldl, Nat.reduceMul, Nat.reduceAdd,
  ̵  ̵ ̵ ̵Nat.reduceDiv, Nat.reduceMod, Nat.div_one,
  ̲  ̲ ̲ ̲Nat.mod_one, Nat.mul_one,
  ̵  ̵ ̵ ̵Nat.add_zero, Nat.zero_add, show (8 : Nat) ≠ 0 from by omega,
      show (1̵6 ̵:̵ ̵N̵a̵t̵)̵ ̵≠̵ ̵0̵ ̵f̵r̵o̵m̵ ̵b̵y̵ ̵o̵m̵e̵g̵a̵,̵ ̵s̵h̵o̵w̵ ̵(̵6̵4 : Nat) ≠ 0 from by omega,
  ̵  ̵ ̵ ̵show (2 : Nat) ≠ 0 from by omega,
  ̲  ̲ ̲ ̲show (1 : Nat) ≠ 0 from by omega, ite_false, List.set]

Note: This linter can be disabled with `set_option linter.unusedSimpArgs false`
warning: denote/Denote.lean:18712:38: This simp argument is unused:
  show (1 : Nat) ≠ 0 from by omega

Hint: Omit it from the simp argument list.
  simp only [hhead, List.getD, List.getElem?_cons_zero, List.getElem?_cons_succ,
  ̵  ̵ ̵ ̵Option.getD_some,
  ̲  ̲ ̲ ̲List.drop, List.foldl, Nat.reduceMul, Nat.reduceAdd,
  ̵  ̵ ̵ ̵Nat.reduceDiv, Nat.reduceMod, Nat.div_one,
  ̲  ̲ ̲ ̲Nat.mod_one, Nat.mul_one,
  ̵  ̵ ̵ ̵Nat.add_zero, Nat.zero_add, show (8 : Nat) ≠ 0 from by omega,
      show (16 : Nat) ≠ 0 from by omega, show (64 : Nat) ≠ 0 from by omega,
      show (2 : Nat) ≠ 0 from by omega, s̵h̵o̵w̵ ̵(̵1̵ ̵:̵ ̵N̵a̵t̵)̵ ̵≠̵ ̵0̵ ̵f̵r̵o̵m̵ ̵b̵y̵ ̵o̵m̵e̵g̵a̵,̵ ̵ite_false, List.set]

Note: This linter can be disabled with `set_option linter.unusedSimpArgs false`
warning: denote/Denote.lean:18712:83: This simp argument is unused:
  List.set

Hint: Omit it from the simp argument list.
  simp only [hhead, List.getD, List.getElem?_cons_zero, List.getElem?_cons_succ,
  ̵  ̵ ̵ ̵Option.getD_some,
  ̲  ̲ ̲ ̲List.drop, List.foldl, Nat.reduceMul, Nat.reduceAdd,
  ̵  ̵ ̵ ̵Nat.reduceDiv, Nat.reduceMod, Nat.div_one,
  ̲  ̲ ̲ ̲Nat.mod_one, Nat.mul_one,
  ̵  ̵ ̵ ̵Nat.add_zero, Nat.zero_add, show (8 : Nat) ≠ 0 from by omega,
      show (16 : Nat) ≠ 0 from by omega, show (64 : Nat) ≠ 0 from by omega,
      show (2 : Nat) ≠ 0 from by omega, show (1 : Nat) ≠ 0 from by omega, ite_false,̵ ̵L̵i̵s̵t̵.̵s̵e̵t̵]

Note: This linter can be disabled with `set_option linter.unusedSimpArgs false`
warning: denote/Denote.lean:18798:2: The `show` tactic should only be used to indicate intermediate goal states for readability.
However, this tactic invocation changed the goal. Please use `change` instead for these purposes.

Note: This linter can be disabled with `set_option linter.style.show false`
warning: denote/Denote.lean:18811:2: The `show` tactic should only be used to indicate intermediate goal states for readability.
However, this tactic invocation changed the goal. Please use `change` instead for these purposes.

Note: This linter can be disabled with `set_option linter.style.show false`
warning: denote/Denote.lean:18849:4: This simp argument is unused:
  Nat.reduceDiv

Hint: Omit it from the simp argument list.
  simp only [hhead, List.getD, List.getElem?_cons_zero, List.getElem?_cons_succ,
  ̵  ̵ ̵ ̵Option.getD_some,
  ̲  ̲ ̲ ̲List.drop, List.foldl, Nat.reduceMul, Nat.reduceAdd,
  ̵  ̵ ̵ ̵Nat.reduceD̵i̵v̵,̵ ̵N̵a̵t̵.̵r̵e̵d̵u̵c̵e̵Mod, Nat.div_one, Nat.mod_one,
  ̲  ̲ ̲ ̲Nat.mul_one,
  ̵  ̵ ̵ ̵Nat.add_zero, Nat.zero_add, show (2 : Nat) ≠ 0 from by omega,
      show (8 : Nat) ≠ 0 from by omega, show (64 : Nat) ≠ 0 from by omega,
  ̵  ̵ ̵ ̵ite_false, List.set]

Note: This linter can be disabled with `set_option linter.unusedSimpArgs false`
warning: denote/Denote.lean:18849:19: This simp argument is unused:
  Nat.reduceMod

Hint: Omit it from the simp argument list.
  simp only [hhead, List.getD, List.getElem?_cons_zero, List.getElem?_cons_succ,
  ̵  ̵ ̵ ̵Option.getD_some,
  ̲  ̲ ̲ ̲List.drop, List.foldl, Nat.reduceMul, Nat.reduceAdd,
  ̵  ̵ ̵ ̵Nat.reduceDiv, Nat.r̵e̵du̵c̵e̵M̵o̵d̵,̵ ̵N̵a̵t̵.̵d̵iv_one, Nat.mod_one,
  ̲  ̲ ̲ ̲Nat.mul_one,
  ̵  ̵ ̵ ̵Nat.add_zero, Nat.zero_add, show (2 : Nat) ≠ 0 from by omega,
      show (8 : Nat) ≠ 0 from by omega, show (64 : Nat) ≠ 0 from by omega,
  ̵  ̵ ̵ ̵ite_false, List.set]

Note: This linter can be disabled with `set_option linter.unusedSimpArgs false`
warning: denote/Denote.lean:18849:34: This simp argument is unused:
  Nat.div_one

Hint: Omit it from the simp argument list.
  simp only [hhead, List.getD, List.getElem?_cons_zero, List.getElem?_cons_succ,
  ̵  ̵ ̵ ̵Option.getD_some,
  ̲  ̲ ̲ ̲List.drop, List.foldl, Nat.reduceMul, Nat.reduceAdd,
  ̵  ̵ ̵ ̵Nat.reduceDiv, Nat.reduceMod, Nat.m̲o̲di̵v̵_one,
  ̲ N̵a̵t̵.̵m̵o̵d̵_̵o̵n̵e̵,̵  ̲ ̲Nat.mul_one,
  ̵  ̵ ̵ ̵Nat.add_zero, Nat.zero_add, show (2 : Nat) ≠ 0 from by omega,
      show (8 : Nat) ≠ 0 from by omega, show (64 : Nat) ≠ 0 from by omega,
  ̵  ̵ ̵ ̵ite_false, List.set]

Note: This linter can be disabled with `set_option linter.unusedSimpArgs false`
warning: denote/Denote.lean:18849:47: This simp argument is unused:
  Nat.mod_one

Hint: Omit it from the simp argument list.
  simp only [hhead, List.getD, List.getElem?_cons_zero, List.getElem?_cons_succ,
  ̵  ̵ ̵ ̵Option.getD_some,
  ̲  ̲ ̲ ̲List.drop, List.foldl, Nat.reduceMul, Nat.reduceAdd,
  ̵  ̵ ̵ ̵Nat.reduceDiv, Nat.reduceMod, Nat.div_one,
  ̲ N̵a̵t̵.̵m̵o̵d̵_̵o̵n̵e̵,̵  ̲ ̲Nat.mul_one,
  ̵  ̵ ̵ ̵Nat.add_zero, Nat.zero_add, show (2 : Nat) ≠ 0 from by omega,
      show (8 : Nat) ≠ 0 from by omega, show (64 : Nat) ≠ 0 from by omega,
  ̵  ̵ ̵ ̵ite_false, List.set]

Note: This linter can be disabled with `set_option linter.unusedSimpArgs false`
warning: denote/Denote.lean:18849:60: This simp argument is unused:
  Nat.mul_one

Hint: Omit it from the simp argument list.
  simp only [hhead, List.getD, List.getElem?_cons_zero, List.getElem?_cons_succ,
  ̵  ̵ ̵ ̵Option.getD_some,
  ̲  ̲ ̲ ̲List.drop, List.foldl, Nat.reduceMul, Nat.reduceAdd,
  ̵  ̵ ̵ ̵Nat.reduceDiv, Nat.reduceMod, Nat.div_one,
  ̲  ̲ ̲ ̲Nat.mod_one, Nat.m̵u̵l̵_̵o̵n̵e̵,̵
  ̵ ̵ ̵ ̵ ̵N̵at̵.̵a̵dd_zero, Nat.zero_add, show (2 : Nat) ≠ 0 from by omega,
      show (8 : Nat) ≠ 0 from by omega, show (64 : Nat) ≠ 0 from by omega,
  ̵  ̵ ̵ ̵ite_false, List.set]

Note: This linter can be disabled with `set_option linter.unusedSimpArgs false`
warning: denote/Denote.lean:18850:4: This simp argument is unused:
  Nat.add_zero

Hint: Omit it from the simp argument list.
  simp only [hhead, List.getD, List.getElem?_cons_zero, List.getElem?_cons_succ,
  ̵  ̵ ̵ ̵Option.getD_some,
  ̲  ̲ ̲ ̲List.drop, List.foldl, Nat.reduceMul, Nat.reduceAdd,
  ̵  ̵ ̵ ̵Nat.reduceDiv, Nat.reduceMod, Nat.div_one,
  ̲  ̲ ̲ ̲Nat.mod_one, Nat.mul_one,
  ̵  ̵ ̵ ̵Nat.a̵d̵d̵_̵zero,̵ ̵N̵a̵t̵.̵z̵e̵r̵o̵_add, show (2 : Nat) ≠ 0 from by omega,
      show (8 : Nat) ≠ 0 from by omega, show (64 : Nat) ≠ 0 from by omega,
  ̵  ̵ ̵ ̵ite_false, List.set]

Note: This linter can be disabled with `set_option linter.unusedSimpArgs false`
warning: denote/Denote.lean:18850:18: This simp argument is unused:
  Nat.zero_add

Hint: Omit it from the simp argument list.
  simp only [hhead, List.getD, List.getElem?_cons_zero, List.getElem?_cons_succ,
  ̵  ̵ ̵ ̵Option.getD_some,
  ̲  ̲ ̲ ̲List.drop, List.foldl, Nat.reduceMul, Nat.reduceAdd,
  ̵  ̵ ̵ ̵Nat.reduceDiv, Nat.reduceMod, Nat.div_one,
  ̲  ̲ ̲ ̲Nat.mod_one, Nat.mul_one,
  ̵  ̵ ̵ ̵Nat.add_zero, N̵a̵t̵.̵z̵e̵r̵o̵_̵a̵d̵d̵,̵ ̵show (2 : Nat) ≠ 0 from by omega,
      show (8 : Nat) ≠ 0 from by omega, show (64 : Nat) ≠ 0 from by omega,
  ̵  ̵ ̵ ̵ite_false, List.set]

Note: This linter can be disabled with `set_option linter.unusedSimpArgs false`
warning: denote/Denote.lean:18852:15: This simp argument is unused:
  List.set

Hint: Omit it from the simp argument list.
  simp only [hhead, List.getD, List.getElem?_cons_zero, List.getElem?_cons_succ,
  ̵  ̵ ̵ ̵Option.getD_some,
  ̲  ̲ ̲ ̲List.drop, List.foldl, Nat.reduceMul, Nat.reduceAdd,
  ̵  ̵ ̵ ̵Nat.reduceDiv, Nat.reduceMod, Nat.div_one,
  ̲  ̲ ̲ ̲Nat.mod_one, Nat.mul_one,
  ̵  ̵ ̵ ̵Nat.add_zero, Nat.zero_add, show (2 : Nat) ≠ 0 from by omega,
      show (8 : Nat) ≠ 0 from by omega, show (64 : Nat) ≠ 0 from by omega,
  ̵  ̵ ̵ ̵ite_false,̵ ̵L̵i̵s̵t̵.̵s̵e̵t̵]

Note: This linter can be disabled with `set_option linter.unusedSimpArgs false`
warning: denote/Denote.lean:19286:37: Variable name `hg1` is not explicitly referenced.

The binding can be removed (if unused) or named `_` (if used implicitly).

Note: This linter can be disabled with `set_option linter.unusedVariables false`
warning: denote/Denote.lean:19287:5: Variable name `hg2` is not explicitly referenced.

The binding can be removed (if unused) or named `_` (if used implicitly).

Note: This linter can be disabled with `set_option linter.unusedVariables false`
warning: denote/Denote.lean:19287:37: Variable name `hg3` is not explicitly referenced.

The binding can be removed (if unused) or named `_` (if used implicitly).

Note: This linter can be disabled with `set_option linter.unusedVariables false`
warning: denote/Denote.lean:19382:2: The `show` tactic should only be used to indicate intermediate goal states for readability.
However, this tactic invocation changed the goal. Please use `change` instead for these purposes.

Note: This linter can be disabled with `set_option linter.style.show false`
warning: denote/Denote.lean:19625:2: The `show` tactic should only be used to indicate intermediate goal states for readability.
However, this tactic invocation changed the goal. Please use `change` instead for these purposes.

Note: This linter can be disabled with `set_option linter.style.show false`
warning: denote/Denote.lean:19730:61: This simp argument is unused:
  List.foldl

Hint: Omit it from the simp argument list.
  simp only [zeroTensor, Tensor.mkShape, valAt, prodShape,̵ ̵L̵i̵s̵t̵.̵f̵o̵l̵d̵l̵]

Note: This linter can be disabled with `set_option linter.unusedSimpArgs false`
warning: denote/Denote.lean:19822:61: This simp argument is unused:
  List.foldl

Hint: Omit it from the simp argument list.
  simp only [zeroTensor, Tensor.mkShape, valAt, prodShape,̵ ̵L̵i̵s̵t̵.̵f̵o̵l̵d̵l̵]

Note: This linter can be disabled with `set_option linter.unusedSimpArgs false`
warning: denote/Denote.lean:19916:61: This simp argument is unused:
  List.foldl

Hint: Omit it from the simp argument list.
  simp only [zeroTensor, Tensor.mkShape, valAt, prodShape,̵ ̵L̵i̵s̵t̵.̵f̵o̵l̵d̵l̵]

Note: This linter can be disabled with `set_option linter.unusedSimpArgs false`
warning: denote/Denote.lean:20007:61: This simp argument is unused:
  List.foldl

Hint: Omit it from the simp argument list.
  simp only [zeroTensor, Tensor.mkShape, valAt, prodShape,̵ ̵L̵i̵s̵t̵.̵f̵o̵l̵d̵l̵]

Note: This linter can be disabled with `set_option linter.unusedSimpArgs false`
warning: denote/Denote.lean:20262:61: This simp argument is unused:
  List.foldl

Hint: Omit it from the simp argument list.
  simp only [zeroTensor, Tensor.mkShape, valAt, prodShape,̵ ̵L̵i̵s̵t̵.̵f̵o̵l̵d̵l̵]

Note: This linter can be disabled with `set_option linter.unusedSimpArgs false`
warning: denote/Denote.lean:20327:0: Please, add a comment explaining the need for modifying the maxHeartbeat limit, as in
set_option maxHeartbeats 1600000 in
-- reason for change
...

Note: This linter can be disabled with `set_option linter.style.maxHeartbeats false`
warning: denote/Denote.lean:20394:23: This simp argument is unused:
  List.getElem?_cons_zero

Hint: Omit it from the simp argument list.
  simp [List.getD, L̵i̵s̵t̵.̵g̵e̵t̵E̵l̵e̵m̵?̵_̵c̵o̵n̵s̵_̵z̵e̵r̵o̵,̵ ̵List.getElem?_cons_succ]

Note: This linter can be disabled with `set_option linter.unusedSimpArgs false`
warning: denote/Denote.lean:20394:48: This simp argument is unused:
  List.getElem?_cons_succ

Hint: Omit it from the simp argument list.
  simp [List.getD, List.getElem?_cons_zero,̵ ̵L̵i̵s̵t̵.̵g̵e̵t̵E̵l̵e̵m̵?̵_̵c̵o̵n̵s̵_̵s̵u̵c̵c̵]

Note: This linter can be disabled with `set_option linter.unusedSimpArgs false`
warning: denote/Denote.lean:20347:0: Please, add a comment explaining the need for modifying the maxHeartbeat limit, as in
set_option maxHeartbeats 3200000 in
-- reason for change
...

Note: This linter can be disabled with `set_option linter.style.maxHeartbeats false`
warning: denote/Denote.lean:20421:0: Please, add a comment explaining the need for modifying the maxHeartbeat limit, as in
set_option maxHeartbeats 3200000 in
-- reason for change
...

Note: This linter can be disabled with `set_option linter.style.maxHeartbeats false`
warning: denote/Denote.lean:20483:2: The `show` tactic should only be used to indicate intermediate goal states for readability.
However, this tactic invocation changed the goal. Please use `change` instead for these purposes.

Note: This linter can be disabled with `set_option linter.style.show false`
warning: denote/Denote.lean:20541:23: This simp argument is unused:
  List.getElem?_cons_zero

Hint: Omit it from the simp argument list.
  simp [List.getD, L̵i̵s̵t̵.̵g̵e̵t̵E̵l̵e̵m̵?̵_̵c̵o̵n̵s̵_̵z̵e̵r̵o̵,̵ ̵List.getElem?_cons_succ]

Note: This linter can be disabled with `set_option linter.unusedSimpArgs false`
warning: denote/Denote.lean:20541:48: This simp argument is unused:
  List.getElem?_cons_succ

Hint: Omit it from the simp argument list.
  simp [List.getD, List.getElem?_cons_zero,̵ ̵L̵i̵s̵t̵.̵g̵e̵t̵E̵l̵e̵m̵?̵_̵c̵o̵n̵s̵_̵s̵u̵c̵c̵]

Note: This linter can be disabled with `set_option linter.unusedSimpArgs false`
warning: denote/Denote.lean:20603:23: This simp argument is unused:
  List.getElem?_cons_zero

Hint: Omit it from the simp argument list.
  simp [List.getD, L̵i̵s̵t̵.̵g̵e̵t̵E̵l̵e̵m̵?̵_̵c̵o̵n̵s̵_̵z̵e̵r̵o̵,̵ ̵List.getElem?_cons_succ]

Note: This linter can be disabled with `set_option linter.unusedSimpArgs false`
warning: denote/Denote.lean:20603:48: This simp argument is unused:
  List.getElem?_cons_succ

Hint: Omit it from the simp argument list.
  simp [List.getD, List.getElem?_cons_zero,̵ ̵L̵i̵s̵t̵.̵g̵e̵t̵E̵l̵e̵m̵?̵_̵c̵o̵n̵s̵_̵s̵u̵c̵c̵]

Note: This linter can be disabled with `set_option linter.unusedSimpArgs false`
warning: denote/Denote.lean:20655:23: This simp argument is unused:
  List.getElem?_cons_zero

Hint: Omit it from the simp argument list.
  simp [List.getD, L̵i̵s̵t̵.̵g̵e̵t̵E̵l̵e̵m̵?̵_̵c̵o̵n̵s̵_̵z̵e̵r̵o̵,̵ ̵List.getElem?_cons_succ]

Note: This linter can be disabled with `set_option linter.unusedSimpArgs false`
warning: denote/Denote.lean:20655:48: This simp argument is unused:
  List.getElem?_cons_succ

Hint: Omit it from the simp argument list.
  simp [List.getD, List.getElem?_cons_zero,̵ ̵L̵i̵s̵t̵.̵g̵e̵t̵E̵l̵e̵m̵?̵_̵c̵o̵n̵s̵_̵s̵u̵c̵c̵]

Note: This linter can be disabled with `set_option linter.unusedSimpArgs false`
warning: denote/Denote.lean:20694:4: This simp argument is unused:
  Nat.reduceDiv

Hint: Omit it from the simp argument list.
  simp only [hhead, List.getD, List.getElem?_cons_zero, List.getElem?_cons_succ,
  ̵  ̵ ̵ ̵Option.getD_some,
  ̲  ̲ ̲ ̲List.drop, List.foldl, Nat.reduceMul, Nat.reduceAdd,
  ̵  ̵ ̵ ̵Nat.reduceD̵i̵v̵,̵ ̵N̵a̵t̵.̵r̵e̵d̵u̵c̵e̵Mod, Nat.div_one, Nat.mod_one,
  ̲  ̲ ̲ ̲Nat.mul_one,
  ̵  ̵ ̵ ̵Nat.add_zero, Nat.zero_add, show (8 : Nat) ≠ 0 from by omega,
      show (4 : Nat) ≠ 0 from by omega, show (1 : Nat) ≠ 0 from by omega,
      show (32 : Nat) ≠ 0 from by omega,
  ̵  ̵ ̵ ̵show (256 : Nat) ≠ 0 from by omega, ite_false]

Note: This linter can be disabled with `set_option linter.unusedSimpArgs false`
warning: denote/Denote.lean:20694:19: This simp argument is unused:
  Nat.reduceMod

Hint: Omit it from the simp argument list.
  simp only [hhead, List.getD, List.getElem?_cons_zero, List.getElem?_cons_succ,
  ̵  ̵ ̵ ̵Option.getD_some,
  ̲  ̲ ̲ ̲List.drop, List.foldl, Nat.reduceMul, Nat.reduceAdd,
  ̵  ̵ ̵ ̵Nat.reduceDiv, Nat.r̵e̵du̵c̵e̵M̵o̵d̵,̵ ̵N̵a̵t̵.̵d̵iv_one, Nat.mod_one,
  ̲  ̲ ̲ ̲Nat.mul_one,
  ̵  ̵ ̵ ̵Nat.add_zero, Nat.zero_add, show (8 : Nat) ≠ 0 from by omega,
      show (4 : Nat) ≠ 0 from by omega, show (1 : Nat) ≠ 0 from by omega,
      show (32 : Nat) ≠ 0 from by omega,
  ̵  ̵ ̵ ̵show (256 : Nat) ≠ 0 from by omega, ite_false]

Note: This linter can be disabled with `set_option linter.unusedSimpArgs false`
warning: denote/Denote.lean:20694:60: This simp argument is unused:
  Nat.mul_one

Hint: Omit it from the simp argument list.
  simp only [hhead, List.getD, List.getElem?_cons_zero, List.getElem?_cons_succ,
  ̵  ̵ ̵ ̵Option.getD_some,
  ̲  ̲ ̲ ̲List.drop, List.foldl, Nat.reduceMul, Nat.reduceAdd,
  ̵  ̵ ̵ ̵Nat.reduceDiv, Nat.reduceMod, Nat.div_one,
  ̲  ̲ ̲ ̲Nat.mod_one, Nat.m̵u̵l̵_̵o̵n̵e̵,̵
  ̵ ̵ ̵ ̵ ̵N̵at̵.̵a̵dd_zero, Nat.zero_add, show (8 : Nat) ≠ 0 from by omega,
      show (4 : Nat) ≠ 0 from by omega, show (1 : Nat) ≠ 0 from by omega,
      show (32 : Nat) ≠ 0 from by omega,
  ̵  ̵ ̵ ̵show (256 : Nat) ≠ 0 from by omega, ite_false]

Note: This linter can be disabled with `set_option linter.unusedSimpArgs false`
warning: denote/Denote.lean:20695:18: This simp argument is unused:
  Nat.zero_add

Hint: Omit it from the simp argument list.
  simp only [hhead, List.getD, List.getElem?_cons_zero, List.getElem?_cons_succ,
  ̵  ̵ ̵ ̵Option.getD_some,
  ̲  ̲ ̲ ̲List.drop, List.foldl, Nat.reduceMul, Nat.reduceAdd,
  ̵  ̵ ̵ ̵Nat.reduceDiv, Nat.reduceMod, Nat.div_one,
  ̲  ̲ ̲ ̲Nat.mod_one, Nat.mul_one,
  ̵  ̵ ̵ ̵Nat.add_zero, N̵a̵t̵.̵z̵e̵r̵o̵_̵a̵d̵d̵,̵ ̵show (8 : Nat) ≠ 0 from by omega,
      show (4 : Nat) ≠ 0 from by omega, show (1 : Nat) ≠ 0 from by omega,
      show (32 : Nat) ≠ 0 from by omega,
  ̵  ̵ ̵ ̵show (256 : Nat) ≠ 0 from by omega, ite_false]

Note: This linter can be disabled with `set_option linter.unusedSimpArgs false`
warning: denote/Denote.lean:20696:4: This simp argument is unused:
  show (4 : Nat) ≠ 0 from by omega

Hint: Omit it from the simp argument list.
  simp only [hhead, List.getD, List.getElem?_cons_zero, List.getElem?_cons_succ,
  ̵  ̵ ̵ ̵Option.getD_some,
  ̲  ̲ ̲ ̲List.drop, List.foldl, Nat.reduceMul, Nat.reduceAdd,
  ̵  ̵ ̵ ̵Nat.reduceDiv, Nat.reduceMod, Nat.div_one,
  ̲  ̲ ̲ ̲Nat.mod_one, Nat.mul_one,
  ̵  ̵ ̵ ̵Nat.add_zero, Nat.zero_add, show (8 : Nat) ≠ 0 from by omega,
      show (4̵ ̵:̵ ̵N̵a̵t̵)̵ ̵≠̵ ̵0̵ ̵f̵r̵o̵m̵ ̵b̵y̵ ̵o̵m̵e̵g̵a̵,̵ ̵s̵h̵o̵w̵ ̵(̵1 : Nat) ≠ 0 from by omega,
  ̵  ̵ ̵ ̵show (32 : Nat) ≠ 0 from by omega,
      show (256 : Nat) ≠ 0 from by omega, ite_false]

Note: This linter can be disabled with `set_option linter.unusedSimpArgs false`
warning: denote/Denote.lean:20698:4: This simp argument is unused:
  show (256 : Nat) ≠ 0 from by omega

Hint: Omit it from the simp argument list.
  simp only [hhead, List.getD, List.getElem?_cons_zero, List.getElem?_cons_succ,
  ̵  ̵ ̵ ̵Option.getD_some,
  ̲  ̲ ̲ ̲List.drop, List.foldl, Nat.reduceMul, Nat.reduceAdd,
  ̵  ̵ ̵ ̵Nat.reduceDiv, Nat.reduceMod, Nat.div_one,
  ̲  ̲ ̲ ̲Nat.mod_one, Nat.mul_one,
  ̵  ̵ ̵ ̵Nat.add_zero, Nat.zero_add, show (8 : Nat) ≠ 0 from by omega,
      show (4 : Nat) ≠ 0 from by omega, show (1 : Nat) ≠ 0 from by omega,
      show (32 : Nat) ≠ 0 from by omega,
  ̵  ̵ ̵ ̵s̵h̵o̵w̵ ̵(̵2̵5̵6̵ ̵:̵ ̵N̵a̵t̵)̵ ̵≠̵ ̵0̵ ̵f̵r̵o̵m̵ ̵b̵y̵ ̵o̵m̵e̵g̵a̵,̵ ̵ite_false]

Note: This linter can be disabled with `set_option linter.unusedSimpArgs false`
warning: denote/Denote.lean:20717:34: This simp argument is unused:
  Nat.reduceDiv

Hint: Omit it from the simp argument list.
  simp only [chunkPrimDimN, Tensor.mkShape, hx, List.getD, List.getElem?_cons_zero,
      List.getElem?_cons_succ, Option.getD_some, List.drop, List.foldl,
  ̵  ̵ ̵ ̵Nat.reduceMul, Nat.reduceAdd,
  ̲ N̵a̵t̵.̵r̵e̵d̵u̵c̵e̵D̵i̵v̵,̵  ̲ ̲Nat.reduceMod,
  ̵  ̵ ̵ ̵Nat.div_one, Nat.mod_one, Nat.mul_one, Nat.add_zero, Nat.zero_add,
      show (8 : Nat) ≠ 0 from by omega, show (4 : Nat) ≠ 0 from by omega,
      show (1 : Nat) ≠ 0 from by omega, show (32 : Nat) ≠ 0 from by omega,
      show (64 : Nat) ≠ 0 from by omega, show (4 / 4 : Nat) = 1 by norm_num,
  ̵  ̵ ̵ ̵ite_false]

Note: This linter can be disabled with `set_option linter.unusedSimpArgs false`
warning: denote/Denote.lean:20717:49: This simp argument is unused:
  Nat.reduceMod

Hint: Omit it from the simp argument list.
  simp only [chunkPrimDimN, Tensor.mkShape, hx, List.getD, List.getElem?_cons_zero,
      List.getElem?_cons_succ, Option.getD_some, List.drop, List.foldl,
  ̵  ̵ ̵ ̵Nat.reduceMul, Nat.reduceAdd,
  ̲  ̲ ̲ ̲Nat.reduceDiv, Nat.r̵e̵du̵c̵e̵M̵o̵d̵,̵
  ̵ ̵ ̵ ̵ ̵N̵a̵t̵.̵d̵iv_one, Nat.mod_one, Nat.mul_one, Nat.add_zero, Nat.zero_add,
      show (8 : Nat) ≠ 0 from by omega, show (4 : Nat) ≠ 0 from by omega,
      show (1 : Nat) ≠ 0 from by omega, show (32 : Nat) ≠ 0 from by omega,
      show (64 : Nat) ≠ 0 from by omega, show (4 / 4 : Nat) = 1 by norm_num,
  ̵  ̵ ̵ ̵ite_false]

Note: This linter can be disabled with `set_option linter.unusedSimpArgs false`
warning: denote/Denote.lean:20718:4: This simp argument is unused:
  Nat.div_one

Hint: Omit it from the simp argument list.
  simp only [chunkPrimDimN, Tensor.mkShape, hx, List.getD, List.getElem?_cons_zero,
      List.getElem?_cons_succ, Option.getD_some, List.drop, List.foldl,
  ̵  ̵ ̵ ̵Nat.reduceMul, Nat.reduceAdd,
  ̲  ̲ ̲ ̲Nat.reduceDiv, Nat.reduceMod,
  ̵  ̵ ̵ ̵Nat.d̵i̵v̵_̵o̵n̵e̵,̵ ̵N̵a̵t̵.̵mod_one, Nat.mul_one, Nat.add_zero, Nat.zero_add,
      show (8 : Nat) ≠ 0 from by omega, show (4 : Nat) ≠ 0 from by omega,
      show (1 : Nat) ≠ 0 from by omega, show (32 : Nat) ≠ 0 from by omega,
      show (64 : Nat) ≠ 0 from by omega, show (4 / 4 : Nat) = 1 by norm_num,
  ̵  ̵ ̵ ̵ite_false]

Note: This linter can be disabled with `set_option linter.unusedSimpArgs false`
warning: denote/Denote.lean:20718:17: This simp argument is unused:
  Nat.mod_one

Hint: Omit it from the simp argument list.
  simp only [chunkPrimDimN, Tensor.mkShape, hx, List.getD, List.getElem?_cons_zero,
      List.getElem?_cons_succ, Option.getD_some, List.drop, List.foldl,
  ̵  ̵ ̵ ̵Nat.reduceMul, Nat.reduceAdd,
  ̲  ̲ ̲ ̲Nat.reduceDiv, Nat.reduceMod,
  ̵  ̵ ̵ ̵Nat.div_one, Nat.mo̵d̵_̵o̵n̵e̵,̵ ̵N̵a̵t̵.̵m̵ul_one, Nat.add_zero, Nat.zero_add,
      show (8 : Nat) ≠ 0 from by omega, show (4 : Nat) ≠ 0 from by omega,
      show (1 : Nat) ≠ 0 from by omega, show (32 : Nat) ≠ 0 from by omega,
      show (64 : Nat) ≠ 0 from by omega, show (4 / 4 : Nat) = 1 by norm_num,
  ̵  ̵ ̵ ̵ite_false]

Note: This linter can be disabled with `set_option linter.unusedSimpArgs false`
warning: denote/Denote.lean:20718:43: This simp argument is unused:
  Nat.add_zero

Hint: Omit it from the simp argument list.
  simp only [chunkPrimDimN, Tensor.mkShape, hx, List.getD, List.getElem?_cons_zero,
      List.getElem?_cons_succ, Option.getD_some, List.drop, List.foldl,
  ̵  ̵ ̵ ̵Nat.reduceMul, Nat.reduceAdd,
  ̲  ̲ ̲ ̲Nat.reduceDiv, Nat.reduceMod,
  ̵  ̵ ̵ ̵Nat.div_one, Nat.mod_one, Nat.mul_one, Nat.a̵d̵d̵_̵zero,̵ ̵N̵a̵t̵.̵z̵e̵r̵o̵_add,
      show (8 : Nat) ≠ 0 from by omega, show (4 : Nat) ≠ 0 from by omega,
      show (1 : Nat) ≠ 0 from by omega, show (32 : Nat) ≠ 0 from by omega,
      show (64 : Nat) ≠ 0 from by omega, show (4 / 4 : Nat) = 1 by norm_num,
  ̵  ̵ ̵ ̵ite_false]

Note: This linter can be disabled with `set_option linter.unusedSimpArgs false`
warning: denote/Denote.lean:20718:57: This simp argument is unused:
  Nat.zero_add

Hint: Omit it from the simp argument list.
  simp only [chunkPrimDimN, Tensor.mkShape, hx, List.getD, List.getElem?_cons_zero,
      List.getElem?_cons_succ, Option.getD_some, List.drop, List.foldl,
  ̵  ̵ ̵ ̵Nat.reduceMul, Nat.reduceAdd,
  ̲  ̲ ̲ ̲Nat.reduceDiv, Nat.reduceMod,
  ̵  ̵ ̵ ̵Nat.div_one, Nat.mod_one, Nat.mul_one, Nat.add_zero, ̵N̵a̵t̵.̵z̵e̵r̵o̵_̵a̵d̵d̵,̵
      show (8 : Nat) ≠ 0 from by omega, show (4 : Nat) ≠ 0 from by omega,
      show (1 : Nat) ≠ 0 from by omega, show (32 : Nat) ≠ 0 from by omega,
      show (64 : Nat) ≠ 0 from by omega, show (4 / 4 : Nat) = 1 by norm_num,
  ̵  ̵ ̵ ̵ite_false]

Note: This linter can be disabled with `set_option linter.unusedSimpArgs false`
warning: denote/Denote.lean:20720:4: This simp argument is unused:
  show (1 : Nat) ≠ 0 from by omega

Hint: Omit it from the simp argument list.
  simp only [chunkPrimDimN, Tensor.mkShape, hx, List.getD, List.getElem?_cons_zero,
      List.getElem?_cons_succ, Option.getD_some, List.drop, List.foldl,
  ̵  ̵ ̵ ̵Nat.reduceMul, Nat.reduceAdd,
  ̲  ̲ ̲ ̲Nat.reduceDiv, Nat.reduceMod,
  ̵  ̵ ̵ ̵Nat.div_one, Nat.mod_one, Nat.mul_one, Nat.add_zero, Nat.zero_add,
      show (8 : Nat) ≠ 0 from by omega, show (4 : Nat) ≠ 0 from by omega,
      show (1̵3̲2̲ : Nat) ≠ 0 from by omega, show (3̵2̵6̲4̲ : Nat) ≠ 0 from by omega,
      show (6̵4 :̵ ̵N̵a̵t̵)̵ ̵≠̵ ̵0̵ ̵f̵r̵o̵m̵ ̵b̵y̵ ̵o̵m̵e̵g̵a̵,̵ ̵s̵h̵o̵w̵ ̵(̵4̵ ̵/ 4 : Nat) = 1 by norm_num,
  ̵  ̵ ̵ ̵ite_false]

Note: This linter can be disabled with `set_option linter.unusedSimpArgs false`
warning: denote/Denote.lean:20720:38: This simp argument is unused:
  show (32 : Nat) ≠ 0 from by omega

Hint: Omit it from the simp argument list.
  simp only [chunkPrimDimN, Tensor.mkShape, hx, List.getD, List.getElem?_cons_zero,
      List.getElem?_cons_succ, Option.getD_some, List.drop, List.foldl,
  ̵  ̵ ̵ ̵Nat.reduceMul, Nat.reduceAdd,
  ̲  ̲ ̲ ̲Nat.reduceDiv, Nat.reduceMod,
  ̵  ̵ ̵ ̵Nat.div_one, Nat.mod_one, Nat.mul_one, Nat.add_zero, Nat.zero_add,
      show (8 : Nat) ≠ 0 from by omega, show (4 : Nat) ≠ 0 from by omega,
      show (1 : Nat) ≠ 0 from by omega, show (3̵2̵6̲4̲ : Nat) ≠ 0 from by omega,
      show (6̵4 :̵ ̵N̵a̵t̵)̵ ̵≠̵ ̵0̵ ̵f̵r̵o̵m̵ ̵b̵y̵ ̵o̵m̵e̵g̵a̵,̵ ̵s̵h̵o̵w̵ ̵(̵4̵ ̵/ 4 : Nat) = 1 by norm_num,
  ̵  ̵ ̵ ̵ite_false]

Note: This linter can be disabled with `set_option linter.unusedSimpArgs false`
warning: denote/Denote.lean:20721:4: This simp argument is unused:
  show (64 : Nat) ≠ 0 from by omega

Hint: Omit it from the simp argument list.
  simp only [chunkPrimDimN, Tensor.mkShape, hx, List.getD, List.getElem?_cons_zero,
      List.getElem?_cons_succ, Option.getD_some, List.drop, List.foldl,
  ̵  ̵ ̵ ̵Nat.reduceMul, Nat.reduceAdd,
  ̲  ̲ ̲ ̲Nat.reduceDiv, Nat.reduceMod,
  ̵  ̵ ̵ ̵Nat.div_one, Nat.mod_one, Nat.mul_one, Nat.add_zero, Nat.zero_add,
      show (8 : Nat) ≠ 0 from by omega, show (4 : Nat) ≠ 0 from by omega,
      show (1 : Nat) ≠ 0 from by omega, show (32 : Nat) ≠ 0 from by omega,
      show (6̵4 :̵ ̵N̵a̵t̵)̵ ̵≠̵ ̵0̵ ̵f̵r̵o̵m̵ ̵b̵y̵ ̵o̵m̵e̵g̵a̵,̵ ̵s̵h̵o̵w̵ ̵(̵4̵ ̵/ 4 : Nat) = 1 by norm_num,
  ̵  ̵ ̵ ̵ite_false]

Note: This linter can be disabled with `set_option linter.unusedSimpArgs false`
warning: denote/Denote.lean:20760:23: This simp argument is unused:
  List.getElem?_cons_zero

Hint: Omit it from the simp argument list.
  simp [List.getD, L̵i̵s̵t̵.̵g̵e̵t̵E̵l̵e̵m̵?̵_̵c̵o̵n̵s̵_̵z̵e̵r̵o̵,̵ ̵List.getElem?_cons_succ]

Note: This linter can be disabled with `set_option linter.unusedSimpArgs false`
warning: denote/Denote.lean:20760:48: This simp argument is unused:
  List.getElem?_cons_succ

Hint: Omit it from the simp argument list.
  simp [List.getD, List.getElem?_cons_zero,̵ ̵L̵i̵s̵t̵.̵g̵e̵t̵E̵l̵e̵m̵?̵_̵c̵o̵n̵s̵_̵s̵u̵c̵c̵]

Note: This linter can be disabled with `set_option linter.unusedSimpArgs false`
warning: denote/Denote.lean:20810:23: This simp argument is unused:
  List.getElem?_cons_zero

Hint: Omit it from the simp argument list.
  simp [List.getD, L̵i̵s̵t̵.̵g̵e̵t̵E̵l̵e̵m̵?̵_̵c̵o̵n̵s̵_̵z̵e̵r̵o̵,̵ ̵List.getElem?_cons_succ]

Note: This linter can be disabled with `set_option linter.unusedSimpArgs false`
warning: denote/Denote.lean:20810:48: This simp argument is unused:
  List.getElem?_cons_succ

Hint: Omit it from the simp argument list.
  simp [List.getD, List.getElem?_cons_zero,̵ ̵L̵i̵s̵t̵.̵g̵e̵t̵E̵l̵e̵m̵?̵_̵c̵o̵n̵s̵_̵s̵u̵c̵c̵]

Note: This linter can be disabled with `set_option linter.unusedSimpArgs false`
warning: denote/Denote.lean:20850:23: This simp argument is unused:
  List.getElem?_cons_zero

Hint: Omit it from the simp argument list.
  simp [List.getD, L̵i̵s̵t̵.̵g̵e̵t̵E̵l̵e̵m̵?̵_̵c̵o̵n̵s̵_̵z̵e̵r̵o̵,̵ ̵List.getElem?_cons_succ]

Note: This linter can be disabled with `set_option linter.unusedSimpArgs false`
warning: denote/Denote.lean:20850:48: This simp argument is unused:
  List.getElem?_cons_succ

Hint: Omit it from the simp argument list.
  simp [List.getD, List.getElem?_cons_zero,̵ ̵L̵i̵s̵t̵.̵g̵e̵t̵E̵l̵e̵m̵?̵_̵c̵o̵n̵s̵_̵s̵u̵c̵c̵]

Note: This linter can be disabled with `set_option linter.unusedSimpArgs false`
warning: denote/Denote.lean:20902:23: This simp argument is unused:
  List.getElem?_cons_zero

Hint: Omit it from the simp argument list.
  simp [List.getD, L̵i̵s̵t̵.̵g̵e̵t̵E̵l̵e̵m̵?̵_̵c̵o̵n̵s̵_̵z̵e̵r̵o̵,̵ ̵List.getElem?_cons_succ]

Note: This linter can be disabled with `set_option linter.unusedSimpArgs false`
warning: denote/Denote.lean:20902:48: This simp argument is unused:
  List.getElem?_cons_succ

Hint: Omit it from the simp argument list.
  simp [List.getD, List.getElem?_cons_zero,̵ ̵L̵i̵s̵t̵.̵g̵e̵t̵E̵l̵e̵m̵?̵_̵c̵o̵n̵s̵_̵s̵u̵c̵c̵]

Note: This linter can be disabled with `set_option linter.unusedSimpArgs false`
warning: denote/Denote.lean:20942:23: This simp argument is unused:
  List.getElem?_cons_zero

Hint: Omit it from the simp argument list.
  simp [List.getD, L̵i̵s̵t̵.̵g̵e̵t̵E̵l̵e̵m̵?̵_̵c̵o̵n̵s̵_̵z̵e̵r̵o̵,̵ ̵List.getElem?_cons_succ]

Note: This linter can be disabled with `set_option linter.unusedSimpArgs false`
warning: denote/Denote.lean:20942:48: This simp argument is unused:
  List.getElem?_cons_succ

Hint: Omit it from the simp argument list.
  simp [List.getD, List.getElem?_cons_zero,̵ ̵L̵i̵s̵t̵.̵g̵e̵t̵E̵l̵e̵m̵?̵_̵c̵o̵n̵s̵_̵s̵u̵c̵c̵]

Note: This linter can be disabled with `set_option linter.unusedSimpArgs false`
warning: denote/Denote.lean:20993:23: This simp argument is unused:
  List.getElem?_cons_zero

Hint: Omit it from the simp argument list.
  simp [List.getD, L̵i̵s̵t̵.̵g̵e̵t̵E̵l̵e̵m̵?̵_̵c̵o̵n̵s̵_̵z̵e̵r̵o̵,̵ ̵List.getElem?_cons_succ]

Note: This linter can be disabled with `set_option linter.unusedSimpArgs false`
warning: denote/Denote.lean:20993:48: This simp argument is unused:
  List.getElem?_cons_succ

Hint: Omit it from the simp argument list.
  simp [List.getD, List.getElem?_cons_zero,̵ ̵L̵i̵s̵t̵.̵g̵e̵t̵E̵l̵e̵m̵?̵_̵c̵o̵n̵s̵_̵s̵u̵c̵c̵]

Note: This linter can be disabled with `set_option linter.unusedSimpArgs false`
warning: denote/Denote.lean:21033:23: This simp argument is unused:
  List.getElem?_cons_zero

Hint: Omit it from the simp argument list.
  simp [List.getD, L̵i̵s̵t̵.̵g̵e̵t̵E̵l̵e̵m̵?̵_̵c̵o̵n̵s̵_̵z̵e̵r̵o̵,̵ ̵List.getElem?_cons_succ]

Note: This linter can be disabled with `set_option linter.unusedSimpArgs false`
warning: denote/Denote.lean:21033:48: This simp argument is unused:
  List.getElem?_cons_succ

Hint: Omit it from the simp argument list.
  simp [List.getD, List.getElem?_cons_zero,̵ ̵L̵i̵s̵t̵.̵g̵e̵t̵E̵l̵e̵m̵?̵_̵c̵o̵n̵s̵_̵s̵u̵c̵c̵]

Note: This linter can be disabled with `set_option linter.unusedSimpArgs false`
warning: denote/Denote.lean:21092:23: This simp argument is unused:
  List.getElem?_cons_zero

Hint: Omit it from the simp argument list.
  simp [List.getD, L̵i̵s̵t̵.̵g̵e̵t̵E̵l̵e̵m̵?̵_̵c̵o̵n̵s̵_̵z̵e̵r̵o̵,̵ ̵List.getElem?_cons_succ]

Note: This linter can be disabled with `set_option linter.unusedSimpArgs false`
warning: denote/Denote.lean:21092:48: This simp argument is unused:
  List.getElem?_cons_succ

Hint: Omit it from the simp argument list.
  simp [List.getD, List.getElem?_cons_zero,̵ ̵L̵i̵s̵t̵.̵g̵e̵t̵E̵l̵e̵m̵?̵_̵c̵o̵n̵s̵_̵s̵u̵c̵c̵]

Note: This linter can be disabled with `set_option linter.unusedSimpArgs false`
warning: denote/Denote.lean:21132:23: This simp argument is unused:
  List.getElem?_cons_zero

Hint: Omit it from the simp argument list.
  simp [List.getD, L̵i̵s̵t̵.̵g̵e̵t̵E̵l̵e̵m̵?̵_̵c̵o̵n̵s̵_̵z̵e̵r̵o̵,̵ ̵List.getElem?_cons_succ]

Note: This linter can be disabled with `set_option linter.unusedSimpArgs false`
warning: denote/Denote.lean:21132:48: This simp argument is unused:
  List.getElem?_cons_succ

Hint: Omit it from the simp argument list.
  simp [List.getD, List.getElem?_cons_zero,̵ ̵L̵i̵s̵t̵.̵g̵e̵t̵E̵l̵e̵m̵?̵_̵c̵o̵n̵s̵_̵s̵u̵c̵c̵]

Note: This linter can be disabled with `set_option linter.unusedSimpArgs false`
warning: denote/Denote.lean:21294:56: This simp argument is unused:
  Nat.zero_mul

Hint: Omit it from the simp argument list.
  simp only [Tensor.mkShape, Nat.div_one, Nat.zero_mod, N̵a̵t̵.̵z̵e̵r̵o̵_̵m̵u̵l̵,̵ ̵Nat.zero_add]

Note: This linter can be disabled with `set_option linter.unusedSimpArgs false`
warning: denote/Denote.lean:21294:70: This simp argument is unused:
  Nat.zero_add

Hint: Omit it from the simp argument list.
  simp only [Tensor.mkShape, Nat.div_one, Nat.zero_mod, Nat.zero_mul,̵ ̵N̵a̵t̵.̵z̵e̵r̵o̵_̵a̵d̵d̵]

Note: This linter can be disabled with `set_option linter.unusedSimpArgs false`
warning: denote/Denote.lean:21369:38: This simp argument is unused:
  if_false

Hint: Omit it from the simp argument list.
  simp only [h1_ne_0, ↓reduceIte, i̵f̵_̵f̵a̵l̵s̵e̵,̵ ̵Nat.zero_mul, Nat.zero_add, hds, hps]

Note: This linter can be disabled with `set_option linter.unusedSimpArgs false`
warning: denote/Denote.lean:21393:13: This simp argument is unused:
  List.getD_cons_zero

Hint: Omit it from the simp argument list.
  simp only [Tensor.mkShape, Nat.mul_one, List.head?, Option.map, Option.getD,̵
  ̵ ̵ ̵ ̵ ̵ ̵ ̵ ̵ ̵ ̵ ̵ ̵ ̵ ̵L̵i̵s̵t̵.̵g̵e̵t̵D̵_̵c̵o̵n̵s̵_̵z̵e̵r̵o̵]

Note: This linter can be disabled with `set_option linter.unusedSimpArgs false`
warning: denote/Denote.lean:21451:17: This simp argument is unused:
  h1_ne_0

Hint: Omit it from the simp argument list.
  simp only [̵h̵1̵_̵n̵e̵_̵0̵,̵ ̵↓̵r̵e̵d̵u̵c̵e̵I̵t̵e̵,̵[̲↓̲r̲e̲d̲u̲c̲e̲I̲t̲e̲,̲ if_false, Nat.zero_mul, Nat.zero_add, hds, hps, hdim, hstride_ne]

Note: This linter can be disabled with `set_option linter.unusedSimpArgs false`
warning: denote/Denote.lean:21451:38: This simp argument is unused:
  if_false

Hint: Omit it from the simp argument list.
  simp only [h1_ne_0, ↓reduceIte, i̵f̵_̵f̵a̵l̵s̵e̵,̵ ̵Nat.zero_mul, Nat.zero_add, hds, hps, hdim, hstride_ne]

Note: This linter can be disabled with `set_option linter.unusedSimpArgs false`
warning: denote/Denote.lean:21451:48: This simp argument is unused:
  Nat.zero_mul

Hint: Omit it from the simp argument list.
  simp only [h1_ne_0, ↓reduceIte, if_false, N̵a̵t̵.̵z̵e̵r̵o̵_̵m̵u̵l̵,̵ ̵Nat.zero_add, hds, hps, hdim, hstride_ne]

Note: This linter can be disabled with `set_option linter.unusedSimpArgs false`
warning: denote/Denote.lean:21451:62: This simp argument is unused:
  Nat.zero_add

Hint: Omit it from the simp argument list.
  simp only [h1_ne_0, ↓reduceIte, if_false, Nat.zero_mul, N̵a̵t̵.̵z̵e̵r̵o̵_̵a̵d̵d̵,̵
  ̵ ̵ ̵ ̵ ̵ ̵ ̵ ̵ ̵ ̵ ̵ ̵ ̵ ̵ ̵ ̵ ̵ ̵hds, hps, hdim, hstride_ne]

Note: This linter can be disabled with `set_option linter.unusedSimpArgs false`
warning: denote/Denote.lean:21452:17: This simp argument is unused:
  hds

Hint: Omit it from the simp argument list.
  simp only [h1_ne_0, ↓reduceIte, if_false, Nat.zero_mul, Nat.zero_add, h̵d̵s̵,̵ ̵hps, hdim, hstride_ne]

Note: This linter can be disabled with `set_option linter.unusedSimpArgs false`
warning: denote/Denote.lean:22076:5: Variable name `hzshapes` is not explicitly referenced.

The binding can be removed (if unused) or named `_` (if used implicitly).

Note: This linter can be disabled with `set_option linter.unusedVariables false`
warning: denote/Denote.lean:22369:20: This simp argument is unused:
  prodShape

Hint: Omit it from the simp argument list.
  simp [k_matmul,̵ ̵p̵r̵o̵d̵S̵h̵a̵p̵e̵]

Note: This linter can be disabled with `set_option linter.unusedSimpArgs false`
warning: denote/Denote.lean:22413:20: This simp argument is unused:
  prodShape

Hint: Omit it from the simp argument list.
  simp [k_matmul,̵ ̵p̵r̵o̵d̵S̵h̵a̵p̵e̵]

Note: This linter can be disabled with `set_option linter.unusedSimpArgs false`
warning: denote/Denote.lean:22348:30: The `show` tactic should only be used to indicate intermediate goal states for readability.
However, this tactic invocation changed the goal. Please use `change` instead for these purposes.

Note: This linter can be disabled with `set_option linter.style.show false`
warning: denote/Denote.lean:22400:6: The `show` tactic should only be used to indicate intermediate goal states for readability.
However, this tactic invocation changed the goal. Please use `change` instead for these purposes.

Note: This linter can be disabled with `set_option linter.style.show false`
warning: denote/Denote.lean:22410:30: The `show` tactic should only be used to indicate intermediate goal states for readability.
However, this tactic invocation changed the goal. Please use `change` instead for these purposes.

Note: This linter can be disabled with `set_option linter.style.show false`
warning: denote/Denote.lean:22481:30: The `show` tactic should only be used to indicate intermediate goal states for readability.
However, this tactic invocation changed the goal. Please use `change` instead for these purposes.

Note: This linter can be disabled with `set_option linter.style.show false`
warning: denote/Denote.lean:22532:6: The `show` tactic should only be used to indicate intermediate goal states for readability.
However, this tactic invocation changed the goal. Please use `change` instead for these purposes.

Note: This linter can be disabled with `set_option linter.style.show false`
warning: denote/Denote.lean:22543:30: The `show` tactic should only be used to indicate intermediate goal states for readability.
However, this tactic invocation changed the goal. Please use `change` instead for these purposes.

Note: This linter can be disabled with `set_option linter.style.show false`
warning: denote/Denote.lean:22675:30: The `show` tactic should only be used to indicate intermediate goal states for readability.
However, this tactic invocation changed the goal. Please use `change` instead for these purposes.

Note: This linter can be disabled with `set_option linter.style.show false`
warning: denote/Denote.lean:22700:6: The `show` tactic should only be used to indicate intermediate goal states for readability.
However, this tactic invocation changed the goal. Please use `change` instead for these purposes.

Note: This linter can be disabled with `set_option linter.style.show false`
warning: denote/Denote.lean:22723:30: The `show` tactic should only be used to indicate intermediate goal states for readability.
However, this tactic invocation changed the goal. Please use `change` instead for these purposes.

Note: This linter can be disabled with `set_option linter.style.show false`
⚠ [2622/2622] Built denote.W11CommuteAudit (2.3s)
warning: denote/W11CommuteAudit.lean:4:0: Please, add a comment explaining the need for modifying the maxHeartbeat limit, as in
set_option maxHeartbeats 1600000 in
-- reason for change
...

Note: This linter can be disabled with `set_option linter.style.maxHeartbeats false`
warning: denote/W11CommuteAudit.lean:9:0: Please, add a comment explaining the need for modifying the maxHeartbeat limit, as in
set_option maxHeartbeats 1600000 in
-- reason for change
...

Note: This linter can be disabled with `set_option linter.style.maxHeartbeats false`
info: denote/W11CommuteAudit.lean:56:0: 'TrainVerify.Denote.W11Audit.fw_view_allGather0_reshape_16_64_2' depends on axioms: [propext,
 Classical.choice,
 Quot.sound]
Build completed successfully (2622 jobs).
