Building Challenge
⚠ [2621/2630] Replayed denote.Denote
warning: denote/Denote.lean:1:0: 'Mathlib.Data.Real.Archimedean' has been deprecated: please replace this import by

import Mathlib.Algebra.Order.Archimedean.Real.Basic
warning: denote/Denote.lean:1:0: 'Mathlib.Data.Real.Sqrt' has been deprecated: please replace this import by

import Mathlib.Analysis.Real.Sqrt
warning: denote/Denote.lean:20:0: Unscoped option linter.flexible is not allowed:
Please scope this to individual declarations, as in
```
set_option linter.flexible in
-- comment explaining why this is necessary
example : ... := ...
```

Note: This linter can be disabled with `set_option linter.style.setOption false`
warning: denote/Denote.lean:671:14: The `show` tactic should only be used to indicate intermediate goal states for readability.
However, this tactic invocation changed the goal. Please use `change` instead for these purposes.

Note: This linter can be disabled with `set_option linter.style.show false`
warning: denote/Denote.lean:710:2: The `show` tactic should only be used to indicate intermediate goal states for readability.
However, this tactic invocation changed the goal. Please use `change` instead for these purposes.

Note: This linter can be disabled with `set_option linter.style.show false`
warning: denote/Denote.lean:2399:2: The `show` tactic should only be used to indicate intermediate goal states for readability.
However, this tactic invocation changed the goal. Please use `change` instead for these purposes.

Note: This linter can be disabled with `set_option linter.style.show false`
warning: denote/Denote.lean:2567:35: This simp argument is unused:
  List.foldl

Hint: Omit it from the simp argument list.
  simp [tensorSum, Tensor.mkShape,̵ ̵L̵i̵s̵t̵.̵f̵o̵l̵d̵l̵]

Note: This linter can be disabled with `set_option linter.unusedSimpArgs false`
warning: denote/Denote.lean:2571:32: Variable name `hb` is not explicitly referenced.

The binding can be removed (if unused) or named `_` (if used implicitly).

Note: This linter can be disabled with `set_option linter.unusedVariables false`
warning: denote/Denote.lean:2589:13: The `show` tactic should only be used to indicate intermediate goal states for readability.
However, this tactic invocation changed the goal. Please use `change` instead for these purposes.

Note: This linter can be disabled with `set_option linter.style.show false`
warning: denote/Denote.lean:2603:4: The `show` tactic should only be used to indicate intermediate goal states for readability.
However, this tactic invocation changed the goal. Please use `change` instead for these purposes.

Note: This linter can be disabled with `set_option linter.style.show false`
warning: denote/Denote.lean:2675:34: Variable name `hb1` is not explicitly referenced.

The binding can be removed (if unused) or named `_` (if used implicitly).

Note: This linter can be disabled with `set_option linter.unusedVariables false`
warning: denote/Denote.lean:2676:5: Variable name `hb2` is not explicitly referenced.

The binding can be removed (if unused) or named `_` (if used implicitly).

Note: This linter can be disabled with `set_option linter.unusedVariables false`
warning: denote/Denote.lean:2676:34: Variable name `hb3` is not explicitly referenced.

The binding can be removed (if unused) or named `_` (if used implicitly).

Note: This linter can be disabled with `set_option linter.unusedVariables false`
warning: denote/Denote.lean:2745:24: This simp argument is unused:
  List.getD

Hint: Omit it from the simp argument list.
  simp only [List.getD̵,̵ ̵L̵i̵s̵t̵.̵g̵e̵t̵Elem?_cons_zero, List.getElem?_cons_succ, Option.getD_some]

Note: This linter can be disabled with `set_option linter.unusedSimpArgs false`
warning: denote/Denote.lean:2745:60: This simp argument is unused:
  List.getElem?_cons_succ

Hint: Omit it from the simp argument list.
  simp only [List.getD, List.getElem?_cons_zero, L̵i̵s̵t̵.̵g̵e̵t̵E̵l̵e̵m̵?̵_̵c̵o̵n̵s̵_̵s̵u̵c̵c̵,̵ ̵Option.getD_some]

Note: This linter can be disabled with `set_option linter.unusedSimpArgs false`
warning: denote/Denote.lean:2750:24: This simp argument is unused:
  List.getD

Hint: Omit it from the simp argument list.
  simp only [List.getD̵,̵ ̵L̵i̵s̵t̵.̵g̵e̵t̵Elem?_cons_zero, List.getElem?_cons_succ, Option.getD_some]

Note: This linter can be disabled with `set_option linter.unusedSimpArgs false`
warning: denote/Denote.lean:2755:24: This simp argument is unused:
  List.getD

Hint: Omit it from the simp argument list.
  simp only [List.getD̵,̵ ̵L̵i̵s̵t̵.̵g̵e̵t̵Elem?_cons_zero, List.getElem?_cons_succ, Option.getD_some]

Note: This linter can be disabled with `set_option linter.unusedSimpArgs false`
warning: denote/Denote.lean:2760:24: This simp argument is unused:
  List.getD

Hint: Omit it from the simp argument list.
  simp only [List.getD̵,̵ ̵L̵i̵s̵t̵.̵g̵e̵t̵Elem?_cons_zero, List.getElem?_cons_succ, Option.getD_some]

Note: This linter can be disabled with `set_option linter.unusedSimpArgs false`
warning: denote/Denote.lean:2926:4: This simp argument is unused:
  show (8 : Nat) ≠ 0 by omega

Hint: Omit it from the simp argument list.
  simp only [hheadR, List.getD, List.getElem?_cons_zero, List.getElem?_cons_succ, Option.getD_some,
  ̲  ̲ ̲ ̲List.drop, List.foldl, show (̵8̵ ̵:̵ ̵N̵a̵t̵)̵ ̵≠̵ ̵0̵ ̵b̵y̵ ̵o̵m̵e̵g̵a̵,̵ ̵s̵h̵o̵w̵ ̵(32 : Nat) ≠ 0 by omega, show (1 : Nat) ≠ 0 by omega, ite_false]

Note: This linter can be disabled with `set_option linter.unusedSimpArgs false`
warning: denote/Denote.lean:4015:13: This simp argument is unused:
  Prod.fst

Hint: Omit it from the simp argument list.
  simp only [̵P̵r̵o̵d̵.̵f̵s̵t̵]̵ ̵at heq

Note: This linter can be disabled with `set_option linter.unusedSimpArgs false`
warning: denote/Denote.lean:4311:5: Variable name `hne` is not explicitly referenced.

The binding can be removed (if unused) or named `_` (if used implicitly).

Note: This linter can be disabled with `set_option linter.unusedVariables false`
warning: denote/Denote.lean:4320:20: This simp argument is unused:
  hne

Hint: Omit it from the simp argument list.
  simp [List.find?,̵ ̵h̵n̵e̵]

Note: This linter can be disabled with `set_option linter.unusedSimpArgs false`
warning: denote/Denote.lean:4475:61: This simp argument is unused:
  List.foldl

Hint: Omit it from the simp argument list.
  simp only [zeroTensor, Tensor.mkShape, valAt, prodShape,̵ ̵L̵i̵s̵t̵.̵f̵o̵l̵d̵l̵]

Note: This linter can be disabled with `set_option linter.unusedSimpArgs false`
warning: denote/Denote.lean:4624:48: This simp argument is unused:
  List.find?

Hint: Omit it from the simp argument list.
  simp [List.zip, List.zipWith, List.replicate,̵ ̵L̵i̵s̵t̵.̵f̵i̵n̵d̵?̵]

Note: This linter can be disabled with `set_option linter.unusedSimpArgs false`
warning: denote/Denote.lean:4868:2: The `show` tactic should only be used to indicate intermediate goal states for readability.
However, this tactic invocation changed the goal. Please use `change` instead for these purposes.

Note: This linter can be disabled with `set_option linter.style.show false`
warning: denote/Denote.lean:4961:4: This simp argument is unused:
  show (8 : Nat) ≠ 0 by omega

Hint: Omit it from the simp argument list.
  simp only [hx, List.getD, List.getElem?_cons_zero, List.getElem?_cons_succ,
  ̵  ̵ ̵ ̵Option.getD_some,
  ̲  ̲ ̲ ̲List.drop, List.foldl,
  ̵  ̵ ̵ ̵show (4 : Nat) ≠ 0 by omega, show (32 : Nat) ≠ 0 by omega,
      show (8̵ ̵:̵ ̵N̵a̵t̵)̵ ̵≠̵ ̵0̵ ̵b̵y̵ ̵o̵m̵e̵g̵a̵,̵ ̵s̵h̵o̵w̵ ̵(̵2 : Nat) ≠ 0 by omega,
  ̵  ̵ ̵ ̵show (1 : Nat) ≠ 0 by omega, ite_false]

Note: This linter can be disabled with `set_option linter.unusedSimpArgs false`
warning: denote/Denote.lean:4961:33: This simp argument is unused:
  show (2 : Nat) ≠ 0 by omega

Hint: Omit it from the simp argument list.
  simp only [hx, List.getD, List.getElem?_cons_zero, List.getElem?_cons_succ,
  ̵  ̵ ̵ ̵Option.getD_some,
  ̲  ̲ ̲ ̲List.drop, List.foldl,
  ̵  ̵ ̵ ̵show (4 : Nat) ≠ 0 by omega, show (32 : Nat) ≠ 0 by omega,
      show (8 : Nat) ≠ 0 by omega, show (2̵ ̵:̵ ̵N̵a̵t̵)̵ ̵≠̵ ̵0̵ ̵b̵y̵ ̵o̵m̵e̵g̵a̵,̵
  ̵ ̵ ̵ ̵ ̵s̵h̵o̵w̵ ̵(̵1 : Nat) ≠ 0 by omega, ite_false]

Note: This linter can be disabled with `set_option linter.unusedSimpArgs false`
warning: denote/Denote.lean:4962:4: This simp argument is unused:
  show (1 : Nat) ≠ 0 by omega

Hint: Omit it from the simp argument list.
  simp only [hx, List.getD, List.getElem?_cons_zero, List.getElem?_cons_succ,
  ̵  ̵ ̵ ̵Option.getD_some,
  ̲  ̲ ̲ ̲List.drop, List.foldl,
  ̵  ̵ ̵ ̵show (4 : Nat) ≠ 0 by omega, show (32 : Nat) ≠ 0 by omega,
      show (8 : Nat) ≠ 0 by omega, show (2 : Nat) ≠ 0 by omega,
  ̵  ̵ ̵ ̵s̵h̵o̵w̵ ̵(̵1̵ ̵:̵ ̵N̵a̵t̵)̵ ̵≠̵ ̵0̵ ̵b̵y̵ ̵o̵m̵e̵g̵a̵,̵ ̵ite_false]

Note: This linter can be disabled with `set_option linter.unusedSimpArgs false`
warning: denote/Denote.lean:4973:59: This simp argument is unused:
  show (32 : Nat) ≠ 0 by omega

Hint: Omit it from the simp argument list.
  simp only [h1, h2, h3, h4, show (64 : Nat) ≠ 0 by omega, s̵h̵o̵w̵ ̵(̵3̵2̵ ̵:̵ ̵N̵a̵t̵)̵ ̵≠̵ ̵0̵ ̵b̵y̵ ̵o̵m̵e̵g̵a̵,̵
  ̵ ̵ ̵ ̵ ̵ite_false]

Note: This linter can be disabled with `set_option linter.unusedSimpArgs false`
warning: denote/Denote.lean:5147:6: This simp argument is unused:
  show (8 : Nat) ≠ 0 by omega

Hint: Omit it from the simp argument list.
  simp only [hhead, List.getD, List.getElem?_cons_zero, List.getElem?_cons_succ, Option.getD_some,
  ̲  ̲ ̲ ̲ ̲ ̲List.drop, List.foldl, show (̵8̵ ̵:̵ ̵N̵a̵t̵)̵ ̵≠̵ ̵0̵ ̵b̵y̵ ̵o̵m̵e̵g̵a̵,̵ ̵s̵h̵o̵w̵ ̵(32 : Nat) ≠ 0 by omega, show (4 : Nat) ≠ 0 by omega,
  ̲  ̲ ̲ ̲ ̲ ̲show (2 : Nat) ≠ 0 by omega, show (1 : Nat) ≠ 0 by omega, ite_false]

Note: This linter can be disabled with `set_option linter.unusedSimpArgs false`
warning: denote/Denote.lean:5148:6: This simp argument is unused:
  show (4 : Nat) ≠ 0 by omega

Hint: Omit it from the simp argument list.
  simp only [hhead, List.getD, List.getElem?_cons_zero, List.getElem?_cons_succ, Option.getD_some,
  ̲  ̲ ̲ ̲ ̲ ̲List.drop, List.foldl, show (8 : Nat) ≠ 0 by omega, show (32 : Nat) ≠ 0 by omega,
        show (̵4̵ ̵:̵ ̵N̵a̵t̵)̵ ̵≠̵ ̵0̵ ̵b̵y̵ ̵o̵m̵e̵g̵a̵,̵ ̵s̵h̵o̵w̵ ̵(2 : Nat) ≠ 0 by omega, show (1 : Nat) ≠ 0 by omega, ite_false]

Note: This linter can be disabled with `set_option linter.unusedSimpArgs false`
warning: denote/Denote.lean:5149:6: This simp argument is unused:
  show (1 : Nat) ≠ 0 by omega

Hint: Omit it from the simp argument list.
  simp only [hhead, List.getD, List.getElem?_cons_zero, List.getElem?_cons_succ, Option.getD_some,
  ̲  ̲ ̲ ̲ ̲ ̲List.drop, List.foldl, show (8 : Nat) ≠ 0 by omega, show (32 : Nat) ≠ 0 by omega,
        show (4 : Nat) ≠ 0 by omega, show (2 : Nat) ≠ 0 by omega, s̵h̵o̵w̵ ̵(̵1̵ ̵:̵ ̵N̵a̵t̵)̵ ̵≠̵ ̵0̵ ̵b̵y̵ ̵o̵m̵e̵g̵a̵,̵ ̵ite_false]

Note: This linter can be disabled with `set_option linter.unusedSimpArgs false`
warning: denote/Denote.lean:5152:6: This simp argument is unused:
  show (2 : Nat) * 1 = 2 by norm_num

Hint: Omit it from the simp argument list.
  simp only [show (2 : Nat) * 4 * 1 = 8 by norm_num, show (̵2̵ ̵:̵ ̵N̵a̵t̵)̵ ̵*̵ ̵1̵ ̵=̵ ̵2̵ ̵b̵y̵ ̵n̵o̵r̵m̵_̵n̵u̵m̵,̵
  ̵ ̵ ̵ ̵ ̵ ̵ ̵s̵h̵o̵w̵ ̵(8 : Nat) * (1 * 32) = 256 by norm_num,
        show (1 : Nat) * 32 = 32 by norm_num, show (2 : Nat) * (1 * 32) = 64 by norm_num,
        show (256 : Nat) = 0 ↔ False by simp, show (32 : Nat) = 0 ↔ False by simp,
        show (64 : Nat) = 0 ↔ False by simp, ite_false]

Note: This linter can be disabled with `set_option linter.unusedSimpArgs false`
warning: denote/Denote.lean:5157:6: This simp argument is unused:
  show (32 : Nat) = 0 ↔ False by simp

Hint: Omit it from the simp argument list.
  simp only [show (2 : Nat) * 4 * 1 = 8 by norm_num, show (2 : Nat) * 1 = 2 by norm_num,
        show (8 : Nat) * (1 * 32) = 256 by norm_num, show (1 : Nat) * 32 = 32 by norm_num,
        show (2 : Nat) * (1 * 32) = 64 by norm_num, show (256 : Nat) = 0 ↔ False by simp,
        show (̵3̵2̵ ̵:̵ ̵N̵a̵t̵)̵ ̵=̵ ̵0̵ ̵↔̵ ̵F̵a̵l̵s̵e̵ ̵b̵y̵ ̵s̵i̵m̵p̵,̵
  ̵ ̵ ̵ ̵ ̵ ̵ ̵s̵h̵o̵w̵ ̵(64 : Nat) = 0 ↔ False by simp, ite_false]

Note: This linter can be disabled with `set_option linter.unusedSimpArgs false`
warning: denote/Denote.lean:5158:6: This simp argument is unused:
  show (64 : Nat) = 0 ↔ False by simp

Hint: Omit it from the simp argument list.
  simp only [show (2 : Nat) * 4 * 1 = 8 by norm_num, show (2 : Nat) * 1 = 2 by norm_num,
        show (8 : Nat) * (1 * 32) = 256 by norm_num, show (1 : Nat) * 32 = 32 by norm_num,
        show (2 : Nat) * (1 * 32) = 64 by norm_num, show (256 : Nat) = 0 ↔ False by simp,
        show (32 : Nat) = 0 ↔ False by simp, s̵h̵o̵w̵ ̵(̵6̵4̵ ̵:̵ ̵N̵a̵t̵)̵ ̵=̵ ̵0̵ ̵↔̵ ̵F̵a̵l̵s̵e̵ ̵b̵y̵ ̵s̵i̵m̵p̵,̵ite_false]

Note: This linter can be disabled with `set_option linter.unusedSimpArgs false`
warning: denote/Denote.lean:5227:4: This simp argument is unused:
  show (8 : Nat) ≠ 0 by omega

Hint: Omit it from the simp argument list.
  simp only [hhead, List.getD, List.getElem?_cons_zero, List.getElem?_cons_succ, Option.getD_some,
  ̲  ̲ ̲ ̲List.drop, List.foldl, show (̵8̵ ̵:̵ ̵N̵a̵t̵)̵ ̵≠̵ ̵0̵ ̵b̵y̵ ̵o̵m̵e̵g̵a̵,̵ ̵s̵h̵o̵w̵ ̵(32 : Nat) ≠ 0 by omega, show (4 : Nat) ≠ 0 by omega,
  ̲  ̲ ̲ ̲show (2 : Nat) ≠ 0 by omega, show (1 : Nat) ≠ 0 by omega, ite_false]

Note: This linter can be disabled with `set_option linter.unusedSimpArgs false`
warning: denote/Denote.lean:5228:4: This simp argument is unused:
  show (4 : Nat) ≠ 0 by omega

Hint: Omit it from the simp argument list.
  simp only [hhead, List.getD, List.getElem?_cons_zero, List.getElem?_cons_succ,
  ̵  ̵ ̵ ̵Option.getD_some,
  ̲  ̲ ̲ ̲List.drop, List.foldl,
  ̵  ̵ ̵ ̵show (8 : Nat) ≠ 0 by omega, show (32 : Nat) ≠ 0 by omega,
      show (4̵ ̵:̵ ̵N̵a̵t̵)̵ ̵≠̵ ̵0̵ ̵b̵y̵ ̵o̵m̵e̵g̵a̵,̵ ̵s̵h̵o̵w̵ ̵(̵2 : Nat) ≠ 0 by omega,
  ̵  ̵ ̵ ̵show (1 : Nat) ≠ 0 by omega, ite_false]

Note: This linter can be disabled with `set_option linter.unusedSimpArgs false`
warning: denote/Denote.lean:5229:4: This simp argument is unused:
  show (1 : Nat) ≠ 0 by omega

Hint: Omit it from the simp argument list.
  simp only [hhead, List.getD, List.getElem?_cons_zero, List.getElem?_cons_succ,
  ̵  ̵ ̵ ̵Option.getD_some,
  ̲  ̲ ̲ ̲List.drop, List.foldl,
  ̵  ̵ ̵ ̵show (8 : Nat) ≠ 0 by omega, show (32 : Nat) ≠ 0 by omega,
      show (4 : Nat) ≠ 0 by omega, show (2 : Nat) ≠ 0 by omega,
  ̵  ̵ ̵ ̵s̵h̵o̵w̵ ̵(̵1̵ ̵:̵ ̵N̵a̵t̵)̵ ̵≠̵ ̵0̵ ̵b̵y̵ ̵o̵m̵e̵g̵a̵,̵ ̵ite_false]

Note: This linter can be disabled with `set_option linter.unusedSimpArgs false`
warning: denote/Denote.lean:5232:4: This simp argument is unused:
  show (2 : Nat) * 1 = 2 by norm_num

Hint: Omit it from the simp argument list.
  simp only [show (2 : Nat) * 4 * 1 = 8 by norm_num,
  ̵  ̵ ̵ ̵show (2̵ ̵:̵ ̵N̵a̵t̵)̵ ̵*̵ ̵1̵ ̵=̵ ̵2̵ ̵b̵y̵ ̵n̵o̵r̵m̵_̵n̵u̵m̵,̵
  ̵ ̵ ̵ ̵ ̵s̵h̵o̵w̵ ̵(̵8 : Nat) * (1 * 32) = 256 by norm_num,
      show (1 : Nat) * 32 = 32 by norm_num,
  ̵  ̵ ̵ ̵show (2 : Nat) * (1 * 32) = 64 by norm_num,
      show (256 : Nat) = 0 ↔ False by simp,
  ̵  ̵ ̵ ̵show (32 : Nat) = 0 ↔ False by simp,
      show (64 : Nat) = 0 ↔ False by simp,
  ̵  ̵ ̵ ̵ite_false]

Note: This linter can be disabled with `set_option linter.unusedSimpArgs false`
warning: denote/Denote.lean:5237:4: This simp argument is unused:
  show (32 : Nat) = 0 ↔ False by simp

Hint: Omit it from the simp argument list.
  simp only [show (2 : Nat) * 4 * 1 = 8 by norm_num,
  ̵  ̵ ̵ ̵show (2 : Nat) * 1 = 2 by norm_num,
      show (8 : Nat) * (1 * 32) = 256 by norm_num,
  ̵  ̵ ̵ ̵show (1 : Nat) * 32 = 32 by norm_num,
      show (2 : Nat) * (1 * 32) = 64 by norm_num,
  ̵  ̵ ̵ ̵show (256 : Nat) = 0 ↔ False by simp,
      show (3̵2̵ ̵:̵ ̵N̵a̵t̵)̵ ̵=̵ ̵0̵ ̵↔̵ ̵F̵a̵l̵s̵e̵ ̵b̵y̵ ̵s̵i̵m̵p̵,̵
  ̵ ̵ ̵ ̵ ̵s̵h̵o̵w̵ ̵(̵64 : Nat) = 0 ↔ False by simp,
  ̵  ̵ ̵ ̵ite_false]

Note: This linter can be disabled with `set_option linter.unusedSimpArgs false`
warning: denote/Denote.lean:5238:4: This simp argument is unused:
  show (64 : Nat) = 0 ↔ False by simp

Hint: Omit it from the simp argument list.
  simp only [show (2 : Nat) * 4 * 1 = 8 by norm_num,
  ̵  ̵ ̵ ̵show (2 : Nat) * 1 = 2 by norm_num,
      show (8 : Nat) * (1 * 32) = 256 by norm_num,
  ̵  ̵ ̵ ̵show (1 : Nat) * 32 = 32 by norm_num,
      show (2 : Nat) * (1 * 32) = 64 by norm_num,
  ̵  ̵ ̵ ̵show (256 : Nat) = 0 ↔ False by simp,
      show (32 : Nat) = 0 ↔ False by simp,
  ̵  ̵ ̵ ̵s̵h̵o̵w̵ ̵(̵6̵4̵ ̵:̵ ̵N̵a̵t̵)̵ ̵=̵ ̵0̵ ̵↔̵ ̵F̵a̵l̵s̵e̵ ̵b̵y̵ ̵s̵im̵p̵,̵
  ̵ ̵ ̵ ̵ ̵i̵te_false]

Note: This linter can be disabled with `set_option linter.unusedSimpArgs false`
warning: denote/Denote.lean:5314:25: This simp argument is unused:
  List.getD

Hint: Omit it from the simp argument list.
  simp only [List.map, List.getD̵,̵ ̵L̵i̵s̵t̵.̵g̵e̵t̵Elem?_cons_zero, List.getElem?_cons_succ,
  ̵  ̵ ̵ ̵ ̵ ̵Option.getD_some]

Note: This linter can be disabled with `set_option linter.unusedSimpArgs false`
warning: denote/Denote.lean:5314:36: This simp argument is unused:
  List.getElem?_cons_zero

Hint: Omit it from the simp argument list.
  simp only [List.map, List.getD, L̵i̵s̵t̵.̵g̵e̵t̵E̵l̵e̵m̵?̵_̵c̵o̵n̵s̵_̵z̵e̵r̵o̵,̵ ̵List.getElem?_cons_succ, Option.getD_some]

Note: This linter can be disabled with `set_option linter.unusedSimpArgs false`
warning: denote/Denote.lean:5314:61: This simp argument is unused:
  List.getElem?_cons_succ

Hint: Omit it from the simp argument list.
  simp only [List.map, List.getD, List.getElem?_cons_zero, L̵i̵s̵t̵.̵g̵e̵t̵E̵l̵e̵m̵?̵_̵c̵o̵n̵s̵_̵s̵u̵c̵c̵,̵
  ̵ ̵ ̵ ̵ ̵ ̵ ̵Option.getD_some]

Note: This linter can be disabled with `set_option linter.unusedSimpArgs false`
warning: denote/Denote.lean:5315:6: This simp argument is unused:
  Option.getD_some

Hint: Omit it from the simp argument list.
  simp only [List.map, List.getD, List.getElem?_cons_zero, List.getElem?_cons_succ,̵
  ̵ ̵ ̵ ̵ ̵ ̵ ̵O̵p̵t̵i̵o̵n̵.̵g̵e̵t̵D̵_̵s̵o̵m̵e̵]

Note: This linter can be disabled with `set_option linter.unusedSimpArgs false`
warning: denote/Denote.lean:5532:9: Variable name `h` is not explicitly referenced.

The binding can be removed (if unused) or named `_` (if used implicitly).

Note: This linter can be disabled with `set_option linter.unusedVariables false`
warning: denote/Denote.lean:5545:9: Variable name `h` is not explicitly referenced.

The binding can be removed (if unused) or named `_` (if used implicitly).

Note: This linter can be disabled with `set_option linter.unusedVariables false`
warning: denote/Denote.lean:5582:33: This simp argument is unused:
  show (8 : Nat) ≠ 0 by omega

Hint: Omit it from the simp argument list.
  simp only [hx, List.getD, List.getElem?_cons_zero, List.getElem?_cons_succ, Option.getD_some,
  ̲  ̲ ̲ ̲List.drop, List.foldl, show (4 : Nat) ≠ 0 by omega, show (̵8̵ ̵:̵ ̵N̵a̵t̵)̵ ̵≠̵ ̵0̵ ̵b̵y̵ ̵o̵m̵e̵g̵a̵,̵
  ̵ ̵ ̵ ̵ ̵s̵h̵o̵w̵ ̵(2 : Nat) ≠ 0 by omega,
  ̲  ̲ ̲ ̲show (1 : Nat) ≠ 0 by omega, ite_false]

Note: This linter can be disabled with `set_option linter.unusedSimpArgs false`
warning: denote/Denote.lean:5589:4: This simp argument is unused:
  show (2 : Nat) ≠ 0 by omega

Hint: Omit it from the simp argument list.
  simp only [h1, show (2 : Nat) * 1 = 2 by norm_num, show (8 : Nat) * 1 = 8 by norm_num,
      show (2̵ ̵:̵ ̵N̵a̵t̵)̵ ̵≠̵ ̵0̵ ̵b̵y̵ ̵o̵m̵e̵g̵a̵,̵ ̵s̵h̵o̵w̵ ̵(̵1 : Nat) ≠ 0 by omega, ite_false]

Note: This linter can be disabled with `set_option linter.unusedSimpArgs false`
warning: denote/Denote.lean:5589:33: This simp argument is unused:
  show (1 : Nat) ≠ 0 by omega

Hint: Omit it from the simp argument list.
  simp only [h1, show (2 : Nat) * 1 = 2 by norm_num, show (8 : Nat) * 1 = 8 by norm_num,
      show (2 : Nat) ≠ 0 by omega, s̵h̵o̵w̵ ̵(̵1̵ ̵:̵ ̵N̵a̵t̵)̵ ̵≠̵ ̵0̵ ̵b̵y̵ ̵o̵m̵e̵g̵a̵,̵ ̵ite_false]

Note: This linter can be disabled with `set_option linter.unusedSimpArgs false`
warning: denote/Denote.lean:5589:62: This simp argument is unused:
  ite_false

Hint: Omit it from the simp argument list.
  simp only [h1, show (2 : Nat) * 1 = 2 by norm_num, show (8 : Nat) * 1 = 8 by norm_num,
      show (2 : Nat) ≠ 0 by omega, show (1 : Nat) ≠ 0 by omega,̵ ̵i̵t̵e̵_̵f̵a̵l̵s̵e̵]

Note: This linter can be disabled with `set_option linter.unusedSimpArgs false`
warning: denote/Denote.lean:5859:4: `push_neg` has been deprecated. Prefer using `push Not` instead.
If you'd rather continue using `push_neg` in your project, you can implement it as follows:
```
open Lean.Parser.Tactic in
macro "push_neg" cfg:optConfig loc:(location)? : tactic =>
  `(tactic| push $cfg:optConfig Not $[$loc]?)
```
warning: denote/Denote.lean:6117:35: This simp argument is unused:
  List.foldl

Hint: Omit it from the simp argument list.
  simp [tensorSum, Tensor.mkShape,̵ ̵L̵i̵s̵t̵.̵f̵o̵l̵d̵l̵]

Note: This linter can be disabled with `set_option linter.unusedSimpArgs false`
warning: denote/Denote.lean:6223:59: This simp argument is unused:
  Nat.zero_add

Hint: Omit it from the simp argument list.
  simp only [Finset.sum_range_succ, Finset.sum_range_zero,̵ ̵N̵a̵t̵.̵z̵e̵r̵o̵_̵a̵d̵d̵]

Note: This linter can be disabled with `set_option linter.unusedSimpArgs false`
warning: denote/Denote.lean:6756:0: Please, add a comment explaining the need for modifying the maxHeartbeat limit, as in
set_option maxHeartbeats 1600000 in
-- reason for change
...

Note: This linter can be disabled with `set_option linter.style.maxHeartbeats false`
warning: denote/Denote.lean:7021:20: `push_neg` has been deprecated. Prefer using `push Not` instead.
If you'd rather continue using `push_neg` in your project, you can implement it as follows:
```
open Lean.Parser.Tactic in
macro "push_neg" cfg:optConfig loc:(location)? : tactic =>
  `(tactic| push $cfg:optConfig Not $[$loc]?)
```
warning: denote/Denote.lean:7580:53: This simp argument is unused:
  Nat.one_mul

Hint: Omit it from the simp argument list.
  simp ̵[̵N̵a̵t̵.̵o̵n̵e̵_̵m̵u̵l̵]̵

Note: This linter can be disabled with `set_option linter.unusedSimpArgs false`
warning: denote/Denote.lean:7486:0: Please, add a comment explaining the need for modifying the maxHeartbeat limit, as in
set_option maxHeartbeats 800000 in
-- reason for change
...

Note: This linter can be disabled with `set_option linter.style.maxHeartbeats false`
warning: denote/Denote.lean:7624:45: This simp argument is unused:
  List.set

Hint: Omit it from the simp argument list.
  simp only [allGatherPrimDimN, allGatherPrim, Tensor.mkShape, hhead, List.getD,
  ̲  ̲ ̲ ̲List.getElem?_cons_zero, List.getElem?_cons_succ, Option.getD_some, List.drop, List.foldl,
  ̲  ̲ ̲ ̲L̵i̵s̵t̵.̵s̵e̵t̵,̵ ̵dropLast, lastD, appendLast, Nat.mul_one, Nat.add_zero, Nat.div_one, Nat.mod_one,
      show shard ≠ 0 from Nat.ne_of_gt hshard,
      show shard * numParts ≠ 0 from Nat.ne_of_gt (Nat.mul_pos hshard hnp),
      show (1 : Nat) ≠ 0 from by omega, ite_false,
      show ([o, shard] : List Nat).getLastD 0 = shard from by simp [List.getLastD],
      show ([o, shard] : List Nat).dropLast = [o] from by simp [List.dropLast]]

Note: This linter can be disabled with `set_option linter.unusedSimpArgs false`
warning: denote/Denote.lean:7648:4: This simp argument is unused:
  Nat.reduceDiv

Hint: Omit it from the simp argument list.
  simp only [hhead, List.getD, List.getElem?_cons_zero, List.getElem?_cons_succ,
  ̵  ̵ ̵ ̵Option.getD_some,
  ̲  ̲ ̲ ̲List.drop, List.foldl, Nat.reduceMul, Nat.reduceAdd,
  ̵  ̵ ̵ ̵Nat.reduceD̵i̵v̵,̵ ̵N̵a̵t̵.̵r̵e̵d̵u̵c̵e̵Mod, Nat.div_one, Nat.mod_one,
  ̲  ̲ ̲ ̲Nat.mul_one,
  ̵  ̵ ̵ ̵Nat.add_zero, Nat.zero_add, show (8 : Nat) ≠ 0 from by omega,
      show (32 : Nat) ≠ 0 from by omega,
  ̵  ̵ ̵ ̵show (1 : Nat) ≠ 0 from by omega, ite_false, List.set]

Note: This linter can be disabled with `set_option linter.unusedSimpArgs false`
warning: denote/Denote.lean:7648:19: This simp argument is unused:
  Nat.reduceMod

Hint: Omit it from the simp argument list.
  simp only [hhead, List.getD, List.getElem?_cons_zero, List.getElem?_cons_succ,
  ̵  ̵ ̵ ̵Option.getD_some,
  ̲  ̲ ̲ ̲List.drop, List.foldl, Nat.reduceMul, Nat.reduceAdd,
  ̵  ̵ ̵ ̵Nat.reduceDiv, Nat.r̵e̵du̵c̵e̵M̵o̵d̵,̵ ̵N̵a̵t̵.̵d̵iv_one, Nat.mod_one,
  ̲  ̲ ̲ ̲Nat.mul_one,
  ̵  ̵ ̵ ̵Nat.add_zero, Nat.zero_add, show (8 : Nat) ≠ 0 from by omega,
      show (32 : Nat) ≠ 0 from by omega,
  ̵  ̵ ̵ ̵show (1 : Nat) ≠ 0 from by omega, ite_false, List.set]

Note: This linter can be disabled with `set_option linter.unusedSimpArgs false`
warning: denote/Denote.lean:7649:18: This simp argument is unused:
  Nat.zero_add

Hint: Omit it from the simp argument list.
  simp only [hhead, List.getD, List.getElem?_cons_zero, List.getElem?_cons_succ,
  ̵  ̵ ̵ ̵Option.getD_some,
  ̲  ̲ ̲ ̲List.drop, List.foldl, Nat.reduceMul, Nat.reduceAdd,
  ̵  ̵ ̵ ̵Nat.reduceDiv, Nat.reduceMod, Nat.div_one,
  ̲  ̲ ̲ ̲Nat.mod_one, Nat.mul_one,
  ̵  ̵ ̵ ̵Nat.add_zero, N̵a̵t̵.̵z̵e̵r̵o̵_̵a̵d̵d̵,̵ ̵show (8 : Nat) ≠ 0 from by omega,
      show (32 : Nat) ≠ 0 from by omega,
  ̵  ̵ ̵ ̵show (1 : Nat) ≠ 0 from by omega, ite_false, List.set]

Note: This linter can be disabled with `set_option linter.unusedSimpArgs false`
warning: denote/Denote.lean:7651:49: This simp argument is unused:
  List.set

Hint: Omit it from the simp argument list.
  simp only [hhead, List.getD, List.getElem?_cons_zero, List.getElem?_cons_succ,
  ̵  ̵ ̵ ̵Option.getD_some,
  ̲  ̲ ̲ ̲List.drop, List.foldl, Nat.reduceMul, Nat.reduceAdd,
  ̵  ̵ ̵ ̵Nat.reduceDiv, Nat.reduceMod, Nat.div_one,
  ̲  ̲ ̲ ̲Nat.mod_one, Nat.mul_one,
  ̵  ̵ ̵ ̵Nat.add_zero, Nat.zero_add, show (8 : Nat) ≠ 0 from by omega,
      show (32 : Nat) ≠ 0 from by omega,
  ̵  ̵ ̵ ̵show (1 : Nat) ≠ 0 from by omega, ite_false,̵ ̵L̵i̵s̵t̵.̵s̵e̵t̵]

Note: This linter can be disabled with `set_option linter.unusedSimpArgs false`
warning: denote/Denote.lean:7672:23: This simp argument is unused:
  List.getElem?_cons_zero

Hint: Omit it from the simp argument list.
  simp [List.getD, L̵i̵s̵t̵.̵g̵e̵t̵E̵l̵e̵m̵?̵_̵c̵o̵n̵s̵_̵z̵e̵r̵o̵,̵ ̵List.getElem?_cons_succ, hc0, hc1, hc2, hc3]

Note: This linter can be disabled with `set_option linter.unusedSimpArgs false`
warning: denote/Denote.lean:7672:48: This simp argument is unused:
  List.getElem?_cons_succ

Hint: Omit it from the simp argument list.
  simp [List.getD, List.getElem?_cons_zero, L̵i̵s̵t̵.̵g̵e̵t̵E̵l̵e̵m̵?̵_̵c̵o̵n̵s̵_̵s̵u̵c̵c̵,̵ ̵hc0, hc1, hc2, hc3]

Note: This linter can be disabled with `set_option linter.unusedSimpArgs false`
warning: denote/Denote.lean:7656:0: Please, add a comment explaining the need for modifying the maxHeartbeat limit, as in
set_option maxHeartbeats 800000 in
-- reason for change
...

Note: This linter can be disabled with `set_option linter.style.maxHeartbeats false`
warning: denote/Denote.lean:7928:33: This simp argument is unused:
  show (8 : Nat) ≠ 0 by omega

Hint: Omit it from the simp argument list.
  simp only [hx, List.getD, List.getElem?_cons_zero, List.getElem?_cons_succ,
  ̵  ̵ ̵ ̵Option.getD_some,
  ̲  ̲ ̲ ̲List.drop, List.foldl,
  ̵  ̵ ̵ ̵show (4 : Nat) ≠ 0 by omega, show (8̵ ̵:̵ ̵N̵a̵t̵)̵ ̵≠̵ ̵0̵ ̵b̵y̵ ̵o̵m̵e̵g̵a̵,̵
  ̵ ̵ ̵ ̵ ̵s̵h̵o̵w̵ ̵(̵1 : Nat) ≠ 0 by omega, ite_false,
      show (4 / 4 * (1 * 8 * 8) : Nat) ≠ 0 by decide,
  ̵  ̵ ̵ ̵show (1 * 8 * 8 : Nat) ≠ 0 by decide]

Note: This linter can be disabled with `set_option linter.unusedSimpArgs false`
warning: denote/Denote.lean:7929:4: This simp argument is unused:
  show (1 : Nat) ≠ 0 by omega

Hint: Omit it from the simp argument list.
  simp only [hx, List.getD, List.getElem?_cons_zero, List.getElem?_cons_succ,
  ̵  ̵ ̵ ̵Option.getD_some,
  ̲  ̲ ̲ ̲List.drop, List.foldl,
  ̵  ̵ ̵ ̵show (4 : Nat) ≠ 0 by omega, show (8 : Nat) ≠ 0 by omega,
  ̵  ̵ ̵ ̵s̵h̵o̵w̵ ̵(̵1̵ ̵:̵ ̵N̵a̵t̵)̵ ̵≠̵ ̵0̵ ̵b̵y̵ ̵o̵m̵e̵g̵a̵,̵ ̵ite_false,
      show (4 / 4 * (1 * 8 * 8) : Nat) ≠ 0 by decide,
  ̵  ̵ ̵ ̵show (1 * 8 * 8 : Nat) ≠ 0 by decide]

Note: This linter can be disabled with `set_option linter.unusedSimpArgs false`
warning: denote/Denote.lean:7931:4: This simp argument is unused:
  show (1 * 8 * 8 : Nat) ≠ 0 by decide

Hint: Omit it from the simp argument list.
  simp only [hx, List.getD, List.getElem?_cons_zero, List.getElem?_cons_succ, Option.getD_some,
  ̲  ̲ ̲ ̲List.drop, List.foldl, show (4 : Nat) ≠ 0 by omega, show (8 : Nat) ≠ 0 by omega,
      show (1 : Nat) ≠ 0 by omega, ite_false, show (4 / 4 * (1 * 8 * 8) : Nat) ≠ 0 by d̵e̵c̵i̵d̵e̵,̵
  ̵ ̵ ̵ ̵ ̵s̵h̵o̵w̵ ̵(̵1̵ ̵*̵ ̵8̵ ̵*̵ ̵8̵ ̵:̵ ̵N̵a̵t̵)̵ ̵≠̵ ̵0̵ ̵b̵y̵ ̵decide]

Note: This linter can be disabled with `set_option linter.unusedSimpArgs false`
warning: denote/Denote.lean:7939:36: Variable name `h1` is not explicitly referenced.

The binding can be removed (if unused) or named `_` (if used implicitly).

Note: This linter can be disabled with `set_option linter.unusedVariables false`
warning: denote/Denote.lean:7940:5: Variable name `h2` is not explicitly referenced.

The binding can be removed (if unused) or named `_` (if used implicitly).

Note: This linter can be disabled with `set_option linter.unusedVariables false`
warning: denote/Denote.lean:7940:36: Variable name `h3` is not explicitly referenced.

The binding can be removed (if unused) or named `_` (if used implicitly).

Note: This linter can be disabled with `set_option linter.unusedVariables false`
warning: denote/Denote.lean:7954:33: This simp argument is unused:
  show (8 : Nat) ≠ 0 by omega

Hint: Omit it from the simp argument list.
  simp only [hhead, List.getD, List.getElem?_cons_zero, List.getElem?_cons_succ,
  ̵  ̵ ̵ ̵Option.getD_some,
  ̲  ̲ ̲ ̲List.drop, List.foldl,
  ̵  ̵ ̵ ̵show (1 : Nat) ≠ 0 by omega, show (8̵ ̵:̵ ̵N̵a̵t̵)̵ ̵≠̵ ̵0̵ ̵b̵y̵ ̵o̵m̵e̵g̵a̵,̵
  ̵ ̵ ̵ ̵ ̵s̵h̵o̵w̵ ̵(̵4 : Nat) ≠ 0 by omega, ite_false,
      show (1 * (8 * (8 * 1)) * 4 : Nat) ≠ 0 by decide,
  ̵  ̵ ̵ ̵show (8 * (8 * 1) : Nat) ≠ 0 by decide,
      show (1 * 4 : Nat) = 4 by decide,
  ̵  ̵ ̵ ̵show (1 * 4 * (8 * (8 * 1)) : Nat) = 256 by decide]

Note: This linter can be disabled with `set_option linter.unusedSimpArgs false`
warning: denote/Denote.lean:7955:4: This simp argument is unused:
  show (4 : Nat) ≠ 0 by omega

Hint: Omit it from the simp argument list.
  simp only [hhead, List.getD, List.getElem?_cons_zero, List.getElem?_cons_succ,
  ̵  ̵ ̵ ̵Option.getD_some,
  ̲  ̲ ̲ ̲List.drop, List.foldl,
  ̵  ̵ ̵ ̵show (1 : Nat) ≠ 0 by omega, show (8 : Nat) ≠ 0 by omega,
  ̵  ̵ ̵ ̵s̵h̵o̵w̵ ̵(̵4̵ ̵:̵ ̵N̵a̵t̵)̵ ̵≠̵ ̵0̵ ̵b̵y̵ ̵o̵m̵e̵g̵a̵,̵ ̵ite_false,
      show (1 * (8 * (8 * 1)) * 4 : Nat) ≠ 0 by decide,
  ̵  ̵ ̵ ̵show (8 * (8 * 1) : Nat) ≠ 0 by decide,
      show (1 * 4 : Nat) = 4 by decide,
  ̵  ̵ ̵ ̵show (1 * 4 * (8 * (8 * 1)) : Nat) = 256 by decide]

Note: This linter can be disabled with `set_option linter.unusedSimpArgs false`
warning: denote/Denote.lean:8008:2: The `show` tactic should only be used to indicate intermediate goal states for readability.
However, this tactic invocation changed the goal. Please use `change` instead for these purposes.

Note: This linter can be disabled with `set_option linter.style.show false`
warning: denote/Denote.lean:8013:10: Used `tac1 <;> tac2` where `(tac1; tac2)` would suffice

Note: This linter can be disabled with `set_option linter.unnecessarySeqFocus false`
warning: denote/Denote.lean:8034:2: The `show` tactic should only be used to indicate intermediate goal states for readability.
However, this tactic invocation changed the goal. Please use `change` instead for these purposes.

Note: This linter can be disabled with `set_option linter.style.show false`
warning: denote/Denote.lean:8197:2: The `show` tactic should only be used to indicate intermediate goal states for readability.
However, this tactic invocation changed the goal. Please use `change` instead for these purposes.

Note: This linter can be disabled with `set_option linter.style.show false`
warning: denote/Denote.lean:8219:4: This simp argument is unused:
  show (8 : Nat) ≠ 0 by omega

Hint: Omit it from the simp argument list.
  simp only [hx, List.getD, List.getElem?_cons_zero, List.getElem?_cons_succ,
  ̵  ̵ ̵ ̵Option.getD_some,
  ̲  ̲ ̲ ̲List.drop, List.foldl,
  ̵  ̵ ̵ ̵show (4 : Nat) ≠ 0 by omega, show (128 : Nat) ≠ 0 by omega,
      show (8̵ ̵:̵ ̵N̵a̵t̵)̵ ̵≠̵ ̵0̵ ̵b̵y̵ ̵o̵m̵e̵g̵a̵,̵ ̵s̵h̵o̵w̵ ̵(̵2 : Nat) ≠ 0 by omega,
  ̵  ̵ ̵ ̵show (1 : Nat) ≠ 0 by omega, ite_false]

Note: This linter can be disabled with `set_option linter.unusedSimpArgs false`
warning: denote/Denote.lean:8219:33: This simp argument is unused:
  show (2 : Nat) ≠ 0 by omega

Hint: Omit it from the simp argument list.
  simp only [hx, List.getD, List.getElem?_cons_zero, List.getElem?_cons_succ,
  ̵  ̵ ̵ ̵Option.getD_some,
  ̲  ̲ ̲ ̲List.drop, List.foldl,
  ̵  ̵ ̵ ̵show (4 : Nat) ≠ 0 by omega, show (128 : Nat) ≠ 0 by omega,
      show (8 : Nat) ≠ 0 by omega, show (2̵ ̵:̵ ̵N̵a̵t̵)̵ ̵≠̵ ̵0̵ ̵b̵y̵ ̵o̵m̵e̵g̵a̵,̵
  ̵ ̵ ̵ ̵ ̵s̵h̵o̵w̵ ̵(̵1 : Nat) ≠ 0 by omega, ite_false]

Note: This linter can be disabled with `set_option linter.unusedSimpArgs false`
warning: denote/Denote.lean:8220:4: This simp argument is unused:
  show (1 : Nat) ≠ 0 by omega

Hint: Omit it from the simp argument list.
  simp only [hx, List.getD, List.getElem?_cons_zero, List.getElem?_cons_succ,
  ̵  ̵ ̵ ̵Option.getD_some,
  ̲  ̲ ̲ ̲List.drop, List.foldl,
  ̵  ̵ ̵ ̵show (4 : Nat) ≠ 0 by omega, show (128 : Nat) ≠ 0 by omega,
      show (8 : Nat) ≠ 0 by omega, show (2 : Nat) ≠ 0 by omega,
  ̵  ̵ ̵ ̵s̵h̵o̵w̵ ̵(̵1̵ ̵:̵ ̵N̵a̵t̵)̵ ̵≠̵ ̵0̵ ̵b̵y̵ ̵o̵m̵e̵g̵a̵,̵ ̵ite_false]

Note: This linter can be disabled with `set_option linter.unusedSimpArgs false`
warning: denote/Denote.lean:8228:60: This simp argument is unused:
  show (128 : Nat) ≠ 0 by omega

Hint: Omit it from the simp argument list.
  simp only [h1, h2, h3, h4, show (256 : Nat) ≠ 0 by omega, s̵h̵o̵w̵ ̵(̵1̵2̵8̵ ̵:̵ ̵N̵a̵t̵)̵ ̵≠̵ ̵0̵ ̵b̵y̵ ̵o̵m̵e̵g̵a̵,̵
  ̵ ̵ ̵ ̵ ̵ite_false]

Note: This linter can be disabled with `set_option linter.unusedSimpArgs false`
warning: denote/Denote.lean:8204:0: Please, add a comment explaining the need for modifying the maxHeartbeat limit, as in
set_option maxHeartbeats 400000 in
-- reason for change
...

Note: This linter can be disabled with `set_option linter.style.maxHeartbeats false`
warning: denote/Denote.lean:8255:4: This simp argument is unused:
  show (8 : Nat) ≠ 0 by omega

Hint: Omit it from the simp argument list.
  simp only [hhead, List.getD, List.getElem?_cons_zero, List.getElem?_cons_succ, Option.getD_some,
  ̲  ̲ ̲ ̲List.drop, List.foldl, show (̵8̵ ̵:̵ ̵N̵a̵t̵)̵ ̵≠̵ ̵0̵ ̵b̵y̵ ̵o̵m̵e̵g̵a̵,̵ ̵s̵h̵o̵w̵ ̵(128 : Nat) ≠ 0 by omega, show (4 : Nat) ≠ 0 by omega,
  ̲  ̲ ̲ ̲show (2 : Nat) ≠ 0 by omega, show (1 : Nat) ≠ 0 by omega, ite_false]

Note: This linter can be disabled with `set_option linter.unusedSimpArgs false`
warning: denote/Denote.lean:8256:4: This simp argument is unused:
  show (4 : Nat) ≠ 0 by omega

Hint: Omit it from the simp argument list.
  simp only [hhead, List.getD, List.getElem?_cons_zero, List.getElem?_cons_succ,
  ̵  ̵ ̵ ̵Option.getD_some,
  ̲  ̲ ̲ ̲List.drop, List.foldl,
  ̵  ̵ ̵ ̵show (8 : Nat) ≠ 0 by omega, show (128 : Nat) ≠ 0 by omega,
      show (4̵ ̵:̵ ̵N̵a̵t̵)̵ ̵≠̵ ̵0̵ ̵b̵y̵ ̵o̵m̵e̵g̵a̵,̵ ̵s̵h̵o̵w̵ ̵(̵2 : Nat) ≠ 0 by omega,
  ̵  ̵ ̵ ̵show (1 : Nat) ≠ 0 by omega, ite_false]

Note: This linter can be disabled with `set_option linter.unusedSimpArgs false`
warning: denote/Denote.lean:8257:4: This simp argument is unused:
  show (1 : Nat) ≠ 0 by omega

Hint: Omit it from the simp argument list.
  simp only [hhead, List.getD, List.getElem?_cons_zero, List.getElem?_cons_succ,
  ̵  ̵ ̵ ̵Option.getD_some,
  ̲  ̲ ̲ ̲List.drop, List.foldl,
  ̵  ̵ ̵ ̵show (8 : Nat) ≠ 0 by omega, show (128 : Nat) ≠ 0 by omega,
      show (4 : Nat) ≠ 0 by omega, show (2 : Nat) ≠ 0 by omega,
  ̵  ̵ ̵ ̵s̵h̵o̵w̵ ̵(̵1̵ ̵:̵ ̵N̵a̵t̵)̵ ̵≠̵ ̵0̵ ̵b̵y̵ ̵o̵m̵e̵g̵a̵,̵ ̵ite_false]

Note: This linter can be disabled with `set_option linter.unusedSimpArgs false`
warning: denote/Denote.lean:8259:4: This simp argument is unused:
  show (2 : Nat) * 1 = 2 by norm_num

Hint: Omit it from the simp argument list.
  simp only [show (2 : Nat) * 4 * 1 = 8 by norm_num,
  ̵  ̵ ̵ ̵show (2̵ ̵:̵ ̵N̵a̵t̵)̵ ̵*̵ ̵1̵ ̵=̵ ̵2̵ ̵b̵y̵ ̵n̵o̵r̵m̵_̵n̵u̵m̵,̵
  ̵ ̵ ̵ ̵ ̵s̵h̵o̵w̵ ̵(̵8 : Nat) * (1 * 128) = 1024 by norm_num,
      show (1 : Nat) * 128 = 128 by norm_num,
  ̵  ̵ ̵ ̵show (2 : Nat) * (1 * 128) = 256 by norm_num,
      show (1024 : Nat) = 0 ↔ False by simp,
  ̵  ̵ ̵ ̵show (128 : Nat) = 0 ↔ False by simp,
      show (256 : Nat) = 0 ↔ False by simp,
  ̵  ̵ ̵ ̵ite_false]

Note: This linter can be disabled with `set_option linter.unusedSimpArgs false`
warning: denote/Denote.lean:8264:4: This simp argument is unused:
  show (128 : Nat) = 0 ↔ False by simp

Hint: Omit it from the simp argument list.
  simp only [show (2 : Nat) * 4 * 1 = 8 by norm_num,
  ̵  ̵ ̵ ̵show (2 : Nat) * 1 = 2 by norm_num,
      show (8 : Nat) * (1 * 128) = 1024 by norm_num,
  ̵  ̵ ̵ ̵show (1 : Nat) * 128 = 128 by norm_num,
      show (2 : Nat) * (1 * 128) = 256 by norm_num,
  ̵  ̵ ̵ ̵show (1024 : Nat) = 0 ↔ False by simp,
      show (1̵28̵ ̵:̵ ̵N̵a̵t̵)̵ ̵=̵ ̵0̵ ̵↔̵ ̵F̵a̵l̵s̵e̵ ̵b̵y̵ ̵s̵i̵m̵p̵,̵
  ̵ ̵ ̵ ̵ ̵s̵h̵o̵w̵ ̵(̵2̵56 : Nat) = 0 ↔ False by simp,
  ̵  ̵ ̵ ̵ite_false]

Note: This linter can be disabled with `set_option linter.unusedSimpArgs false`
warning: denote/Denote.lean:8265:4: This simp argument is unused:
  show (256 : Nat) = 0 ↔ False by simp

Hint: Omit it from the simp argument list.
  simp only [show (2 : Nat) * 4 * 1 = 8 by norm_num,
  ̵  ̵ ̵ ̵show (2 : Nat) * 1 = 2 by norm_num,
      show (8 : Nat) * (1 * 128) = 1024 by norm_num,
  ̵  ̵ ̵ ̵show (1 : Nat) * 128 = 128 by norm_num,
      show (2 : Nat) * (1 * 128) = 256 by norm_num,
  ̵  ̵ ̵ ̵show (1024 : Nat) = 0 ↔ False by simp,
      show (128 : Nat) = 0 ↔ False by simp,
  ̵  ̵ ̵ ̵s̵h̵o̵w̵ ̵(̵2̵5̵6̵ ̵:̵ ̵N̵a̵t̵)̵ ̵=̵ ̵0̵ ̵↔̵ ̵F̵a̵l̵s̵e̵ ̵b̵y̵ ̵s̵im̵p̵,̵
  ̵ ̵ ̵ ̵ ̵i̵te_false]

Note: This linter can be disabled with `set_option linter.unusedSimpArgs false`
warning: denote/Denote.lean:8238:0: Please, add a comment explaining the need for modifying the maxHeartbeat limit, as in
set_option maxHeartbeats 400000 in
-- reason for change
...

Note: This linter can be disabled with `set_option linter.style.maxHeartbeats false`
warning: denote/Denote.lean:8319:62: This simp argument is unused:
  List.getElem?_cons_zero

Hint: Omit it from the simp argument list.
  simp [List.getD, L̵i̵s̵t̵.̵g̵e̵t̵E̵l̵e̵m̵?̵_̵c̵o̵n̵s̵_̵z̵e̵r̵o̵,̵ ̵List.getElem?_cons_succ]

Note: This linter can be disabled with `set_option linter.unusedSimpArgs false`
warning: denote/Denote.lean:8319:87: This simp argument is unused:
  List.getElem?_cons_succ

Hint: Omit it from the simp argument list.
  simp [List.getD, List.getElem?_cons_zero,̵ ̵L̵i̵s̵t̵.̵g̵e̵t̵E̵l̵e̵m̵?̵_̵c̵o̵n̵s̵_̵s̵u̵c̵c̵]

Note: This linter can be disabled with `set_option linter.unusedSimpArgs false`
warning: denote/Denote.lean:8278:0: Please, add a comment explaining the need for modifying the maxHeartbeat limit, as in
set_option maxHeartbeats 800000 in
-- reason for change
...

Note: This linter can be disabled with `set_option linter.style.maxHeartbeats false`
warning: denote/Denote.lean:8443:8: This simp argument is unused:
  List.find?

Hint: Omit it from the simp argument list.
  simp ̵[̵L̵i̵s̵t̵.̵f̵i̵n̵d̵?̵]̵

Note: This linter can be disabled with `set_option linter.unusedSimpArgs false`
warning: denote/Denote.lean:8520:35: Variable name `hg1` is not explicitly referenced.

The binding can be removed (if unused) or named `_` (if used implicitly).

Note: This linter can be disabled with `set_option linter.unusedVariables false`
warning: denote/Denote.lean:8521:5: Variable name `hg2` is not explicitly referenced.

The binding can be removed (if unused) or named `_` (if used implicitly).

Note: This linter can be disabled with `set_option linter.unusedVariables false`
warning: denote/Denote.lean:8521:35: Variable name `hg3` is not explicitly referenced.

The binding can be removed (if unused) or named `_` (if used implicitly).

Note: This linter can be disabled with `set_option linter.unusedVariables false`
warning: denote/Denote.lean:8567:15: This simp argument is unused:
  hw

Hint: Omit it from the simp argument list.
  simp only [̵h̵w̵,̵ ̵h̵x̵0̵,̵[̲h̲x̲0̲,̲ hx1, hx2, hx3, prodShape, show [1, 2, 32].foldl (· * ·) 1 = 64 from rfl,
        show (64 : Nat) / 32 = 2 from rfl]

Note: This linter can be disabled with `set_option linter.unusedSimpArgs false`
warning: denote/Denote.lean:8515:0: Please, add a comment explaining the need for modifying the maxHeartbeat limit, as in
set_option maxHeartbeats 800000 in
-- reason for change
...

Note: This linter can be disabled with `set_option linter.style.maxHeartbeats false`
warning: denote/Denote.lean:8611:35: Variable name `hg1` is not explicitly referenced.

The binding can be removed (if unused) or named `_` (if used implicitly).

Note: This linter can be disabled with `set_option linter.unusedVariables false`
warning: denote/Denote.lean:8612:5: Variable name `hg2` is not explicitly referenced.

The binding can be removed (if unused) or named `_` (if used implicitly).

Note: This linter can be disabled with `set_option linter.unusedVariables false`
warning: denote/Denote.lean:8612:35: Variable name `hg3` is not explicitly referenced.

The binding can be removed (if unused) or named `_` (if used implicitly).

Note: This linter can be disabled with `set_option linter.unusedVariables false`
warning: denote/Denote.lean:8657:15: This simp argument is unused:
  hb

Hint: Omit it from the simp argument list.
  simp only [̵h̵b̵,̵ ̵h̵x̵0̵,̵[̲h̲x̲0̲,̲ hx1, hx2, hx3, prodShape, show [1, 2, 32].foldl (· * ·) 1 = 64 from rfl,
        show (64 : Nat) / 32 = 2 from rfl]

Note: This linter can be disabled with `set_option linter.unusedSimpArgs false`
warning: denote/Denote.lean:8606:0: Please, add a comment explaining the need for modifying the maxHeartbeat limit, as in
set_option maxHeartbeats 400000 in
-- reason for change
...

Note: This linter can be disabled with `set_option linter.style.maxHeartbeats false`
warning: denote/Denote.lean:8725:35: Variable name `hg1` is not explicitly referenced.

The binding can be removed (if unused) or named `_` (if used implicitly).

Note: This linter can be disabled with `set_option linter.unusedVariables false`
warning: denote/Denote.lean:8726:5: Variable name `hg2` is not explicitly referenced.

The binding can be removed (if unused) or named `_` (if used implicitly).

Note: This linter can be disabled with `set_option linter.unusedVariables false`
warning: denote/Denote.lean:8726:35: Variable name `hg3` is not explicitly referenced.

The binding can be removed (if unused) or named `_` (if used implicitly).

Note: This linter can be disabled with `set_option linter.unusedVariables false`
warning: denote/Denote.lean:8729:5: Variable name `hw` is not explicitly referenced.

The binding can be removed (if unused) or named `_` (if used implicitly).

Note: This linter can be disabled with `set_option linter.unusedVariables false`
warning: denote/Denote.lean:8720:0: Please, add a comment explaining the need for modifying the maxHeartbeat limit, as in
set_option maxHeartbeats 800000 in
-- reason for change
...

Note: This linter can be disabled with `set_option linter.style.maxHeartbeats false`
warning: denote/Denote.lean:8843:30: This simp argument is unused:
  if_neg

Hint: Omit it from the simp argument list.
  simp only [flatToMulti, multiToFlat, prodShape, List.foldl,
  ̵  ̵ ̵ ̵List.getElem?_cons_zero,
  ̲  ̲ ̲ ̲List.getElem?_cons_succ, Option.getD_some,
  ̵  ̵ ̵ ̵List.set, Nat.div_one, Nat.mul_one, Nat.one_mul,
      e213, e13, hd3, if_false, i̵f̵_̵n̵e̵g̵,̵ ̵Nat.add_zero, reduceIte,
  ̵  ̵ ̵ ̵Nat.one_ne_zero, Nat.reduceEqDiff]

Note: This linter can be disabled with `set_option linter.unusedSimpArgs false`
warning: denote/Denote.lean:8843:52: This simp argument is unused:
  reduceIte

Hint: Omit it from the simp argument list.
  simp only [flatToMulti, multiToFlat, prodShape, List.foldl,
  ̵  ̵ ̵ ̵List.getElem?_cons_zero,
  ̲  ̲ ̲ ̲List.getElem?_cons_succ, Option.getD_some,
  ̵  ̵ ̵ ̵List.set, Nat.div_one, Nat.mul_one, Nat.one_mul,
      e213, e13, hd3, if_false, if_neg, Nat.add_zero, r̵e̵d̵u̵c̵e̵I̵t̵e̵,̵
  ̵ ̵ ̵ ̵ ̵Nat.one_ne_zero, Nat.reduceEqDiff]

Note: This linter can be disabled with `set_option linter.unusedSimpArgs false`
warning: denote/Denote.lean:8844:21: This simp argument is unused:
  Nat.reduceEqDiff

Hint: Omit it from the simp argument list.
  simp only [flatToMulti, multiToFlat, prodShape, List.foldl,
  ̵  ̵ ̵ ̵List.getElem?_cons_zero,
  ̲  ̲ ̲ ̲List.getElem?_cons_succ, Option.getD_some,
  ̵  ̵ ̵ ̵List.set, Nat.div_one, Nat.mul_one, Nat.one_mul,
      e213, e13, hd3, if_false, if_neg, Nat.add_zero, reduceIte,
  ̵  ̵ ̵ ̵Nat.one_ne_zero,̵ ̵N̵a̵t̵.̵r̵e̵d̵u̵c̵e̵E̵q̵D̵i̵f̵f̵]

Note: This linter can be disabled with `set_option linter.unusedSimpArgs false`
warning: denote/Denote.lean:8813:0: Please, add a comment explaining the need for modifying the maxHeartbeat limit, as in
set_option maxHeartbeats 3200000 in
-- reason for change
...

Note: This linter can be disabled with `set_option linter.style.maxHeartbeats false`
warning: denote/Denote.lean:8847:0: Please, add a comment explaining the need for modifying the maxHeartbeat limit, as in
set_option maxHeartbeats 3200000 in
-- reason for change
...

Note: This linter can be disabled with `set_option linter.style.maxHeartbeats false`
warning: denote/Denote.lean:8853:10: Used `tac1 <;> tac2` where `(tac1; tac2)` would suffice

Note: This linter can be disabled with `set_option linter.unnecessarySeqFocus false`
warning: denote/Denote.lean:8881:4: This simp argument is unused:
  Nat.mod_one

Hint: Omit it from the simp argument list.
  simp only [chunkPrimDimN, Tensor.mkShape, hx, List.getD, List.getElem?_cons_zero,
      List.getElem?_cons_succ, Option.getD_some, List.drop, List.foldl, N̵a̵t̵.̵m̵o̵d̵_̵o̵n̵e̵,̵ ̵Nat.mul_one, Nat.one_mul,
  ̲  ̲ ̲ ̲Nat.add_zero, hshard, hrm, if_false, reduceIte, Nat.one_ne_zero, Nat.reduceEqDiff,
      eq_false e_csd2d3, eq_false e_d2d3, eq_false hd3]

Note: This linter can be disabled with `set_option linter.unusedSimpArgs false`
warning: denote/Denote.lean:8881:17: This simp argument is unused:
  Nat.mul_one

Hint: Omit it from the simp argument list.
  simp only [chunkPrimDimN, Tensor.mkShape, hx, List.getD, List.getElem?_cons_zero,
      List.getElem?_cons_succ, Option.getD_some, List.drop, List.foldl,
  ̵  ̵ ̵ ̵Nat.mod_one, Nat.m̵u̵l̵_̵one_̲m̲u̲l̲,
  ̲ N̵a̵t̵.̵o̵n̵e̵_̵m̵u̵l̵,̵  ̲ ̲Nat.add_zero,
  ̵  ̵ ̵ ̵hshard, hrm, if_false, reduceIte, Nat.one_ne_zero, Nat.reduceEqDiff,
      eq_false e_csd2d3, eq_false e_d2d3, eq_false hd3]

Note: This linter can be disabled with `set_option linter.unusedSimpArgs false`
warning: denote/Denote.lean:8881:43: This simp argument is unused:
  Nat.add_zero

Hint: Omit it from the simp argument list.
  simp only [chunkPrimDimN, Tensor.mkShape, hx, List.getD, List.getElem?_cons_zero,
      List.getElem?_cons_succ, Option.getD_some, List.drop, List.foldl,
  ̵  ̵ ̵ ̵Nat.mod_one, Nat.mul_o̵n̵o̲n̲e, ̵N̵a̵t̵.̵o̵n̵e̵_̵m̵u̵l̵,̵ ̵N̵a̵t̵.̵a̵d̵d̵_̵z̵e̵r̵o̵,̵
      N̲a̲t̲.̲o̲n̲e̲_̲m̲u̲l̲,̲ ̲hshard, hrm, if_false, reduceIte, Nat.one_ne_zero, Nat.reduceEqDiff,
      eq_false e_csd2d3, eq_false e_d2d3, eq_false hd3]

Note: This linter can be disabled with `set_option linter.unusedSimpArgs false`
warning: denote/Denote.lean:8882:27: This simp argument is unused:
  reduceIte

Hint: Omit it from the simp argument list.
  simp only [chunkPrimDimN, Tensor.mkShape, hx, List.getD, List.getElem?_cons_zero,
      List.getElem?_cons_succ, Option.getD_some, List.drop, List.foldl,
  ̵  ̵ ̵ ̵Nat.mod_one, Nat.mul_one,
  ̲  ̲ ̲ ̲Nat.one_mul, Nat.add_zero,
  ̵  ̵ ̵ ̵hshard, hrm, if_false, r̵e̵d̵u̵c̵e̵I̵t̵e̵,̵ ̵Nat.one_ne_zero, Nat.reduceEqDiff,
      eq_false e_csd2d3, eq_false e_d2d3, eq_false hd3]

Note: This linter can be disabled with `set_option linter.unusedSimpArgs false`
warning: denote/Denote.lean:8882:38: This simp argument is unused:
  Nat.one_ne_zero

Hint: Omit it from the simp argument list.
  simp only [chunkPrimDimN, Tensor.mkShape, hx, List.getD, List.getElem?_cons_zero,
      List.getElem?_cons_succ, Option.getD_some, List.drop, List.foldl,
  ̵  ̵ ̵ ̵Nat.mod_one, Nat.mul_one,
  ̲  ̲ ̲ ̲Nat.one_mul, Nat.add_zero,
  ̵  ̵ ̵ ̵hshard, hrm, if_false, reduceIte, Nat.o̵n̵e̵_̵n̵e̵_̵z̵e̵ro̵,̵ ̵N̵a̵t̵.̵r̵educeEqDiff,
      eq_false e_csd2d3, eq_false e_d2d3, eq_false hd3]

Note: This linter can be disabled with `set_option linter.unusedSimpArgs false`
warning: denote/Denote.lean:8883:40: This simp argument is unused:
  eq_false hd3

Hint: Omit it from the simp argument list.
  simp only [chunkPrimDimN, Tensor.mkShape, hx, List.getD, List.getElem?_cons_zero,
      List.getElem?_cons_succ, Option.getD_some, List.drop, List.foldl,
  ̵  ̵ ̵ ̵Nat.mod_one, Nat.mul_one,
  ̲  ̲ ̲ ̲Nat.one_mul, Nat.add_zero,
  ̵  ̵ ̵ ̵hshard, hrm, if_false, reduceIte, Nat.one_ne_zero, Nat.reduceEqDiff,
      eq_false e_csd2d3, eq_false e_d2d3,̵ ̵e̵q̵_̵f̵a̵l̵s̵e̵ ̵h̵d̵3̵]

Note: This linter can be disabled with `set_option linter.unusedSimpArgs false`
warning: denote/Denote.lean:8858:0: Please, add a comment explaining the need for modifying the maxHeartbeat limit, as in
set_option maxHeartbeats 3200000 in
-- reason for change
...

Note: This linter can be disabled with `set_option linter.style.maxHeartbeats false`
warning: denote/Denote.lean:8909:4: This simp argument is unused:
  Nat.mod_one

Hint: Omit it from the simp argument list.
  simp only [chunkPrimDimN, Tensor.mkShape, hx, List.getD, List.getElem?_cons_zero,
      List.getElem?_cons_succ, Option.getD_some, List.drop, List.foldl, N̵a̵t̵.̵m̵o̵d̵_̵o̵n̵e̵,̵ ̵Nat.mul_one, Nat.one_mul,
  ̲  ̲ ̲ ̲Nat.add_zero, hshard, hrm, if_false, reduceIte, Nat.one_ne_zero, Nat.reduceEqDiff,
      eq_false e_csd3, eq_false hd3]

Note: This linter can be disabled with `set_option linter.unusedSimpArgs false`
warning: denote/Denote.lean:8909:17: This simp argument is unused:
  Nat.mul_one

Hint: Omit it from the simp argument list.
  simp only [chunkPrimDimN, Tensor.mkShape, hx, List.getD, List.getElem?_cons_zero,
      List.getElem?_cons_succ, Option.getD_some, List.drop, List.foldl,
  ̵  ̵ ̵ ̵Nat.mod_one, Nat.m̵u̵l̵_̵one_̲m̲u̲l̲,
  ̲ N̵a̵t̵.̵o̵n̵e̵_̵m̵u̵l̵,̵  ̲ ̲Nat.add_zero,
  ̵  ̵ ̵ ̵hshard, hrm, if_false, reduceIte, Nat.one_ne_zero, Nat.reduceEqDiff,
      eq_false e_csd3, eq_false hd3]

Note: This linter can be disabled with `set_option linter.unusedSimpArgs false`
warning: denote/Denote.lean:8909:43: This simp argument is unused:
  Nat.add_zero

Hint: Omit it from the simp argument list.
  simp only [chunkPrimDimN, Tensor.mkShape, hx, List.getD, List.getElem?_cons_zero,
      List.getElem?_cons_succ, Option.getD_some, List.drop, List.foldl,
  ̵  ̵ ̵ ̵Nat.mod_one, Nat.mul_o̵n̵o̲n̲e, ̵N̵a̵t̵.̵o̵n̵e̵_̵m̵u̵l̵,̵ ̵N̵a̵t̵.̵a̵d̵d̵_̵z̵e̵r̵o̵,̵
      N̲a̲t̲.̲o̲n̲e̲_̲m̲u̲l̲,̲ ̲hshard, hrm, if_false, reduceIte, Nat.one_ne_zero, Nat.reduceEqDiff,
      eq_false e_csd3, eq_false hd3]

Note: This linter can be disabled with `set_option linter.unusedSimpArgs false`
warning: denote/Denote.lean:8910:27: This simp argument is unused:
  reduceIte

Hint: Omit it from the simp argument list.
  simp only [chunkPrimDimN, Tensor.mkShape, hx, List.getD, List.getElem?_cons_zero,
      List.getElem?_cons_succ, Option.getD_some, List.drop, List.foldl,
  ̵  ̵ ̵ ̵Nat.mod_one, Nat.mul_one,
  ̲  ̲ ̲ ̲Nat.one_mul, Nat.add_zero,
  ̵  ̵ ̵ ̵hshard, hrm, if_false, r̵e̵d̵u̵c̵e̵I̵t̵e̵,̵ ̵Nat.one_ne_zero, Nat.reduceEqDiff,
      eq_false e_csd3, eq_false hd3]

Note: This linter can be disabled with `set_option linter.unusedSimpArgs false`
warning: denote/Denote.lean:8910:38: This simp argument is unused:
  Nat.one_ne_zero

Hint: Omit it from the simp argument list.
  simp only [chunkPrimDimN, Tensor.mkShape, hx, List.getD, List.getElem?_cons_zero,
      List.getElem?_cons_succ, Option.getD_some, List.drop, List.foldl,
  ̵  ̵ ̵ ̵Nat.mod_one, Nat.mul_one,
  ̲  ̲ ̲ ̲Nat.one_mul, Nat.add_zero,
  ̵  ̵ ̵ ̵hshard, hrm, if_false, reduceIte, Nat.o̵n̵e̵_̵n̵e̵_̵z̵e̵ro̵,̵ ̵N̵a̵t̵.̵r̵educeEqDiff,
  ̵  ̵ ̵ ̵eq_false e_csd3,
  ̲  ̲ ̲ ̲eq_false hd3]

Note: This linter can be disabled with `set_option linter.unusedSimpArgs false`
warning: denote/Denote.lean:8891:0: Please, add a comment explaining the need for modifying the maxHeartbeat limit, as in
set_option maxHeartbeats 3200000 in
-- reason for change
...

Note: This linter can be disabled with `set_option linter.style.maxHeartbeats false`
warning: denote/Denote.lean:8939:57: This simp argument is unused:
  Nat.zero_add

Hint: Omit it from the simp argument list.
  simp only [chunkPrimDimN, Tensor.mkShape, hx, List.getD, List.getElem?_cons_zero,
      List.getElem?_cons_succ, Option.getD_some, List.drop, List.foldl, Nat.div_one, Nat.mod_one,
  ̲  ̲ ̲ ̲Nat.mul_one, Nat.add_zero, N̵a̵t̵.̵z̵e̵r̵o̵_̵a̵d̵d̵,̵hshard, hrm, e_cs, if_false, reduceIte, Nat.one_ne_zero,
  ̲  ̲ ̲ ̲Nat.reduceEqDiff]

Note: This linter can be disabled with `set_option linter.unusedSimpArgs false`
warning: denote/Denote.lean:8940:33: This simp argument is unused:
  reduceIte

Hint: Omit it from the simp argument list.
  simp only [chunkPrimDimN, Tensor.mkShape, hx, List.getD, List.getElem?_cons_zero,
      List.getElem?_cons_succ, Option.getD_some, List.drop, List.foldl, Nat.div_one, Nat.mod_one,
  ̲  ̲ ̲ ̲Nat.mul_one, Nat.add_zero, Nat.zero_add, hshard, hrm, e_cs, if_false, r̵e̵d̵u̵c̵e̵I̵t̵e̵,̵ ̵Nat.one_ne_zero,
      Nat.reduceEqDiff]

Note: This linter can be disabled with `set_option linter.unusedSimpArgs false`
warning: denote/Denote.lean:8921:0: Please, add a comment explaining the need for modifying the maxHeartbeat limit, as in
set_option maxHeartbeats 3200000 in
-- reason for change
...

Note: This linter can be disabled with `set_option linter.style.maxHeartbeats false`
warning: denote/Denote.lean:8945:0: Please, add a comment explaining the need for modifying the maxHeartbeat limit, as in
set_option maxHeartbeats 3200000 in
-- reason for change
...

Note: This linter can be disabled with `set_option linter.style.maxHeartbeats false`
warning: denote/Denote.lean:8952:0: Please, add a comment explaining the need for modifying the maxHeartbeat limit, as in
set_option maxHeartbeats 3200000 in
-- reason for change
...

Note: This linter can be disabled with `set_option linter.style.maxHeartbeats false`
warning: denote/Denote.lean:8958:10: Used `tac1 <;> tac2` where `(tac1; tac2)` would suffice

Note: This linter can be disabled with `set_option linter.unnecessarySeqFocus false`
warning: denote/Denote.lean:8976:4: This simp argument is unused:
  Nat.reduceDiv

Hint: Omit it from the simp argument list.
  simp only [hhead, List.getD, List.getElem?_cons_zero, List.getElem?_cons_succ, Option.getD_some,
  ̲  ̲ ̲ ̲List.drop, List.foldl, Nat.reduceMul, Nat.reduceAdd, N̵a̵t̵.̵r̵e̵d̵u̵c̵e̵D̵i̵v̵,̵ ̵Nat.reduceMod, Nat.div_one, Nat.mod_one,
  ̲  ̲ ̲ ̲Nat.mul_one, Nat.add_zero, Nat.zero_add, show (8 : Nat) ≠ 0 from by omega,
      show (4 : Nat) ≠ 0 from by omega, show (2 : Nat) ≠ 0 from by omega,
      show (256 : Nat) ≠ 0 from by omega, ite_false]

Note: This linter can be disabled with `set_option linter.unusedSimpArgs false`
warning: denote/Denote.lean:8976:19: This simp argument is unused:
  Nat.reduceMod

Hint: Omit it from the simp argument list.
  simp only [hhead, List.getD, List.getElem?_cons_zero, List.getElem?_cons_succ,
  ̵  ̵ ̵ ̵Option.getD_some,
  ̲  ̲ ̲ ̲List.drop, List.foldl, Nat.reduceMul, Nat.reduceAdd,
  ̵  ̵ ̵ ̵Nat.reduceDiv, Nat.r̵e̵du̵c̵e̵M̵o̵d̵,̵ ̵N̵a̵t̵.̵d̵iv_one, Nat.mod_one,
  ̲  ̲ ̲ ̲Nat.mul_one,
  ̵  ̵ ̵ ̵Nat.add_zero, Nat.zero_add, show (8 : Nat) ≠ 0 from by omega,
      show (4 : Nat) ≠ 0 from by omega, show (2 : Nat) ≠ 0 from by omega,
      show (256 : Nat) ≠ 0 from by omega, ite_false]

Note: This linter can be disabled with `set_option linter.unusedSimpArgs false`
warning: denote/Denote.lean:8977:4: This simp argument is unused:
  Nat.add_zero

Hint: Omit it from the simp argument list.
  simp only [hhead, List.getD, List.getElem?_cons_zero, List.getElem?_cons_succ,
  ̵  ̵ ̵ ̵Option.getD_some,
  ̲  ̲ ̲ ̲List.drop, List.foldl, Nat.reduceMul, Nat.reduceAdd,
  ̵  ̵ ̵ ̵Nat.reduceDiv, Nat.reduceMod, Nat.div_one, ̵N̵a̵t̵.̵m̵o̵d̵_̵o̵n̵e̵,̵ ̵N̵a̵t̵.̵m̵u̵l̵_̵o̵n̵e̵,̵
      Nat.m̲o̲d̲_̲o̲n̲e̲,̲ ̲N̲ad̵d̵t̲.̲m̲u̲l̲_z̵o̲n̲er̵o̵, Nat.zero_add, show (8 : Nat) ≠ 0 from by omega,
      show (4 : Nat) ≠ 0 from by omega, show (2 : Nat) ≠ 0 from by omega,
      show (256 : Nat) ≠ 0 from by omega, ite_false]

Note: This linter can be disabled with `set_option linter.unusedSimpArgs false`
warning: denote/Denote.lean:8977:18: This simp argument is unused:
  Nat.zero_add

Hint: Omit it from the simp argument list.
  simp only [hhead, List.getD, List.getElem?_cons_zero, List.getElem?_cons_succ,
  ̵  ̵ ̵ ̵Option.getD_some,
  ̲  ̲ ̲ ̲List.drop, List.foldl, Nat.reduceMul, Nat.reduceAdd,
  ̵  ̵ ̵ ̵Nat.reduceDiv, Nat.reduceMod, Nat.div_one, ̵N̵a̵t̵.̵m̵o̵d̵_̵o̵n̵e̵,̵ ̵N̵a̵t̵.̵m̵u̵l̵_̵o̵n̵e̵,̵
      Nat.m̲o̲d̲_̲o̲n̲e̲,̲ ̲N̲ad̵d̵t̲.̲m̲u̲l̲_z̵o̲n̲er̵o̵, Nat.z̵e̵r̵o̵_̵add_̲z̲e̲r̲o̲, show (8 : Nat) ≠ 0 from by omega,
      show (4 : Nat) ≠ 0 from by omega, show (2 : Nat) ≠ 0 from by omega,
      show (256 : Nat) ≠ 0 from by omega, ite_false]

Note: This linter can be disabled with `set_option linter.unusedSimpArgs false`
warning: denote/Denote.lean:8978:4: This simp argument is unused:
  show (4 : Nat) ≠ 0 from by omega

Hint: Omit it from the simp argument list.
  simp only [hhead, List.getD, List.getElem?_cons_zero, List.getElem?_cons_succ,
  ̵  ̵ ̵ ̵Option.getD_some,
  ̲  ̲ ̲ ̲List.drop, List.foldl, Nat.reduceMul, Nat.reduceAdd,
  ̵  ̵ ̵ ̵Nat.reduceDiv, Nat.reduceMod, Nat.div_one,
  ̲  ̲ ̲ ̲Nat.mod_one, Nat.mul_one,
  ̵  ̵ ̵ ̵Nat.add_zero, Nat.zero_add, show (8 : Nat) ≠ 0 from by omega,
      show (4̵ ̵:̵ ̵N̵a̵t̵)̵ ̵≠̵ ̵0̵ ̵f̵r̵o̵m̵ ̵b̵y̵ ̵o̵m̵e̵g̵a̵,̵ ̵s̵h̵o̵w̵ ̵(̵2 : Nat) ≠ 0 from by omega,
  ̵  ̵ ̵ ̵show (256 : Nat) ≠ 0 from by omega, ite_false]

Note: This linter can be disabled with `set_option linter.unusedSimpArgs false`
warning: denote/Denote.lean:8979:4: This simp argument is unused:
  show (256 : Nat) ≠ 0 from by omega

Hint: Omit it from the simp argument list.
  simp only [hhead, List.getD, List.getElem?_cons_zero, List.getElem?_cons_succ,
  ̵  ̵ ̵ ̵Option.getD_some,
  ̲  ̲ ̲ ̲List.drop, List.foldl, Nat.reduceMul, Nat.reduceAdd,
  ̵  ̵ ̵ ̵Nat.reduceDiv, Nat.reduceMod, Nat.div_one,
  ̲  ̲ ̲ ̲Nat.mod_one, Nat.mul_one,
  ̵  ̵ ̵ ̵Nat.add_zero, Nat.zero_add, show (8 : Nat) ≠ 0 from by omega,
      show (4 : Nat) ≠ 0 from by omega, show (2 : Nat) ≠ 0 from by omega,
  ̵  ̵ ̵ ̵s̵h̵o̵w̵ ̵(̵2̵5̵6̵ ̵:̵ ̵N̵a̵t̵)̵ ̵≠̵ ̵0̵ ̵f̵r̵o̵m̵ ̵b̵y̵ ̵o̵m̵e̵g̵a̵,̵ ̵ite_false]

Note: This linter can be disabled with `set_option linter.unusedSimpArgs false`
warning: denote/Denote.lean:8960:0: Please, add a comment explaining the need for modifying the maxHeartbeat limit, as in
set_option maxHeartbeats 3200000 in
-- reason for change
...

Note: This linter can be disabled with `set_option linter.style.maxHeartbeats false`
warning: denote/Denote.lean:8998:10: Used `tac1 <;> tac2` where `(tac1; tac2)` would suffice

Note: This linter can be disabled with `set_option linter.unnecessarySeqFocus false`
warning: denote/Denote.lean:9055:23: This simp argument is unused:
  List.getElem?_cons_zero

Hint: Omit it from the simp argument list.
  simp [List.getD, L̵i̵s̵t̵.̵g̵e̵t̵E̵l̵e̵m̵?̵_̵c̵o̵n̵s̵_̵z̵e̵r̵o̵,̵ ̵List.getElem?_cons_succ]

Note: This linter can be disabled with `set_option linter.unusedSimpArgs false`
warning: denote/Denote.lean:9055:48: This simp argument is unused:
  List.getElem?_cons_succ

Hint: Omit it from the simp argument list.
  simp [List.getD, List.getElem?_cons_zero,̵ ̵L̵i̵s̵t̵.̵g̵e̵t̵E̵l̵e̵m̵?̵_̵c̵o̵n̵s̵_̵s̵u̵c̵c̵]

Note: This linter can be disabled with `set_option linter.unusedSimpArgs false`
warning: denote/Denote.lean:9116:23: This simp argument is unused:
  List.getElem?_cons_zero

Hint: Omit it from the simp argument list.
  simp [List.getD, L̵i̵s̵t̵.̵g̵e̵t̵E̵l̵e̵m̵?̵_̵c̵o̵n̵s̵_̵z̵e̵r̵o̵,̵ ̵List.getElem?_cons_succ]

Note: This linter can be disabled with `set_option linter.unusedSimpArgs false`
warning: denote/Denote.lean:9116:48: This simp argument is unused:
  List.getElem?_cons_succ

Hint: Omit it from the simp argument list.
  simp [List.getD, List.getElem?_cons_zero,̵ ̵L̵i̵s̵t̵.̵g̵e̵t̵E̵l̵e̵m̵?̵_̵c̵o̵n̵s̵_̵s̵u̵c̵c̵]

Note: This linter can be disabled with `set_option linter.unusedSimpArgs false`
warning: denote/Denote.lean:9135:10: Used `tac1 <;> tac2` where `(tac1; tac2)` would suffice

Note: This linter can be disabled with `set_option linter.unnecessarySeqFocus false`
warning: denote/Denote.lean:9145:10: Used `tac1 <;> tac2` where `(tac1; tac2)` would suffice

Note: This linter can be disabled with `set_option linter.unnecessarySeqFocus false`
warning: denote/Denote.lean:9165:4: This simp argument is unused:
  Nat.reduceDiv

Hint: Omit it from the simp argument list.
  simp only [hhead, List.getD, List.getElem?_cons_zero, List.getElem?_cons_succ, Option.getD_some,
  ̲  ̲ ̲ ̲List.drop, List.foldl, Nat.reduceMul, Nat.reduceAdd, N̵a̵t̵.̵r̵e̵d̵u̵c̵e̵D̵i̵v̵,̵ ̵Nat.reduceMod, Nat.div_one, Nat.mod_one,
  ̲  ̲ ̲ ̲Nat.mul_one, Nat.add_zero, Nat.zero_add, show (8 : Nat) ≠ 0 from by omega,
      show (4 : Nat) ≠ 0 from by omega, show (2 : Nat) ≠ 0 from by omega,
      show (16 : Nat) ≠ 0 from by omega, show (64 : Nat) ≠ 0 from by omega,
      show (256 : Nat) ≠ 0 from by omega, ite_false]

Note: This linter can be disabled with `set_option linter.unusedSimpArgs false`
warning: denote/Denote.lean:9165:19: This simp argument is unused:
  Nat.reduceMod

Hint: Omit it from the simp argument list.
  simp only [hhead, List.getD, List.getElem?_cons_zero, List.getElem?_cons_succ,
  ̵  ̵ ̵ ̵Option.getD_some,
  ̲  ̲ ̲ ̲List.drop, List.foldl, Nat.reduceMul, Nat.reduceAdd,
  ̵  ̵ ̵ ̵Nat.reduceDiv, Nat.r̵e̵du̵c̵e̵M̵o̵d̵,̵ ̵N̵a̵t̵.̵d̵iv_one, Nat.mod_one,
  ̲  ̲ ̲ ̲Nat.mul_one,
  ̵  ̵ ̵ ̵Nat.add_zero, Nat.zero_add, show (8 : Nat) ≠ 0 from by omega,
      show (4 : Nat) ≠ 0 from by omega, show (2 : Nat) ≠ 0 from by omega,
      show (16 : Nat) ≠ 0 from by omega, show (64 : Nat) ≠ 0 from by omega,
      show (256 : Nat) ≠ 0 from by omega, ite_false]

Note: This linter can be disabled with `set_option linter.unusedSimpArgs false`
warning: denote/Denote.lean:9165:34: This simp argument is unused:
  Nat.div_one

Hint: Omit it from the simp argument list.
  simp only [hhead, List.getD, List.getElem?_cons_zero, List.getElem?_cons_succ,
  ̵  ̵ ̵ ̵Option.getD_some,
  ̲  ̲ ̲ ̲List.drop, List.foldl, Nat.reduceMul, Nat.reduceAdd,
  ̵  ̵ ̵ ̵Nat.reduceDiv, Nat.reduceMod, Nat.d̵i̵v̵_̵o̵n̵e̵,̵ ̵N̵a̵t̵.̵mod_one, ̵N̵a̵t̵.̵m̵u̵l̵_̵o̵n̵e̵,̵
      Nat.m̲u̲l̲_̲o̲n̲e̲,̲ ̲N̲at̲.̲a̲dd_zero, Nat.zero_add, show (8 : Nat) ≠ 0 from by omega,
      show (4 : Nat) ≠ 0 from by omega, show (2 : Nat) ≠ 0 from by omega,
      show (16 : Nat) ≠ 0 from by omega, show (64 : Nat) ≠ 0 from by omega,
      show (256 : Nat) ≠ 0 from by omega, ite_false]

Note: This linter can be disabled with `set_option linter.unusedSimpArgs false`
warning: denote/Denote.lean:9165:47: This simp argument is unused:
  Nat.mod_one

Hint: Omit it from the simp argument list.
  simp only [hhead, List.getD, List.getElem?_cons_zero, List.getElem?_cons_succ,
  ̵  ̵ ̵ ̵Option.getD_some,
  ̲  ̲ ̲ ̲List.drop, List.foldl, Nat.reduceMul, Nat.reduceAdd,
  ̵  ̵ ̵ ̵Nat.reduceDiv, Nat.reduceMod, Nat.div_one, ̵N̵a̵t̵.̵m̵o̵d̵_̵o̵n̵e̵,̵ ̵N̵a̵t̵.̵m̵u̵l̵_̵o̵n̵e̵,̵
      Nat.m̲u̲l̲_̲o̲n̲e̲,̲ ̲N̲at̲.̲a̲dd_zero, Nat.zero_add, show (8 : Nat) ≠ 0 from by omega,
      show (4 : Nat) ≠ 0 from by omega, show (2 : Nat) ≠ 0 from by omega,
      show (16 : Nat) ≠ 0 from by omega, show (64 : Nat) ≠ 0 from by omega,
      show (256 : Nat) ≠ 0 from by omega, ite_false]

Note: This linter can be disabled with `set_option linter.unusedSimpArgs false`
warning: denote/Denote.lean:9165:60: This simp argument is unused:
  Nat.mul_one

Hint: Omit it from the simp argument list.
  simp only [hhead, List.getD, List.getElem?_cons_zero, List.getElem?_cons_succ,
  ̵  ̵ ̵ ̵Option.getD_some,
  ̲  ̲ ̲ ̲List.drop, List.foldl, Nat.reduceMul, Nat.reduceAdd,
  ̵  ̵ ̵ ̵Nat.reduceDiv, Nat.reduceMod, Nat.div_one,
  ̲  ̲ ̲ ̲Nat.mod_one, Nat.m̵u̵l̵_̵o̵n̵e̵,̵
  ̵ ̵ ̵ ̵ ̵N̵at̵.̵a̵dd_zero, Nat.zero_add, show (8 : Nat) ≠ 0 from by omega,
      show (4 : Nat) ≠ 0 from by omega, show (2 : Nat) ≠ 0 from by omega,
      show (16 : Nat) ≠ 0 from by omega, show (64 : Nat) ≠ 0 from by omega,
      show (256 : Nat) ≠ 0 from by omega, ite_false]

Note: This linter can be disabled with `set_option linter.unusedSimpArgs false`
warning: denote/Denote.lean:9166:4: This simp argument is unused:
  Nat.add_zero

Hint: Omit it from the simp argument list.
  simp only [hhead, List.getD, List.getElem?_cons_zero, List.getElem?_cons_succ,
  ̵  ̵ ̵ ̵Option.getD_some,
  ̲  ̲ ̲ ̲List.drop, List.foldl, Nat.reduceMul, Nat.reduceAdd,
  ̵  ̵ ̵ ̵Nat.reduceDiv, Nat.reduceMod, Nat.div_one, ̵N̵a̵t̵.̵m̵o̵d̵_̵o̵n̵e̵,̵ ̵N̵a̵t̵.̵m̵u̵l̵_̵o̵n̵e̵,̵
      Nat.m̲o̲d̲_̲o̲n̲e̲,̲ ̲N̲ad̵d̵t̲.̲m̲u̲l̲_z̵o̲n̲er̵o̵, Nat.zero_add, show (8 : Nat) ≠ 0 from by omega,
      show (4 : Nat) ≠ 0 from by omega, show (2 : Nat) ≠ 0 from by omega,
      show (16 : Nat) ≠ 0 from by omega, show (64 : Nat) ≠ 0 from by omega,
      show (256 : Nat) ≠ 0 from by omega, ite_false]

Note: This linter can be disabled with `set_option linter.unusedSimpArgs false`
warning: denote/Denote.lean:9166:18: This simp argument is unused:
  Nat.zero_add

Hint: Omit it from the simp argument list.
  simp only [hhead, List.getD, List.getElem?_cons_zero, List.getElem?_cons_succ,
  ̵  ̵ ̵ ̵Option.getD_some,
  ̲  ̲ ̲ ̲List.drop, List.foldl, Nat.reduceMul, Nat.reduceAdd,
  ̵  ̵ ̵ ̵Nat.reduceDiv, Nat.reduceMod, Nat.div_one, ̵N̵a̵t̵.̵m̵o̵d̵_̵o̵n̵e̵,̵ ̵N̵a̵t̵.̵m̵u̵l̵_̵o̵n̵e̵,̵
      Nat.m̲o̲d̲_̲o̲n̲e̲,̲ ̲N̲ad̵d̵t̲.̲m̲u̲l̲_z̵o̲n̲er̵o̵, Nat.z̵e̵r̵o̵_̵add_̲z̲e̲r̲o̲, show (8 : Nat) ≠ 0 from by omega,
      show (4 : Nat) ≠ 0 from by omega, show (2 : Nat) ≠ 0 from by omega,
      show (16 : Nat) ≠ 0 from by omega, show (64 : Nat) ≠ 0 from by omega,
      show (256 : Nat) ≠ 0 from by omega, ite_false]

Note: This linter can be disabled with `set_option linter.unusedSimpArgs false`
warning: denote/Denote.lean:9167:4: This simp argument is unused:
  show (4 : Nat) ≠ 0 from by omega

Hint: Omit it from the simp argument list.
  simp only [hhead, List.getD, List.getElem?_cons_zero, List.getElem?_cons_succ,
  ̵  ̵ ̵ ̵Option.getD_some,
  ̲  ̲ ̲ ̲List.drop, List.foldl, Nat.reduceMul, Nat.reduceAdd,
  ̵  ̵ ̵ ̵Nat.reduceDiv, Nat.reduceMod, Nat.div_one,
  ̲  ̲ ̲ ̲Nat.mod_one, Nat.mul_one,
  ̵  ̵ ̵ ̵Nat.add_zero, Nat.zero_add, show (8 : Nat) ≠ 0 from by omega,
      show (4̵ ̵:̵ ̵N̵a̵t̵)̵ ̵≠̵ ̵0̵ ̵f̵r̵o̵m̵ ̵b̵y̵ ̵o̵m̵e̵g̵a̵,̵ ̵s̵h̵o̵w̵ ̵(̵2 : Nat) ≠ 0 from by omega,
  ̵  ̵ ̵ ̵show (16 : Nat) ≠ 0 from by omega,
  ̲  ̲ ̲ ̲show (64 : Nat) ≠ 0 from by omega,
  ̵  ̵ ̵ ̵show (256 : Nat) ≠ 0 from by omega, ite_false]

Note: This linter can be disabled with `set_option linter.unusedSimpArgs false`
warning: denote/Denote.lean:9168:4: This simp argument is unused:
  show (16 : Nat) ≠ 0 from by omega

Hint: Omit it from the simp argument list.
  simp only [hhead, List.getD, List.getElem?_cons_zero, List.getElem?_cons_succ,
  ̵  ̵ ̵ ̵Option.getD_some,
  ̲  ̲ ̲ ̲List.drop, List.foldl, Nat.reduceMul, Nat.reduceAdd,
  ̵  ̵ ̵ ̵Nat.reduceDiv, Nat.reduceMod, Nat.div_one,
  ̲  ̲ ̲ ̲Nat.mod_one, Nat.mul_one,
  ̵  ̵ ̵ ̵Nat.add_zero, Nat.zero_add, show (8 : Nat) ≠ 0 from by omega,
      show (4 : Nat) ≠ 0 from by omega, show (2 : Nat) ≠ 0 from by omega,
      show (1̵6 ̵:̵ ̵N̵a̵t̵)̵ ̵≠̵ ̵0̵ ̵f̵r̵o̵m̵ ̵b̵y̵ ̵o̵m̵e̵g̵a̵,̵ ̵s̵h̵o̵w̵ ̵(̵6̵4 : Nat) ≠ 0 from by omega,
  ̵  ̵ ̵ ̵show (256 : Nat) ≠ 0 from by omega, ite_false]

Note: This linter can be disabled with `set_option linter.unusedSimpArgs false`
warning: denote/Denote.lean:9169:4: This simp argument is unused:
  show (256 : Nat) ≠ 0 from by omega

Hint: Omit it from the simp argument list.
  simp only [hhead, List.getD, List.getElem?_cons_zero, List.getElem?_cons_succ,
  ̵  ̵ ̵ ̵Option.getD_some,
  ̲  ̲ ̲ ̲List.drop, List.foldl, Nat.reduceMul, Nat.reduceAdd,
  ̵  ̵ ̵ ̵Nat.reduceDiv, Nat.reduceMod, Nat.div_one,
  ̲  ̲ ̲ ̲Nat.mod_one, Nat.mul_one,
  ̵  ̵ ̵ ̵Nat.add_zero, Nat.zero_add, show (8 : Nat) ≠ 0 from by omega,
      show (4 : Nat) ≠ 0 from by omega, show (2 : Nat) ≠ 0 from by omega,
      show (16 : Nat) ≠ 0 from by omega, show (64 : Nat) ≠ 0 from by omega,
  ̵  ̵ ̵ ̵s̵h̵o̵w̵ ̵(̵2̵5̵6̵ ̵:̵ ̵N̵a̵t̵)̵ ̵≠̵ ̵0̵ ̵f̵r̵o̵m̵ ̵b̵y̵ ̵o̵m̵e̵g̵a̵,̵ ̵ite_false]

Note: This linter can be disabled with `set_option linter.unusedSimpArgs false`
warning: denote/Denote.lean:9229:23: This simp argument is unused:
  List.getElem?_cons_zero

Hint: Omit it from the simp argument list.
  simp [List.getD, L̵i̵s̵t̵.̵g̵e̵t̵E̵l̵e̵m̵?̵_̵c̵o̵n̵s̵_̵z̵e̵r̵o̵,̵ ̵List.getElem?_cons_succ]

Note: This linter can be disabled with `set_option linter.unusedSimpArgs false`
warning: denote/Denote.lean:9229:48: This simp argument is unused:
  List.getElem?_cons_succ

Hint: Omit it from the simp argument list.
  simp [List.getD, List.getElem?_cons_zero,̵ ̵L̵i̵s̵t̵.̵g̵e̵t̵E̵l̵e̵m̵?̵_̵c̵o̵n̵s̵_̵s̵u̵c̵c̵]

Note: This linter can be disabled with `set_option linter.unusedSimpArgs false`
warning: denote/Denote.lean:9248:10: Used `tac1 <;> tac2` where `(tac1; tac2)` would suffice

Note: This linter can be disabled with `set_option linter.unnecessarySeqFocus false`
warning: denote/Denote.lean:9267:10: Used `tac1 <;> tac2` where `(tac1; tac2)` would suffice

Note: This linter can be disabled with `set_option linter.unnecessarySeqFocus false`
warning: denote/Denote.lean:9286:4: This simp argument is unused:
  Nat.reduceDiv

Hint: Omit it from the simp argument list.
  simp only [hhead, List.getD, List.getElem?_cons_zero, List.getElem?_cons_succ, Option.getD_some,
  ̲  ̲ ̲ ̲List.drop, List.foldl, Nat.reduceMul, Nat.reduceAdd, N̵a̵t̵.̵r̵e̵d̵u̵c̵e̵D̵i̵v̵,̵ ̵Nat.reduceMod, Nat.div_one, Nat.mod_one,
  ̲  ̲ ̲ ̲Nat.mul_one, Nat.add_zero, Nat.zero_add, show (8 : Nat) ≠ 0 from by omega,
      show (4 : Nat) ≠ 0 from by omega, show (2 : Nat) ≠ 0 from by omega,
      show (256 : Nat) ≠ 0 from by omega, ite_false]

Note: This linter can be disabled with `set_option linter.unusedSimpArgs false`
warning: denote/Denote.lean:9286:19: This simp argument is unused:
  Nat.reduceMod

Hint: Omit it from the simp argument list.
  simp only [hhead, List.getD, List.getElem?_cons_zero, List.getElem?_cons_succ,
  ̵  ̵ ̵ ̵Option.getD_some,
  ̲  ̲ ̲ ̲List.drop, List.foldl, Nat.reduceMul, Nat.reduceAdd,
  ̵  ̵ ̵ ̵Nat.reduceDiv, Nat.r̵e̵du̵c̵e̵M̵o̵d̵,̵ ̵N̵a̵t̵.̵d̵iv_one, Nat.mod_one,
  ̲  ̲ ̲ ̲Nat.mul_one,
  ̵  ̵ ̵ ̵Nat.add_zero, Nat.zero_add, show (8 : Nat) ≠ 0 from by omega,
      show (4 : Nat) ≠ 0 from by omega, show (2 : Nat) ≠ 0 from by omega,
      show (256 : Nat) ≠ 0 from by omega, ite_false]

Note: This linter can be disabled with `set_option linter.unusedSimpArgs false`
warning: denote/Denote.lean:9287:4: This simp argument is unused:
  Nat.add_zero

Hint: Omit it from the simp argument list.
  simp only [hhead, List.getD, List.getElem?_cons_zero, List.getElem?_cons_succ,
  ̵  ̵ ̵ ̵Option.getD_some,
  ̲  ̲ ̲ ̲List.drop, List.foldl, Nat.reduceMul, Nat.reduceAdd,
  ̵  ̵ ̵ ̵Nat.reduceDiv, Nat.reduceMod, Nat.div_one, ̵N̵a̵t̵.̵m̵o̵d̵_̵o̵n̵e̵,̵ ̵N̵a̵t̵.̵m̵u̵l̵_̵o̵n̵e̵,̵
      Nat.m̲o̲d̲_̲o̲n̲e̲,̲ ̲N̲ad̵d̵t̲.̲m̲u̲l̲_z̵o̲n̲er̵o̵, Nat.zero_add, show (8 : Nat) ≠ 0 from by omega,
      show (4 : Nat) ≠ 0 from by omega, show (2 : Nat) ≠ 0 from by omega,
      show (256 : Nat) ≠ 0 from by omega, ite_false]

Note: This linter can be disabled with `set_option linter.unusedSimpArgs false`
warning: denote/Denote.lean:9287:18: This simp argument is unused:
  Nat.zero_add

Hint: Omit it from the simp argument list.
  simp only [hhead, List.getD, List.getElem?_cons_zero, List.getElem?_cons_succ,
  ̵  ̵ ̵ ̵Option.getD_some,
  ̲  ̲ ̲ ̲List.drop, List.foldl, Nat.reduceMul, Nat.reduceAdd,
  ̵  ̵ ̵ ̵Nat.reduceDiv, Nat.reduceMod, Nat.div_one, ̵N̵a̵t̵.̵m̵o̵d̵_̵o̵n̵e̵,̵ ̵N̵a̵t̵.̵m̵u̵l̵_̵o̵n̵e̵,̵
      Nat.m̲o̲d̲_̲o̲n̲e̲,̲ ̲N̲ad̵d̵t̲.̲m̲u̲l̲_z̵o̲n̲er̵o̵, Nat.z̵e̵r̵o̵_̵add_̲z̲e̲r̲o̲, show (8 : Nat) ≠ 0 from by omega,
      show (4 : Nat) ≠ 0 from by omega, show (2 : Nat) ≠ 0 from by omega,
      show (256 : Nat) ≠ 0 from by omega, ite_false]

Note: This linter can be disabled with `set_option linter.unusedSimpArgs false`
warning: denote/Denote.lean:9288:4: This simp argument is unused:
  show (4 : Nat) ≠ 0 from by omega

Hint: Omit it from the simp argument list.
  simp only [hhead, List.getD, List.getElem?_cons_zero, List.getElem?_cons_succ,
  ̵  ̵ ̵ ̵Option.getD_some,
  ̲  ̲ ̲ ̲List.drop, List.foldl, Nat.reduceMul, Nat.reduceAdd,
  ̵  ̵ ̵ ̵Nat.reduceDiv, Nat.reduceMod, Nat.div_one,
  ̲  ̲ ̲ ̲Nat.mod_one, Nat.mul_one,
  ̵  ̵ ̵ ̵Nat.add_zero, Nat.zero_add, show (8 : Nat) ≠ 0 from by omega,
      show (4̵ ̵:̵ ̵N̵a̵t̵)̵ ̵≠̵ ̵0̵ ̵f̵r̵o̵m̵ ̵b̵y̵ ̵o̵m̵e̵g̵a̵,̵ ̵s̵h̵o̵w̵ ̵(̵2 : Nat) ≠ 0 from by omega,
  ̵  ̵ ̵ ̵show (256 : Nat) ≠ 0 from by omega, ite_false]

Note: This linter can be disabled with `set_option linter.unusedSimpArgs false`
warning: denote/Denote.lean:9289:4: This simp argument is unused:
  show (256 : Nat) ≠ 0 from by omega

Hint: Omit it from the simp argument list.
  simp only [hhead, List.getD, List.getElem?_cons_zero, List.getElem?_cons_succ,
  ̵  ̵ ̵ ̵Option.getD_some,
  ̲  ̲ ̲ ̲List.drop, List.foldl, Nat.reduceMul, Nat.reduceAdd,
  ̵  ̵ ̵ ̵Nat.reduceDiv, Nat.reduceMod, Nat.div_one,
  ̲  ̲ ̲ ̲Nat.mod_one, Nat.mul_one,
  ̵  ̵ ̵ ̵Nat.add_zero, Nat.zero_add, show (8 : Nat) ≠ 0 from by omega,
      show (4 : Nat) ≠ 0 from by omega, show (2 : Nat) ≠ 0 from by omega,
  ̵  ̵ ̵ ̵s̵h̵o̵w̵ ̵(̵2̵5̵6̵ ̵:̵ ̵N̵a̵t̵)̵ ̵≠̵ ̵0̵ ̵f̵r̵o̵m̵ ̵b̵y̵ ̵o̵m̵e̵g̵a̵,̵ ̵ite_false]

Note: This linter can be disabled with `set_option linter.unusedSimpArgs false`
warning: denote/Denote.lean:9345:23: This simp argument is unused:
  List.getElem?_cons_zero

Hint: Omit it from the simp argument list.
  simp [List.getD, L̵i̵s̵t̵.̵g̵e̵t̵E̵l̵e̵m̵?̵_̵c̵o̵n̵s̵_̵z̵e̵r̵o̵,̵ ̵List.getElem?_cons_succ]

Note: This linter can be disabled with `set_option linter.unusedSimpArgs false`
warning: denote/Denote.lean:9345:48: This simp argument is unused:
  List.getElem?_cons_succ

Hint: Omit it from the simp argument list.
  simp [List.getD, List.getElem?_cons_zero,̵ ̵L̵i̵s̵t̵.̵g̵e̵t̵E̵l̵e̵m̵?̵_̵c̵o̵n̵s̵_̵s̵u̵c̵c̵]

Note: This linter can be disabled with `set_option linter.unusedSimpArgs false`
warning: denote/Denote.lean:9356:0: Please, add a comment explaining the need for modifying the maxHeartbeat limit, as in
set_option maxHeartbeats 3200000 in
-- reason for change
...

Note: This linter can be disabled with `set_option linter.style.maxHeartbeats false`
warning: denote/Denote.lean:9361:10: Used `tac1 <;> tac2` where `(tac1; tac2)` would suffice

Note: This linter can be disabled with `set_option linter.unnecessarySeqFocus false`
warning: denote/Denote.lean:9363:0: Please, add a comment explaining the need for modifying the maxHeartbeat limit, as in
set_option maxHeartbeats 3200000 in
-- reason for change
...

Note: This linter can be disabled with `set_option linter.style.maxHeartbeats false`
warning: denote/Denote.lean:9369:10: Used `tac1 <;> tac2` where `(tac1; tac2)` would suffice

Note: This linter can be disabled with `set_option linter.unnecessarySeqFocus false`
warning: denote/Denote.lean:9385:4: This simp argument is unused:
  Nat.reduceDiv

Hint: Omit it from the simp argument list.
  simp only [hhead, List.getD, List.getElem?_cons_zero, List.getElem?_cons_succ, Option.getD_some,
  ̲  ̲ ̲ ̲List.drop, List.foldl, Nat.reduceMul, Nat.reduceAdd, N̵a̵t̵.̵r̵e̵d̵u̵c̵e̵D̵i̵v̵,̵ ̵Nat.reduceMod, Nat.div_one, Nat.mod_one,
  ̲  ̲ ̲ ̲Nat.mul_one, Nat.add_zero, Nat.zero_add, show (1 : Nat) ≠ 0 from by omega,
      show (64 : Nat) ≠ 0 from by omega, show (256 : Nat) ≠ 0 from by omega, ite_false]

Note: This linter can be disabled with `set_option linter.unusedSimpArgs false`
warning: denote/Denote.lean:9385:19: This simp argument is unused:
  Nat.reduceMod

Hint: Omit it from the simp argument list.
  simp only [hhead, List.getD, List.getElem?_cons_zero, List.getElem?_cons_succ,
  ̵  ̵ ̵ ̵Option.getD_some,
  ̲  ̲ ̲ ̲List.drop, List.foldl, Nat.reduceMul, Nat.reduceAdd,
  ̵  ̵ ̵ ̵Nat.reduceDiv, Nat.r̵e̵du̵c̵e̵M̵o̵d̵,̵ ̵N̵a̵t̵.̵d̵iv_one, Nat.mod_one,
  ̲  ̲ ̲ ̲Nat.mul_one,
  ̵  ̵ ̵ ̵Nat.add_zero, Nat.zero_add, show (1 : Nat) ≠ 0 from by omega,
      show (64 : Nat) ≠ 0 from by omega, show (256 : Nat) ≠ 0 from by omega, ite_false]

Note: This linter can be disabled with `set_option linter.unusedSimpArgs false`
warning: denote/Denote.lean:9385:60: This simp argument is unused:
  Nat.mul_one

Hint: Omit it from the simp argument list.
  simp only [hhead, List.getD, List.getElem?_cons_zero, List.getElem?_cons_succ,
  ̵  ̵ ̵ ̵Option.getD_some,
  ̲  ̲ ̲ ̲List.drop, List.foldl, Nat.reduceMul, Nat.reduceAdd,
  ̵  ̵ ̵ ̵Nat.reduceDiv, Nat.reduceMod, Nat.div_one,
  ̲  ̲ ̲ ̲Nat.mod_one, Nat.m̵u̵l̵_̵o̵n̵e̵,̵
  ̵ ̵ ̵ ̵ ̵N̵at̵.̵a̵dd_zero, Nat.zero_add, show (1 : Nat) ≠ 0 from by omega,
      show (64 : Nat) ≠ 0 from by omega, show (256 : Nat) ≠ 0 from by omega, ite_false]

Note: This linter can be disabled with `set_option linter.unusedSimpArgs false`
warning: denote/Denote.lean:9386:18: This simp argument is unused:
  Nat.zero_add

Hint: Omit it from the simp argument list.
  simp only [hhead, List.getD, List.getElem?_cons_zero, List.getElem?_cons_succ,
  ̵  ̵ ̵ ̵Option.getD_some,
  ̲  ̲ ̲ ̲List.drop, List.foldl, Nat.reduceMul, Nat.reduceAdd,
  ̵  ̵ ̵ ̵Nat.reduceDiv, Nat.reduceMod, Nat.div_one, ̵N̵a̵t̵.̵m̵o̵d̵_̵o̵n̵e̵,̵ ̵N̵a̵t̵.̵m̵u̵l̵_̵o̵n̵e̵,̵
      Nat.m̲o̲d̲_̲o̲n̲e̲,̲ ̲N̲ad̵d̵t̲.̲m̲u̲l̲_z̵o̲n̲er̵o̵, Nat.z̵e̵r̵o̵_̵add_̲z̲e̲r̲o̲, show (1 : Nat) ≠ 0 from by omega,
      show (64 : Nat) ≠ 0 from by omega, show (256 : Nat) ≠ 0 from by omega, ite_false]

Note: This linter can be disabled with `set_option linter.unusedSimpArgs false`
warning: denote/Denote.lean:9371:0: Please, add a comment explaining the need for modifying the maxHeartbeat limit, as in
set_option maxHeartbeats 3200000 in
-- reason for change
...

Note: This linter can be disabled with `set_option linter.style.maxHeartbeats false`
warning: denote/Denote.lean:9421:4: This simp argument is unused:
  Nat.reduceDiv

Hint: Omit it from the simp argument list.
  simp only [hhead, List.getD, List.getElem?_cons_zero, List.getElem?_cons_succ, Option.getD_some,
  ̲  ̲ ̲ ̲List.drop, List.foldl, Nat.reduceMul, Nat.reduceAdd, N̵a̵t̵.̵r̵e̵d̵u̵c̵e̵D̵i̵v̵,̵ ̵Nat.reduceMod, Nat.div_one, Nat.mod_one,
  ̲  ̲ ̲ ̲Nat.mul_one, Nat.add_zero, Nat.zero_add, show (1 : Nat) ≠ 0 from by omega,
      show (8 : Nat) ≠ 0 from by omega, show (32 : Nat) ≠ 0 from by omega,
      show (256 : Nat) ≠ 0 from by omega, ite_false]

Note: This linter can be disabled with `set_option linter.unusedSimpArgs false`
warning: denote/Denote.lean:9421:19: This simp argument is unused:
  Nat.reduceMod

Hint: Omit it from the simp argument list.
  simp only [hhead, List.getD, List.getElem?_cons_zero, List.getElem?_cons_succ,
  ̵  ̵ ̵ ̵Option.getD_some,
  ̲  ̲ ̲ ̲List.drop, List.foldl, Nat.reduceMul, Nat.reduceAdd,
  ̵  ̵ ̵ ̵Nat.reduceDiv, Nat.r̵e̵du̵c̵e̵M̵o̵d̵,̵ ̵N̵a̵t̵.̵d̵iv_one, Nat.mod_one,
  ̲  ̲ ̲ ̲Nat.mul_one,
  ̵  ̵ ̵ ̵Nat.add_zero, Nat.zero_add, show (1 : Nat) ≠ 0 from by omega,
      show (8 : Nat) ≠ 0 from by omega, show (32 : Nat) ≠ 0 from by omega,
      show (256 : Nat) ≠ 0 from by omega, ite_false]

Note: This linter can be disabled with `set_option linter.unusedSimpArgs false`
warning: denote/Denote.lean:9421:60: This simp argument is unused:
  Nat.mul_one

Hint: Omit it from the simp argument list.
  simp only [hhead, List.getD, List.getElem?_cons_zero, List.getElem?_cons_succ,
  ̵  ̵ ̵ ̵Option.getD_some,
  ̲  ̲ ̲ ̲List.drop, List.foldl, Nat.reduceMul, Nat.reduceAdd,
  ̵  ̵ ̵ ̵Nat.reduceDiv, Nat.reduceMod, Nat.div_one,
  ̲  ̲ ̲ ̲Nat.mod_one, Nat.m̵u̵l̵_̵o̵n̵e̵,̵
  ̵ ̵ ̵ ̵ ̵N̵at̵.̵a̵dd_zero, Nat.zero_add, show (1 : Nat) ≠ 0 from by omega,
      show (8 : Nat) ≠ 0 from by omega, show (32 : Nat) ≠ 0 from by omega,
      show (256 : Nat) ≠ 0 from by omega, ite_false]

Note: This linter can be disabled with `set_option linter.unusedSimpArgs false`
warning: denote/Denote.lean:9422:18: This simp argument is unused:
  Nat.zero_add

Hint: Omit it from the simp argument list.
  simp only [hhead, List.getD, List.getElem?_cons_zero, List.getElem?_cons_succ,
  ̵  ̵ ̵ ̵Option.getD_some,
  ̲  ̲ ̲ ̲List.drop, List.foldl, Nat.reduceMul, Nat.reduceAdd,
  ̵  ̵ ̵ ̵Nat.reduceDiv, Nat.reduceMod, Nat.div_one, ̵N̵a̵t̵.̵m̵o̵d̵_̵o̵n̵e̵,̵ ̵N̵a̵t̵.̵m̵u̵l̵_̵o̵n̵e̵,̵
      Nat.m̲o̲d̲_̲o̲n̲e̲,̲ ̲N̲ad̵d̵t̲.̲m̲u̲l̲_z̵o̲n̲er̵o̵, Nat.z̵e̵r̵o̵_̵add_̲z̲e̲r̲o̲, show (1 : Nat) ≠ 0 from by omega,
      show (8 : Nat) ≠ 0 from by omega, show (32 : Nat) ≠ 0 from by omega,
      show (256 : Nat) ≠ 0 from by omega, ite_false]

Note: This linter can be disabled with `set_option linter.unusedSimpArgs false`
warning: denote/Denote.lean:9424:4: This simp argument is unused:
  show (256 : Nat) ≠ 0 from by omega

Hint: Omit it from the simp argument list.
  simp only [hhead, List.getD, List.getElem?_cons_zero, List.getElem?_cons_succ,
  ̵  ̵ ̵ ̵Option.getD_some,
  ̲  ̲ ̲ ̲List.drop, List.foldl, Nat.reduceMul, Nat.reduceAdd,
  ̵  ̵ ̵ ̵Nat.reduceDiv, Nat.reduceMod, Nat.div_one,
  ̲  ̲ ̲ ̲Nat.mod_one, Nat.mul_one,
  ̵  ̵ ̵ ̵Nat.add_zero, Nat.zero_add, show (1 : Nat) ≠ 0 from by omega,
      show (8 : Nat) ≠ 0 from by omega, show (32 : Nat) ≠ 0 from by omega,
  ̵  ̵ ̵ ̵s̵h̵o̵w̵ ̵(̵2̵5̵6̵ ̵:̵ ̵N̵a̵t̵)̵ ̵≠̵ ̵0̵ ̵f̵r̵o̵m̵ ̵b̵y̵ ̵o̵m̵e̵g̵a̵,̵ ̵ite_false]

Note: This linter can be disabled with `set_option linter.unusedSimpArgs false`
warning: denote/Denote.lean:9403:0: Please, add a comment explaining the need for modifying the maxHeartbeat limit, as in
set_option maxHeartbeats 3200000 in
-- reason for change
...

Note: This linter can be disabled with `set_option linter.style.maxHeartbeats false`
warning: denote/Denote.lean:9425:10: Used `tac1 <;> tac2` where `(tac1; tac2)` would suffice

Note: This linter can be disabled with `set_option linter.unnecessarySeqFocus false`
warning: denote/Denote.lean:9441:4: This simp argument is unused:
  Nat.reduceDiv

Hint: Omit it from the simp argument list.
  simp only [hhead, List.getD, List.getElem?_cons_zero, List.getElem?_cons_succ, Option.getD_some,
  ̲  ̲ ̲ ̲List.drop, List.foldl, Nat.reduceMul, Nat.reduceAdd, N̵a̵t̵.̵r̵e̵d̵u̵c̵e̵D̵i̵v̵,̵ ̵Nat.reduceMod, Nat.div_one, Nat.mod_one,
  ̲  ̲ ̲ ̲Nat.mul_one, Nat.add_zero, Nat.zero_add, show (2 : Nat) ≠ 0 from by omega,
      show (4 : Nat) ≠ 0 from by omega, show (8 : Nat) ≠ 0 from by omega,
      show (32 : Nat) ≠ 0 from by omega, show (64 : Nat) ≠ 0 from by omega,
      show (256 : Nat) ≠ 0 from by omega, ite_false]

Note: This linter can be disabled with `set_option linter.unusedSimpArgs false`
warning: denote/Denote.lean:9441:19: This simp argument is unused:
  Nat.reduceMod

Hint: Omit it from the simp argument list.
  simp only [hhead, List.getD, List.getElem?_cons_zero, List.getElem?_cons_succ,
  ̵  ̵ ̵ ̵Option.getD_some,
  ̲  ̲ ̲ ̲List.drop, List.foldl, Nat.reduceMul, Nat.reduceAdd,
  ̵  ̵ ̵ ̵Nat.reduceDiv, Nat.r̵e̵du̵c̵e̵M̵o̵d̵,̵ ̵N̵a̵t̵.̵d̵iv_one, Nat.mod_one,
  ̲  ̲ ̲ ̲Nat.mul_one,
  ̵  ̵ ̵ ̵Nat.add_zero, Nat.zero_add, show (2 : Nat) ≠ 0 from by omega,
      show (4 : Nat) ≠ 0 from by omega, show (8 : Nat) ≠ 0 from by omega,
      show (32 : Nat) ≠ 0 from by omega, show (64 : Nat) ≠ 0 from by omega,
      show (256 : Nat) ≠ 0 from by omega, ite_false]

Note: This linter can be disabled with `set_option linter.unusedSimpArgs false`
warning: denote/Denote.lean:9441:34: This simp argument is unused:
  Nat.div_one

Hint: Omit it from the simp argument list.
  simp only [hhead, List.getD, List.getElem?_cons_zero, List.getElem?_cons_succ,
  ̵  ̵ ̵ ̵Option.getD_some,
  ̲  ̲ ̲ ̲List.drop, List.foldl, Nat.reduceMul, Nat.reduceAdd,
  ̵  ̵ ̵ ̵Nat.reduceDiv, Nat.reduceMod, Nat.d̵i̵v̵_̵o̵n̵e̵,̵ ̵N̵a̵t̵.̵mod_one, ̵N̵a̵t̵.̵m̵u̵l̵_̵o̵n̵e̵,̵
      Nat.m̲u̲l̲_̲o̲n̲e̲,̲ ̲N̲at̲.̲a̲dd_zero, Nat.zero_add, show (2 : Nat) ≠ 0 from by omega,
      show (4 : Nat) ≠ 0 from by omega, show (8 : Nat) ≠ 0 from by omega,
      show (32 : Nat) ≠ 0 from by omega, show (64 : Nat) ≠ 0 from by omega,
      show (256 : Nat) ≠ 0 from by omega, ite_false]

Note: This linter can be disabled with `set_option linter.unusedSimpArgs false`
warning: denote/Denote.lean:9441:47: This simp argument is unused:
  Nat.mod_one

Hint: Omit it from the simp argument list.
  simp only [hhead, List.getD, List.getElem?_cons_zero, List.getElem?_cons_succ,
  ̵  ̵ ̵ ̵Option.getD_some,
  ̲  ̲ ̲ ̲List.drop, List.foldl, Nat.reduceMul, Nat.reduceAdd,
  ̵  ̵ ̵ ̵Nat.reduceDiv, Nat.reduceMod, Nat.div_one, ̵N̵a̵t̵.̵m̵o̵d̵_̵o̵n̵e̵,̵ ̵N̵a̵t̵.̵m̵u̵l̵_̵o̵n̵e̵,̵
      Nat.m̲u̲l̲_̲o̲n̲e̲,̲ ̲N̲at̲.̲a̲dd_zero, Nat.zero_add, show (2 : Nat) ≠ 0 from by omega,
      show (4 : Nat) ≠ 0 from by omega, show (8 : Nat) ≠ 0 from by omega,
      show (32 : Nat) ≠ 0 from by omega, show (64 : Nat) ≠ 0 from by omega,
      show (256 : Nat) ≠ 0 from by omega, ite_false]

Note: This linter can be disabled with `set_option linter.unusedSimpArgs false`
warning: denote/Denote.lean:9441:60: This simp argument is unused:
  Nat.mul_one

Hint: Omit it from the simp argument list.
  simp only [hhead, List.getD, List.getElem?_cons_zero, List.getElem?_cons_succ,
  ̵  ̵ ̵ ̵Option.getD_some,
  ̲  ̲ ̲ ̲List.drop, List.foldl, Nat.reduceMul, Nat.reduceAdd,
  ̵  ̵ ̵ ̵Nat.reduceDiv, Nat.reduceMod, Nat.div_one,
  ̲  ̲ ̲ ̲Nat.mod_one, Nat.m̵u̵l̵_̵o̵n̵e̵,̵
  ̵ ̵ ̵ ̵ ̵N̵at̵.̵a̵dd_zero, Nat.zero_add, show (2 : Nat) ≠ 0 from by omega,
      show (4 : Nat) ≠ 0 from by omega, show (8 : Nat) ≠ 0 from by omega,
      show (32 : Nat) ≠ 0 from by omega, show (64 : Nat) ≠ 0 from by omega,
      show (256 : Nat) ≠ 0 from by omega, ite_false]

Note: This linter can be disabled with `set_option linter.unusedSimpArgs false`
warning: denote/Denote.lean:9442:4: This simp argument is unused:
  Nat.add_zero

Hint: Omit it from the simp argument list.
  simp only [hhead, List.getD, List.getElem?_cons_zero, List.getElem?_cons_succ,
  ̵  ̵ ̵ ̵Option.getD_some,
  ̲  ̲ ̲ ̲List.drop, List.foldl, Nat.reduceMul, Nat.reduceAdd,
  ̵  ̵ ̵ ̵Nat.reduceDiv, Nat.reduceMod, Nat.div_one, ̵N̵a̵t̵.̵m̵o̵d̵_̵o̵n̵e̵,̵ ̵N̵a̵t̵.̵m̵u̵l̵_̵o̵n̵e̵,̵
      Nat.m̲o̲d̲_̲o̲n̲e̲,̲ ̲N̲ad̵d̵t̲.̲m̲u̲l̲_z̵o̲n̲er̵o̵, Nat.zero_add, show (2 : Nat) ≠ 0 from by omega,
      show (4 : Nat) ≠ 0 from by omega, show (8 : Nat) ≠ 0 from by omega,
      show (32 : Nat) ≠ 0 from by omega, show (64 : Nat) ≠ 0 from by omega,
      show (256 : Nat) ≠ 0 from by omega, ite_false]

Note: This linter can be disabled with `set_option linter.unusedSimpArgs false`
warning: denote/Denote.lean:9442:18: This simp argument is unused:
  Nat.zero_add

Hint: Omit it from the simp argument list.
  simp only [hhead, List.getD, List.getElem?_cons_zero, List.getElem?_cons_succ,
  ̵  ̵ ̵ ̵Option.getD_some,
  ̲  ̲ ̲ ̲List.drop, List.foldl, Nat.reduceMul, Nat.reduceAdd,
  ̵  ̵ ̵ ̵Nat.reduceDiv, Nat.reduceMod, Nat.div_one, ̵N̵a̵t̵.̵m̵o̵d̵_̵o̵n̵e̵,̵ ̵N̵a̵t̵.̵m̵u̵l̵_̵o̵n̵e̵,̵
      Nat.m̲o̲d̲_̲o̲n̲e̲,̲ ̲N̲ad̵d̵t̲.̲m̲u̲l̲_z̵o̲n̲er̵o̵, Nat.z̵e̵r̵o̵_̵add_̲z̲e̲r̲o̲, show (2 : Nat) ≠ 0 from by omega,
      show (4 : Nat) ≠ 0 from by omega, show (8 : Nat) ≠ 0 from by omega,
      show (32 : Nat) ≠ 0 from by omega, show (64 : Nat) ≠ 0 from by omega,
      show (256 : Nat) ≠ 0 from by omega, ite_false]

Note: This linter can be disabled with `set_option linter.unusedSimpArgs false`
warning: denote/Denote.lean:9443:4: This simp argument is unused:
  show (4 : Nat) ≠ 0 from by omega

Hint: Omit it from the simp argument list.
  simp only [hhead, List.getD, List.getElem?_cons_zero, List.getElem?_cons_succ,
  ̵  ̵ ̵ ̵Option.getD_some,
  ̲  ̲ ̲ ̲List.drop, List.foldl, Nat.reduceMul, Nat.reduceAdd,
  ̵  ̵ ̵ ̵Nat.reduceDiv, Nat.reduceMod, Nat.div_one,
  ̲  ̲ ̲ ̲Nat.mod_one, Nat.mul_one,
  ̵  ̵ ̵ ̵Nat.add_zero, Nat.zero_add, show (2 : Nat) ≠ 0 from by omega,
      show (4̵ ̵:̵ ̵N̵a̵t̵)̵ ̵≠̵ ̵0̵ ̵f̵r̵o̵m̵ ̵b̵y̵ ̵o̵m̵e̵g̵a̵,̵ ̵s̵h̵o̵w̵ ̵(̵8 : Nat) ≠ 0 from by omega,
  ̵  ̵ ̵ ̵show (32 : Nat) ≠ 0 from by omega,
  ̲  ̲ ̲ ̲show (64 : Nat) ≠ 0 from by omega,
  ̵  ̵ ̵ ̵show (256 : Nat) ≠ 0 from by omega, ite_false]

Note: This linter can be disabled with `set_option linter.unusedSimpArgs false`
warning: denote/Denote.lean:9443:38: This simp argument is unused:
  show (8 : Nat) ≠ 0 from by omega

Hint: Omit it from the simp argument list.
  simp only [hhead, List.getD, List.getElem?_cons_zero, List.getElem?_cons_succ,
  ̵  ̵ ̵ ̵Option.getD_some,
  ̲  ̲ ̲ ̲List.drop, List.foldl, Nat.reduceMul, Nat.reduceAdd,
  ̵  ̵ ̵ ̵Nat.reduceDiv, Nat.reduceMod, Nat.div_one,
  ̲  ̲ ̲ ̲Nat.mod_one, Nat.mul_one,
  ̵  ̵ ̵ ̵Nat.add_zero, Nat.zero_add, show (2 : Nat) ≠ 0 from by omega,
      show (4 : Nat) ≠ 0 from by omega, show (8̵ ̵:̵ ̵N̵a̵t̵)̵ ̵≠̵ ̵0̵ ̵f̵r̵o̵m̵ ̵b̵y̵ ̵o̵m̵e̵g̵a̵,̵
  ̵ ̵ ̵ ̵ ̵s̵h̵o̵w̵ ̵(̵32 : Nat) ≠ 0 from by omega,
  ̲  ̲ ̲ ̲show (64 : Nat) ≠ 0 from by omega,
  ̵  ̵ ̵ ̵show (256 : Nat) ≠ 0 from by omega, ite_false]

Note: This linter can be disabled with `set_option linter.unusedSimpArgs false`
warning: denote/Denote.lean:9444:39: This simp argument is unused:
  show (64 : Nat) ≠ 0 from by omega

Hint: Omit it from the simp argument list.
  simp only [hhead, List.getD, List.getElem?_cons_zero, List.getElem?_cons_succ,
  ̵  ̵ ̵ ̵Option.getD_some,
  ̲  ̲ ̲ ̲List.drop, List.foldl, Nat.reduceMul, Nat.reduceAdd,
  ̵  ̵ ̵ ̵Nat.reduceDiv, Nat.reduceMod, Nat.div_one,
  ̲  ̲ ̲ ̲Nat.mod_one, Nat.mul_one,
  ̵  ̵ ̵ ̵Nat.add_zero, Nat.zero_add, show (2 : Nat) ≠ 0 from by omega,
      show (4 : Nat) ≠ 0 from by omega, show (8 : Nat) ≠ 0 from by omega,
      show (32 : Nat) ≠ 0 from by omega, show (6̵4̵ ̵:̵ ̵N̵a̵t̵)̵ ̵≠̵ ̵0̵ ̵f̵r̵o̵m̵ ̵b̵y̵ ̵o̵m̵e̵g̵a̵,̵
  ̵ ̵ ̵ ̵ ̵s̵h̵o̵w̵ ̵(̵256 : Nat) ≠ 0 from by omega, ite_false]

Note: This linter can be disabled with `set_option linter.unusedSimpArgs false`
warning: denote/Denote.lean:9427:0: Please, add a comment explaining the need for modifying the maxHeartbeat limit, as in
set_option maxHeartbeats 3200000 in
-- reason for change
...

Note: This linter can be disabled with `set_option linter.style.maxHeartbeats false`
warning: denote/Denote.lean:9501:23: This simp argument is unused:
  List.getElem?_cons_zero

Hint: Omit it from the simp argument list.
  simp [List.getD, L̵i̵s̵t̵.̵g̵e̵t̵E̵l̵e̵m̵?̵_̵c̵o̵n̵s̵_̵z̵e̵r̵o̵,̵ ̵List.getElem?_cons_succ]

Note: This linter can be disabled with `set_option linter.unusedSimpArgs false`
warning: denote/Denote.lean:9501:48: This simp argument is unused:
  List.getElem?_cons_succ

Hint: Omit it from the simp argument list.
  simp [List.getD, List.getElem?_cons_zero,̵ ̵L̵i̵s̵t̵.̵g̵e̵t̵E̵l̵e̵m̵?̵_̵c̵o̵n̵s̵_̵s̵u̵c̵c̵]

Note: This linter can be disabled with `set_option linter.unusedSimpArgs false`
warning: denote/Denote.lean:9508:23: This simp argument is unused:
  List.getElem?_cons_zero

Hint: Omit it from the simp argument list.
  simp [List.getD, L̵i̵s̵t̵.̵g̵e̵t̵E̵l̵e̵m̵?̵_̵c̵o̵n̵s̵_̵z̵e̵r̵o̵,̵ ̵List.getElem?_cons_succ, hp0, hp1, hp2, hp3, zeroTensor]

Note: This linter can be disabled with `set_option linter.unusedSimpArgs false`
warning: denote/Denote.lean:9508:48: This simp argument is unused:
  List.getElem?_cons_succ

Hint: Omit it from the simp argument list.
  simp [List.getD, List.getElem?_cons_zero, L̵i̵s̵t̵.̵g̵e̵t̵E̵l̵e̵m̵?̵_̵c̵o̵n̵s̵_̵s̵u̵c̵c̵,̵
  ̵ ̵ ̵ ̵ ̵ ̵ ̵ ̵ ̵hp0, hp1, hp2, hp3, zeroTensor]

Note: This linter can be disabled with `set_option linter.unusedSimpArgs false`
warning: denote/Denote.lean:9456:0: Please, add a comment explaining the need for modifying the maxHeartbeat limit, as in
set_option maxHeartbeats 3200000 in
-- reason for change
...

Note: This linter can be disabled with `set_option linter.style.maxHeartbeats false`
warning: denote/Denote.lean:9567:23: This simp argument is unused:
  List.getElem?_cons_zero

Hint: Omit it from the simp argument list.
  simp [List.getD, L̵i̵s̵t̵.̵g̵e̵t̵E̵l̵e̵m̵?̵_̵c̵o̵n̵s̵_̵z̵e̵r̵o̵,̵ ̵List.getElem?_cons_succ, hp0, hp1, hp2, hp3]

Note: This linter can be disabled with `set_option linter.unusedSimpArgs false`
warning: denote/Denote.lean:9567:48: This simp argument is unused:
  List.getElem?_cons_succ

Hint: Omit it from the simp argument list.
  simp [List.getD, List.getElem?_cons_zero, L̵i̵s̵t̵.̵g̵e̵t̵E̵l̵e̵m̵?̵_̵c̵o̵n̵s̵_̵s̵u̵c̵c̵,̵
  ̵ ̵ ̵ ̵ ̵ ̵ ̵ ̵ ̵hp0, hp1, hp2, hp3]

Note: This linter can be disabled with `set_option linter.unusedSimpArgs false`
warning: denote/Denote.lean:9514:0: Please, add a comment explaining the need for modifying the maxHeartbeat limit, as in
set_option maxHeartbeats 3200000 in
-- reason for change
...

Note: This linter can be disabled with `set_option linter.style.maxHeartbeats false`
warning: denote/Denote.lean:9630:23: This simp argument is unused:
  List.getElem?_cons_zero

Hint: Omit it from the simp argument list.
  simp [List.getD, L̵i̵s̵t̵.̵g̵e̵t̵E̵l̵e̵m̵?̵_̵c̵o̵n̵s̵_̵z̵e̵r̵o̵,̵ ̵List.getElem?_cons_succ, hp0, hp1, hp2, hp3]

Note: This linter can be disabled with `set_option linter.unusedSimpArgs false`
warning: denote/Denote.lean:9630:48: This simp argument is unused:
  List.getElem?_cons_succ

Hint: Omit it from the simp argument list.
  simp [List.getD, List.getElem?_cons_zero, L̵i̵s̵t̵.̵g̵e̵t̵E̵l̵e̵m̵?̵_̵c̵o̵n̵s̵_̵s̵u̵c̵c̵,̵
  ̵ ̵ ̵ ̵ ̵ ̵ ̵ ̵ ̵hp0, hp1, hp2, hp3]

Note: This linter can be disabled with `set_option linter.unusedSimpArgs false`
warning: denote/Denote.lean:9573:0: Please, add a comment explaining the need for modifying the maxHeartbeat limit, as in
set_option maxHeartbeats 3200000 in
-- reason for change
...

Note: This linter can be disabled with `set_option linter.style.maxHeartbeats false`
warning: denote/Denote.lean:9689:23: This simp argument is unused:
  List.getElem?_cons_zero

Hint: Omit it from the simp argument list.
  simp [List.getD, L̵i̵s̵t̵.̵g̵e̵t̵E̵l̵e̵m̵?̵_̵c̵o̵n̵s̵_̵z̵e̵r̵o̵,̵ ̵List.getElem?_cons_succ]

Note: This linter can be disabled with `set_option linter.unusedSimpArgs false`
warning: denote/Denote.lean:9689:48: This simp argument is unused:
  List.getElem?_cons_succ

Hint: Omit it from the simp argument list.
  simp [List.getD, List.getElem?_cons_zero,̵ ̵L̵i̵s̵t̵.̵g̵e̵t̵E̵l̵e̵m̵?̵_̵c̵o̵n̵s̵_̵s̵u̵c̵c̵]

Note: This linter can be disabled with `set_option linter.unusedSimpArgs false`
warning: denote/Denote.lean:9696:23: This simp argument is unused:
  List.getElem?_cons_zero

Hint: Omit it from the simp argument list.
  simp [List.getD, L̵i̵s̵t̵.̵g̵e̵t̵E̵l̵e̵m̵?̵_̵c̵o̵n̵s̵_̵z̵e̵r̵o̵,̵ ̵List.getElem?_cons_succ, hp0, hp1, hp2, hp3, zeroTensor]

Note: This linter can be disabled with `set_option linter.unusedSimpArgs false`
warning: denote/Denote.lean:9696:48: This simp argument is unused:
  List.getElem?_cons_succ

Hint: Omit it from the simp argument list.
  simp [List.getD, List.getElem?_cons_zero, L̵i̵s̵t̵.̵g̵e̵t̵E̵l̵e̵m̵?̵_̵c̵o̵n̵s̵_̵s̵u̵c̵c̵,̵
  ̵ ̵ ̵ ̵ ̵ ̵ ̵ ̵ ̵hp0, hp1, hp2, hp3, zeroTensor]

Note: This linter can be disabled with `set_option linter.unusedSimpArgs false`
warning: denote/Denote.lean:9644:0: Please, add a comment explaining the need for modifying the maxHeartbeat limit, as in
set_option maxHeartbeats 3200000 in
-- reason for change
...

Note: This linter can be disabled with `set_option linter.style.maxHeartbeats false`
warning: denote/Denote.lean:9720:23: This simp argument is unused:
  List.getElem?_cons_zero

Hint: Omit it from the simp argument list.
  simp [List.getD, L̵i̵s̵t̵.̵g̵e̵t̵E̵l̵e̵m̵?̵_̵c̵o̵n̵s̵_̵z̵e̵r̵o̵,̵ ̵List.getElem?_cons_succ, hc0, hc1, hc2, hc3]

Note: This linter can be disabled with `set_option linter.unusedSimpArgs false`
warning: denote/Denote.lean:9720:48: This simp argument is unused:
  List.getElem?_cons_succ

Hint: Omit it from the simp argument list.
  simp [List.getD, List.getElem?_cons_zero, L̵i̵s̵t̵.̵g̵e̵t̵E̵l̵e̵m̵?̵_̵c̵o̵n̵s̵_̵s̵u̵c̵c̵,̵ ̵hc0, hc1, hc2, hc3]

Note: This linter can be disabled with `set_option linter.unusedSimpArgs false`
warning: denote/Denote.lean:9702:0: Please, add a comment explaining the need for modifying the maxHeartbeat limit, as in
set_option maxHeartbeats 3200000 in
-- reason for change
...

Note: This linter can be disabled with `set_option linter.style.maxHeartbeats false`
warning: denote/Denote.lean:9756:23: This simp argument is unused:
  List.getElem?_cons_zero

Hint: Omit it from the simp argument list.
  simp [List.getD, L̵i̵s̵t̵.̵g̵e̵t̵E̵l̵e̵m̵?̵_̵c̵o̵n̵s̵_̵z̵e̵r̵o̵,̵ ̵List.getElem?_cons_succ, hc0, hc1, hc2, hc3]

Note: This linter can be disabled with `set_option linter.unusedSimpArgs false`
warning: denote/Denote.lean:9756:48: This simp argument is unused:
  List.getElem?_cons_succ

Hint: Omit it from the simp argument list.
  simp [List.getD, List.getElem?_cons_zero, L̵i̵s̵t̵.̵g̵e̵t̵E̵l̵e̵m̵?̵_̵c̵o̵n̵s̵_̵s̵u̵c̵c̵,̵ ̵hc0, hc1, hc2, hc3]

Note: This linter can be disabled with `set_option linter.unusedSimpArgs false`
warning: denote/Denote.lean:9738:0: Please, add a comment explaining the need for modifying the maxHeartbeat limit, as in
set_option maxHeartbeats 3200000 in
-- reason for change
...

Note: This linter can be disabled with `set_option linter.style.maxHeartbeats false`
warning: denote/Denote.lean:9774:0: Please, add a comment explaining the need for modifying the maxHeartbeat limit, as in
set_option maxHeartbeats 3200000 in
-- reason for change
...

Note: This linter can be disabled with `set_option linter.style.maxHeartbeats false`
warning: denote/Denote.lean:9799:23: This simp argument is unused:
  List.getElem?_cons_zero

Hint: Omit it from the simp argument list.
  simp [List.getD, L̵i̵s̵t̵.̵g̵e̵t̵E̵l̵e̵m̵?̵_̵c̵o̵n̵s̵_̵z̵e̵r̵o̵,̵ ̵List.getElem?_cons_succ, hc0, hc1, hc2, hc3]

Note: This linter can be disabled with `set_option linter.unusedSimpArgs false`
warning: denote/Denote.lean:9799:48: This simp argument is unused:
  List.getElem?_cons_succ

Hint: Omit it from the simp argument list.
  simp [List.getD, List.getElem?_cons_zero, L̵i̵s̵t̵.̵g̵e̵t̵E̵l̵e̵m̵?̵_̵c̵o̵n̵s̵_̵s̵u̵c̵c̵,̵ ̵hc0, hc1, hc2, hc3]

Note: This linter can be disabled with `set_option linter.unusedSimpArgs false`
warning: denote/Denote.lean:9781:0: Please, add a comment explaining the need for modifying the maxHeartbeat limit, as in
set_option maxHeartbeats 3200000 in
-- reason for change
...

Note: This linter can be disabled with `set_option linter.style.maxHeartbeats false`
warning: denote/Denote.lean:9846:15: This simp argument is unused:
  hd1

Hint: Omit it from the simp argument list.
  simp only [flatToMulti, multiToFlat, prodShape, List.foldl,
  ̵  ̵ ̵ ̵List.getElem?_cons_zero,
  ̲  ̲ ̲ ̲List.getElem?_cons_succ, Option.getD_some,
  ̵  ̵ ̵ ̵List.set, Nat.div_one, Nat.mul_one, Nat.one_mul, ̲e̲3̲2̲,̲
      e3̵2̵,̵ ̵e̵13̵2̵3̲2̲, hd1̵,̵ ̵h̵d̵2, hd3, if_false, if_neg, Nat.add_zero, reduceIte,
  ̵  ̵ ̵ ̵Nat.one_ne_zero, Nat.reduceEqDiff]

Note: This linter can be disabled with `set_option linter.unusedSimpArgs false`
warning: denote/Denote.lean:9846:25: This simp argument is unused:
  hd3

Hint: Omit it from the simp argument list.
  simp only [flatToMulti, multiToFlat, prodShape, List.foldl,
  ̵  ̵ ̵ ̵List.getElem?_cons_zero,
  ̲  ̲ ̲ ̲List.getElem?_cons_succ, Option.getD_some,
  ̵  ̵ ̵ ̵List.set, Nat.div_one, Nat.mul_one, Nat.one_mul, ̲e̲3̲2̲,̲
      e3̵2̵,̵ ̵e̵132, hd1, hd2, h̵d̵3̵,̵ ̵if_false, if_neg, Nat.add_zero, reduceIte,
  ̵  ̵ ̵ ̵Nat.one_ne_zero, Nat.reduceEqDiff]

Note: This linter can be disabled with `set_option linter.unusedSimpArgs false`
warning: denote/Denote.lean:9846:40: This simp argument is unused:
  if_neg

Hint: Omit it from the simp argument list.
  simp only [flatToMulti, multiToFlat, prodShape, List.foldl,
  ̵  ̵ ̵ ̵List.getElem?_cons_zero,
  ̲  ̲ ̲ ̲List.getElem?_cons_succ, Option.getD_some,
  ̵  ̵ ̵ ̵List.set, Nat.div_one, Nat.mul_one, Nat.one_mul,
  ̵  ̵ ̵ ̵e32,
  ̲  ̲ ̲ ̲e132, hd1, hd2, hd3, if_false, i̵f̵_̵n̵e̵g̵,̵ ̵Nat.add_zero, reduceIte,
  ̵  ̵ ̵ ̵Nat.one_ne_zero, Nat.reduceEqDiff]

Note: This linter can be disabled with `set_option linter.unusedSimpArgs false`
warning: denote/Denote.lean:9846:62: This simp argument is unused:
  reduceIte

Hint: Omit it from the simp argument list.
  simp only [flatToMulti, multiToFlat, prodShape, List.foldl,
  ̵  ̵ ̵ ̵List.getElem?_cons_zero,
  ̲  ̲ ̲ ̲List.getElem?_cons_succ, Option.getD_some,
  ̵  ̵ ̵ ̵List.set, Nat.div_one, Nat.mul_one, Nat.one_mul,
  ̵  ̵ ̵ ̵e32,
  ̲  ̲ ̲ ̲e132, hd1, hd2, hd3, if_false, if_neg, Nat.add_zero, r̵e̵d̵u̵c̵e̵I̵t̵e̵,̵
  ̵ ̵ ̵ ̵ ̵Nat.one_ne_zero, Nat.reduceEqDiff]

Note: This linter can be disabled with `set_option linter.unusedSimpArgs false`
warning: denote/Denote.lean:9847:21: This simp argument is unused:
  Nat.reduceEqDiff

Hint: Omit it from the simp argument list.
  simp only [flatToMulti, multiToFlat, prodShape, List.foldl,
  ̵  ̵ ̵ ̵List.getElem?_cons_zero,
  ̲  ̲ ̲ ̲List.getElem?_cons_succ, Option.getD_some,
  ̵  ̵ ̵ ̵List.set, Nat.div_one, Nat.mul_one, Nat.one_mul,
  ̵  ̵ ̵ ̵e32,
  ̲  ̲ ̲ ̲e132, hd1, hd2, hd3, if_false, if_neg, Nat.add_zero, reduceIte,
  ̵  ̵ ̵ ̵Nat.one_ne_zero,̵ ̵N̵a̵t̵.̵r̵e̵d̵u̵c̵e̵E̵q̵D̵i̵f̵f̵]

Note: This linter can be disabled with `set_option linter.unusedSimpArgs false`
warning: denote/Denote.lean:9817:0: Please, add a comment explaining the need for modifying the maxHeartbeat limit, as in
set_option maxHeartbeats 3200000 in
-- reason for change
...

Note: This linter can be disabled with `set_option linter.style.maxHeartbeats false`
warning: denote/Denote.lean:9851:0: Please, add a comment explaining the need for modifying the maxHeartbeat limit, as in
set_option maxHeartbeats 3200000 in
-- reason for change
...

Note: This linter can be disabled with `set_option linter.style.maxHeartbeats false`
warning: denote/Denote.lean:9857:10: Used `tac1 <;> tac2` where `(tac1; tac2)` would suffice

Note: This linter can be disabled with `set_option linter.unnecessarySeqFocus false`
warning: denote/Denote.lean:9860:0: Please, add a comment explaining the need for modifying the maxHeartbeat limit, as in
set_option maxHeartbeats 3200000 in
-- reason for change
...

Note: This linter can be disabled with `set_option linter.style.maxHeartbeats false`
warning: denote/Denote.lean:9866:10: Used `tac1 <;> tac2` where `(tac1; tac2)` would suffice

Note: This linter can be disabled with `set_option linter.unnecessarySeqFocus false`
warning: denote/Denote.lean:9915:23: This simp argument is unused:
  List.getElem?_cons_zero

Hint: Omit it from the simp argument list.
  simp [List.getD, L̵i̵s̵t̵.̵g̵e̵t̵E̵l̵e̵m̵?̵_̵c̵o̵n̵s̵_̵z̵e̵r̵o̵,̵ ̵List.getElem?_cons_succ]

Note: This linter can be disabled with `set_option linter.unusedSimpArgs false`
warning: denote/Denote.lean:9915:48: This simp argument is unused:
  List.getElem?_cons_succ

Hint: Omit it from the simp argument list.
  simp [List.getD, List.getElem?_cons_zero,̵ ̵L̵i̵s̵t̵.̵g̵e̵t̵E̵l̵e̵m̵?̵_̵c̵o̵n̵s̵_̵s̵u̵c̵c̵]

Note: This linter can be disabled with `set_option linter.unusedSimpArgs false`
warning: denote/Denote.lean:9867:0: Please, add a comment explaining the need for modifying the maxHeartbeat limit, as in
set_option maxHeartbeats 4000000 in
-- reason for change
...

Note: This linter can be disabled with `set_option linter.style.maxHeartbeats false`
warning: denote/Denote.lean:9942:0: Please, add a comment explaining the need for modifying the maxHeartbeat limit, as in
set_option maxHeartbeats 3200000 in
-- reason for change
...

Note: This linter can be disabled with `set_option linter.style.maxHeartbeats false`
warning: denote/Denote.lean:9948:10: Used `tac1 <;> tac2` where `(tac1; tac2)` would suffice

Note: This linter can be disabled with `set_option linter.unnecessarySeqFocus false`
warning: denote/Denote.lean:9968:23: This simp argument is unused:
  List.getElem?_cons_zero

Hint: Omit it from the simp argument list.
  simp [List.getD, L̵i̵s̵t̵.̵g̵e̵t̵E̵l̵e̵m̵?̵_̵c̵o̵n̵s̵_̵z̵e̵r̵o̵,̵ ̵List.getElem?_cons_succ, hc0, hc1, hc2, hc3]

Note: This linter can be disabled with `set_option linter.unusedSimpArgs false`
warning: denote/Denote.lean:9968:48: This simp argument is unused:
  List.getElem?_cons_succ

Hint: Omit it from the simp argument list.
  simp [List.getD, List.getElem?_cons_zero, L̵i̵s̵t̵.̵g̵e̵t̵E̵l̵e̵m̵?̵_̵c̵o̵n̵s̵_̵s̵u̵c̵c̵,̵ ̵hc0, hc1, hc2, hc3]

Note: This linter can be disabled with `set_option linter.unusedSimpArgs false`
warning: denote/Denote.lean:9950:0: Please, add a comment explaining the need for modifying the maxHeartbeat limit, as in
set_option maxHeartbeats 3200000 in
-- reason for change
...

Note: This linter can be disabled with `set_option linter.style.maxHeartbeats false`
warning: denote/Denote.lean:10038:23: This simp argument is unused:
  List.getElem?_cons_zero

Hint: Omit it from the simp argument list.
  simp [List.getD, L̵i̵s̵t̵.̵g̵e̵t̵E̵l̵e̵m̵?̵_̵c̵o̵n̵s̵_̵z̵e̵r̵o̵,̵ ̵List.getElem?_cons_succ]

Note: This linter can be disabled with `set_option linter.unusedSimpArgs false`
warning: denote/Denote.lean:10038:48: This simp argument is unused:
  List.getElem?_cons_succ

Hint: Omit it from the simp argument list.
  simp [List.getD, List.getElem?_cons_zero,̵ ̵L̵i̵s̵t̵.̵g̵e̵t̵E̵l̵e̵m̵?̵_̵c̵o̵n̵s̵_̵s̵u̵c̵c̵]

Note: This linter can be disabled with `set_option linter.unusedSimpArgs false`
warning: denote/Denote.lean:9986:0: Please, add a comment explaining the need for modifying the maxHeartbeat limit, as in
set_option maxHeartbeats 3200000 in
-- reason for change
...

Note: This linter can be disabled with `set_option linter.style.maxHeartbeats false`
warning: denote/Denote.lean:10049:0: Please, add a comment explaining the need for modifying the maxHeartbeat limit, as in
set_option maxHeartbeats 3200000 in
-- reason for change
...

Note: This linter can be disabled with `set_option linter.style.maxHeartbeats false`
warning: denote/Denote.lean:10055:10: Used `tac1 <;> tac2` where `(tac1; tac2)` would suffice

Note: This linter can be disabled with `set_option linter.unnecessarySeqFocus false`
warning: denote/Denote.lean:10109:23: This simp argument is unused:
  List.getElem?_cons_zero

Hint: Omit it from the simp argument list.
  simp [List.getD, L̵i̵s̵t̵.̵g̵e̵t̵E̵l̵e̵m̵?̵_̵c̵o̵n̵s̵_̵z̵e̵r̵o̵,̵ ̵List.getElem?_cons_succ]

Note: This linter can be disabled with `set_option linter.unusedSimpArgs false`
warning: denote/Denote.lean:10109:48: This simp argument is unused:
  List.getElem?_cons_succ

Hint: Omit it from the simp argument list.
  simp [List.getD, List.getElem?_cons_zero,̵ ̵L̵i̵s̵t̵.̵g̵e̵t̵E̵l̵e̵m̵?̵_̵c̵o̵n̵s̵_̵s̵u̵c̵c̵]

Note: This linter can be disabled with `set_option linter.unusedSimpArgs false`
warning: denote/Denote.lean:10057:0: Please, add a comment explaining the need for modifying the maxHeartbeat limit, as in
set_option maxHeartbeats 4000000 in
-- reason for change
...

Note: This linter can be disabled with `set_option linter.style.maxHeartbeats false`
warning: denote/Denote.lean:10171:23: This simp argument is unused:
  List.getElem?_cons_zero

Hint: Omit it from the simp argument list.
  simp [List.getD, L̵i̵s̵t̵.̵g̵e̵t̵E̵l̵e̵m̵?̵_̵c̵o̵n̵s̵_̵z̵e̵r̵o̵,̵ ̵List.getElem?_cons_succ]

Note: This linter can be disabled with `set_option linter.unusedSimpArgs false`
warning: denote/Denote.lean:10171:48: This simp argument is unused:
  List.getElem?_cons_succ

Hint: Omit it from the simp argument list.
  simp [List.getD, List.getElem?_cons_zero,̵ ̵L̵i̵s̵t̵.̵g̵e̵t̵E̵l̵e̵m̵?̵_̵c̵o̵n̵s̵_̵s̵u̵c̵c̵]

Note: This linter can be disabled with `set_option linter.unusedSimpArgs false`
warning: denote/Denote.lean:10119:0: Please, add a comment explaining the need for modifying the maxHeartbeat limit, as in
set_option maxHeartbeats 4000000 in
-- reason for change
...

Note: This linter can be disabled with `set_option linter.style.maxHeartbeats false`
warning: denote/Denote.lean:10238:62: This simp argument is unused:
  List.getElem?_cons_zero

Hint: Omit it from the simp argument list.
  simp [List.getD, L̵i̵s̵t̵.̵g̵e̵t̵E̵l̵e̵m̵?̵_̵c̵o̵n̵s̵_̵z̵e̵r̵o̵,̵ ̵List.getElem?_cons_succ]

Note: This linter can be disabled with `set_option linter.unusedSimpArgs false`
warning: denote/Denote.lean:10238:87: This simp argument is unused:
  List.getElem?_cons_succ

Hint: Omit it from the simp argument list.
  simp [List.getD, List.getElem?_cons_zero,̵ ̵L̵i̵s̵t̵.̵g̵e̵t̵E̵l̵e̵m̵?̵_̵c̵o̵n̵s̵_̵s̵u̵c̵c̵]

Note: This linter can be disabled with `set_option linter.unusedSimpArgs false`
warning: denote/Denote.lean:10278:23: This simp argument is unused:
  List.getElem?_cons_zero

Hint: Omit it from the simp argument list.
  simp [List.getD, L̵i̵s̵t̵.̵g̵e̵t̵E̵l̵e̵m̵?̵_̵c̵o̵n̵s̵_̵z̵e̵r̵o̵,̵ ̵List.getElem?_cons_succ]

Note: This linter can be disabled with `set_option linter.unusedSimpArgs false`
warning: denote/Denote.lean:10278:48: This simp argument is unused:
  List.getElem?_cons_succ

Hint: Omit it from the simp argument list.
  simp [List.getD, List.getElem?_cons_zero,̵ ̵L̵i̵s̵t̵.̵g̵e̵t̵E̵l̵e̵m̵?̵_̵c̵o̵n̵s̵_̵s̵u̵c̵c̵]

Note: This linter can be disabled with `set_option linter.unusedSimpArgs false`
warning: denote/Denote.lean:10318:23: This simp argument is unused:
  List.getElem?_cons_zero

Hint: Omit it from the simp argument list.
  simp [List.getD, L̵i̵s̵t̵.̵g̵e̵t̵E̵l̵e̵m̵?̵_̵c̵o̵n̵s̵_̵z̵e̵r̵o̵,̵ ̵List.getElem?_cons_succ]

Note: This linter can be disabled with `set_option linter.unusedSimpArgs false`
warning: denote/Denote.lean:10318:48: This simp argument is unused:
  List.getElem?_cons_succ

Hint: Omit it from the simp argument list.
  simp [List.getD, List.getElem?_cons_zero,̵ ̵L̵i̵s̵t̵.̵g̵e̵t̵E̵l̵e̵m̵?̵_̵c̵o̵n̵s̵_̵s̵u̵c̵c̵]

Note: This linter can be disabled with `set_option linter.unusedSimpArgs false`
warning: denote/Denote.lean:10451:45: This simp argument is unused:
  List.set

Hint: Omit it from the simp argument list.
  simp only [hhead, List.getD, List.getElem?_cons_zero, List.getElem?_cons_succ,
  ̵  ̵ ̵ ̵Option.getD_some,
  ̲  ̲ ̲ ̲List.drop, List.foldl, L̵i̵st̵.̵s̵e̵t̵,̵
  ̵ ̵ ̵ ̵ ̵s̵how (8 : Nat) ≠ 0 from by omega, show (32 : Nat) ≠ 0 from by omega,
      show (4 : Nat) ≠ 0 from by omega, show (1 : Nat) ≠ 0 from by omega,
  ̵  ̵ ̵ ̵ite_false, Nat.div_one,
  ̲  ̲ ̲ ̲Nat.mod_one, Nat.mul_one, Nat.add_zero]

Note: This linter can be disabled with `set_option linter.unusedSimpArgs false`
warning: denote/Denote.lean:10453:4: This simp argument is unused:
  show (4 : Nat) ≠ 0 from by omega

Hint: Omit it from the simp argument list.
  simp only [hhead, List.getD, List.getElem?_cons_zero, List.getElem?_cons_succ, Option.getD_some,
  ̲  ̲ ̲ ̲List.drop, List.foldl, List.set, show (8 : Nat) ≠ 0 from by omega,
  ̲  ̲ ̲ ̲show (32 : Nat) ≠ 0 from by omega, show (̵4̵ ̵:̵ ̵N̵a̵t̵)̵ ̵≠̵ ̵0̵ ̵f̵r̵o̵m̵ ̵b̵y̵ ̵o̵m̵e̵g̵a̵,̵ ̵s̵h̵o̵w̵ ̵(1 : Nat) ≠ 0 from by omega, ite_false, Nat.div_one,
  ̲  ̲ ̲ ̲Nat.mod_one, Nat.mul_one, Nat.add_zero]

Note: This linter can be disabled with `set_option linter.unusedSimpArgs false`
warning: denote/Denote.lean:10461:0: Please, add a comment explaining the need for modifying the maxHeartbeat limit, as in
set_option maxHeartbeats 3200000 in
-- reason for change
...

Note: This linter can be disabled with `set_option linter.style.maxHeartbeats false`
warning: denote/Denote.lean:10688:45: This simp argument is unused:
  List.set

Hint: Omit it from the simp argument list.
  simp only [hhead, List.getD, List.getElem?_cons_zero, List.getElem?_cons_succ,
  ̵  ̵ ̵ ̵Option.getD_some,
  ̲  ̲ ̲ ̲List.drop, List.foldl, L̵i̵st̵.̵s̵e̵t̵,̵
  ̵ ̵ ̵ ̵ ̵s̵how (8 : Nat) ≠ 0 from by omega, show (32 : Nat) ≠ 0 from by omega,
      show (128 : Nat) ≠ 0 from by omega, show (4 : Nat) ≠ 0 from by omega,
      show (1 : Nat) ≠ 0 from by omega,
  ̵  ̵ ̵ ̵ite_false, Nat.div_one, Nat.mod_one, Nat.mul_one,
  ̲  ̲ ̲ ̲Nat.add_zero]

Note: This linter can be disabled with `set_option linter.unusedSimpArgs false`
warning: denote/Denote.lean:10689:4: This simp argument is unused:
  show (8 : Nat) ≠ 0 from by omega

Hint: Omit it from the simp argument list.
  simp only [hhead, List.getD, List.getElem?_cons_zero, List.getElem?_cons_succ,
  ̵  ̵ ̵ ̵Option.getD_some,
  ̲  ̲ ̲ ̲List.drop, List.foldl, List.set,
  ̵  ̵ ̵ ̵show (8̵ ̵:̵ ̵N̵a̵t̵)̵ ̵≠̵ ̵0̵ ̵f̵r̵o̵m̵ ̵b̵y̵ ̵o̵m̵e̵g̵a̵,̵ ̵s̵h̵o̵w̵ ̵(̵32 : Nat) ≠ 0 from by omega,
      show (128 : Nat) ≠ 0 from by omega, show (4 : Nat) ≠ 0 from by omega,
      show (1 : Nat) ≠ 0 from by omega,
  ̵  ̵ ̵ ̵ite_false, Nat.div_one, Nat.mod_one, Nat.mul_one,
  ̲  ̲ ̲ ̲Nat.add_zero]

Note: This linter can be disabled with `set_option linter.unusedSimpArgs false`
warning: denote/Denote.lean:10690:40: This simp argument is unused:
  show (4 : Nat) ≠ 0 from by omega

Hint: Omit it from the simp argument list.
  simp only [hhead, List.getD, List.getElem?_cons_zero, List.getElem?_cons_succ,
  ̵  ̵ ̵ ̵Option.getD_some,
  ̲  ̲ ̲ ̲List.drop, List.foldl, List.set,
  ̵  ̵ ̵ ̵show (8 : Nat) ≠ 0 from by omega,
  ̲  ̲ ̲ ̲show (32 : Nat) ≠ 0 from by omega,
  ̵  ̵ ̵ ̵show (128 : Nat) ≠ 0 from by omega, ̵s̵h̵o̵w̵ ̵(̵4̵ ̵:̵ ̵N̵a̵t̵)̵ ̵≠̵ ̵0̵ ̵f̵r̵o̵m̵ ̵b̵y̵ ̵o̵m̵e̵g̵a̵,̵
      show (1 : Nat) ≠ 0 from by omega,
  ̵  ̵ ̵ ̵ite_false, Nat.div_one, Nat.mod_one, Nat.mul_one,
  ̲  ̲ ̲ ̲Nat.add_zero]

Note: This linter can be disabled with `set_option linter.unusedSimpArgs false`
warning: denote/Denote.lean:10699:0: Please, add a comment explaining the need for modifying the maxHeartbeat limit, as in
set_option maxHeartbeats 3200000 in
-- reason for change
...

Note: This linter can be disabled with `set_option linter.style.maxHeartbeats false`
warning: denote/Denote.lean:10806:0: Please, add a comment explaining the need for modifying the maxHeartbeat limit, as in
set_option maxHeartbeats 800000 in
-- reason for change
...

Note: This linter can be disabled with `set_option linter.style.maxHeartbeats false`
warning: denote/Denote.lean:10950:0: Please, add a comment explaining the need for modifying the maxHeartbeat limit, as in
set_option maxHeartbeats 800000 in
-- reason for change
...

Note: This linter can be disabled with `set_option linter.style.maxHeartbeats false`
warning: denote/Denote.lean:10958:0: Please, add a comment explaining the need for modifying the maxHeartbeat limit, as in
set_option maxHeartbeats 2000000 in
-- reason for change
...

Note: This linter can be disabled with `set_option linter.style.maxHeartbeats false`
warning: denote/Denote.lean:10968:5: Variable name `hW_shapes` is not explicitly referenced.

The binding can be removed (if unused) or named `_` (if used implicitly).

Note: This linter can be disabled with `set_option linter.unusedVariables false`
warning: denote/Denote.lean:10981:45: This simp argument is unused:
  List.set

Hint: Omit it from the simp argument list.
  simp only [hhead, List.getD, List.getElem?_cons_zero, List.getElem?_cons_succ,
  ̵  ̵ ̵ ̵Option.getD_some,
  ̲  ̲ ̲ ̲List.drop, List.foldl, L̵i̵st̵.̵s̵e̵t̵,̵
  ̵ ̵ ̵ ̵ ̵s̵how (4 : Nat) ≠ 0 by omega, show (8 : Nat) ≠ 0 by omega,
      show (128 : Nat) ≠ 0 by omega, show (32 : Nat) ≠ 0 by omega,
  ̵  ̵ ̵ ̵show (1 : Nat) ≠ 0 by omega,
  ̲  ̲ ̲ ̲ite_false]

Note: This linter can be disabled with `set_option linter.unusedSimpArgs false`
warning: denote/Denote.lean:10982:4: This simp argument is unused:
  show (4 : Nat) ≠ 0 by omega

Hint: Omit it from the simp argument list.
  simp only [hhead, List.getD, List.getElem?_cons_zero, List.getElem?_cons_succ,
  ̵  ̵ ̵ ̵Option.getD_some,
  ̲  ̲ ̲ ̲List.drop, List.foldl, List.set,
  ̵  ̵ ̵ ̵show (4̵ ̵:̵ ̵N̵a̵t̵)̵ ̵≠̵ ̵0̵ ̵b̵y̵ ̵o̵m̵e̵g̵a̵,̵ ̵s̵h̵o̵w̵ ̵(̵8 : Nat) ≠ 0 by omega,
  ̵  ̵ ̵ ̵show (128 : Nat) ≠ 0 by omega,
  ̲  ̲ ̲ ̲show (32 : Nat) ≠ 0 by omega,
  ̵  ̵ ̵ ̵show (1 : Nat) ≠ 0 by omega, ite_false]

Note: This linter can be disabled with `set_option linter.unusedSimpArgs false`
warning: denote/Denote.lean:10983:4: This simp argument is unused:
  show (128 : Nat) ≠ 0 by omega

Hint: Omit it from the simp argument list.
  simp only [hhead, List.getD, List.getElem?_cons_zero, List.getElem?_cons_succ,
  ̵  ̵ ̵ ̵Option.getD_some,
  ̲  ̲ ̲ ̲List.drop, List.foldl, List.set,
  ̵  ̵ ̵ ̵show (4 : Nat) ≠ 0 by omega, show (8 : Nat) ≠ 0 by omega,
      show (1̵2̵8̵ ̵:̵ ̵N̵a̵t̵)̵ ̵≠̵ ̵0̵ ̵b̵y̵ ̵o̵m̵e̵g̵a̵,̵ ̵s̵h̵o̵w̵ ̵(̵32 : Nat) ≠ 0 by omega,
  ̵  ̵ ̵ ̵show (1 : Nat) ≠ 0 by omega, ite_false]

Note: This linter can be disabled with `set_option linter.unusedSimpArgs false`
warning: denote/Denote.lean:10996:5: Variable name `hW_shapes` is not explicitly referenced.

The binding can be removed (if unused) or named `_` (if used implicitly).

Note: This linter can be disabled with `set_option linter.unusedVariables false`
warning: denote/Denote.lean:11009:45: This simp argument is unused:
  List.set

Hint: Omit it from the simp argument list.
  simp only [hhead, List.getD, List.getElem?_cons_zero, List.getElem?_cons_succ,
  ̵  ̵ ̵ ̵Option.getD_some,
  ̲  ̲ ̲ ̲List.drop, List.foldl, L̵i̵st̵.̵s̵e̵t̵,̵
  ̵ ̵ ̵ ̵ ̵s̵how (4 : Nat) ≠ 0 by omega, show (32 : Nat) ≠ 0 by omega,
      show (128 : Nat) ≠ 0 by omega, show (1 : Nat) ≠ 0 by omega,
  ̵  ̵ ̵ ̵ite_false]

Note: This linter can be disabled with `set_option linter.unusedSimpArgs false`
warning: denote/Denote.lean:11010:4: This simp argument is unused:
  show (4 : Nat) ≠ 0 by omega

Hint: Omit it from the simp argument list.
  simp only [hhead, List.getD, List.getElem?_cons_zero, List.getElem?_cons_succ, Option.getD_some,
  ̲  ̲ ̲ ̲List.drop, List.foldl, List.set, show (̵4̵ ̵:̵ ̵N̵a̵t̵)̵ ̵≠̵ ̵0̵ ̵b̵y̵ ̵o̵m̵e̵g̵a̵,̵ ̵s̵h̵o̵w̵ ̵(32 : Nat) ≠ 0 by omega, show (128 : Nat) ≠ 0 by omega,
  ̲  ̲ ̲ ̲show (1 : Nat) ≠ 0 by omega, ite_false]

Note: This linter can be disabled with `set_option linter.unusedSimpArgs false`
warning: denote/Denote.lean:11022:0: Please, add a comment explaining the need for modifying the maxHeartbeat limit, as in
set_option maxHeartbeats 1600000 in
-- reason for change
...

Note: This linter can be disabled with `set_option linter.style.maxHeartbeats false`
warning: denote/Denote.lean:11184:5: Variable name `hW_shapes` is not explicitly referenced.

The binding can be removed (if unused) or named `_` (if used implicitly).

Note: This linter can be disabled with `set_option linter.unusedVariables false`
warning: denote/Denote.lean:11197:45: This simp argument is unused:
  List.set

Hint: Omit it from the simp argument list.
  simp only [hhead, List.getD, List.getElem?_cons_zero, List.getElem?_cons_succ,
  ̵  ̵ ̵ ̵Option.getD_some,
  ̲  ̲ ̲ ̲List.drop, List.foldl, L̵i̵st̵.̵s̵e̵t̵,̵
  ̵ ̵ ̵ ̵ ̵s̵how (4 : Nat) ≠ 0 by omega, show (8 : Nat) ≠ 0 by omega,
      show (32 : Nat) ≠ 0 by omega,
  ̵  ̵ ̵ ̵show (1 : Nat) ≠ 0 by omega, ite_false]

Note: This linter can be disabled with `set_option linter.unusedSimpArgs false`
warning: denote/Denote.lean:11198:4: This simp argument is unused:
  show (4 : Nat) ≠ 0 by omega

Hint: Omit it from the simp argument list.
  simp only [hhead, List.getD, List.getElem?_cons_zero, List.getElem?_cons_succ,
  ̵  ̵ ̵ ̵Option.getD_some,
  ̲  ̲ ̲ ̲List.drop, List.foldl, List.set,
  ̵  ̵ ̵ ̵show (4̵ ̵:̵ ̵N̵a̵t̵)̵ ̵≠̵ ̵0̵ ̵b̵y̵ ̵o̵m̵e̵g̵a̵,̵ ̵s̵h̵o̵w̵ ̵(̵8 : Nat) ≠ 0 by omega,
  ̵  ̵ ̵ ̵show (32 : Nat) ≠ 0 by omega,
      show (1 : Nat) ≠ 0 by omega, ite_false]

Note: This linter can be disabled with `set_option linter.unusedSimpArgs false`
warning: denote/Denote.lean:11210:0: Please, add a comment explaining the need for modifying the maxHeartbeat limit, as in
set_option maxHeartbeats 2000000 in
-- reason for change
...

Note: This linter can be disabled with `set_option linter.style.maxHeartbeats false`
warning: denote/Denote.lean:11407:4: This simp argument is unused:
  Nat.reduceDiv

Hint: Omit it from the simp argument list.
  simp only [hhead, List.getD, List.getElem?_cons_zero, List.getElem?_cons_succ, Option.getD_some,
  ̲  ̲ ̲ ̲List.drop, List.foldl, Nat.reduceMul, Nat.reduceAdd, N̵a̵t̵.̵r̵e̵d̵u̵c̵e̵D̵i̵v̵,̵ ̵Nat.reduceMod, Nat.div_one, Nat.mod_one,
  ̲  ̲ ̲ ̲Nat.mul_one, Nat.add_zero, Nat.zero_add, show (8 : Nat) ≠ 0 from by omega,
      show (32 : Nat) ≠ 0 from by omega, show (128 : Nat) ≠ 0 from by omega,
      show (1 : Nat) ≠ 0 from by omega, ite_false, List.set]

Note: This linter can be disabled with `set_option linter.unusedSimpArgs false`
warning: denote/Denote.lean:11407:19: This simp argument is unused:
  Nat.reduceMod

Hint: Omit it from the simp argument list.
  simp only [hhead, List.getD, List.getElem?_cons_zero, List.getElem?_cons_succ,
  ̵  ̵ ̵ ̵Option.getD_some,
  ̲  ̲ ̲ ̲List.drop, List.foldl, Nat.reduceMul, Nat.reduceAdd,
  ̵  ̵ ̵ ̵Nat.reduceDiv, Nat.r̵e̵du̵c̵e̵M̵o̵d̵,̵ ̵N̵a̵t̵.̵d̵iv_one, Nat.mod_one,
  ̲  ̲ ̲ ̲Nat.mul_one,
  ̵  ̵ ̵ ̵Nat.add_zero, Nat.zero_add, show (8 : Nat) ≠ 0 from by omega,
      show (32 : Nat) ≠ 0 from by omega, show (128 : Nat) ≠ 0 from by omega,
      show (1 : Nat) ≠ 0 from by omega, ite_false, List.set]

Note: This linter can be disabled with `set_option linter.unusedSimpArgs false`
warning: denote/Denote.lean:11408:18: This simp argument is unused:
  Nat.zero_add

Hint: Omit it from the simp argument list.
  simp only [hhead, List.getD, List.getElem?_cons_zero, List.getElem?_cons_succ,
  ̵  ̵ ̵ ̵Option.getD_some,
  ̲  ̲ ̲ ̲List.drop, List.foldl, Nat.reduceMul, Nat.reduceAdd,
  ̵  ̵ ̵ ̵Nat.reduceDiv, Nat.reduceMod, Nat.div_one, ̵N̵a̵t̵.̵m̵o̵d̵_̵o̵n̵e̵,̵ ̵N̵a̵t̵.̵m̵u̵l̵_̵o̵n̵e̵,̵
      Nat.m̲o̲d̲_̲o̲n̲e̲,̲ ̲N̲ad̵d̵t̲.̲m̲u̲l̲_z̵o̲n̲er̵o̵, Nat.z̵e̵r̵o̵_̵add_̲z̲e̲r̲o̲, show (8 : Nat) ≠ 0 from by omega,
      show (32 : Nat) ≠ 0 from by omega, show (128 : Nat) ≠ 0 from by omega,
      show (1 : Nat) ≠ 0 from by omega, ite_false, List.set]

Note: This linter can be disabled with `set_option linter.unusedSimpArgs false`
warning: denote/Denote.lean:11408:32: This simp argument is unused:
  show (8 : Nat) ≠ 0 from by omega

Hint: Omit it from the simp argument list.
  simp only [hhead, List.getD, List.getElem?_cons_zero, List.getElem?_cons_succ,
  ̵  ̵ ̵ ̵Option.getD_some,
  ̲  ̲ ̲ ̲List.drop, List.foldl, Nat.reduceMul, Nat.reduceAdd,
  ̵  ̵ ̵ ̵Nat.reduceDiv, Nat.reduceMod, Nat.div_one,
  ̲  ̲ ̲ ̲Nat.mod_one, Nat.mul_one,
  ̵  ̵ ̵ ̵Nat.add_zero, Nat.zero_add, show (8̵ ̵:̵ ̵N̵a̵t̵)̵ ̵≠̵ ̵0̵ ̵f̵r̵o̵m̵ ̵b̵y̵ ̵o̵m̵e̵g̵a̵,̵
  ̵ ̵ ̵ ̵ ̵s̵h̵o̵w̵ ̵(̵32 : Nat) ≠ 0 from by omega,
  ̲  ̲ ̲ ̲show (128 : Nat) ≠ 0 from by omega,
  ̵  ̵ ̵ ̵show (1 : Nat) ≠ 0 from by omega, ite_false, List.set]

Note: This linter can be disabled with `set_option linter.unusedSimpArgs false`
warning: denote/Denote.lean:11410:49: This simp argument is unused:
  List.set

Hint: Omit it from the simp argument list.
  simp only [hhead, List.getD, List.getElem?_cons_zero, List.getElem?_cons_succ,
  ̵  ̵ ̵ ̵Option.getD_some,
  ̲  ̲ ̲ ̲List.drop, List.foldl, Nat.reduceMul, Nat.reduceAdd,
  ̵  ̵ ̵ ̵Nat.reduceDiv, Nat.reduceMod, Nat.div_one,
  ̲  ̲ ̲ ̲Nat.mod_one, Nat.mul_one,
  ̵  ̵ ̵ ̵Nat.add_zero, Nat.zero_add, show (8 : Nat) ≠ 0 from by omega,
      show (32 : Nat) ≠ 0 from by omega, show (128 : Nat) ≠ 0 from by omega,
      show (1 : Nat) ≠ 0 from by omega, ite_false,̵ ̵L̵i̵s̵t̵.̵s̵e̵t̵]

Note: This linter can be disabled with `set_option linter.unusedSimpArgs false`
warning: denote/Denote.lean:11455:0: Please, add a comment explaining the need for modifying the maxHeartbeat limit, as in
set_option maxHeartbeats 2000000 in
-- reason for change
...

Note: This linter can be disabled with `set_option linter.style.maxHeartbeats false`
warning: denote/Denote.lean:11645:2: The `show` tactic should only be used to indicate intermediate goal states for readability.
However, this tactic invocation changed the goal. Please use `change` instead for these purposes.

Note: This linter can be disabled with `set_option linter.style.show false`
warning: denote/Denote.lean:11662:2: The `show` tactic should only be used to indicate intermediate goal states for readability.
However, this tactic invocation changed the goal. Please use `change` instead for these purposes.

Note: This linter can be disabled with `set_option linter.style.show false`
warning: denote/Denote.lean:11747:51: This simp argument is unused:
  List.getElem?_cons_succ

Hint: Omit it from the simp argument list.
  simp only [List.getD, List.getElem?_cons_zero, L̵i̵s̵t̵.̵g̵e̵t̵E̵l̵e̵m̵?̵_̵c̵o̵n̵s̵_̵s̵u̵c̵c̵,̵ ̵Option.getD_some]

Note: This linter can be disabled with `set_option linter.unusedSimpArgs false`
warning: denote/Denote.lean:11757:51: This simp argument is unused:
  List.getElem?_cons_succ

Hint: Omit it from the simp argument list.
  simp only [List.getD, List.getElem?_cons_zero, L̵i̵s̵t̵.̵g̵e̵t̵E̵l̵e̵m̵?̵_̵c̵o̵n̵s̵_̵s̵u̵c̵c̵,̵ ̵Option.getD_some]

Note: This linter can be disabled with `set_option linter.unusedSimpArgs false`
warning: denote/Denote.lean:11672:0: Please, add a comment explaining the need for modifying the maxHeartbeat limit, as in
set_option maxHeartbeats 3200000 in
-- reason for change
...

Note: This linter can be disabled with `set_option linter.style.maxHeartbeats false`
warning: denote/Denote.lean:11820:2: The `show` tactic should only be used to indicate intermediate goal states for readability.
However, this tactic invocation changed the goal. Please use `change` instead for these purposes.

Note: This linter can be disabled with `set_option linter.style.show false`
warning: denote/Denote.lean:11825:10: Used `tac1 <;> tac2` where `(tac1; tac2)` would suffice

Note: This linter can be disabled with `set_option linter.unnecessarySeqFocus false`
warning: denote/Denote.lean:11863:65: Variable name `hidx` is not explicitly referenced.

The binding can be removed (if unused) or named `_` (if used implicitly).

Note: This linter can be disabled with `set_option linter.unusedVariables false`
warning: denote/Denote.lean:11870:53: Variable name `hidx` is not explicitly referenced.

The binding can be removed (if unused) or named `_` (if used implicitly).

Note: This linter can be disabled with `set_option linter.unusedVariables false`
warning: denote/Denote.lean:11907:23: This simp argument is unused:
  List.getElem?_cons_zero

Hint: Omit it from the simp argument list.
  simp [List.getD, L̵i̵s̵t̵.̵g̵e̵t̵E̵l̵e̵m̵?̵_̵c̵o̵n̵s̵_̵z̵e̵r̵o̵,̵ ̵List.getElem?_cons_succ, h0, h1, h2, h3]

Note: This linter can be disabled with `set_option linter.unusedSimpArgs false`
warning: denote/Denote.lean:11907:48: This simp argument is unused:
  List.getElem?_cons_succ

Hint: Omit it from the simp argument list.
  simp [List.getD, List.getElem?_cons_zero, L̵i̵s̵t̵.̵g̵e̵t̵E̵l̵e̵m̵?̵_̵c̵o̵n̵s̵_̵s̵u̵c̵c̵,̵ ̵h0, h1, h2, h3]

Note: This linter can be disabled with `set_option linter.unusedSimpArgs false`
warning: denote/Denote.lean:11947:23: This simp argument is unused:
  List.getElem?_cons_zero

Hint: Omit it from the simp argument list.
  simp [List.getD, L̵i̵s̵t̵.̵g̵e̵t̵E̵l̵e̵m̵?̵_̵c̵o̵n̵s̵_̵z̵e̵r̵o̵,̵ ̵List.getElem?_cons_succ]

Note: This linter can be disabled with `set_option linter.unusedSimpArgs false`
warning: denote/Denote.lean:11947:48: This simp argument is unused:
  List.getElem?_cons_succ

Hint: Omit it from the simp argument list.
  simp [List.getD, List.getElem?_cons_zero,̵ ̵L̵i̵s̵t̵.̵g̵e̵t̵E̵l̵e̵m̵?̵_̵c̵o̵n̵s̵_̵s̵u̵c̵c̵]

Note: This linter can be disabled with `set_option linter.unusedSimpArgs false`
warning: denote/Denote.lean:12004:51: Variable name `hidx` is not explicitly referenced.

The binding can be removed (if unused) or named `_` (if used implicitly).

Note: This linter can be disabled with `set_option linter.unusedVariables false`
warning: denote/Denote.lean:12009:51: Variable name `hidx` is not explicitly referenced.

The binding can be removed (if unused) or named `_` (if used implicitly).

Note: This linter can be disabled with `set_option linter.unusedVariables false`
warning: denote/Denote.lean:12045:23: This simp argument is unused:
  List.getElem?_cons_zero

Hint: Omit it from the simp argument list.
  simp [List.getD, L̵i̵s̵t̵.̵g̵e̵t̵E̵l̵e̵m̵?̵_̵c̵o̵n̵s̵_̵z̵e̵r̵o̵,̵ ̵List.getElem?_cons_succ, h0, h1, h2, h3]

Note: This linter can be disabled with `set_option linter.unusedSimpArgs false`
warning: denote/Denote.lean:12045:48: This simp argument is unused:
  List.getElem?_cons_succ

Hint: Omit it from the simp argument list.
  simp [List.getD, List.getElem?_cons_zero, L̵i̵s̵t̵.̵g̵e̵t̵E̵l̵e̵m̵?̵_̵c̵o̵n̵s̵_̵s̵u̵c̵c̵,̵ ̵h0, h1, h2, h3]

Note: This linter can be disabled with `set_option linter.unusedSimpArgs false`
warning: denote/Denote.lean:12073:23: This simp argument is unused:
  List.getElem?_cons_zero

Hint: Omit it from the simp argument list.
  simp [List.getD, L̵i̵s̵t̵.̵g̵e̵t̵E̵l̵e̵m̵?̵_̵c̵o̵n̵s̵_̵z̵e̵r̵o̵,̵ ̵List.getElem?_cons_succ]

Note: This linter can be disabled with `set_option linter.unusedSimpArgs false`
warning: denote/Denote.lean:12073:48: This simp argument is unused:
  List.getElem?_cons_succ

Hint: Omit it from the simp argument list.
  simp [List.getD, List.getElem?_cons_zero,̵ ̵L̵i̵s̵t̵.̵g̵e̵t̵E̵l̵e̵m̵?̵_̵c̵o̵n̵s̵_̵s̵u̵c̵c̵]

Note: This linter can be disabled with `set_option linter.unusedSimpArgs false`
warning: denote/Denote.lean:12118:2: The `show` tactic should only be used to indicate intermediate goal states for readability.
However, this tactic invocation changed the goal. Please use `change` instead for these purposes.

Note: This linter can be disabled with `set_option linter.style.show false`
warning: denote/Denote.lean:12147:2: The `show` tactic should only be used to indicate intermediate goal states for readability.
However, this tactic invocation changed the goal. Please use `change` instead for these purposes.

Note: This linter can be disabled with `set_option linter.style.show false`
warning: denote/Denote.lean:12152:10: Used `tac1 <;> tac2` where `(tac1; tac2)` would suffice

Note: This linter can be disabled with `set_option linter.unnecessarySeqFocus false`
warning: denote/Denote.lean:12174:48: Variable name `hl` is not explicitly referenced.

The binding can be removed (if unused) or named `_` (if used implicitly).

Note: This linter can be disabled with `set_option linter.unusedVariables false`
warning: denote/Denote.lean:12185:63: Variable name `hidx` is not explicitly referenced.

The binding can be removed (if unused) or named `_` (if used implicitly).

Note: This linter can be disabled with `set_option linter.unusedVariables false`
warning: denote/Denote.lean:12192:50: Variable name `hidx` is not explicitly referenced.

The binding can be removed (if unused) or named `_` (if used implicitly).

Note: This linter can be disabled with `set_option linter.unusedVariables false`
warning: denote/Denote.lean:12218:23: This simp argument is unused:
  List.getElem?_cons_zero

Hint: Omit it from the simp argument list.
  simp [List.getD, L̵i̵s̵t̵.̵g̵e̵t̵E̵l̵e̵m̵?̵_̵c̵o̵n̵s̵_̵z̵e̵r̵o̵,̵ ̵List.getElem?_cons_succ, h0, h1, h2, h3]

Note: This linter can be disabled with `set_option linter.unusedSimpArgs false`
warning: denote/Denote.lean:12218:48: This simp argument is unused:
  List.getElem?_cons_succ

Hint: Omit it from the simp argument list.
  simp [List.getD, List.getElem?_cons_zero, L̵i̵s̵t̵.̵g̵e̵t̵E̵l̵e̵m̵?̵_̵c̵o̵n̵s̵_̵s̵u̵c̵c̵,̵ ̵h0, h1, h2, h3]

Note: This linter can be disabled with `set_option linter.unusedSimpArgs false`
warning: denote/Denote.lean:12257:23: This simp argument is unused:
  List.getElem?_cons_zero

Hint: Omit it from the simp argument list.
  simp [List.getD, L̵i̵s̵t̵.̵g̵e̵t̵E̵l̵e̵m̵?̵_̵c̵o̵n̵s̵_̵z̵e̵r̵o̵,̵ ̵List.getElem?_cons_succ]

Note: This linter can be disabled with `set_option linter.unusedSimpArgs false`
warning: denote/Denote.lean:12257:48: This simp argument is unused:
  List.getElem?_cons_succ

Hint: Omit it from the simp argument list.
  simp [List.getD, List.getElem?_cons_zero,̵ ̵L̵i̵s̵t̵.̵g̵e̵t̵E̵l̵e̵m̵?̵_̵c̵o̵n̵s̵_̵s̵u̵c̵c̵]

Note: This linter can be disabled with `set_option linter.unusedSimpArgs false`
warning: denote/Denote.lean:12385:0: Please, add a comment explaining the need for modifying the maxHeartbeat limit, as in
set_option maxHeartbeats 2000000 in
-- reason for change
...

Note: This linter can be disabled with `set_option linter.style.maxHeartbeats false`
warning: denote/Denote.lean:12391:25: missing space in the source

This part of the code
  '[1,8,8])'
should be written as
  '[1, 8, 8])'


Note: This linter can be disabled with `set_option linter.style.whitespace false`
warning: denote/Denote.lean:12391:27: missing space in the source

This part of the code
  '[1,8,8]) (hg1'
should be written as
  '8, 8])'


Note: This linter can be disabled with `set_option linter.style.whitespace false`
warning: denote/Denote.lean:12391:52: missing space in the source

This part of the code
  '[1,8,8])'
should be written as
  '[1, 8, 8])'


Note: This linter can be disabled with `set_option linter.style.whitespace false`
warning: denote/Denote.lean:12391:54: missing space in the source

This part of the code
  '[1,8,8])
'
should be written as
  '8, 8])'


Note: This linter can be disabled with `set_option linter.style.whitespace false`
warning: denote/Denote.lean:12392:25: missing space in the source

This part of the code
  '[1,8,8])'
should be written as
  '[1, 8, 8])'


Note: This linter can be disabled with `set_option linter.style.whitespace false`
warning: denote/Denote.lean:12392:27: missing space in the source

This part of the code
  '[1,8,8]) (hg3'
should be written as
  '8, 8])'


Note: This linter can be disabled with `set_option linter.style.whitespace false`
warning: denote/Denote.lean:12392:52: missing space in the source

This part of the code
  '[1,8,8])'
should be written as
  '[1, 8, 8])'


Note: This linter can be disabled with `set_option linter.style.whitespace false`
warning: denote/Denote.lean:12392:54: missing space in the source

This part of the code
  '[1,8,8])
'
should be written as
  '8, 8])'


Note: This linter can be disabled with `set_option linter.style.whitespace false`
warning: denote/Denote.lean:12393:23: missing space in the source

This part of the code
  '[1,8,32])'
should be written as
  '[1, 8, 32])'


Note: This linter can be disabled with `set_option linter.style.whitespace false`
warning: denote/Denote.lean:12393:25: missing space in the source

This part of the code
  '[1,8,32])'
should be written as
  '8, 32])'


Note: This linter can be disabled with `set_option linter.style.whitespace false`
warning: denote/Denote.lean:12394:25: missing space in the source

This part of the code
  '[8,32])'
should be written as
  '[8, 32])'


Note: This linter can be disabled with `set_option linter.style.whitespace false`
warning: denote/Denote.lean:12394:51: missing space in the source

This part of the code
  '[8,32])'
should be written as
  '[8, 32])'


Note: This linter can be disabled with `set_option linter.style.whitespace false`
warning: denote/Denote.lean:12395:25: missing space in the source

This part of the code
  '[8,32])'
should be written as
  '[8, 32])'


Note: This linter can be disabled with `set_option linter.style.whitespace false`
warning: denote/Denote.lean:12395:51: missing space in the source

This part of the code
  '[8,32])'
should be written as
  '[8, 32])'


Note: This linter can be disabled with `set_option linter.style.whitespace false`
warning: denote/Denote.lean:12479:56: This simp argument is unused:
  List.getElem?_cons_succ

Hint: Omit it from the simp argument list.
  simp only [hhead, List.getD, List.getElem?_cons_zero, L̵i̵s̵t̵.̵g̵e̵t̵E̵l̵e̵m̵?̵_̵c̵o̵n̵s̵_̵s̵u̵c̵c̵,̵
  ̵ ̵ ̵ ̵ ̵Option.getD_some, List.drop, List.foldl,
  ̲  ̲ ̲ ̲List.set,
  ̵  ̵ ̵ ̵show (32 : Nat) ≠ 0 from by omega, show (128 : Nat) ≠ 0 from by omega,
      show (4096 : Nat) ≠ 0 from by omega, show (4 : Nat) ≠ 0 from by omega,
  ̵  ̵ ̵ ̵ite_false]

Note: This linter can be disabled with `set_option linter.unusedSimpArgs false`
warning: denote/Denote.lean:12480:45: This simp argument is unused:
  List.set

Hint: Omit it from the simp argument list.
  simp only [hhead, List.getD, List.getElem?_cons_zero, List.getElem?_cons_succ,
  ̵  ̵ ̵ ̵Option.getD_some,
  ̲  ̲ ̲ ̲List.drop, List.foldl, L̵i̵st̵.̵s̵e̵t̵,̵
  ̵ ̵ ̵ ̵ ̵s̵how (32 : Nat) ≠ 0 from by omega, show (128 : Nat) ≠ 0 from by omega,
      show (4096 : Nat) ≠ 0 from by omega, show (4 : Nat) ≠ 0 from by omega,
  ̵  ̵ ̵ ̵ite_false]

Note: This linter can be disabled with `set_option linter.unusedSimpArgs false`
warning: denote/Denote.lean:12481:39: This simp argument is unused:
  show (128 : Nat) ≠ 0 from by omega

Hint: Omit it from the simp argument list.
  simp only [hhead, List.getD, List.getElem?_cons_zero, List.getElem?_cons_succ, Option.getD_some,
  ̲  ̲ ̲ ̲List.drop, List.foldl, List.set, show (32 : Nat) ≠ 0 from by omega,
  ̲  ̲ ̲ ̲show (̵1̵2̵8̵ ̵:̵ ̵N̵a̵t̵)̵ ̵≠̵ ̵0̵ ̵f̵r̵o̵m̵ ̵b̵y̵ ̵o̵m̵e̵g̵a̵,̵
  ̵ ̵ ̵ ̵ ̵s̵h̵o̵w̵ ̵(4096 : Nat) ≠ 0 from by omega, show (4 : Nat) ≠ 0 from by omega, ite_false]

Note: This linter can be disabled with `set_option linter.unusedSimpArgs false`
warning: denote/Denote.lean:12482:41: This simp argument is unused:
  show (4 : Nat) ≠ 0 from by omega

Hint: Omit it from the simp argument list.
  simp only [hhead, List.getD, List.getElem?_cons_zero, List.getElem?_cons_succ, Option.getD_some,
  ̲  ̲ ̲ ̲List.drop, List.foldl, List.set, show (32 : Nat) ≠ 0 from by omega,
  ̲  ̲ ̲ ̲show (128 : Nat) ≠ 0 from by omega, show (4096 : Nat) ≠ 0 from by omega, s̵h̵o̵w̵ ̵(̵4̵ ̵:̵ ̵N̵a̵t̵)̵ ̵≠̵ ̵0̵ ̵f̵r̵o̵m̵ ̵b̵y̵ ̵o̵m̵e̵g̵a̵,̵ite_false]

Note: This linter can be disabled with `set_option linter.unusedSimpArgs false`
warning: denote/Denote.lean:12493:0: Please, add a comment explaining the need for modifying the maxHeartbeat limit, as in
set_option maxHeartbeats 1600000 in
-- reason for change
...

Note: This linter can be disabled with `set_option linter.style.maxHeartbeats false`
warning: denote/Denote.lean:12669:61: This simp argument is unused:
  List.getElem?_cons_succ

Hint: Omit it from the simp argument list.
  simp only [List.getD, List.getElem?_cons_zero, L̵i̵s̵t̵.̵g̵e̵t̵E̵l̵e̵m̵?̵_̵c̵o̵n̵s̵_̵s̵u̵c̵c̵,̵ ̵Option.getD_some]

Note: This linter can be disabled with `set_option linter.unusedSimpArgs false`
warning: denote/Denote.lean:12599:0: Please, add a comment explaining the need for modifying the maxHeartbeat limit, as in
set_option maxHeartbeats 1600000 in
-- reason for change
...

Note: This linter can be disabled with `set_option linter.style.maxHeartbeats false`
warning: denote/Denote.lean:12698:0: Please, add a comment explaining the need for modifying the maxHeartbeat limit, as in
set_option maxHeartbeats 800000 in
-- reason for change
...

Note: This linter can be disabled with `set_option linter.style.maxHeartbeats false`
warning: denote/Denote.lean:12802:0: Please, add a comment explaining the need for modifying the maxHeartbeat limit, as in
set_option maxHeartbeats 800000 in
-- reason for change
...

Note: This linter can be disabled with `set_option linter.style.maxHeartbeats false`
warning: denote/Denote.lean:12893:0: Please, add a comment explaining the need for modifying the maxHeartbeat limit, as in
set_option maxHeartbeats 800000 in
-- reason for change
...

Note: This linter can be disabled with `set_option linter.style.maxHeartbeats false`
warning: denote/Denote.lean:13007:0: Please, add a comment explaining the need for modifying the maxHeartbeat limit, as in
set_option maxHeartbeats 2000000 in
-- reason for change
...

Note: This linter can be disabled with `set_option linter.style.maxHeartbeats false`
warning: denote/Denote.lean:13014:25: missing space in the source

This part of the code
  '[1,2,32])'
should be written as
  '[1, 2, 32])'


Note: This linter can be disabled with `set_option linter.style.whitespace false`
warning: denote/Denote.lean:13014:27: missing space in the source

This part of the code
  '[1,2,32])'
should be written as
  '2, 32])'


Note: This linter can be disabled with `set_option linter.style.whitespace false`
warning: denote/Denote.lean:13014:53: missing space in the source

This part of the code
  '[1,2,32])'
should be written as
  '[1, 2, 32])'


Note: This linter can be disabled with `set_option linter.style.whitespace false`
warning: denote/Denote.lean:13014:55: missing space in the source

This part of the code
  '[1,2,32])'
should be written as
  '2, 32])'


Note: This linter can be disabled with `set_option linter.style.whitespace false`
warning: denote/Denote.lean:13015:25: missing space in the source

This part of the code
  '[1,2,32])'
should be written as
  '[1, 2, 32])'


Note: This linter can be disabled with `set_option linter.style.whitespace false`
warning: denote/Denote.lean:13015:27: missing space in the source

This part of the code
  '[1,2,32])'
should be written as
  '2, 32])'


Note: This linter can be disabled with `set_option linter.style.whitespace false`
warning: denote/Denote.lean:13015:53: missing space in the source

This part of the code
  '[1,2,32])'
should be written as
  '[1, 2, 32])'


Note: This linter can be disabled with `set_option linter.style.whitespace false`
warning: denote/Denote.lean:13015:55: missing space in the source

This part of the code
  '[1,2,32])'
should be written as
  '2, 32])'


Note: This linter can be disabled with `set_option linter.style.whitespace false`
warning: denote/Denote.lean:13016:23: missing space in the source

This part of the code
  '[1,8,32])'
should be written as
  '[1, 8, 32])'


Note: This linter can be disabled with `set_option linter.style.whitespace false`
warning: denote/Denote.lean:13016:25: missing space in the source

This part of the code
  '[1,8,32])'
should be written as
  '8, 32])'


Note: This linter can be disabled with `set_option linter.style.whitespace false`
warning: denote/Denote.lean:13016:50: missing space in the source

This part of the code
  '[32,32])'
should be written as
  '[32, 32])'


Note: This linter can be disabled with `set_option linter.style.whitespace false`
warning: denote/Denote.lean:13121:0: Please, add a comment explaining the need for modifying the maxHeartbeat limit, as in
set_option maxHeartbeats 2000000 in
-- reason for change
...

Note: This linter can be disabled with `set_option linter.style.maxHeartbeats false`
warning: denote/Denote.lean:13127:25: missing space in the source

This part of the code
  '[1,8,32])'
should be written as
  '[1, 8, 32])'


Note: This linter can be disabled with `set_option linter.style.whitespace false`
warning: denote/Denote.lean:13127:27: missing space in the source

This part of the code
  '[1,8,32])'
should be written as
  '8, 32])'


Note: This linter can be disabled with `set_option linter.style.whitespace false`
warning: denote/Denote.lean:13127:53: missing space in the source

This part of the code
  '[1,8,32])'
should be written as
  '[1, 8, 32])'


Note: This linter can be disabled with `set_option linter.style.whitespace false`
warning: denote/Denote.lean:13127:55: missing space in the source

This part of the code
  '[1,8,32])'
should be written as
  '8, 32])'


Note: This linter can be disabled with `set_option linter.style.whitespace false`
warning: denote/Denote.lean:13128:25: missing space in the source

This part of the code
  '[1,8,32])'
should be written as
  '[1, 8, 32])'


Note: This linter can be disabled with `set_option linter.style.whitespace false`
warning: denote/Denote.lean:13128:27: missing space in the source

This part of the code
  '[1,8,32])'
should be written as
  '8, 32])'


Note: This linter can be disabled with `set_option linter.style.whitespace false`
warning: denote/Denote.lean:13128:53: missing space in the source

This part of the code
  '[1,8,32])'
should be written as
  '[1, 8, 32])'


Note: This linter can be disabled with `set_option linter.style.whitespace false`
warning: denote/Denote.lean:13128:55: missing space in the source

This part of the code
  '[1,8,32])'
should be written as
  '8, 32])'


Note: This linter can be disabled with `set_option linter.style.whitespace false`
warning: denote/Denote.lean:13129:23: missing space in the source

This part of the code
  '[1,8,32])'
should be written as
  '[1, 8, 32])'


Note: This linter can be disabled with `set_option linter.style.whitespace false`
warning: denote/Denote.lean:13129:25: missing space in the source

This part of the code
  '[1,8,32])'
should be written as
  '8, 32])'


Note: This linter can be disabled with `set_option linter.style.whitespace false`
warning: denote/Denote.lean:13130:26: missing space in the source

This part of the code
  '[32,32])'
should be written as
  '[32, 32])'


Note: This linter can be disabled with `set_option linter.style.whitespace false`
warning: denote/Denote.lean:13130:53: missing space in the source

This part of the code
  '[32,32])'
should be written as
  '[32, 32])'


Note: This linter can be disabled with `set_option linter.style.whitespace false`
warning: denote/Denote.lean:13131:26: missing space in the source

This part of the code
  '[32,32])'
should be written as
  '[32, 32])'


Note: This linter can be disabled with `set_option linter.style.whitespace false`
warning: denote/Denote.lean:13131:53: missing space in the source

This part of the code
  '[32,32])'
should be written as
  '[32, 32])'


Note: This linter can be disabled with `set_option linter.style.whitespace false`
warning: denote/Denote.lean:13216:4: This simp argument is unused:
  show (8 : Nat) ≠ 0 by omega

Hint: Omit it from the simp argument list.
  simp only [hhead, List.getD, List.getElem?_cons_zero, List.getElem?_cons_succ, Option.getD_some,
  ̲  ̲ ̲ ̲List.drop, List.foldl, show (̵8̵ ̵:̵ ̵N̵a̵t̵)̵ ̵≠̵ ̵0̵ ̵b̵y̵ ̵o̵m̵e̵g̵a̵,̵ ̵s̵h̵o̵w̵ ̵(128 : Nat) ≠ 0 by omega, show (4 : Nat) ≠ 0 by omega,
  ̲  ̲ ̲ ̲show (32 : Nat) ≠ 0 by omega, show (1 : Nat) ≠ 0 by omega, ite_false]

Note: This linter can be disabled with `set_option linter.unusedSimpArgs false`
warning: denote/Denote.lean:13217:4: This simp argument is unused:
  show (4 : Nat) ≠ 0 by omega

Hint: Omit it from the simp argument list.
  simp only [hhead, List.getD, List.getElem?_cons_zero, List.getElem?_cons_succ,
  ̵  ̵ ̵ ̵Option.getD_some,
  ̲  ̲ ̲ ̲List.drop, List.foldl,
  ̵  ̵ ̵ ̵show (8 : Nat) ≠ 0 by omega, show (128 : Nat) ≠ 0 by omega,
      show (4̵ ̵:̵ ̵N̵a̵t̵)̵ ̵≠̵ ̵0̵ ̵b̵y̵ ̵o̵m̵e̵g̵a̵,̵ ̵s̵h̵o̵w̵ ̵(̵32 : Nat) ≠ 0 by omega,
  ̵  ̵ ̵ ̵show (1 : Nat) ≠ 0 by omega, ite_false]

Note: This linter can be disabled with `set_option linter.unusedSimpArgs false`
warning: denote/Denote.lean:13240:56: This simp argument is unused:
  List.getElem?_cons_succ

Hint: Omit it from the simp argument list.
  simp only [hhead, List.getD, List.getElem?_cons_zero, L̵i̵s̵t̵.̵g̵e̵t̵E̵l̵e̵m̵?̵_̵c̵o̵n̵s̵_̵s̵u̵c̵c̵,̵
  ̵ ̵ ̵ ̵ ̵Option.getD_some, List.drop, List.foldl,
      show (32 : Nat) ≠ 0 by omega, show (128 : Nat) ≠ 0 by omega,
  ̵  ̵ ̵ ̵show (4 : Nat) ≠ 0 by omega,
  ̲  ̲ ̲ ̲show (4096 : Nat) ≠ 0 by omega,
  ̵  ̵ ̵ ̵show (1 : Nat) ≠ 0 by omega, ite_false]

Note: This linter can be disabled with `set_option linter.unusedSimpArgs false`
warning: denote/Denote.lean:13242:34: This simp argument is unused:
  show (128 : Nat) ≠ 0 by omega

Hint: Omit it from the simp argument list.
  simp only [hhead, List.getD, List.getElem?_cons_zero, List.getElem?_cons_succ,
  ̵  ̵ ̵ ̵Option.getD_some,
  ̲  ̲ ̲ ̲List.drop, List.foldl,
  ̵  ̵ ̵ ̵show (32 : Nat) ≠ 0 by omega, show (1̵2̵8̵4̲ : Nat) ≠ 0 by omega,
      show (4 ̵:̵ ̵N̵a̵t̵)̵ ̵≠̵ ̵0 ̵b̵y̵ ̵o̵m̵e̵g̵a̵,̵ ̵s̵h̵o̵w̵ ̵(̵4̵0̵96 : Nat) ≠ 0 by omega,
  ̵  ̵ ̵ ̵show (1 : Nat) ≠ 0 by omega, ite_false]

Note: This linter can be disabled with `set_option linter.unusedSimpArgs false`
warning: denote/Denote.lean:13243:4: This simp argument is unused:
  show (4 : Nat) ≠ 0 by omega

Hint: Omit it from the simp argument list.
  simp only [hhead, List.getD, List.getElem?_cons_zero, List.getElem?_cons_succ,
  ̵  ̵ ̵ ̵Option.getD_some,
  ̲  ̲ ̲ ̲List.drop, List.foldl,
  ̵  ̵ ̵ ̵show (32 : Nat) ≠ 0 by omega, show (128 : Nat) ≠ 0 by omega,
      show (4 ̵:̵ ̵N̵a̵t̵)̵ ̵≠̵ ̵0 ̵b̵y̵ ̵o̵m̵e̵g̵a̵,̵ ̵s̵h̵o̵w̵ ̵(̵4̵0̵96 : Nat) ≠ 0 by omega,
  ̵  ̵ ̵ ̵show (1 : Nat) ≠ 0 by omega, ite_false]

Note: This linter can be disabled with `set_option linter.unusedSimpArgs false`
warning: denote/Denote.lean:13244:4: This simp argument is unused:
  show (1 : Nat) ≠ 0 by omega

Hint: Omit it from the simp argument list.
  simp only [hhead, List.getD, List.getElem?_cons_zero, List.getElem?_cons_succ,
  ̵  ̵ ̵ ̵Option.getD_some,
  ̲  ̲ ̲ ̲List.drop, List.foldl,
  ̵  ̵ ̵ ̵show (32 : Nat) ≠ 0 by omega, show (128 : Nat) ≠ 0 by omega,
      show (4 : Nat) ≠ 0 by omega, show (4096 : Nat) ≠ 0 by omega,
  ̵  ̵ ̵ ̵s̵h̵o̵w̵ ̵(̵1̵ ̵:̵ ̵N̵a̵t̵)̵ ̵≠̵ ̵0̵ ̵b̵y̵ ̵o̵m̵e̵g̵a̵,̵ ̵ite_false]

Note: This linter can be disabled with `set_option linter.unusedSimpArgs false`
warning: denote/Denote.lean:13289:0: Please, add a comment explaining the need for modifying the maxHeartbeat limit, as in
set_option maxHeartbeats 1600000 in
-- reason for change
...

Note: This linter can be disabled with `set_option linter.style.maxHeartbeats false`
warning: denote/Denote.lean:13407:0: Please, add a comment explaining the need for modifying the maxHeartbeat limit, as in
set_option maxHeartbeats 1600000 in
-- reason for change
...

Note: This linter can be disabled with `set_option linter.style.maxHeartbeats false`
warning: denote/Denote.lean:13513:0: Please, add a comment explaining the need for modifying the maxHeartbeat limit, as in
set_option maxHeartbeats 800000 in
-- reason for change
...

Note: This linter can be disabled with `set_option linter.style.maxHeartbeats false`
warning: denote/Denote.lean:13537:0: Please, add a comment explaining the need for modifying the maxHeartbeat limit, as in
set_option maxHeartbeats 2000000 in
-- reason for change
...

Note: This linter can be disabled with `set_option linter.style.maxHeartbeats false`
warning: denote/Denote.lean:13543:25: missing space in the source

This part of the code
  '[1,8,8])'
should be written as
  '[1, 8, 8])'


Note: This linter can be disabled with `set_option linter.style.whitespace false`
warning: denote/Denote.lean:13543:27: missing space in the source

This part of the code
  '[1,8,8]) (hg1'
should be written as
  '8, 8])'


Note: This linter can be disabled with `set_option linter.style.whitespace false`
warning: denote/Denote.lean:13543:52: missing space in the source

This part of the code
  '[1,8,8])'
should be written as
  '[1, 8, 8])'


Note: This linter can be disabled with `set_option linter.style.whitespace false`
warning: denote/Denote.lean:13543:54: missing space in the source

This part of the code
  '[1,8,8])
'
should be written as
  '8, 8])'


Note: This linter can be disabled with `set_option linter.style.whitespace false`
warning: denote/Denote.lean:13544:25: missing space in the source

This part of the code
  '[1,8,8])'
should be written as
  '[1, 8, 8])'


Note: This linter can be disabled with `set_option linter.style.whitespace false`
warning: denote/Denote.lean:13544:27: missing space in the source

This part of the code
  '[1,8,8]) (hg3'
should be written as
  '8, 8])'


Note: This linter can be disabled with `set_option linter.style.whitespace false`
warning: denote/Denote.lean:13544:52: missing space in the source

This part of the code
  '[1,8,8])'
should be written as
  '[1, 8, 8])'


Note: This linter can be disabled with `set_option linter.style.whitespace false`
warning: denote/Denote.lean:13544:54: missing space in the source

This part of the code
  '[1,8,8])
'
should be written as
  '8, 8])'


Note: This linter can be disabled with `set_option linter.style.whitespace false`
warning: denote/Denote.lean:13545:23: missing space in the source

This part of the code
  '[1,8,128])'
should be written as
  '[1, 8, 128])'


Note: This linter can be disabled with `set_option linter.style.whitespace false`
warning: denote/Denote.lean:13545:25: missing space in the source

This part of the code
  '[1,8,128])'
should be written as
  '8, 128])'


Note: This linter can be disabled with `set_option linter.style.whitespace false`
warning: denote/Denote.lean:13546:25: missing space in the source

This part of the code
  '[8,128])'
should be written as
  '[8, 128])'


Note: This linter can be disabled with `set_option linter.style.whitespace false`
warning: denote/Denote.lean:13546:52: missing space in the source

This part of the code
  '[8,128])'
should be written as
  '[8, 128])'


Note: This linter can be disabled with `set_option linter.style.whitespace false`
warning: denote/Denote.lean:13547:25: missing space in the source

This part of the code
  '[8,128])'
should be written as
  '[8, 128])'


Note: This linter can be disabled with `set_option linter.style.whitespace false`
warning: denote/Denote.lean:13547:52: missing space in the source

This part of the code
  '[8,128])'
should be written as
  '[8, 128])'


Note: This linter can be disabled with `set_option linter.style.whitespace false`
warning: denote/Denote.lean:13622:0: Please, add a comment explaining the need for modifying the maxHeartbeat limit, as in
set_option maxHeartbeats 800000 in
-- reason for change
...

Note: This linter can be disabled with `set_option linter.style.maxHeartbeats false`
warning: denote/Denote.lean:13765:0: Please, add a comment explaining the need for modifying the maxHeartbeat limit, as in
set_option maxHeartbeats 2000000 in
-- reason for change
...

Note: This linter can be disabled with `set_option linter.style.maxHeartbeats false`
warning: denote/Denote.lean:13772:23: missing space in the source

This part of the code
  '[1,8,32])'
should be written as
  '[1, 8, 32])'


Note: This linter can be disabled with `set_option linter.style.whitespace false`
warning: denote/Denote.lean:13772:25: missing space in the source

This part of the code
  '[1,8,32])'
should be written as
  '8, 32])'


Note: This linter can be disabled with `set_option linter.style.whitespace false`
warning: denote/Denote.lean:13772:49: missing space in the source

This part of the code
  '[1,8,32])'
should be written as
  '[1, 8, 32])'


Note: This linter can be disabled with `set_option linter.style.whitespace false`
warning: denote/Denote.lean:13772:51: missing space in the source

This part of the code
  '[1,8,32])'
should be written as
  '8, 32])'


Note: This linter can be disabled with `set_option linter.style.whitespace false`
warning: denote/Denote.lean:13773:26: missing space in the source

This part of the code
  '[32,8]) (hw1'
should be written as
  '[32, 8])'


Note: This linter can be disabled with `set_option linter.style.whitespace false`
warning: denote/Denote.lean:13773:52: missing space in the source

This part of the code
  '[32,8])
'
should be written as
  '[32, 8])'


Note: This linter can be disabled with `set_option linter.style.whitespace false`
warning: denote/Denote.lean:13774:26: missing space in the source

This part of the code
  '[32,8]) (hw3'
should be written as
  '[32, 8])'


Note: This linter can be disabled with `set_option linter.style.whitespace false`
warning: denote/Denote.lean:13774:52: missing space in the source

This part of the code
  '[32,8]) :'
should be written as
  '[32, 8])'


Note: This linter can be disabled with `set_option linter.style.whitespace false`
warning: denote/Denote.lean:13876:0: Please, add a comment explaining the need for modifying the maxHeartbeat limit, as in
set_option maxHeartbeats 800000 in
-- reason for change
...

Note: This linter can be disabled with `set_option linter.style.maxHeartbeats false`
warning: denote/Denote.lean:13932:29: Variable name `ho` is not explicitly referenced.

The binding can be removed (if unused) or named `_` (if used implicitly).

Note: This linter can be disabled with `set_option linter.unusedVariables false`
warning: denote/Denote.lean:13995:13: This simp argument is unused:
  Nat.mul_one

Hint: Omit it from the simp argument list.
  simp only [̵N̵a̵t̵.̵m̵u̵l̵_̵o̵n̵e̵,̵ ̵N̵a̵t̵.̵a̵d̵d̵_̵z̵e̵r̵o̵,̵[̲N̲a̲t̲.̲a̲d̲d̲_̲z̲e̲r̲o̲,̲ valAt, hidx_lt_Wr, dif_pos]

Note: This linter can be disabled with `set_option linter.unusedSimpArgs false`
warning: denote/Denote.lean:13997:0: Please, add a comment explaining the need for modifying the maxHeartbeat limit, as in
set_option maxHeartbeats 1600000 in
-- reason for change
...

Note: This linter can be disabled with `set_option linter.style.maxHeartbeats false`
warning: denote/Denote.lean:14082:61: This simp argument is unused:
  List.getElem?_cons_succ

Hint: Omit it from the simp argument list.
  simp only [List.getD, List.getElem?_cons_zero, L̵i̵s̵t̵.̵g̵e̵t̵E̵l̵e̵m̵?̵_̵c̵o̵n̵s̵_̵s̵u̵c̵c̵,̵ ̵Option.getD_some]

Note: This linter can be disabled with `set_option linter.unusedSimpArgs false`
warning: denote/Denote.lean:14015:0: Please, add a comment explaining the need for modifying the maxHeartbeat limit, as in
set_option maxHeartbeats 1600000 in
-- reason for change
...

Note: This linter can be disabled with `set_option linter.style.maxHeartbeats false`
warning: denote/Denote.lean:14113:0: Please, add a comment explaining the need for modifying the maxHeartbeat limit, as in
set_option maxHeartbeats 800000 in
-- reason for change
...

Note: This linter can be disabled with `set_option linter.style.maxHeartbeats false`
warning: denote/Denote.lean:14203:0: Please, add a comment explaining the need for modifying the maxHeartbeat limit, as in
set_option maxHeartbeats 2000000 in
-- reason for change
...

Note: This linter can be disabled with `set_option linter.style.maxHeartbeats false`
warning: denote/Denote.lean:14211:23: missing space in the source

This part of the code
  '[1,8,32])'
should be written as
  '[1, 8, 32])'


Note: This linter can be disabled with `set_option linter.style.whitespace false`
warning: denote/Denote.lean:14211:25: missing space in the source

This part of the code
  '[1,8,32])'
should be written as
  '8, 32])'


Note: This linter can be disabled with `set_option linter.style.whitespace false`
warning: denote/Denote.lean:14212:25: missing space in the source

This part of the code
  '[1,2,32])'
should be written as
  '[1, 2, 32])'


Note: This linter can be disabled with `set_option linter.style.whitespace false`
warning: denote/Denote.lean:14212:27: missing space in the source

This part of the code
  '[1,2,32])'
should be written as
  '2, 32])'


Note: This linter can be disabled with `set_option linter.style.whitespace false`
warning: denote/Denote.lean:14212:53: missing space in the source

This part of the code
  '[1,2,32])'
should be written as
  '[1, 2, 32])'


Note: This linter can be disabled with `set_option linter.style.whitespace false`
warning: denote/Denote.lean:14212:55: missing space in the source

This part of the code
  '[1,2,32])'
should be written as
  '2, 32])'


Note: This linter can be disabled with `set_option linter.style.whitespace false`
warning: denote/Denote.lean:14213:25: missing space in the source

This part of the code
  '[1,2,32])'
should be written as
  '[1, 2, 32])'


Note: This linter can be disabled with `set_option linter.style.whitespace false`
warning: denote/Denote.lean:14213:27: missing space in the source

This part of the code
  '[1,2,32])'
should be written as
  '2, 32])'


Note: This linter can be disabled with `set_option linter.style.whitespace false`
warning: denote/Denote.lean:14213:53: missing space in the source

This part of the code
  '[1,2,32])'
should be written as
  '[1, 2, 32])'


Note: This linter can be disabled with `set_option linter.style.whitespace false`
warning: denote/Denote.lean:14213:55: missing space in the source

This part of the code
  '[1,2,32])'
should be written as
  '2, 32])'


Note: This linter can be disabled with `set_option linter.style.whitespace false`
warning: denote/Denote.lean:14214:24: missing space in the source

This part of the code
  '[32,32])'
should be written as
  '[32, 32])'


Note: This linter can be disabled with `set_option linter.style.whitespace false`
warning: denote/Denote.lean:14307:0: Please, add a comment explaining the need for modifying the maxHeartbeat limit, as in
set_option maxHeartbeats 2000000 in
-- reason for change
...

Note: This linter can be disabled with `set_option linter.style.maxHeartbeats false`
warning: denote/Denote.lean:14316:23: missing space in the source

This part of the code
  '[1,8,32])'
should be written as
  '[1, 8, 32])'


Note: This linter can be disabled with `set_option linter.style.whitespace false`
warning: denote/Denote.lean:14316:25: missing space in the source

This part of the code
  '[1,8,32])'
should be written as
  '8, 32])'


Note: This linter can be disabled with `set_option linter.style.whitespace false`
warning: denote/Denote.lean:14316:49: missing space in the source

This part of the code
  '[1,8,32])'
should be written as
  '[1, 8, 32])'


Note: This linter can be disabled with `set_option linter.style.whitespace false`
warning: denote/Denote.lean:14316:51: missing space in the source

This part of the code
  '[1,8,32])'
should be written as
  '8, 32])'


Note: This linter can be disabled with `set_option linter.style.whitespace false`
warning: denote/Denote.lean:14317:25: missing space in the source

This part of the code
  '[1,2,32])'
should be written as
  '[1, 2, 32])'


Note: This linter can be disabled with `set_option linter.style.whitespace false`
warning: denote/Denote.lean:14317:27: missing space in the source

This part of the code
  '[1,2,32])'
should be written as
  '2, 32])'


Note: This linter can be disabled with `set_option linter.style.whitespace false`
warning: denote/Denote.lean:14317:53: missing space in the source

This part of the code
  '[1,2,32])'
should be written as
  '[1, 2, 32])'


Note: This linter can be disabled with `set_option linter.style.whitespace false`
warning: denote/Denote.lean:14317:55: missing space in the source

This part of the code
  '[1,2,32])'
should be written as
  '2, 32])'


Note: This linter can be disabled with `set_option linter.style.whitespace false`
warning: denote/Denote.lean:14318:25: missing space in the source

This part of the code
  '[1,2,32])'
should be written as
  '[1, 2, 32])'


Note: This linter can be disabled with `set_option linter.style.whitespace false`
warning: denote/Denote.lean:14318:27: missing space in the source

This part of the code
  '[1,2,32])'
should be written as
  '2, 32])'


Note: This linter can be disabled with `set_option linter.style.whitespace false`
warning: denote/Denote.lean:14318:53: missing space in the source

This part of the code
  '[1,2,32])'
should be written as
  '[1, 2, 32])'


Note: This linter can be disabled with `set_option linter.style.whitespace false`
warning: denote/Denote.lean:14318:55: missing space in the source

This part of the code
  '[1,2,32])'
should be written as
  '2, 32])'


Note: This linter can be disabled with `set_option linter.style.whitespace false`
warning: denote/Denote.lean:14319:24: missing space in the source

This part of the code
  '[32,32])'
should be written as
  '[32, 32])'


Note: This linter can be disabled with `set_option linter.style.whitespace false`
warning: denote/Denote.lean:14418:0: Please, add a comment explaining the need for modifying the maxHeartbeat limit, as in
set_option maxHeartbeats 1600000 in
-- reason for change
...

Note: This linter can be disabled with `set_option linter.style.maxHeartbeats false`
warning: denote/Denote.lean:14532:2: The `show` tactic should only be used to indicate intermediate goal states for readability.
However, this tactic invocation changed the goal. Please use `change` instead for these purposes.

Note: This linter can be disabled with `set_option linter.style.show false`
warning: denote/Denote.lean:14537:10: Used `tac1 <;> tac2` where `(tac1; tac2)` would suffice

Note: This linter can be disabled with `set_option linter.unnecessarySeqFocus false`
warning: denote/Denote.lean:14634:49: This simp argument is unused:
  Nat.reduceAdd

Hint: Omit it from the simp argument list.
  simp only [Finset.sum_range_succ, Finset.sum_range_zero, zero_add, Nat.reduceDiv, Nat.reduceMod,
  ̲  ̲ ̲ ̲Nat.reduceMul, N̵a̵t̵.̵r̵e̵d̵u̵c̵e̵A̵d̵d̵,̵Nat.zero_mul, Nat.add_zero, List.getD, List.getElem?_cons_zero,
  ̲  ̲ ̲ ̲List.getElem?_cons_succ, Option.getD_some]

Note: This linter can be disabled with `set_option linter.unusedSimpArgs false`
warning: denote/Denote.lean:14653:45: Variable name `hl` is not explicitly referenced.

The binding can be removed (if unused) or named `_` (if used implicitly).

Note: This linter can be disabled with `set_option linter.unusedVariables false`
warning: denote/Denote.lean:14656:43: Variable name `hl` is not explicitly referenced.

The binding can be removed (if unused) or named `_` (if used implicitly).

Note: This linter can be disabled with `set_option linter.unusedVariables false`
warning: denote/Denote.lean:14661:0: Please, add a comment explaining the need for modifying the maxHeartbeat limit, as in
set_option maxHeartbeats 1600000 in
-- reason for change
...

Note: This linter can be disabled with `set_option linter.style.maxHeartbeats false`
warning: denote/Denote.lean:14722:51: This simp argument is unused:
  List.getElem?_cons_succ

Hint: Omit it from the simp argument list.
  simp only [List.getD, List.getElem?_cons_zero, L̵i̵s̵t̵.̵g̵e̵t̵E̵l̵e̵m̵?̵_̵c̵o̵n̵s̵_̵s̵u̵c̵c̵,̵ ̵Option.getD_some]

Note: This linter can be disabled with `set_option linter.unusedSimpArgs false`
warning: denote/Denote.lean:14856:34: This simp argument is unused:
  Nat.reduceAdd

Hint: Omit it from the simp argument list.
  simp only [Finset.sum_range_succ, Finset.sum_range_zero, List.getD, List.getElem?_cons_zero,
  ̲  ̲ ̲ ̲List.getElem?_cons_succ, Option.getD_some, Nat.reduceDiv, Nat.reduceMod, N̵a̵t̵.̵r̵e̵d̵u̵c̵e̵A̵d̵d̵,̵ ̵Nat.add_zero,
  ̲  ̲ ̲ ̲Nat.zero_add]

Note: This linter can be disabled with `set_option linter.unusedSimpArgs false`
warning: denote/Denote.lean:14856:63: This simp argument is unused:
  Nat.zero_add

Hint: Omit it from the simp argument list.
  simp only [Finset.sum_range_succ, Finset.sum_range_zero,
  ̵  ̵ ̵ ̵List.getD, List.getElem?_cons_zero,
  ̲  ̲ ̲ ̲List.getElem?_cons_succ, Option.getD_some,
  ̵  ̵ ̵ ̵Nat.reduceDiv, Nat.reduceMod, Nat.reduceAdd,
  ̲ N̵a̵t̵.̵a̵d̵d̵_̵z̵e̵r̵o̵,̵  ̲ ̲Nat.z̵e̵r̵o̵_̵add_̲z̲e̲r̲o̲]

Note: This linter can be disabled with `set_option linter.unusedSimpArgs false`
warning: denote/Denote.lean:14911:2: The `show` tactic should only be used to indicate intermediate goal states for readability.
However, this tactic invocation changed the goal. Please use `change` instead for these purposes.

Note: This linter can be disabled with `set_option linter.style.show false`
warning: denote/Denote.lean:14935:2: The `show` tactic should only be used to indicate intermediate goal states for readability.
However, this tactic invocation changed the goal. Please use `change` instead for these purposes.

Note: This linter can be disabled with `set_option linter.style.show false`
warning: denote/Denote.lean:14962:2: The `show` tactic should only be used to indicate intermediate goal states for readability.
However, this tactic invocation changed the goal. Please use `change` instead for these purposes.

Note: This linter can be disabled with `set_option linter.style.show false`
warning: denote/Denote.lean:14999:33: This simp argument is unused:
  show (8 : Nat) ≠ 0 by omega

Hint: Omit it from the simp argument list.
  simp only [hx, List.getD, List.getElem?_cons_zero, List.getElem?_cons_succ,
  ̵  ̵ ̵ ̵Option.getD_some,
  ̲  ̲ ̲ ̲List.drop, List.foldl,
  ̵  ̵ ̵ ̵show (4 : Nat) ≠ 0 by omega, show (8̵ ̵:̵ ̵N̵a̵t̵)̵ ̵≠̵ ̵0̵ ̵b̵y̵ ̵o̵m̵e̵g̵a̵,̵
  ̵ ̵ ̵ ̵ ̵s̵h̵o̵w̵ ̵(̵32 : Nat) ≠ 0 by omega,
  ̲  ̲ ̲ ̲show (1 : Nat) ≠ 0 by omega, ite_false,
  ̵  ̵ ̵ ̵Nat.reduceMul, Nat.reduceDiv, Nat.reduceAdd,
      show (2 : Nat) ≠ 0 by omega, show (64 : Nat) ≠ 0 by omega]

Note: This linter can be disabled with `set_option linter.unusedSimpArgs false`
warning: denote/Denote.lean:15000:34: This simp argument is unused:
  show (1 : Nat) ≠ 0 by omega

Hint: Omit it from the simp argument list.
  simp only [hx, List.getD, List.getElem?_cons_zero, List.getElem?_cons_succ,
  ̵  ̵ ̵ ̵Option.getD_some,
  ̲  ̲ ̲ ̲List.drop, List.foldl,
  ̵  ̵ ̵ ̵show (4 : Nat) ≠ 0 by omega, show (8 : Nat) ≠ 0 by omega,
      show (32 : Nat) ≠ 0 by omega, s̵h̵o̵w̵ ̵(̵1̵ ̵:̵ ̵N̵a̵t̵)̵ ̵≠̵ ̵0̵ ̵b̵y̵ ̵o̵m̵e̵g̵a̵,̵ ̵ite_false,
  ̵  ̵ ̵ ̵Nat.reduceMul, Nat.reduceDiv, Nat.reduceAdd,
      show (2 : Nat) ≠ 0 by omega, show (64 : Nat) ≠ 0 by omega]

Note: This linter can be disabled with `set_option linter.unusedSimpArgs false`
warning: denote/Denote.lean:15002:4: This simp argument is unused:
  show (2 : Nat) ≠ 0 by omega

Hint: Omit it from the simp argument list.
  simp only [hx, List.getD, List.getElem?_cons_zero, List.getElem?_cons_succ,
  ̵  ̵ ̵ ̵Option.getD_some,
  ̲  ̲ ̲ ̲List.drop, List.foldl,
  ̵  ̵ ̵ ̵show (4 : Nat) ≠ 0 by omega, show (8 : Nat) ≠ 0 by omega,
      show (32 : Nat) ≠ 0 by omega, show (1 : Nat) ≠ 0 by omega, ite_false,
  ̵  ̵ ̵ ̵Nat.reduceMul,
  ̲  ̲ ̲ ̲Nat.reduceDiv, Nat.reduceAdd,
  ̵  ̵ ̵ ̵show (2̵ ̵:̵ ̵N̵a̵t̵)̵ ̵≠̵ ̵0̵ ̵b̵y̵ ̵o̵m̵e̵g̵a̵,̵ ̵s̵h̵o̵w̵ ̵(̵64 : Nat) ≠ 0 by omega]

Note: This linter can be disabled with `set_option linter.unusedSimpArgs false`
warning: denote/Denote.lean:15024:4: This simp argument is unused:
  Nat.reduceDiv

Hint: Omit it from the simp argument list.
  simp only [hhead, List.getD, List.getElem?_cons_zero, List.getElem?_cons_succ, Option.getD_some,
  ̲  ̲ ̲ ̲List.drop, List.foldl, Nat.reduceMul, Nat.reduceAdd, N̵a̵t̵.̵r̵e̵d̵u̵c̵e̵D̵i̵v̵,̵ ̵Nat.reduceMod, Nat.div_one, Nat.mod_one,
  ̲  ̲ ̲ ̲Nat.mul_one, Nat.add_zero, Nat.zero_add, show (2 : Nat) ≠ 0 from by omega,
      show (32 : Nat) ≠ 0 from by omega, show (64 : Nat) ≠ 0 from by omega,
      show (256 : Nat) ≠ 0 from by omega, ite_false]

Note: This linter can be disabled with `set_option linter.unusedSimpArgs false`
warning: denote/Denote.lean:15024:19: This simp argument is unused:
  Nat.reduceMod

Hint: Omit it from the simp argument list.
  simp only [hhead, List.getD, List.getElem?_cons_zero, List.getElem?_cons_succ,
  ̵  ̵ ̵ ̵Option.getD_some,
  ̲  ̲ ̲ ̲List.drop, List.foldl, Nat.reduceMul, Nat.reduceAdd,
  ̵  ̵ ̵ ̵Nat.reduceDiv, Nat.r̵e̵du̵c̵e̵M̵o̵d̵,̵ ̵N̵a̵t̵.̵d̵iv_one, Nat.mod_one,
  ̲  ̲ ̲ ̲Nat.mul_one,
  ̵  ̵ ̵ ̵Nat.add_zero, Nat.zero_add, show (2 : Nat) ≠ 0 from by omega,
      show (32 : Nat) ≠ 0 from by omega, show (64 : Nat) ≠ 0 from by omega,
      show (256 : Nat) ≠ 0 from by omega, ite_false]

Note: This linter can be disabled with `set_option linter.unusedSimpArgs false`
warning: denote/Denote.lean:15024:34: This simp argument is unused:
  Nat.div_one

Hint: Omit it from the simp argument list.
  simp only [hhead, List.getD, List.getElem?_cons_zero, List.getElem?_cons_succ,
  ̵  ̵ ̵ ̵Option.getD_some,
  ̲  ̲ ̲ ̲List.drop, List.foldl, Nat.reduceMul, Nat.reduceAdd,
  ̵  ̵ ̵ ̵Nat.reduceDiv, Nat.reduceMod, Nat.d̵i̵v̵_̵o̵n̵e̵,̵ ̵N̵a̵t̵.̵mod_one, ̵N̵a̵t̵.̵m̵u̵l̵_̵o̵n̵e̵,̵
      Nat.m̲u̲l̲_̲o̲n̲e̲,̲ ̲N̲at̲.̲a̲dd_zero, Nat.zero_add, show (2 : Nat) ≠ 0 from by omega,
      show (32 : Nat) ≠ 0 from by omega, show (64 : Nat) ≠ 0 from by omega,
      show (256 : Nat) ≠ 0 from by omega, ite_false]

Note: This linter can be disabled with `set_option linter.unusedSimpArgs false`
warning: denote/Denote.lean:15024:47: This simp argument is unused:
  Nat.mod_one

Hint: Omit it from the simp argument list.
  simp only [hhead, List.getD, List.getElem?_cons_zero, List.getElem?_cons_succ,
  ̵  ̵ ̵ ̵Option.getD_some,
  ̲  ̲ ̲ ̲List.drop, List.foldl, Nat.reduceMul, Nat.reduceAdd,
  ̵  ̵ ̵ ̵Nat.reduceDiv, Nat.reduceMod, Nat.div_one, ̵N̵a̵t̵.̵m̵o̵d̵_̵o̵n̵e̵,̵ ̵N̵a̵t̵.̵m̵u̵l̵_̵o̵n̵e̵,̵
      Nat.m̲u̲l̲_̲o̲n̲e̲,̲ ̲N̲at̲.̲a̲dd_zero, Nat.zero_add, show (2 : Nat) ≠ 0 from by omega,
      show (32 : Nat) ≠ 0 from by omega, show (64 : Nat) ≠ 0 from by omega,
      show (256 : Nat) ≠ 0 from by omega, ite_false]

Note: This linter can be disabled with `set_option linter.unusedSimpArgs false`
warning: denote/Denote.lean:15024:60: This simp argument is unused:
  Nat.mul_one

Hint: Omit it from the simp argument list.
  simp only [hhead, List.getD, List.getElem?_cons_zero, List.getElem?_cons_succ,
  ̵  ̵ ̵ ̵Option.getD_some,
  ̲  ̲ ̲ ̲List.drop, List.foldl, Nat.reduceMul, Nat.reduceAdd,
  ̵  ̵ ̵ ̵Nat.reduceDiv, Nat.reduceMod, Nat.div_one,
  ̲  ̲ ̲ ̲Nat.mod_one, Nat.m̵u̵l̵_̵o̵n̵e̵,̵
  ̵ ̵ ̵ ̵ ̵N̵at̵.̵a̵dd_zero, Nat.zero_add, show (2 : Nat) ≠ 0 from by omega,
      show (32 : Nat) ≠ 0 from by omega, show (64 : Nat) ≠ 0 from by omega,
      show (256 : Nat) ≠ 0 from by omega, ite_false]

Note: This linter can be disabled with `set_option linter.unusedSimpArgs false`
warning: denote/Denote.lean:15025:4: This simp argument is unused:
  Nat.add_zero

Hint: Omit it from the simp argument list.
  simp only [hhead, List.getD, List.getElem?_cons_zero, List.getElem?_cons_succ,
  ̵  ̵ ̵ ̵Option.getD_some,
  ̲  ̲ ̲ ̲List.drop, List.foldl, Nat.reduceMul, Nat.reduceAdd,
  ̵  ̵ ̵ ̵Nat.reduceDiv, Nat.reduceMod, Nat.div_one, ̵N̵a̵t̵.̵m̵o̵d̵_̵o̵n̵e̵,̵ ̵N̵a̵t̵.̵m̵u̵l̵_̵o̵n̵e̵,̵
      Nat.m̲o̲d̲_̲o̲n̲e̲,̲ ̲N̲ad̵d̵t̲.̲m̲u̲l̲_z̵o̲n̲er̵o̵, Nat.zero_add, show (2 : Nat) ≠ 0 from by omega,
      show (32 : Nat) ≠ 0 from by omega, show (64 : Nat) ≠ 0 from by omega,
      show (256 : Nat) ≠ 0 from by omega, ite_false]

Note: This linter can be disabled with `set_option linter.unusedSimpArgs false`
warning: denote/Denote.lean:15025:18: This simp argument is unused:
  Nat.zero_add

Hint: Omit it from the simp argument list.
  simp only [hhead, List.getD, List.getElem?_cons_zero, List.getElem?_cons_succ,
  ̵  ̵ ̵ ̵Option.getD_some,
  ̲  ̲ ̲ ̲List.drop, List.foldl, Nat.reduceMul, Nat.reduceAdd,
  ̵  ̵ ̵ ̵Nat.reduceDiv, Nat.reduceMod, Nat.div_one, ̵N̵a̵t̵.̵m̵o̵d̵_̵o̵n̵e̵,̵ ̵N̵a̵t̵.̵m̵u̵l̵_̵o̵n̵e̵,̵
      Nat.m̲o̲d̲_̲o̲n̲e̲,̲ ̲N̲ad̵d̵t̲.̲m̲u̲l̲_z̵o̲n̲er̵o̵, Nat.z̵e̵r̵o̵_̵add_̲z̲e̲r̲o̲, show (2 : Nat) ≠ 0 from by omega,
      show (32 : Nat) ≠ 0 from by omega, show (64 : Nat) ≠ 0 from by omega,
      show (256 : Nat) ≠ 0 from by omega, ite_false]

Note: This linter can be disabled with `set_option linter.unusedSimpArgs false`
warning: denote/Denote.lean:15026:39: This simp argument is unused:
  show (64 : Nat) ≠ 0 from by omega

Hint: Omit it from the simp argument list.
  simp only [hhead, List.getD, List.getElem?_cons_zero, List.getElem?_cons_succ,
  ̵  ̵ ̵ ̵Option.getD_some,
  ̲  ̲ ̲ ̲List.drop, List.foldl, Nat.reduceMul, Nat.reduceAdd,
  ̵  ̵ ̵ ̵Nat.reduceDiv, Nat.reduceMod, Nat.div_one,
  ̲  ̲ ̲ ̲Nat.mod_one, Nat.mul_one,
  ̵  ̵ ̵ ̵Nat.add_zero, Nat.zero_add, show (2 : Nat) ≠ 0 from by omega,
      show (32 : Nat) ≠ 0 from by omega, show (6̵4̵ ̵:̵ ̵N̵a̵t̵)̵ ̵≠̵ ̵0̵ ̵f̵r̵o̵m̵ ̵b̵y̵ ̵o̵m̵e̵g̵a̵,̵
  ̵ ̵ ̵ ̵ ̵s̵h̵o̵w̵ ̵(̵256 : Nat) ≠ 0 from by omega, ite_false]

Note: This linter can be disabled with `set_option linter.unusedSimpArgs false`
warning: denote/Denote.lean:15067:23: This simp argument is unused:
  List.getElem?_cons_zero

Hint: Omit it from the simp argument list.
  simp [List.getD, L̵i̵s̵t̵.̵g̵e̵t̵E̵l̵e̵m̵?̵_̵c̵o̵n̵s̵_̵z̵e̵r̵o̵,̵ ̵List.getElem?_cons_succ]

Note: This linter can be disabled with `set_option linter.unusedSimpArgs false`
warning: denote/Denote.lean:15067:48: This simp argument is unused:
  List.getElem?_cons_succ

Hint: Omit it from the simp argument list.
  simp [List.getD, List.getElem?_cons_zero,̵ ̵L̵i̵s̵t̵.̵g̵e̵t̵E̵l̵e̵m̵?̵_̵c̵o̵n̵s̵_̵s̵u̵c̵c̵]

Note: This linter can be disabled with `set_option linter.unusedSimpArgs false`
warning: denote/Denote.lean:15075:2: The `show` tactic should only be used to indicate intermediate goal states for readability.
However, this tactic invocation changed the goal. Please use `change` instead for these purposes.

Note: This linter can be disabled with `set_option linter.style.show false`
warning: denote/Denote.lean:15102:2: The `show` tactic should only be used to indicate intermediate goal states for readability.
However, this tactic invocation changed the goal. Please use `change` instead for these purposes.

Note: This linter can be disabled with `set_option linter.style.show false`
warning: denote/Denote.lean:15169:24: This simp argument is unused:
  List.getD

Hint: Omit it from the simp argument list.
  simp only [List.getD̵,̵ ̵L̵i̵s̵t̵.̵g̵e̵t̵Elem?_cons_zero, List.getElem?_cons_succ, Option.getD_some]

Note: This linter can be disabled with `set_option linter.unusedSimpArgs false`
warning: denote/Denote.lean:15169:60: This simp argument is unused:
  List.getElem?_cons_succ

Hint: Omit it from the simp argument list.
  simp only [List.getD, List.getElem?_cons_zero, L̵i̵s̵t̵.̵g̵e̵t̵E̵l̵e̵m̵?̵_̵c̵o̵n̵s̵_̵s̵u̵c̵c̵,̵ ̵Option.getD_some]

Note: This linter can be disabled with `set_option linter.unusedSimpArgs false`
warning: denote/Denote.lean:15173:24: This simp argument is unused:
  List.getD

Hint: Omit it from the simp argument list.
  simp only [List.getD̵,̵ ̵L̵i̵s̵t̵.̵g̵e̵t̵Elem?_cons_zero, List.getElem?_cons_succ, Option.getD_some]

Note: This linter can be disabled with `set_option linter.unusedSimpArgs false`
warning: denote/Denote.lean:15177:24: This simp argument is unused:
  List.getD

Hint: Omit it from the simp argument list.
  simp only [List.getD̵,̵ ̵L̵i̵s̵t̵.̵g̵e̵t̵Elem?_cons_zero, List.getElem?_cons_succ, Option.getD_some]

Note: This linter can be disabled with `set_option linter.unusedSimpArgs false`
warning: denote/Denote.lean:15181:24: This simp argument is unused:
  List.getD

Hint: Omit it from the simp argument list.
  simp only [List.getD̵,̵ ̵L̵i̵s̵t̵.̵g̵e̵t̵Elem?_cons_zero, List.getElem?_cons_succ, Option.getD_some]

Note: This linter can be disabled with `set_option linter.unusedSimpArgs false`
warning: denote/Denote.lean:15189:2: The `show` tactic should only be used to indicate intermediate goal states for readability.
However, this tactic invocation changed the goal. Please use `change` instead for these purposes.

Note: This linter can be disabled with `set_option linter.style.show false`
warning: denote/Denote.lean:15213:2: The `show` tactic should only be used to indicate intermediate goal states for readability.
However, this tactic invocation changed the goal. Please use `change` instead for these purposes.

Note: This linter can be disabled with `set_option linter.style.show false`
warning: denote/Denote.lean:15233:25: This simp argument is unused:
  hne.symm

Hint: Omit it from the simp argument list.
  simp [List.find?, hne,̵ ̵h̵n̵e̵.̵s̵y̵m̵m̵]

Note: This linter can be disabled with `set_option linter.unusedSimpArgs false`
warning: denote/Denote.lean:15237:2: The `show` tactic should only be used to indicate intermediate goal states for readability.
However, this tactic invocation changed the goal. Please use `change` instead for these purposes.

Note: This linter can be disabled with `set_option linter.style.show false`
warning: denote/Denote.lean:15261:2: The `show` tactic should only be used to indicate intermediate goal states for readability.
However, this tactic invocation changed the goal. Please use `change` instead for these purposes.

Note: This linter can be disabled with `set_option linter.style.show false`
warning: denote/Denote.lean:15281:25: This simp argument is unused:
  hne.symm

Hint: Omit it from the simp argument list.
  simp [List.find?, hne,̵ ̵h̵n̵e̵.̵s̵y̵m̵m̵]

Note: This linter can be disabled with `set_option linter.unusedSimpArgs false`
warning: denote/Denote.lean:15289:0: Please, add a comment explaining the need for modifying the maxHeartbeat limit, as in
set_option maxHeartbeats 1600000 in
-- reason for change
...

Note: This linter can be disabled with `set_option linter.style.maxHeartbeats false`
warning: denote/Denote.lean:15357:12: Used `tac1 <;> tac2` where `(tac1; tac2)` would suffice

Note: This linter can be disabled with `set_option linter.unnecessarySeqFocus false`
warning: denote/Denote.lean:15367:12: Used `tac1 <;> tac2` where `(tac1; tac2)` would suffice

Note: This linter can be disabled with `set_option linter.unnecessarySeqFocus false`
warning: denote/Denote.lean:15377:12: Used `tac1 <;> tac2` where `(tac1; tac2)` would suffice

Note: This linter can be disabled with `set_option linter.unnecessarySeqFocus false`
warning: denote/Denote.lean:15387:12: Used `tac1 <;> tac2` where `(tac1; tac2)` would suffice

Note: This linter can be disabled with `set_option linter.unnecessarySeqFocus false`
warning: denote/Denote.lean:15458:23: This simp argument is unused:
  List.getElem?_cons_zero

Hint: Omit it from the simp argument list.
  simp [List.getD, L̵i̵s̵t̵.̵g̵e̵t̵E̵l̵e̵m̵?̵_̵c̵o̵n̵s̵_̵z̵e̵r̵o̵,̵ ̵List.getElem?_cons_succ, h0, h1, h2, h3]

Note: This linter can be disabled with `set_option linter.unusedSimpArgs false`
warning: denote/Denote.lean:15458:48: This simp argument is unused:
  List.getElem?_cons_succ

Hint: Omit it from the simp argument list.
  simp [List.getD, List.getElem?_cons_zero, L̵i̵s̵t̵.̵g̵e̵t̵E̵l̵e̵m̵?̵_̵c̵o̵n̵s̵_̵s̵u̵c̵c̵,̵ ̵h0, h1, h2, h3]

Note: This linter can be disabled with `set_option linter.unusedSimpArgs false`
warning: denote/Denote.lean:15466:23: This simp argument is unused:
  List.getElem?_cons_zero

Hint: Omit it from the simp argument list.
  simp [List.getD, L̵i̵s̵t̵.̵g̵e̵t̵E̵l̵e̵m̵?̵_̵c̵o̵n̵s̵_̵z̵e̵r̵o̵,̵ ̵List.getElem?_cons_succ]

Note: This linter can be disabled with `set_option linter.unusedSimpArgs false`
warning: denote/Denote.lean:15466:48: This simp argument is unused:
  List.getElem?_cons_succ

Hint: Omit it from the simp argument list.
  simp [List.getD, List.getElem?_cons_zero,̵ ̵L̵i̵s̵t̵.̵g̵e̵t̵E̵l̵e̵m̵?̵_̵c̵o̵n̵s̵_̵s̵u̵c̵c̵]

Note: This linter can be disabled with `set_option linter.unusedSimpArgs false`
warning: denote/Denote.lean:15544:35: This simp argument is unused:
  List.foldl

Hint: Omit it from the simp argument list.
  simp [tensorSum, Tensor.mkShape,̵ ̵L̵i̵s̵t̵.̵f̵o̵l̵d̵l̵]

Note: This linter can be disabled with `set_option linter.unusedSimpArgs false`
warning: denote/Denote.lean:15554:35: Variable name `hb1` is not explicitly referenced.

The binding can be removed (if unused) or named `_` (if used implicitly).

Note: This linter can be disabled with `set_option linter.unusedVariables false`
warning: denote/Denote.lean:15555:5: Variable name `hb2` is not explicitly referenced.

The binding can be removed (if unused) or named `_` (if used implicitly).

Note: This linter can be disabled with `set_option linter.unusedVariables false`
warning: denote/Denote.lean:15555:35: Variable name `hb3` is not explicitly referenced.

The binding can be removed (if unused) or named `_` (if used implicitly).

Note: This linter can be disabled with `set_option linter.unusedVariables false`
warning: denote/Denote.lean:15630:0: Please, add a comment explaining the need for modifying the maxHeartbeat limit, as in
set_option maxHeartbeats 1600000 in
-- reason for change
...

Note: This linter can be disabled with `set_option linter.style.maxHeartbeats false`
warning: denote/Denote.lean:15755:2: The `show` tactic should only be used to indicate intermediate goal states for readability.
However, this tactic invocation changed the goal. Please use `change` instead for these purposes.

Note: This linter can be disabled with `set_option linter.style.show false`
warning: denote/Denote.lean:15760:10: Used `tac1 <;> tac2` where `(tac1; tac2)` would suffice

Note: This linter can be disabled with `set_option linter.unnecessarySeqFocus false`
warning: denote/Denote.lean:15762:0: Please, add a comment explaining the need for modifying the maxHeartbeat limit, as in
set_option maxHeartbeats 4000000 in
-- reason for change
...

Note: This linter can be disabled with `set_option linter.style.maxHeartbeats false`
warning: denote/Denote.lean:15868:35: This simp argument is unused:
  List.foldl

Hint: Omit it from the simp argument list.
  simp [tensorSum, Tensor.mkShape,̵ ̵L̵i̵s̵t̵.̵f̵o̵l̵d̵l̵]

Note: This linter can be disabled with `set_option linter.unusedSimpArgs false`
warning: denote/Denote.lean:15876:35: Variable name `hb1` is not explicitly referenced.

The binding can be removed (if unused) or named `_` (if used implicitly).

Note: This linter can be disabled with `set_option linter.unusedVariables false`
warning: denote/Denote.lean:15877:5: Variable name `hb2` is not explicitly referenced.

The binding can be removed (if unused) or named `_` (if used implicitly).

Note: This linter can be disabled with `set_option linter.unusedVariables false`
warning: denote/Denote.lean:15877:35: Variable name `hb3` is not explicitly referenced.

The binding can be removed (if unused) or named `_` (if used implicitly).

Note: This linter can be disabled with `set_option linter.unusedVariables false`
warning: denote/Denote.lean:15956:35: Variable name `hb1` is not explicitly referenced.

The binding can be removed (if unused) or named `_` (if used implicitly).

Note: This linter can be disabled with `set_option linter.unusedVariables false`
warning: denote/Denote.lean:15957:5: Variable name `hb2` is not explicitly referenced.

The binding can be removed (if unused) or named `_` (if used implicitly).

Note: This linter can be disabled with `set_option linter.unusedVariables false`
warning: denote/Denote.lean:15957:35: Variable name `hb3` is not explicitly referenced.

The binding can be removed (if unused) or named `_` (if used implicitly).

Note: This linter can be disabled with `set_option linter.unusedVariables false`
warning: denote/Denote.lean:16023:35: This simp argument is unused:
  List.foldl

Hint: Omit it from the simp argument list.
  simp [tensorSum, Tensor.mkShape,̵ ̵L̵i̵s̵t̵.̵f̵o̵l̵d̵l̵]

Note: This linter can be disabled with `set_option linter.unusedSimpArgs false`
warning: denote/Denote.lean:16030:35: Variable name `hc1` is not explicitly referenced.

The binding can be removed (if unused) or named `_` (if used implicitly).

Note: This linter can be disabled with `set_option linter.unusedVariables false`
warning: denote/Denote.lean:16031:5: Variable name `hc2` is not explicitly referenced.

The binding can be removed (if unused) or named `_` (if used implicitly).

Note: This linter can be disabled with `set_option linter.unusedVariables false`
warning: denote/Denote.lean:16031:35: Variable name `hc3` is not explicitly referenced.

The binding can be removed (if unused) or named `_` (if used implicitly).

Note: This linter can be disabled with `set_option linter.unusedVariables false`
warning: denote/Denote.lean:16092:51: This simp argument is unused:
  List.getElem?_cons_succ

Hint: Omit it from the simp argument list.
  simp only [List.getD, List.getElem?_cons_zero, L̵i̵s̵t̵.̵g̵e̵t̵E̵l̵e̵m̵?̵_̵c̵o̵n̵s̵_̵s̵u̵c̵c̵,̵ ̵Option.getD_some]

Note: This linter can be disabled with `set_option linter.unusedSimpArgs false`
warning: denote/Denote.lean:16126:35: Variable name `hb1` is not explicitly referenced.

The binding can be removed (if unused) or named `_` (if used implicitly).

Note: This linter can be disabled with `set_option linter.unusedVariables false`
warning: denote/Denote.lean:16127:5: Variable name `hb2` is not explicitly referenced.

The binding can be removed (if unused) or named `_` (if used implicitly).

Note: This linter can be disabled with `set_option linter.unusedVariables false`
warning: denote/Denote.lean:16127:35: Variable name `hb3` is not explicitly referenced.

The binding can be removed (if unused) or named `_` (if used implicitly).

Note: This linter can be disabled with `set_option linter.unusedVariables false`
warning: denote/Denote.lean:16173:4: The `show` tactic should only be used to indicate intermediate goal states for readability.
However, this tactic invocation changed the goal. Please use `change` instead for these purposes.

Note: This linter can be disabled with `set_option linter.style.show false`
warning: denote/Denote.lean:16176:4: The `show` tactic should only be used to indicate intermediate goal states for readability.
However, this tactic invocation changed the goal. Please use `change` instead for these purposes.

Note: This linter can be disabled with `set_option linter.style.show false`
warning: denote/Denote.lean:16179:4: The `show` tactic should only be used to indicate intermediate goal states for readability.
However, this tactic invocation changed the goal. Please use `change` instead for these purposes.

Note: This linter can be disabled with `set_option linter.style.show false`
warning: denote/Denote.lean:16182:4: The `show` tactic should only be used to indicate intermediate goal states for readability.
However, this tactic invocation changed the goal. Please use `change` instead for these purposes.

Note: This linter can be disabled with `set_option linter.style.show false`
warning: denote/Denote.lean:16193:5: Variable name `hb1` is not explicitly referenced.

The binding can be removed (if unused) or named `_` (if used implicitly).

Note: This linter can be disabled with `set_option linter.unusedVariables false`
warning: denote/Denote.lean:16193:35: Variable name `hb2` is not explicitly referenced.

The binding can be removed (if unused) or named `_` (if used implicitly).

Note: This linter can be disabled with `set_option linter.unusedVariables false`
warning: denote/Denote.lean:16194:5: Variable name `hb3` is not explicitly referenced.

The binding can be removed (if unused) or named `_` (if used implicitly).

Note: This linter can be disabled with `set_option linter.unusedVariables false`
warning: denote/Denote.lean:16238:35: This simp argument is unused:
  List.foldl

Hint: Omit it from the simp argument list.
  simp [tensorSum, Tensor.mkShape,̵ ̵L̵i̵s̵t̵.̵f̵o̵l̵d̵l̵]

Note: This linter can be disabled with `set_option linter.unusedSimpArgs false`
warning: denote/Denote.lean:16245:35: Variable name `hc1` is not explicitly referenced.

The binding can be removed (if unused) or named `_` (if used implicitly).

Note: This linter can be disabled with `set_option linter.unusedVariables false`
warning: denote/Denote.lean:16246:5: Variable name `hc2` is not explicitly referenced.

The binding can be removed (if unused) or named `_` (if used implicitly).

Note: This linter can be disabled with `set_option linter.unusedVariables false`
warning: denote/Denote.lean:16246:35: Variable name `hc3` is not explicitly referenced.

The binding can be removed (if unused) or named `_` (if used implicitly).

Note: This linter can be disabled with `set_option linter.unusedVariables false`
warning: denote/Denote.lean:16258:20: The `show` tactic should only be used to indicate intermediate goal states for readability.
However, this tactic invocation changed the goal. Please use `change` instead for these purposes.

Note: This linter can be disabled with `set_option linter.style.show false`
warning: denote/Denote.lean:16325:35: Variable name `hb1` is not explicitly referenced.

The binding can be removed (if unused) or named `_` (if used implicitly).

Note: This linter can be disabled with `set_option linter.unusedVariables false`
warning: denote/Denote.lean:16326:5: Variable name `hb2` is not explicitly referenced.

The binding can be removed (if unused) or named `_` (if used implicitly).

Note: This linter can be disabled with `set_option linter.unusedVariables false`
warning: denote/Denote.lean:16326:35: Variable name `hb3` is not explicitly referenced.

The binding can be removed (if unused) or named `_` (if used implicitly).

Note: This linter can be disabled with `set_option linter.unusedVariables false`
warning: denote/Denote.lean:16375:0: Please, add a comment explaining the need for modifying the maxHeartbeat limit, as in
set_option maxHeartbeats 1600000 in
-- reason for change
...

Note: This linter can be disabled with `set_option linter.style.maxHeartbeats false`
warning: denote/Denote.lean:16504:0: Please, add a comment explaining the need for modifying the maxHeartbeat limit, as in
set_option maxHeartbeats 2000000 in
-- reason for change
...

Note: This linter can be disabled with `set_option linter.style.maxHeartbeats false`
warning: denote/Denote.lean:16512:23: missing space in the source

This part of the code
  '[1,8,128])'
should be written as
  '[1, 8, 128])'


Note: This linter can be disabled with `set_option linter.style.whitespace false`
warning: denote/Denote.lean:16512:25: missing space in the source

This part of the code
  '[1,8,128])'
should be written as
  '8, 128])'


Note: This linter can be disabled with `set_option linter.style.whitespace false`
warning: denote/Denote.lean:16512:52: missing space in the source

This part of the code
  '[1,8,32])'
should be written as
  '[1, 8, 32])'


Note: This linter can be disabled with `set_option linter.style.whitespace false`
warning: denote/Denote.lean:16512:54: missing space in the source

This part of the code
  '[1,8,32])'
should be written as
  '8, 32])'


Note: This linter can be disabled with `set_option linter.style.whitespace false`
warning: denote/Denote.lean:16513:25: missing space in the source

This part of the code
  '[1,8,8])'
should be written as
  '[1, 8, 8])'


Note: This linter can be disabled with `set_option linter.style.whitespace false`
warning: denote/Denote.lean:16513:27: missing space in the source

This part of the code
  '[1,8,8]) (hx1'
should be written as
  '8, 8])'


Note: This linter can be disabled with `set_option linter.style.whitespace false`
warning: denote/Denote.lean:16513:52: missing space in the source

This part of the code
  '[1,8,8])'
should be written as
  '[1, 8, 8])'


Note: This linter can be disabled with `set_option linter.style.whitespace false`
warning: denote/Denote.lean:16513:54: missing space in the source

This part of the code
  '[1,8,8])
'
should be written as
  '8, 8])'


Note: This linter can be disabled with `set_option linter.style.whitespace false`
warning: denote/Denote.lean:16514:25: missing space in the source

This part of the code
  '[1,8,8])'
should be written as
  '[1, 8, 8])'


Note: This linter can be disabled with `set_option linter.style.whitespace false`
warning: denote/Denote.lean:16514:27: missing space in the source

This part of the code
  '[1,8,8]) (hx3'
should be written as
  '8, 8])'


Note: This linter can be disabled with `set_option linter.style.whitespace false`
warning: denote/Denote.lean:16514:52: missing space in the source

This part of the code
  '[1,8,8])'
should be written as
  '[1, 8, 8])'


Note: This linter can be disabled with `set_option linter.style.whitespace false`
warning: denote/Denote.lean:16514:54: missing space in the source

This part of the code
  '[1,8,8])
'
should be written as
  '8, 8])'


Note: This linter can be disabled with `set_option linter.style.whitespace false`
warning: denote/Denote.lean:16515:27: missing space in the source

This part of the code
  '[128,8]) (hw1'
should be written as
  '[128, 8])'


Note: This linter can be disabled with `set_option linter.style.whitespace false`
warning: denote/Denote.lean:16515:54: missing space in the source

This part of the code
  '[128,8])
'
should be written as
  '[128, 8])'


Note: This linter can be disabled with `set_option linter.style.whitespace false`
warning: denote/Denote.lean:16516:27: missing space in the source

This part of the code
  '[128,8]) (hw3'
should be written as
  '[128, 8])'


Note: This linter can be disabled with `set_option linter.style.whitespace false`
warning: denote/Denote.lean:16516:54: missing space in the source

This part of the code
  '[128,8]) :'
should be written as
  '[128, 8])'


Note: This linter can be disabled with `set_option linter.style.whitespace false`
warning: denote/Denote.lean:16583:0: Please, add a comment explaining the need for modifying the maxHeartbeat limit, as in
set_option maxHeartbeats 800000 in
-- reason for change
...

Note: This linter can be disabled with `set_option linter.style.maxHeartbeats false`
warning: denote/Denote.lean:16683:45: This simp argument is unused:
  List.set

Hint: Omit it from the simp argument list.
  simp only [allGatherPrimDimN, Tensor.mkShape, hhead, List.getD,
  ̵  ̵ ̵ ̵List.getElem?_cons_zero,
  ̲  ̲ ̲ ̲List.getElem?_cons_succ,
  ̵  ̵ ̵ ̵Option.getD_some, List.drop, List.foldl, List.s̵e̵t̵,̵ ̵L̵i̵s̵t̵.̵length, List.take,
      show (32 : Nat) ≠ 0 from by omega,
  ̵  ̵ ̵ ̵show (128 : Nat) ≠ 0 from by omega,
      show (4 : Nat) ≠ 0 from by omega, show (1 : Nat) ≠ 0 from by omega]

Note: This linter can be disabled with `set_option linter.unusedSimpArgs false`
warning: denote/Denote.lean:16683:55: This simp argument is unused:
  List.length

Hint: Omit it from the simp argument list.
  simp only [allGatherPrimDimN, Tensor.mkShape, hhead, List.getD,
  ̵  ̵ ̵ ̵List.getElem?_cons_zero,
  ̲  ̲ ̲ ̲List.getElem?_cons_succ,
  ̵  ̵ ̵ ̵Option.getD_some, List.drop, List.foldl, List.set, List.l̵e̵n̵g̵th̵,̵ ̵L̵i̵s̵t̵.̵t̵ake,
      show (32 : Nat) ≠ 0 from by omega,
  ̵  ̵ ̵ ̵show (128 : Nat) ≠ 0 from by omega,
      show (4 : Nat) ≠ 0 from by omega, show (1 : Nat) ≠ 0 from by omega]

Note: This linter can be disabled with `set_option linter.unusedSimpArgs false`
warning: denote/Denote.lean:16683:68: This simp argument is unused:
  List.take

Hint: Omit it from the simp argument list.
  simp only [allGatherPrimDimN, Tensor.mkShape, hhead, List.getD,
  ̵  ̵ ̵ ̵List.getElem?_cons_zero,
  ̲  ̲ ̲ ̲List.getElem?_cons_succ,
  ̵  ̵ ̵ ̵Option.getD_some, List.drop, List.foldl, List.set, List.length, ̵L̵i̵s̵t̵.̵t̵a̵k̵e̵,̵
      show (32 : Nat) ≠ 0 from by omega,
  ̵  ̵ ̵ ̵show (128 : Nat) ≠ 0 from by omega,
      show (4 : Nat) ≠ 0 from by omega, show (1 : Nat) ≠ 0 from by omega]

Note: This linter can be disabled with `set_option linter.unusedSimpArgs false`
warning: denote/Denote.lean:16686:4: This simp argument is unused:
  show (4 : Nat) ≠ 0 from by omega

Hint: Omit it from the simp argument list.
  simp only [allGatherPrimDimN, Tensor.mkShape, hhead, List.getD,
  ̵  ̵ ̵ ̵List.getElem?_cons_zero,
  ̲  ̲ ̲ ̲List.getElem?_cons_succ,
  ̵  ̵ ̵ ̵Option.getD_some, List.drop, List.foldl, List.set, List.length,
  ̲  ̲ ̲ ̲List.take,
  ̵  ̵ ̵ ̵show (32 : Nat) ≠ 0 from by omega,
  ̵  ̵ ̵ ̵show (128 : Nat) ≠ 0 from by omega,
      show (4̵ ̵:̵ ̵N̵a̵t̵)̵ ̵≠̵ ̵0̵ ̵f̵r̵o̵m̵ ̵b̵y̵ ̵o̵m̵e̵g̵a̵,̵ ̵s̵h̵o̵w̵ ̵(̵1 : Nat) ≠ 0 from by omega]

Note: This linter can be disabled with `set_option linter.unusedSimpArgs false`
warning: denote/Denote.lean:16687:28: This simp argument is unused:
  Nat.reduceAdd

Hint: Omit it from the simp argument list.
  simp only [Nat.reduceMul, Nat.reduceA̵d̵d̵,̵ ̵N̵a̵t̵.̵r̵e̵d̵u̵c̵e̵Pow, Nat.reduceDiv, Nat.reduceMod,
  ̵  ̵ ̵ ̵ite_false, ite_true,
  ̲  ̲ ̲ ̲Nat.div_one, Nat.mod_one, Nat.mul_one, Nat.add_zero, Nat.zero_add,
  ̵  ̵ ̵ ̵List.prod_cons,
  ̲  ̲ ̲ ̲List.prod_nil, Nat.one_mul]

Note: This linter can be disabled with `set_option linter.unusedSimpArgs false`
warning: denote/Denote.lean:16687:43: This simp argument is unused:
  Nat.reducePow

Hint: Omit it from the simp argument list.
  simp only [Nat.reduceMul, Nat.reduceAdd, Nat.reduceP̵o̵w̵,̵ ̵N̵a̵t̵.̵r̵e̵d̵u̵c̵e̵Div, Nat.reduceMod,
  ̵  ̵ ̵ ̵ite_false, ite_true,
  ̲  ̲ ̲ ̲Nat.div_one, Nat.mod_one, Nat.mul_one, Nat.add_zero, Nat.zero_add,
  ̵  ̵ ̵ ̵List.prod_cons,
  ̲  ̲ ̲ ̲List.prod_nil, Nat.one_mul]

Note: This linter can be disabled with `set_option linter.unusedSimpArgs false`
warning: denote/Denote.lean:16687:58: This simp argument is unused:
  Nat.reduceDiv

Hint: Omit it from the simp argument list.
  simp only [Nat.reduceMul, Nat.reduceAdd, Nat.reducePow, Nat.reduceD̵i̵v̵,̵ ̵N̵a̵t̵.̵r̵e̵d̵u̵c̵e̵Mod,
  ̵  ̵ ̵ ̵ite_false, ite_true,
  ̲  ̲ ̲ ̲Nat.div_one, Nat.mod_one, Nat.mul_one, Nat.add_zero, Nat.zero_add,
  ̵  ̵ ̵ ̵List.prod_cons,
  ̲  ̲ ̲ ̲List.prod_nil, Nat.one_mul]

Note: This linter can be disabled with `set_option linter.unusedSimpArgs false`
warning: denote/Denote.lean:16687:73: This simp argument is unused:
  Nat.reduceMod

Hint: Omit it from the simp argument list.
  simp only [Nat.reduceMul, Nat.reduceAdd, Nat.reducePow, Nat.reduceDiv, N̵a̵t̵.̵r̵e̵d̵u̵c̵e̵M̵o̵d̵,̵
  ̵ ̵ ̵ ̵ ̵ite_false, ite_true,
  ̲  ̲ ̲ ̲Nat.div_one, Nat.mod_one, Nat.mul_one, Nat.add_zero, Nat.zero_add,
  ̵  ̵ ̵ ̵List.prod_cons,
  ̲  ̲ ̲ ̲List.prod_nil, Nat.one_mul]

Note: This linter can be disabled with `set_option linter.unusedSimpArgs false`
warning: denote/Denote.lean:16688:15: This simp argument is unused:
  ite_true

Hint: Omit it from the simp argument list.
  simp only [Nat.reduceMul, Nat.reduceAdd, Nat.reducePow, Nat.reduceDiv, Nat.reduceMod, ite_false,
  ̲  ̲ ̲ ̲i̵t̵e̵_̵t̵r̵u̵e̵,̵ ̵Nat.div_one, Nat.mod_one, Nat.mul_one, Nat.add_zero, Nat.zero_add, List.prod_cons,
  ̲  ̲ ̲ ̲List.prod_nil, Nat.one_mul]

Note: This linter can be disabled with `set_option linter.unusedSimpArgs false`
warning: denote/Denote.lean:16688:78: This simp argument is unused:
  Nat.zero_add

Hint: Omit it from the simp argument list.
  simp only [Nat.reduceMul, Nat.reduceAdd, Nat.reducePow, Nat.reduceDiv, Nat.reduceMod, ite_false,
  ̲  ̲ ̲ ̲ite_true, Nat.div_one, Nat.mod_one, Nat.mul_one, Nat.add_zero, N̵a̵t̵.̵z̵e̵r̵o̵_̵a̵d̵d̵,̵List.prod_cons, List.prod_nil,
  ̲  ̲ ̲ ̲Nat.one_mul]

Note: This linter can be disabled with `set_option linter.unusedSimpArgs false`
warning: denote/Denote.lean:16689:4: This simp argument is unused:
  List.prod_cons

Hint: Omit it from the simp argument list.
  simp only [Nat.reduceMul, Nat.reduceAdd, Nat.reducePow, Nat.reduceDiv, Nat.reduceMod, ite_false,
  ̲  ̲ ̲ ̲ite_true, Nat.div_one, Nat.mod_one, Nat.mul_one, Nat.add_zero, Nat.zero_add, L̵i̵s̵t̵.̵p̵r̵o̵d̵_̵c̵o̵n̵s̵,̵ ̵List.prod_nil,
  ̲  ̲ ̲ ̲Nat.one_mul]

Note: This linter can be disabled with `set_option linter.unusedSimpArgs false`
warning: denote/Denote.lean:16689:20: This simp argument is unused:
  List.prod_nil

Hint: Omit it from the simp argument list.
  simp only [Nat.reduceMul, Nat.reduceAdd, Nat.reducePow, Nat.reduceDiv, Nat.reduceMod, ite_false,
  ̲  ̲ ̲ ̲ite_true, Nat.div_one, Nat.mod_one, Nat.mul_one, Nat.add_zero, Nat.zero_add, List.prod_cons,
  ̲  ̲ ̲ ̲L̵i̵s̵t̵.̵p̵r̵o̵d̵_̵n̵i̵l̵,̵ ̵Nat.one_mul]

Note: This linter can be disabled with `set_option linter.unusedSimpArgs false`
warning: denote/Denote.lean:16689:35: This simp argument is unused:
  Nat.one_mul

Hint: Omit it from the simp argument list.
  simp only [Nat.reduceMul, Nat.reduceAdd, Nat.reducePow, Nat.reduceDiv, Nat.reduceMod, ite_false,
  ̲  ̲ ̲ ̲ite_true, Nat.div_one, Nat.mod_one, Nat.mul_one, Nat.add_zero, Nat.zero_add, List.prod_cons,
  ̲  ̲ ̲ ̲L̵i̵s̵t̵.̵p̵r̵o̵d̵_̵n̵i̵l̵,̵ ̵N̵a̵t̵.̵o̵n̵e̵_̵m̵u̵l̵]̵L̲i̲s̲t̲.̲p̲r̲o̲d̲_̲n̲i̲l̲]̲

Note: This linter can be disabled with `set_option linter.unusedSimpArgs false`
warning: denote/Denote.lean:16696:0: Please, add a comment explaining the need for modifying the maxHeartbeat limit, as in
set_option maxHeartbeats 2000000 in
-- reason for change
...

Note: This linter can be disabled with `set_option linter.style.maxHeartbeats false`
warning: denote/Denote.lean:16704:23: missing space in the source

This part of the code
  '[1,8,32])'
should be written as
  '[1, 8, 32])'


Note: This linter can be disabled with `set_option linter.style.whitespace false`
warning: denote/Denote.lean:16704:25: missing space in the source

This part of the code
  '[1,8,32])'
should be written as
  '8, 32])'


Note: This linter can be disabled with `set_option linter.style.whitespace false`
warning: denote/Denote.lean:16704:49: missing space in the source

This part of the code
  '[1,8,128])'
should be written as
  '[1, 8, 128])'


Note: This linter can be disabled with `set_option linter.style.whitespace false`
warning: denote/Denote.lean:16704:51: missing space in the source

This part of the code
  '[1,8,128])'
should be written as
  '8, 128])'


Note: This linter can be disabled with `set_option linter.style.whitespace false`
warning: denote/Denote.lean:16705:25: missing space in the source

This part of the code
  '[1,8,32])'
should be written as
  '[1, 8, 32])'


Note: This linter can be disabled with `set_option linter.style.whitespace false`
warning: denote/Denote.lean:16705:27: missing space in the source

This part of the code
  '[1,8,32])'
should be written as
  '8, 32])'


Note: This linter can be disabled with `set_option linter.style.whitespace false`
warning: denote/Denote.lean:16705:53: missing space in the source

This part of the code
  '[1,8,32])'
should be written as
  '[1, 8, 32])'


Note: This linter can be disabled with `set_option linter.style.whitespace false`
warning: denote/Denote.lean:16705:55: missing space in the source

This part of the code
  '[1,8,32])'
should be written as
  '8, 32])'


Note: This linter can be disabled with `set_option linter.style.whitespace false`
warning: denote/Denote.lean:16706:25: missing space in the source

This part of the code
  '[1,8,32])'
should be written as
  '[1, 8, 32])'


Note: This linter can be disabled with `set_option linter.style.whitespace false`
warning: denote/Denote.lean:16706:27: missing space in the source

This part of the code
  '[1,8,32])'
should be written as
  '8, 32])'


Note: This linter can be disabled with `set_option linter.style.whitespace false`
warning: denote/Denote.lean:16706:53: missing space in the source

This part of the code
  '[1,8,32])'
should be written as
  '[1, 8, 32])'


Note: This linter can be disabled with `set_option linter.style.whitespace false`
warning: denote/Denote.lean:16706:55: missing space in the source

This part of the code
  '[1,8,32])'
should be written as
  '8, 32])'


Note: This linter can be disabled with `set_option linter.style.whitespace false`
warning: denote/Denote.lean:16707:26: missing space in the source

This part of the code
  '[32,32])'
should be written as
  '[32, 32])'


Note: This linter can be disabled with `set_option linter.style.whitespace false`
warning: denote/Denote.lean:16707:53: missing space in the source

This part of the code
  '[32,32])'
should be written as
  '[32, 32])'


Note: This linter can be disabled with `set_option linter.style.whitespace false`
warning: denote/Denote.lean:16708:26: missing space in the source

This part of the code
  '[32,32])'
should be written as
  '[32, 32])'


Note: This linter can be disabled with `set_option linter.style.whitespace false`
warning: denote/Denote.lean:16708:53: missing space in the source

This part of the code
  '[32,32])'
should be written as
  '[32, 32])'


Note: This linter can be disabled with `set_option linter.style.whitespace false`
warning: denote/Denote.lean:16775:0: Please, add a comment explaining the need for modifying the maxHeartbeat limit, as in
set_option maxHeartbeats 800000 in
-- reason for change
...

Note: This linter can be disabled with `set_option linter.style.maxHeartbeats false`
warning: denote/Denote.lean:16889:0: Please, add a comment explaining the need for modifying the maxHeartbeat limit, as in
set_option maxHeartbeats 1600000 in
-- reason for change
...

Note: This linter can be disabled with `set_option linter.style.maxHeartbeats false`
warning: denote/Denote.lean:16999:0: Please, add a comment explaining the need for modifying the maxHeartbeat limit, as in
set_option maxHeartbeats 2000000 in
-- reason for change
...

Note: This linter can be disabled with `set_option linter.style.maxHeartbeats false`
warning: denote/Denote.lean:17009:25: missing space in the source

This part of the code
  '[1,2,32])'
should be written as
  '[1, 2, 32])'


Note: This linter can be disabled with `set_option linter.style.whitespace false`
warning: denote/Denote.lean:17009:27: missing space in the source

This part of the code
  '[1,2,32])'
should be written as
  '2, 32])'


Note: This linter can be disabled with `set_option linter.style.whitespace false`
warning: denote/Denote.lean:17009:53: missing space in the source

This part of the code
  '[1,2,32])'
should be written as
  '[1, 2, 32])'


Note: This linter can be disabled with `set_option linter.style.whitespace false`
warning: denote/Denote.lean:17009:55: missing space in the source

This part of the code
  '[1,2,32])'
should be written as
  '2, 32])'


Note: This linter can be disabled with `set_option linter.style.whitespace false`
warning: denote/Denote.lean:17010:25: missing space in the source

This part of the code
  '[1,2,32])'
should be written as
  '[1, 2, 32])'


Note: This linter can be disabled with `set_option linter.style.whitespace false`
warning: denote/Denote.lean:17010:27: missing space in the source

This part of the code
  '[1,2,32])'
should be written as
  '2, 32])'


Note: This linter can be disabled with `set_option linter.style.whitespace false`
warning: denote/Denote.lean:17010:53: missing space in the source

This part of the code
  '[1,2,32])'
should be written as
  '[1, 2, 32])'


Note: This linter can be disabled with `set_option linter.style.whitespace false`
warning: denote/Denote.lean:17010:55: missing space in the source

This part of the code
  '[1,2,32])'
should be written as
  '2, 32])'


Note: This linter can be disabled with `set_option linter.style.whitespace false`
warning: denote/Denote.lean:17011:23: missing space in the source

This part of the code
  '[1,8,128])'
should be written as
  '[1, 8, 128])'


Note: This linter can be disabled with `set_option linter.style.whitespace false`
warning: denote/Denote.lean:17011:25: missing space in the source

This part of the code
  '[1,8,128])'
should be written as
  '8, 128])'


Note: This linter can be disabled with `set_option linter.style.whitespace false`
warning: denote/Denote.lean:17012:25: missing space in the source

This part of the code
  '[1,2,128])'
should be written as
  '[1, 2, 128])'


Note: This linter can be disabled with `set_option linter.style.whitespace false`
warning: denote/Denote.lean:17012:27: missing space in the source

This part of the code
  '[1,2,128])'
should be written as
  '2, 128])'


Note: This linter can be disabled with `set_option linter.style.whitespace false`
warning: denote/Denote.lean:17012:54: missing space in the source

This part of the code
  '[1,2,128])'
should be written as
  '[1, 2, 128])'


Note: This linter can be disabled with `set_option linter.style.whitespace false`
warning: denote/Denote.lean:17012:56: missing space in the source

This part of the code
  '[1,2,128])'
should be written as
  '2, 128])'


Note: This linter can be disabled with `set_option linter.style.whitespace false`
warning: denote/Denote.lean:17013:25: missing space in the source

This part of the code
  '[1,2,128])'
should be written as
  '[1, 2, 128])'


Note: This linter can be disabled with `set_option linter.style.whitespace false`
warning: denote/Denote.lean:17013:27: missing space in the source

This part of the code
  '[1,2,128])'
should be written as
  '2, 128])'


Note: This linter can be disabled with `set_option linter.style.whitespace false`
warning: denote/Denote.lean:17013:54: missing space in the source

This part of the code
  '[1,2,128])'
should be written as
  '[1, 2, 128])'


Note: This linter can be disabled with `set_option linter.style.whitespace false`
warning: denote/Denote.lean:17013:56: missing space in the source

This part of the code
  '[1,2,128])'
should be written as
  '2, 128])'


Note: This linter can be disabled with `set_option linter.style.whitespace false`
warning: denote/Denote.lean:17014:24: missing space in the source

This part of the code
  '[32,128])'
should be written as
  '[32, 128])'


Note: This linter can be disabled with `set_option linter.style.whitespace false`
warning: denote/Denote.lean:17077:0: Please, add a comment explaining the need for modifying the maxHeartbeat limit, as in
set_option maxHeartbeats 1600000 in
-- reason for change
...

Note: This linter can be disabled with `set_option linter.style.maxHeartbeats false`
warning: denote/Denote.lean:17164:61: This simp argument is unused:
  List.getElem?_cons_succ

Hint: Omit it from the simp argument list.
  simp only [List.getD, List.getElem?_cons_zero, L̵i̵s̵t̵.̵g̵e̵t̵E̵l̵e̵m̵?̵_̵c̵o̵n̵s̵_̵s̵u̵c̵c̵,̵ ̵Option.getD_some]

Note: This linter can be disabled with `set_option linter.unusedSimpArgs false`
warning: denote/Denote.lean:17096:0: Please, add a comment explaining the need for modifying the maxHeartbeat limit, as in
set_option maxHeartbeats 1600000 in
-- reason for change
...

Note: This linter can be disabled with `set_option linter.style.maxHeartbeats false`
warning: denote/Denote.lean:17185:0: Please, add a comment explaining the need for modifying the maxHeartbeat limit, as in
set_option maxHeartbeats 2000000 in
-- reason for change
...

Note: This linter can be disabled with `set_option linter.style.maxHeartbeats false`
warning: denote/Denote.lean:17194:23: missing space in the source

This part of the code
  '[1,8,32])'
should be written as
  '[1, 8, 32])'


Note: This linter can be disabled with `set_option linter.style.whitespace false`
warning: denote/Denote.lean:17194:25: missing space in the source

This part of the code
  '[1,8,32])'
should be written as
  '8, 32])'


Note: This linter can be disabled with `set_option linter.style.whitespace false`
warning: denote/Denote.lean:17194:49: missing space in the source

This part of the code
  '[1,8,128])'
should be written as
  '[1, 8, 128])'


Note: This linter can be disabled with `set_option linter.style.whitespace false`
warning: denote/Denote.lean:17194:51: missing space in the source

This part of the code
  '[1,8,128])'
should be written as
  '8, 128])'


Note: This linter can be disabled with `set_option linter.style.whitespace false`
warning: denote/Denote.lean:17195:25: missing space in the source

This part of the code
  '[1,8,32])'
should be written as
  '[1, 8, 32])'


Note: This linter can be disabled with `set_option linter.style.whitespace false`
warning: denote/Denote.lean:17195:27: missing space in the source

This part of the code
  '[1,8,32])'
should be written as
  '8, 32])'


Note: This linter can be disabled with `set_option linter.style.whitespace false`
warning: denote/Denote.lean:17195:53: missing space in the source

This part of the code
  '[1,8,32])'
should be written as
  '[1, 8, 32])'


Note: This linter can be disabled with `set_option linter.style.whitespace false`
warning: denote/Denote.lean:17195:55: missing space in the source

This part of the code
  '[1,8,32])'
should be written as
  '8, 32])'


Note: This linter can be disabled with `set_option linter.style.whitespace false`
warning: denote/Denote.lean:17196:25: missing space in the source

This part of the code
  '[1,8,32])'
should be written as
  '[1, 8, 32])'


Note: This linter can be disabled with `set_option linter.style.whitespace false`
warning: denote/Denote.lean:17196:27: missing space in the source

This part of the code
  '[1,8,32])'
should be written as
  '8, 32])'


Note: This linter can be disabled with `set_option linter.style.whitespace false`
warning: denote/Denote.lean:17196:53: missing space in the source

This part of the code
  '[1,8,32])'
should be written as
  '[1, 8, 32])'


Note: This linter can be disabled with `set_option linter.style.whitespace false`
warning: denote/Denote.lean:17196:55: missing space in the source

This part of the code
  '[1,8,32])'
should be written as
  '8, 32])'


Note: This linter can be disabled with `set_option linter.style.whitespace false`
warning: denote/Denote.lean:17197:26: missing space in the source

This part of the code
  '[32,32])'
should be written as
  '[32, 32])'


Note: This linter can be disabled with `set_option linter.style.whitespace false`
warning: denote/Denote.lean:17197:53: missing space in the source

This part of the code
  '[32,32])'
should be written as
  '[32, 32])'


Note: This linter can be disabled with `set_option linter.style.whitespace false`
warning: denote/Denote.lean:17198:26: missing space in the source

This part of the code
  '[32,32])'
should be written as
  '[32, 32])'


Note: This linter can be disabled with `set_option linter.style.whitespace false`
warning: denote/Denote.lean:17198:53: missing space in the source

This part of the code
  '[32,32])'
should be written as
  '[32, 32])'


Note: This linter can be disabled with `set_option linter.style.whitespace false`
warning: denote/Denote.lean:17377:61: This simp argument is unused:
  List.getElem?_cons_succ

Hint: Omit it from the simp argument list.
  simp only [List.getD, List.getElem?_cons_zero, L̵i̵s̵t̵.̵g̵e̵t̵E̵l̵e̵m̵?̵_̵c̵o̵n̵s̵_̵s̵u̵c̵c̵,̵ ̵Option.getD_some]

Note: This linter can be disabled with `set_option linter.unusedSimpArgs false`
warning: denote/Denote.lean:17309:0: Please, add a comment explaining the need for modifying the maxHeartbeat limit, as in
set_option maxHeartbeats 1600000 in
-- reason for change
...

Note: This linter can be disabled with `set_option linter.style.maxHeartbeats false`
warning: denote/Denote.lean:17510:23: This simp argument is unused:
  List.getElem?_cons_zero

Hint: Omit it from the simp argument list.
  simp [List.getD, L̵i̵s̵t̵.̵g̵e̵t̵E̵l̵e̵m̵?̵_̵c̵o̵n̵s̵_̵z̵e̵r̵o̵,̵ ̵List.getElem?_cons_succ]

Note: This linter can be disabled with `set_option linter.unusedSimpArgs false`
warning: denote/Denote.lean:17510:48: This simp argument is unused:
  List.getElem?_cons_succ

Hint: Omit it from the simp argument list.
  simp [List.getD, List.getElem?_cons_zero,̵ ̵L̵i̵s̵t̵.̵g̵e̵t̵E̵l̵e̵m̵?̵_̵c̵o̵n̵s̵_̵s̵u̵c̵c̵]

Note: This linter can be disabled with `set_option linter.unusedSimpArgs false`
warning: denote/Denote.lean:17525:65: This simp argument is unused:
  Ne.symm hne

Hint: Omit it from the simp argument list.
  simp [List.zip, List.zipWith, List.replicate, List.find?, hne,̵ ̵N̵e̵.̵s̵y̵m̵m̵ ̵h̵n̵e̵]

Note: This linter can be disabled with `set_option linter.unusedSimpArgs false`
warning: denote/Denote.lean:17539:59: This simp argument is unused:
  List.find?

Hint: Omit it from the simp argument list.
  simp [List.zip, List.zipWith, List.replicate,̵ ̵L̵i̵s̵t̵.̵f̵i̵n̵d̵?̵]

Note: This linter can be disabled with `set_option linter.unusedSimpArgs false`
warning: denote/Denote.lean:17553:48: This simp argument is unused:
  List.find?

Hint: Omit it from the simp argument list.
  simp [List.zip, List.zipWith, List.replicate,̵ ̵L̵i̵s̵t̵.̵f̵i̵n̵d̵?̵]

Note: This linter can be disabled with `set_option linter.unusedSimpArgs false`
warning: denote/Denote.lean:17663:48: This simp argument is unused:
  List.find?

Hint: Omit it from the simp argument list.
  simp [List.zip, List.zipWith, List.replicate,̵ ̵L̵i̵s̵t̵.̵f̵i̵n̵d̵?̵]

Note: This linter can be disabled with `set_option linter.unusedSimpArgs false`
warning: denote/Denote.lean:17758:48: This simp argument is unused:
  List.find?

Hint: Omit it from the simp argument list.
  simp [List.zip, List.zipWith, List.replicate,̵ ̵L̵i̵s̵t̵.̵f̵i̵n̵d̵?̵]

Note: This linter can be disabled with `set_option linter.unusedSimpArgs false`
warning: denote/Denote.lean:17794:23: This simp argument is unused:
  List.getElem?_cons_zero

Hint: Omit it from the simp argument list.
  simp [List.getD, L̵i̵s̵t̵.̵g̵e̵t̵E̵l̵e̵m̵?̵_̵c̵o̵n̵s̵_̵z̵e̵r̵o̵,̵ ̵List.getElem?_cons_succ]

Note: This linter can be disabled with `set_option linter.unusedSimpArgs false`
warning: denote/Denote.lean:17794:48: This simp argument is unused:
  List.getElem?_cons_succ

Hint: Omit it from the simp argument list.
  simp [List.getD, List.getElem?_cons_zero,̵ ̵L̵i̵s̵t̵.̵g̵e̵t̵E̵l̵e̵m̵?̵_̵c̵o̵n̵s̵_̵s̵u̵c̵c̵]

Note: This linter can be disabled with `set_option linter.unusedSimpArgs false`
warning: denote/Denote.lean:17825:40: This simp argument is unused:
  List.zipWith

Hint: Omit it from the simp argument list.
  simp [List.replicate, List.zip, List.z̵i̵p̵W̵i̵t̵h̵,̵ ̵L̵i̵s̵t̵.̵find?]

Note: This linter can be disabled with `set_option linter.unusedSimpArgs false`
warning: denote/Denote.lean:17825:54: This simp argument is unused:
  List.find?

Hint: Omit it from the simp argument list.
  simp [List.replicate, List.zip, List.zipWith,̵ ̵L̵i̵s̵t̵.̵f̵i̵n̵d̵?̵]

Note: This linter can be disabled with `set_option linter.unusedSimpArgs false`
warning: denote/Denote.lean:17885:0: Please, add a comment explaining the need for modifying the maxHeartbeat limit, as in
set_option maxHeartbeats 800000 in
-- reason for change
...

Note: This linter can be disabled with `set_option linter.style.maxHeartbeats false`
warning: denote/Denote.lean:18017:50: This simp argument is unused:
  List.find?

Hint: Omit it from the simp argument list.
  simp [List.zip, List.zipWith, List.replicate, L̵i̵s̵t̵.̵f̵i̵n̵d̵?̵,̵ ̵h]

Note: This linter can be disabled with `set_option linter.unusedSimpArgs false`
warning: denote/Denote.lean:18071:0: Please, add a comment explaining the need for modifying the maxHeartbeat limit, as in
set_option maxHeartbeats 3200000 in
-- reason for change
...

Note: This linter can be disabled with `set_option linter.style.maxHeartbeats false`
warning: denote/Denote.lean:18166:2: The `show` tactic should only be used to indicate intermediate goal states for readability.
However, this tactic invocation changed the goal. Please use `change` instead for these purposes.

Note: This linter can be disabled with `set_option linter.style.show false`
warning: denote/Denote.lean:18177:2: The `show` tactic should only be used to indicate intermediate goal states for readability.
However, this tactic invocation changed the goal. Please use `change` instead for these purposes.

Note: This linter can be disabled with `set_option linter.style.show false`
warning: denote/Denote.lean:18296:4: This simp argument is unused:
  Nat.reduceDiv

Hint: Omit it from the simp argument list.
  simp only [hhead, List.getD, List.getElem?_cons_zero, List.getElem?_cons_succ, Option.getD_some,
  ̲  ̲ ̲ ̲List.drop, List.foldl, Nat.reduceMul, Nat.reduceAdd, N̵a̵t̵.̵r̵e̵d̵u̵c̵e̵D̵i̵v̵,̵ ̵Nat.reduceMod, Nat.div_one, Nat.mod_one,
  ̲  ̲ ̲ ̲Nat.mul_one, Nat.add_zero, Nat.zero_add, show (8 : Nat) ≠ 0 from by omega,
      show (16 : Nat) ≠ 0 from by omega, show (64 : Nat) ≠ 0 from by omega,
      show (2 : Nat) ≠ 0 from by omega, show (1 : Nat) ≠ 0 from by omega, ite_false, List.set]

Note: This linter can be disabled with `set_option linter.unusedSimpArgs false`
warning: denote/Denote.lean:18296:19: This simp argument is unused:
  Nat.reduceMod

Hint: Omit it from the simp argument list.
  simp only [hhead, List.getD, List.getElem?_cons_zero, List.getElem?_cons_succ,
  ̵  ̵ ̵ ̵Option.getD_some,
  ̲  ̲ ̲ ̲List.drop, List.foldl, Nat.reduceMul, Nat.reduceAdd,
  ̵  ̵ ̵ ̵Nat.reduceDiv, Nat.r̵e̵du̵c̵e̵M̵o̵d̵,̵ ̵N̵a̵t̵.̵d̵iv_one, Nat.mod_one,
  ̲  ̲ ̲ ̲Nat.mul_one,
  ̵  ̵ ̵ ̵Nat.add_zero, Nat.zero_add, show (8 : Nat) ≠ 0 from by omega,
      show (16 : Nat) ≠ 0 from by omega, show (64 : Nat) ≠ 0 from by omega,
      show (2 : Nat) ≠ 0 from by omega, show (1 : Nat) ≠ 0 from by omega, ite_false, List.set]

Note: This linter can be disabled with `set_option linter.unusedSimpArgs false`
warning: denote/Denote.lean:18296:34: This simp argument is unused:
  Nat.div_one

Hint: Omit it from the simp argument list.
  simp only [hhead, List.getD, List.getElem?_cons_zero, List.getElem?_cons_succ,
  ̵  ̵ ̵ ̵Option.getD_some,
  ̲  ̲ ̲ ̲List.drop, List.foldl, Nat.reduceMul, Nat.reduceAdd,
  ̵  ̵ ̵ ̵Nat.reduceDiv, Nat.reduceMod, Nat.d̵i̵v̵_̵o̵n̵e̵,̵ ̵N̵a̵t̵.̵mod_one, ̵N̵a̵t̵.̵m̵u̵l̵_̵o̵n̵e̵,̵
      Nat.m̲u̲l̲_̲o̲n̲e̲,̲ ̲N̲at̲.̲a̲dd_zero, Nat.zero_add, show (8 : Nat) ≠ 0 from by omega,
      show (16 : Nat) ≠ 0 from by omega, show (64 : Nat) ≠ 0 from by omega,
      show (2 : Nat) ≠ 0 from by omega, show (1 : Nat) ≠ 0 from by omega, ite_false, List.set]

Note: This linter can be disabled with `set_option linter.unusedSimpArgs false`
warning: denote/Denote.lean:18296:47: This simp argument is unused:
  Nat.mod_one

Hint: Omit it from the simp argument list.
  simp only [hhead, List.getD, List.getElem?_cons_zero, List.getElem?_cons_succ,
  ̵  ̵ ̵ ̵Option.getD_some,
  ̲  ̲ ̲ ̲List.drop, List.foldl, Nat.reduceMul, Nat.reduceAdd,
  ̵  ̵ ̵ ̵Nat.reduceDiv, Nat.reduceMod, Nat.div_one, ̵N̵a̵t̵.̵m̵o̵d̵_̵o̵n̵e̵,̵ ̵N̵a̵t̵.̵m̵u̵l̵_̵o̵n̵e̵,̵
      Nat.m̲u̲l̲_̲o̲n̲e̲,̲ ̲N̲at̲.̲a̲dd_zero, Nat.zero_add, show (8 : Nat) ≠ 0 from by omega,
      show (16 : Nat) ≠ 0 from by omega, show (64 : Nat) ≠ 0 from by omega,
      show (2 : Nat) ≠ 0 from by omega, show (1 : Nat) ≠ 0 from by omega, ite_false, List.set]

Note: This linter can be disabled with `set_option linter.unusedSimpArgs false`
warning: denote/Denote.lean:18296:60: This simp argument is unused:
  Nat.mul_one

Hint: Omit it from the simp argument list.
  simp only [hhead, List.getD, List.getElem?_cons_zero, List.getElem?_cons_succ,
  ̵  ̵ ̵ ̵Option.getD_some,
  ̲  ̲ ̲ ̲List.drop, List.foldl, Nat.reduceMul, Nat.reduceAdd,
  ̵  ̵ ̵ ̵Nat.reduceDiv, Nat.reduceMod, Nat.div_one,
  ̲  ̲ ̲ ̲Nat.mod_one, Nat.m̵u̵l̵_̵o̵n̵e̵,̵
  ̵ ̵ ̵ ̵ ̵N̵at̵.̵a̵dd_zero, Nat.zero_add, show (8 : Nat) ≠ 0 from by omega,
      show (16 : Nat) ≠ 0 from by omega, show (64 : Nat) ≠ 0 from by omega,
      show (2 : Nat) ≠ 0 from by omega, show (1 : Nat) ≠ 0 from by omega, ite_false, List.set]

Note: This linter can be disabled with `set_option linter.unusedSimpArgs false`
warning: denote/Denote.lean:18297:4: This simp argument is unused:
  Nat.add_zero

Hint: Omit it from the simp argument list.
  simp only [hhead, List.getD, List.getElem?_cons_zero, List.getElem?_cons_succ,
  ̵  ̵ ̵ ̵Option.getD_some,
  ̲  ̲ ̲ ̲List.drop, List.foldl, Nat.reduceMul, Nat.reduceAdd,
  ̵  ̵ ̵ ̵Nat.reduceDiv, Nat.reduceMod, Nat.div_one, ̵N̵a̵t̵.̵m̵o̵d̵_̵o̵n̵e̵,̵ ̵N̵a̵t̵.̵m̵u̵l̵_̵o̵n̵e̵,̵
      Nat.m̲o̲d̲_̲o̲n̲e̲,̲ ̲N̲ad̵d̵t̲.̲m̲u̲l̲_z̵o̲n̲er̵o̵, Nat.zero_add, show (8 : Nat) ≠ 0 from by omega,
      show (16 : Nat) ≠ 0 from by omega, show (64 : Nat) ≠ 0 from by omega,
      show (2 : Nat) ≠ 0 from by omega, show (1 : Nat) ≠ 0 from by omega, ite_false, List.set]

Note: This linter can be disabled with `set_option linter.unusedSimpArgs false`
warning: denote/Denote.lean:18297:18: This simp argument is unused:
  Nat.zero_add

Hint: Omit it from the simp argument list.
  simp only [hhead, List.getD, List.getElem?_cons_zero, List.getElem?_cons_succ,
  ̵  ̵ ̵ ̵Option.getD_some,
  ̲  ̲ ̲ ̲List.drop, List.foldl, Nat.reduceMul, Nat.reduceAdd,
  ̵  ̵ ̵ ̵Nat.reduceDiv, Nat.reduceMod, Nat.div_one, ̵N̵a̵t̵.̵m̵o̵d̵_̵o̵n̵e̵,̵ ̵N̵a̵t̵.̵m̵u̵l̵_̵o̵n̵e̵,̵
      Nat.m̲o̲d̲_̲o̲n̲e̲,̲ ̲N̲ad̵d̵t̲.̲m̲u̲l̲_z̵o̲n̲er̵o̵, Nat.z̵e̵r̵o̵_̵add_̲z̲e̲r̲o̲, show (8 : Nat) ≠ 0 from by omega,
      show (16 : Nat) ≠ 0 from by omega, show (64 : Nat) ≠ 0 from by omega,
      show (2 : Nat) ≠ 0 from by omega, show (1 : Nat) ≠ 0 from by omega, ite_false, List.set]

Note: This linter can be disabled with `set_option linter.unusedSimpArgs false`
warning: denote/Denote.lean:18298:4: This simp argument is unused:
  show (16 : Nat) ≠ 0 from by omega

Hint: Omit it from the simp argument list.
  simp only [hhead, List.getD, List.getElem?_cons_zero, List.getElem?_cons_succ,
  ̵  ̵ ̵ ̵Option.getD_some,
  ̲  ̲ ̲ ̲List.drop, List.foldl, Nat.reduceMul, Nat.reduceAdd,
  ̵  ̵ ̵ ̵Nat.reduceDiv, Nat.reduceMod, Nat.div_one,
  ̲  ̲ ̲ ̲Nat.mod_one, Nat.mul_one,
  ̵  ̵ ̵ ̵Nat.add_zero, Nat.zero_add, show (8 : Nat) ≠ 0 from by omega,
      show (1̵6 ̵:̵ ̵N̵a̵t̵)̵ ̵≠̵ ̵0̵ ̵f̵r̵o̵m̵ ̵b̵y̵ ̵o̵m̵e̵g̵a̵,̵ ̵s̵h̵o̵w̵ ̵(̵6̵4 : Nat) ≠ 0 from by omega,
  ̵  ̵ ̵ ̵show (2 : Nat) ≠ 0 from by omega,
  ̲  ̲ ̲ ̲show (1 : Nat) ≠ 0 from by omega, ite_false, List.set]

Note: This linter can be disabled with `set_option linter.unusedSimpArgs false`
warning: denote/Denote.lean:18299:38: This simp argument is unused:
  show (1 : Nat) ≠ 0 from by omega

Hint: Omit it from the simp argument list.
  simp only [hhead, List.getD, List.getElem?_cons_zero, List.getElem?_cons_succ,
  ̵  ̵ ̵ ̵Option.getD_some,
  ̲  ̲ ̲ ̲List.drop, List.foldl, Nat.reduceMul, Nat.reduceAdd,
  ̵  ̵ ̵ ̵Nat.reduceDiv, Nat.reduceMod, Nat.div_one,
  ̲  ̲ ̲ ̲Nat.mod_one, Nat.mul_one,
  ̵  ̵ ̵ ̵Nat.add_zero, Nat.zero_add, show (8 : Nat) ≠ 0 from by omega,
      show (16 : Nat) ≠ 0 from by omega, show (64 : Nat) ≠ 0 from by omega,
      show (2 : Nat) ≠ 0 from by omega, s̵h̵o̵w̵ ̵(̵1̵ ̵:̵ ̵N̵a̵t̵)̵ ̵≠̵ ̵0̵ ̵f̵r̵o̵m̵ ̵b̵y̵ ̵o̵m̵e̵g̵a̵,̵ ̵ite_false, List.set]

Note: This linter can be disabled with `set_option linter.unusedSimpArgs false`
warning: denote/Denote.lean:18299:83: This simp argument is unused:
  List.set

Hint: Omit it from the simp argument list.
  simp only [hhead, List.getD, List.getElem?_cons_zero, List.getElem?_cons_succ,
  ̵  ̵ ̵ ̵Option.getD_some,
  ̲  ̲ ̲ ̲List.drop, List.foldl, Nat.reduceMul, Nat.reduceAdd,
  ̵  ̵ ̵ ̵Nat.reduceDiv, Nat.reduceMod, Nat.div_one,
  ̲  ̲ ̲ ̲Nat.mod_one, Nat.mul_one,
  ̵  ̵ ̵ ̵Nat.add_zero, Nat.zero_add, show (8 : Nat) ≠ 0 from by omega,
      show (16 : Nat) ≠ 0 from by omega, show (64 : Nat) ≠ 0 from by omega,
      show (2 : Nat) ≠ 0 from by omega, show (1 : Nat) ≠ 0 from by omega, ite_false,̵ ̵L̵i̵s̵t̵.̵s̵e̵t̵]

Note: This linter can be disabled with `set_option linter.unusedSimpArgs false`
warning: denote/Denote.lean:18385:2: The `show` tactic should only be used to indicate intermediate goal states for readability.
However, this tactic invocation changed the goal. Please use `change` instead for these purposes.

Note: This linter can be disabled with `set_option linter.style.show false`
warning: denote/Denote.lean:18398:2: The `show` tactic should only be used to indicate intermediate goal states for readability.
However, this tactic invocation changed the goal. Please use `change` instead for these purposes.

Note: This linter can be disabled with `set_option linter.style.show false`
warning: denote/Denote.lean:18436:4: This simp argument is unused:
  Nat.reduceDiv

Hint: Omit it from the simp argument list.
  simp only [hhead, List.getD, List.getElem?_cons_zero, List.getElem?_cons_succ,
  ̵  ̵ ̵ ̵Option.getD_some,
  ̲  ̲ ̲ ̲List.drop, List.foldl, Nat.reduceMul, Nat.reduceAdd,
  ̵  ̵ ̵ ̵Nat.reduceD̵i̵v̵,̵ ̵N̵a̵t̵.̵r̵e̵d̵u̵c̵e̵Mod, Nat.div_one, Nat.mod_one,
  ̲  ̲ ̲ ̲Nat.mul_one,
  ̵  ̵ ̵ ̵Nat.add_zero, Nat.zero_add, show (2 : Nat) ≠ 0 from by omega,
      show (8 : Nat) ≠ 0 from by omega, show (64 : Nat) ≠ 0 from by omega,
  ̵  ̵ ̵ ̵ite_false, List.set]

Note: This linter can be disabled with `set_option linter.unusedSimpArgs false`
warning: denote/Denote.lean:18436:19: This simp argument is unused:
  Nat.reduceMod

Hint: Omit it from the simp argument list.
  simp only [hhead, List.getD, List.getElem?_cons_zero, List.getElem?_cons_succ,
  ̵  ̵ ̵ ̵Option.getD_some,
  ̲  ̲ ̲ ̲List.drop, List.foldl, Nat.reduceMul, Nat.reduceAdd,
  ̵  ̵ ̵ ̵Nat.reduceDiv, Nat.r̵e̵du̵c̵e̵M̵o̵d̵,̵ ̵N̵a̵t̵.̵d̵iv_one, Nat.mod_one,
  ̲  ̲ ̲ ̲Nat.mul_one,
  ̵  ̵ ̵ ̵Nat.add_zero, Nat.zero_add, show (2 : Nat) ≠ 0 from by omega,
      show (8 : Nat) ≠ 0 from by omega, show (64 : Nat) ≠ 0 from by omega,
  ̵  ̵ ̵ ̵ite_false, List.set]

Note: This linter can be disabled with `set_option linter.unusedSimpArgs false`
warning: denote/Denote.lean:18436:34: This simp argument is unused:
  Nat.div_one

Hint: Omit it from the simp argument list.
  simp only [hhead, List.getD, List.getElem?_cons_zero, List.getElem?_cons_succ,
  ̵  ̵ ̵ ̵Option.getD_some,
  ̲  ̲ ̲ ̲List.drop, List.foldl, Nat.reduceMul, Nat.reduceAdd,
  ̵  ̵ ̵ ̵Nat.reduceDiv, Nat.reduceMod, Nat.m̲o̲di̵v̵_one,
  ̲ N̵a̵t̵.̵m̵o̵d̵_̵o̵n̵e̵,̵  ̲ ̲Nat.mul_one,
  ̵  ̵ ̵ ̵Nat.add_zero, Nat.zero_add, show (2 : Nat) ≠ 0 from by omega,
      show (8 : Nat) ≠ 0 from by omega, show (64 : Nat) ≠ 0 from by omega,
  ̵  ̵ ̵ ̵ite_false, List.set]

Note: This linter can be disabled with `set_option linter.unusedSimpArgs false`
warning: denote/Denote.lean:18436:47: This simp argument is unused:
  Nat.mod_one

Hint: Omit it from the simp argument list.
  simp only [hhead, List.getD, List.getElem?_cons_zero, List.getElem?_cons_succ,
  ̵  ̵ ̵ ̵Option.getD_some,
  ̲  ̲ ̲ ̲List.drop, List.foldl, Nat.reduceMul, Nat.reduceAdd,
  ̵  ̵ ̵ ̵Nat.reduceDiv, Nat.reduceMod, Nat.div_one,
  ̲ N̵a̵t̵.̵m̵o̵d̵_̵o̵n̵e̵,̵  ̲ ̲Nat.mul_one,
  ̵  ̵ ̵ ̵Nat.add_zero, Nat.zero_add, show (2 : Nat) ≠ 0 from by omega,
      show (8 : Nat) ≠ 0 from by omega, show (64 : Nat) ≠ 0 from by omega,
  ̵  ̵ ̵ ̵ite_false, List.set]

Note: This linter can be disabled with `set_option linter.unusedSimpArgs false`
warning: denote/Denote.lean:18436:60: This simp argument is unused:
  Nat.mul_one

Hint: Omit it from the simp argument list.
  simp only [hhead, List.getD, List.getElem?_cons_zero, List.getElem?_cons_succ,
  ̵  ̵ ̵ ̵Option.getD_some,
  ̲  ̲ ̲ ̲List.drop, List.foldl, Nat.reduceMul, Nat.reduceAdd,
  ̵  ̵ ̵ ̵Nat.reduceDiv, Nat.reduceMod, Nat.div_one,
  ̲  ̲ ̲ ̲Nat.mod_one, Nat.m̵u̵l̵_̵o̵n̵e̵,̵
  ̵ ̵ ̵ ̵ ̵N̵at̵.̵a̵dd_zero, Nat.zero_add, show (2 : Nat) ≠ 0 from by omega,
      show (8 : Nat) ≠ 0 from by omega, show (64 : Nat) ≠ 0 from by omega,
  ̵  ̵ ̵ ̵ite_false, List.set]

Note: This linter can be disabled with `set_option linter.unusedSimpArgs false`
warning: denote/Denote.lean:18437:4: This simp argument is unused:
  Nat.add_zero

Hint: Omit it from the simp argument list.
  simp only [hhead, List.getD, List.getElem?_cons_zero, List.getElem?_cons_succ,
  ̵  ̵ ̵ ̵Option.getD_some,
  ̲  ̲ ̲ ̲List.drop, List.foldl, Nat.reduceMul, Nat.reduceAdd,
  ̵  ̵ ̵ ̵Nat.reduceDiv, Nat.reduceMod, Nat.div_one,
  ̲  ̲ ̲ ̲Nat.mod_one, Nat.mul_one,
  ̵  ̵ ̵ ̵Nat.a̵d̵d̵_̵zero,̵ ̵N̵a̵t̵.̵z̵e̵r̵o̵_add, show (2 : Nat) ≠ 0 from by omega,
      show (8 : Nat) ≠ 0 from by omega, show (64 : Nat) ≠ 0 from by omega,
  ̵  ̵ ̵ ̵ite_false, List.set]

Note: This linter can be disabled with `set_option linter.unusedSimpArgs false`
warning: denote/Denote.lean:18437:18: This simp argument is unused:
  Nat.zero_add

Hint: Omit it from the simp argument list.
  simp only [hhead, List.getD, List.getElem?_cons_zero, List.getElem?_cons_succ,
  ̵  ̵ ̵ ̵Option.getD_some,
  ̲  ̲ ̲ ̲List.drop, List.foldl, Nat.reduceMul, Nat.reduceAdd,
  ̵  ̵ ̵ ̵Nat.reduceDiv, Nat.reduceMod, Nat.div_one,
  ̲  ̲ ̲ ̲Nat.mod_one, Nat.mul_one,
  ̵  ̵ ̵ ̵Nat.add_zero, N̵a̵t̵.̵z̵e̵r̵o̵_̵a̵d̵d̵,̵ ̵show (2 : Nat) ≠ 0 from by omega,
      show (8 : Nat) ≠ 0 from by omega, show (64 : Nat) ≠ 0 from by omega,
  ̵  ̵ ̵ ̵ite_false, List.set]

Note: This linter can be disabled with `set_option linter.unusedSimpArgs false`
warning: denote/Denote.lean:18439:15: This simp argument is unused:
  List.set

Hint: Omit it from the simp argument list.
  simp only [hhead, List.getD, List.getElem?_cons_zero, List.getElem?_cons_succ,
  ̵  ̵ ̵ ̵Option.getD_some,
  ̲  ̲ ̲ ̲List.drop, List.foldl, Nat.reduceMul, Nat.reduceAdd,
  ̵  ̵ ̵ ̵Nat.reduceDiv, Nat.reduceMod, Nat.div_one,
  ̲  ̲ ̲ ̲Nat.mod_one, Nat.mul_one,
  ̵  ̵ ̵ ̵Nat.add_zero, Nat.zero_add, show (2 : Nat) ≠ 0 from by omega,
      show (8 : Nat) ≠ 0 from by omega, show (64 : Nat) ≠ 0 from by omega,
  ̵  ̵ ̵ ̵ite_false,̵ ̵L̵i̵s̵t̵.̵s̵e̵t̵]

Note: This linter can be disabled with `set_option linter.unusedSimpArgs false`
warning: denote/Denote.lean:18873:37: Variable name `hg1` is not explicitly referenced.

The binding can be removed (if unused) or named `_` (if used implicitly).

Note: This linter can be disabled with `set_option linter.unusedVariables false`
warning: denote/Denote.lean:18874:5: Variable name `hg2` is not explicitly referenced.

The binding can be removed (if unused) or named `_` (if used implicitly).

Note: This linter can be disabled with `set_option linter.unusedVariables false`
warning: denote/Denote.lean:18874:37: Variable name `hg3` is not explicitly referenced.

The binding can be removed (if unused) or named `_` (if used implicitly).

Note: This linter can be disabled with `set_option linter.unusedVariables false`
warning: denote/Denote.lean:18969:2: The `show` tactic should only be used to indicate intermediate goal states for readability.
However, this tactic invocation changed the goal. Please use `change` instead for these purposes.

Note: This linter can be disabled with `set_option linter.style.show false`
warning: denote/Denote.lean:19212:2: The `show` tactic should only be used to indicate intermediate goal states for readability.
However, this tactic invocation changed the goal. Please use `change` instead for these purposes.

Note: This linter can be disabled with `set_option linter.style.show false`
warning: denote/Denote.lean:19317:61: This simp argument is unused:
  List.foldl

Hint: Omit it from the simp argument list.
  simp only [zeroTensor, Tensor.mkShape, valAt, prodShape,̵ ̵L̵i̵s̵t̵.̵f̵o̵l̵d̵l̵]

Note: This linter can be disabled with `set_option linter.unusedSimpArgs false`
warning: denote/Denote.lean:19409:61: This simp argument is unused:
  List.foldl

Hint: Omit it from the simp argument list.
  simp only [zeroTensor, Tensor.mkShape, valAt, prodShape,̵ ̵L̵i̵s̵t̵.̵f̵o̵l̵d̵l̵]

Note: This linter can be disabled with `set_option linter.unusedSimpArgs false`
warning: denote/Denote.lean:19503:61: This simp argument is unused:
  List.foldl

Hint: Omit it from the simp argument list.
  simp only [zeroTensor, Tensor.mkShape, valAt, prodShape,̵ ̵L̵i̵s̵t̵.̵f̵o̵l̵d̵l̵]

Note: This linter can be disabled with `set_option linter.unusedSimpArgs false`
warning: denote/Denote.lean:19594:61: This simp argument is unused:
  List.foldl

Hint: Omit it from the simp argument list.
  simp only [zeroTensor, Tensor.mkShape, valAt, prodShape,̵ ̵L̵i̵s̵t̵.̵f̵o̵l̵d̵l̵]

Note: This linter can be disabled with `set_option linter.unusedSimpArgs false`
warning: denote/Denote.lean:19849:61: This simp argument is unused:
  List.foldl

Hint: Omit it from the simp argument list.
  simp only [zeroTensor, Tensor.mkShape, valAt, prodShape,̵ ̵L̵i̵s̵t̵.̵f̵o̵l̵d̵l̵]

Note: This linter can be disabled with `set_option linter.unusedSimpArgs false`
warning: denote/Denote.lean:19914:0: Please, add a comment explaining the need for modifying the maxHeartbeat limit, as in
set_option maxHeartbeats 1600000 in
-- reason for change
...

Note: This linter can be disabled with `set_option linter.style.maxHeartbeats false`
warning: denote/Denote.lean:19981:23: This simp argument is unused:
  List.getElem?_cons_zero

Hint: Omit it from the simp argument list.
  simp [List.getD, L̵i̵s̵t̵.̵g̵e̵t̵E̵l̵e̵m̵?̵_̵c̵o̵n̵s̵_̵z̵e̵r̵o̵,̵ ̵List.getElem?_cons_succ]

Note: This linter can be disabled with `set_option linter.unusedSimpArgs false`
warning: denote/Denote.lean:19981:48: This simp argument is unused:
  List.getElem?_cons_succ

Hint: Omit it from the simp argument list.
  simp [List.getD, List.getElem?_cons_zero,̵ ̵L̵i̵s̵t̵.̵g̵e̵t̵E̵l̵e̵m̵?̵_̵c̵o̵n̵s̵_̵s̵u̵c̵c̵]

Note: This linter can be disabled with `set_option linter.unusedSimpArgs false`
warning: denote/Denote.lean:19934:0: Please, add a comment explaining the need for modifying the maxHeartbeat limit, as in
set_option maxHeartbeats 3200000 in
-- reason for change
...

Note: This linter can be disabled with `set_option linter.style.maxHeartbeats false`
warning: denote/Denote.lean:20008:0: Please, add a comment explaining the need for modifying the maxHeartbeat limit, as in
set_option maxHeartbeats 3200000 in
-- reason for change
...

Note: This linter can be disabled with `set_option linter.style.maxHeartbeats false`
warning: denote/Denote.lean:20070:2: The `show` tactic should only be used to indicate intermediate goal states for readability.
However, this tactic invocation changed the goal. Please use `change` instead for these purposes.

Note: This linter can be disabled with `set_option linter.style.show false`
warning: denote/Denote.lean:20128:23: This simp argument is unused:
  List.getElem?_cons_zero

Hint: Omit it from the simp argument list.
  simp [List.getD, L̵i̵s̵t̵.̵g̵e̵t̵E̵l̵e̵m̵?̵_̵c̵o̵n̵s̵_̵z̵e̵r̵o̵,̵ ̵List.getElem?_cons_succ]

Note: This linter can be disabled with `set_option linter.unusedSimpArgs false`
warning: denote/Denote.lean:20128:48: This simp argument is unused:
  List.getElem?_cons_succ

Hint: Omit it from the simp argument list.
  simp [List.getD, List.getElem?_cons_zero,̵ ̵L̵i̵s̵t̵.̵g̵e̵t̵E̵l̵e̵m̵?̵_̵c̵o̵n̵s̵_̵s̵u̵c̵c̵]

Note: This linter can be disabled with `set_option linter.unusedSimpArgs false`
warning: denote/Denote.lean:20190:23: This simp argument is unused:
  List.getElem?_cons_zero

Hint: Omit it from the simp argument list.
  simp [List.getD, L̵i̵s̵t̵.̵g̵e̵t̵E̵l̵e̵m̵?̵_̵c̵o̵n̵s̵_̵z̵e̵r̵o̵,̵ ̵List.getElem?_cons_succ]

Note: This linter can be disabled with `set_option linter.unusedSimpArgs false`
warning: denote/Denote.lean:20190:48: This simp argument is unused:
  List.getElem?_cons_succ

Hint: Omit it from the simp argument list.
  simp [List.getD, List.getElem?_cons_zero,̵ ̵L̵i̵s̵t̵.̵g̵e̵t̵E̵l̵e̵m̵?̵_̵c̵o̵n̵s̵_̵s̵u̵c̵c̵]

Note: This linter can be disabled with `set_option linter.unusedSimpArgs false`
warning: denote/Denote.lean:20242:23: This simp argument is unused:
  List.getElem?_cons_zero

Hint: Omit it from the simp argument list.
  simp [List.getD, L̵i̵s̵t̵.̵g̵e̵t̵E̵l̵e̵m̵?̵_̵c̵o̵n̵s̵_̵z̵e̵r̵o̵,̵ ̵List.getElem?_cons_succ]

Note: This linter can be disabled with `set_option linter.unusedSimpArgs false`
warning: denote/Denote.lean:20242:48: This simp argument is unused:
  List.getElem?_cons_succ

Hint: Omit it from the simp argument list.
  simp [List.getD, List.getElem?_cons_zero,̵ ̵L̵i̵s̵t̵.̵g̵e̵t̵E̵l̵e̵m̵?̵_̵c̵o̵n̵s̵_̵s̵u̵c̵c̵]

Note: This linter can be disabled with `set_option linter.unusedSimpArgs false`
warning: denote/Denote.lean:20281:4: This simp argument is unused:
  Nat.reduceDiv

Hint: Omit it from the simp argument list.
  simp only [hhead, List.getD, List.getElem?_cons_zero, List.getElem?_cons_succ,
  ̵  ̵ ̵ ̵Option.getD_some,
  ̲  ̲ ̲ ̲List.drop, List.foldl, Nat.reduceMul, Nat.reduceAdd,
  ̵  ̵ ̵ ̵Nat.reduceD̵i̵v̵,̵ ̵N̵a̵t̵.̵r̵e̵d̵u̵c̵e̵Mod, Nat.div_one, Nat.mod_one,
  ̲  ̲ ̲ ̲Nat.mul_one,
  ̵  ̵ ̵ ̵Nat.add_zero, Nat.zero_add, show (8 : Nat) ≠ 0 from by omega,
      show (4 : Nat) ≠ 0 from by omega, show (1 : Nat) ≠ 0 from by omega,
      show (32 : Nat) ≠ 0 from by omega,
  ̵  ̵ ̵ ̵show (256 : Nat) ≠ 0 from by omega, ite_false]

Note: This linter can be disabled with `set_option linter.unusedSimpArgs false`
warning: denote/Denote.lean:20281:19: This simp argument is unused:
  Nat.reduceMod

Hint: Omit it from the simp argument list.
  simp only [hhead, List.getD, List.getElem?_cons_zero, List.getElem?_cons_succ,
  ̵  ̵ ̵ ̵Option.getD_some,
  ̲  ̲ ̲ ̲List.drop, List.foldl, Nat.reduceMul, Nat.reduceAdd,
  ̵  ̵ ̵ ̵Nat.reduceDiv, Nat.r̵e̵du̵c̵e̵M̵o̵d̵,̵ ̵N̵a̵t̵.̵d̵iv_one, Nat.mod_one,
  ̲  ̲ ̲ ̲Nat.mul_one,
  ̵  ̵ ̵ ̵Nat.add_zero, Nat.zero_add, show (8 : Nat) ≠ 0 from by omega,
      show (4 : Nat) ≠ 0 from by omega, show (1 : Nat) ≠ 0 from by omega,
      show (32 : Nat) ≠ 0 from by omega,
  ̵  ̵ ̵ ̵show (256 : Nat) ≠ 0 from by omega, ite_false]

Note: This linter can be disabled with `set_option linter.unusedSimpArgs false`
warning: denote/Denote.lean:20281:60: This simp argument is unused:
  Nat.mul_one

Hint: Omit it from the simp argument list.
  simp only [hhead, List.getD, List.getElem?_cons_zero, List.getElem?_cons_succ,
  ̵  ̵ ̵ ̵Option.getD_some,
  ̲  ̲ ̲ ̲List.drop, List.foldl, Nat.reduceMul, Nat.reduceAdd,
  ̵  ̵ ̵ ̵Nat.reduceDiv, Nat.reduceMod, Nat.div_one,
  ̲  ̲ ̲ ̲Nat.mod_one, Nat.m̵u̵l̵_̵o̵n̵e̵,̵
  ̵ ̵ ̵ ̵ ̵N̵at̵.̵a̵dd_zero, Nat.zero_add, show (8 : Nat) ≠ 0 from by omega,
      show (4 : Nat) ≠ 0 from by omega, show (1 : Nat) ≠ 0 from by omega,
      show (32 : Nat) ≠ 0 from by omega,
  ̵  ̵ ̵ ̵show (256 : Nat) ≠ 0 from by omega, ite_false]

Note: This linter can be disabled with `set_option linter.unusedSimpArgs false`
warning: denote/Denote.lean:20282:18: This simp argument is unused:
  Nat.zero_add

Hint: Omit it from the simp argument list.
  simp only [hhead, List.getD, List.getElem?_cons_zero, List.getElem?_cons_succ,
  ̵  ̵ ̵ ̵Option.getD_some,
  ̲  ̲ ̲ ̲List.drop, List.foldl, Nat.reduceMul, Nat.reduceAdd,
  ̵  ̵ ̵ ̵Nat.reduceDiv, Nat.reduceMod, Nat.div_one,
  ̲  ̲ ̲ ̲Nat.mod_one, Nat.mul_one,
  ̵  ̵ ̵ ̵Nat.add_zero, N̵a̵t̵.̵z̵e̵r̵o̵_̵a̵d̵d̵,̵ ̵show (8 : Nat) ≠ 0 from by omega,
      show (4 : Nat) ≠ 0 from by omega, show (1 : Nat) ≠ 0 from by omega,
      show (32 : Nat) ≠ 0 from by omega,
  ̵  ̵ ̵ ̵show (256 : Nat) ≠ 0 from by omega, ite_false]

Note: This linter can be disabled with `set_option linter.unusedSimpArgs false`
warning: denote/Denote.lean:20283:4: This simp argument is unused:
  show (4 : Nat) ≠ 0 from by omega

Hint: Omit it from the simp argument list.
  simp only [hhead, List.getD, List.getElem?_cons_zero, List.getElem?_cons_succ,
  ̵  ̵ ̵ ̵Option.getD_some,
  ̲  ̲ ̲ ̲List.drop, List.foldl, Nat.reduceMul, Nat.reduceAdd,
  ̵  ̵ ̵ ̵Nat.reduceDiv, Nat.reduceMod, Nat.div_one,
  ̲  ̲ ̲ ̲Nat.mod_one, Nat.mul_one,
  ̵  ̵ ̵ ̵Nat.add_zero, Nat.zero_add, show (8 : Nat) ≠ 0 from by omega,
      show (4̵ ̵:̵ ̵N̵a̵t̵)̵ ̵≠̵ ̵0̵ ̵f̵r̵o̵m̵ ̵b̵y̵ ̵o̵m̵e̵g̵a̵,̵ ̵s̵h̵o̵w̵ ̵(̵1 : Nat) ≠ 0 from by omega,
  ̵  ̵ ̵ ̵show (32 : Nat) ≠ 0 from by omega,
      show (256 : Nat) ≠ 0 from by omega, ite_false]

Note: This linter can be disabled with `set_option linter.unusedSimpArgs false`
warning: denote/Denote.lean:20285:4: This simp argument is unused:
  show (256 : Nat) ≠ 0 from by omega

Hint: Omit it from the simp argument list.
  simp only [hhead, List.getD, List.getElem?_cons_zero, List.getElem?_cons_succ,
  ̵  ̵ ̵ ̵Option.getD_some,
  ̲  ̲ ̲ ̲List.drop, List.foldl, Nat.reduceMul, Nat.reduceAdd,
  ̵  ̵ ̵ ̵Nat.reduceDiv, Nat.reduceMod, Nat.div_one,
  ̲  ̲ ̲ ̲Nat.mod_one, Nat.mul_one,
  ̵  ̵ ̵ ̵Nat.add_zero, Nat.zero_add, show (8 : Nat) ≠ 0 from by omega,
      show (4 : Nat) ≠ 0 from by omega, show (1 : Nat) ≠ 0 from by omega,
      show (32 : Nat) ≠ 0 from by omega,
  ̵  ̵ ̵ ̵s̵h̵o̵w̵ ̵(̵2̵5̵6̵ ̵:̵ ̵N̵a̵t̵)̵ ̵≠̵ ̵0̵ ̵f̵r̵o̵m̵ ̵b̵y̵ ̵o̵m̵e̵g̵a̵,̵ ̵ite_false]

Note: This linter can be disabled with `set_option linter.unusedSimpArgs false`
warning: denote/Denote.lean:20304:34: This simp argument is unused:
  Nat.reduceDiv

Hint: Omit it from the simp argument list.
  simp only [chunkPrimDimN, Tensor.mkShape, hx, List.getD, List.getElem?_cons_zero,
      List.getElem?_cons_succ, Option.getD_some, List.drop, List.foldl,
  ̵  ̵ ̵ ̵Nat.reduceMul, Nat.reduceAdd,
  ̲ N̵a̵t̵.̵r̵e̵d̵u̵c̵e̵D̵i̵v̵,̵  ̲ ̲Nat.reduceMod,
  ̵  ̵ ̵ ̵Nat.div_one, Nat.mod_one, Nat.mul_one, Nat.add_zero, Nat.zero_add,
      show (8 : Nat) ≠ 0 from by omega, show (4 : Nat) ≠ 0 from by omega,
      show (1 : Nat) ≠ 0 from by omega, show (32 : Nat) ≠ 0 from by omega,
      show (64 : Nat) ≠ 0 from by omega, show (4 / 4 : Nat) = 1 by norm_num,
  ̵  ̵ ̵ ̵ite_false]

Note: This linter can be disabled with `set_option linter.unusedSimpArgs false`
warning: denote/Denote.lean:20304:49: This simp argument is unused:
  Nat.reduceMod

Hint: Omit it from the simp argument list.
  simp only [chunkPrimDimN, Tensor.mkShape, hx, List.getD, List.getElem?_cons_zero,
      List.getElem?_cons_succ, Option.getD_some, List.drop, List.foldl,
  ̵  ̵ ̵ ̵Nat.reduceMul, Nat.reduceAdd,
  ̲  ̲ ̲ ̲Nat.reduceDiv, Nat.r̵e̵du̵c̵e̵M̵o̵d̵,̵
  ̵ ̵ ̵ ̵ ̵N̵a̵t̵.̵d̵iv_one, Nat.mod_one, Nat.mul_one, Nat.add_zero, Nat.zero_add,
      show (8 : Nat) ≠ 0 from by omega, show (4 : Nat) ≠ 0 from by omega,
      show (1 : Nat) ≠ 0 from by omega, show (32 : Nat) ≠ 0 from by omega,
      show (64 : Nat) ≠ 0 from by omega, show (4 / 4 : Nat) = 1 by norm_num,
  ̵  ̵ ̵ ̵ite_false]

Note: This linter can be disabled with `set_option linter.unusedSimpArgs false`
warning: denote/Denote.lean:20305:4: This simp argument is unused:
  Nat.div_one

Hint: Omit it from the simp argument list.
  simp only [chunkPrimDimN, Tensor.mkShape, hx, List.getD, List.getElem?_cons_zero,
      List.getElem?_cons_succ, Option.getD_some, List.drop, List.foldl,
  ̵  ̵ ̵ ̵Nat.reduceMul, Nat.reduceAdd,
  ̲  ̲ ̲ ̲Nat.reduceDiv, Nat.reduceMod,
  ̵  ̵ ̵ ̵Nat.d̵i̵v̵_̵o̵n̵e̵,̵ ̵N̵a̵t̵.̵mod_one, Nat.mul_one, Nat.add_zero, Nat.zero_add,
      show (8 : Nat) ≠ 0 from by omega, show (4 : Nat) ≠ 0 from by omega,
      show (1 : Nat) ≠ 0 from by omega, show (32 : Nat) ≠ 0 from by omega,
      show (64 : Nat) ≠ 0 from by omega, show (4 / 4 : Nat) = 1 by norm_num,
  ̵  ̵ ̵ ̵ite_false]

Note: This linter can be disabled with `set_option linter.unusedSimpArgs false`
warning: denote/Denote.lean:20305:17: This simp argument is unused:
  Nat.mod_one

Hint: Omit it from the simp argument list.
  simp only [chunkPrimDimN, Tensor.mkShape, hx, List.getD, List.getElem?_cons_zero,
      List.getElem?_cons_succ, Option.getD_some, List.drop, List.foldl,
  ̵  ̵ ̵ ̵Nat.reduceMul, Nat.reduceAdd,
  ̲  ̲ ̲ ̲Nat.reduceDiv, Nat.reduceMod,
  ̵  ̵ ̵ ̵Nat.div_one, Nat.mo̵d̵_̵o̵n̵e̵,̵ ̵N̵a̵t̵.̵m̵ul_one, Nat.add_zero, Nat.zero_add,
      show (8 : Nat) ≠ 0 from by omega, show (4 : Nat) ≠ 0 from by omega,
      show (1 : Nat) ≠ 0 from by omega, show (32 : Nat) ≠ 0 from by omega,
      show (64 : Nat) ≠ 0 from by omega, show (4 / 4 : Nat) = 1 by norm_num,
  ̵  ̵ ̵ ̵ite_false]

Note: This linter can be disabled with `set_option linter.unusedSimpArgs false`
warning: denote/Denote.lean:20305:43: This simp argument is unused:
  Nat.add_zero

Hint: Omit it from the simp argument list.
  simp only [chunkPrimDimN, Tensor.mkShape, hx, List.getD, List.getElem?_cons_zero,
      List.getElem?_cons_succ, Option.getD_some, List.drop, List.foldl,
  ̵  ̵ ̵ ̵Nat.reduceMul, Nat.reduceAdd,
  ̲  ̲ ̲ ̲Nat.reduceDiv, Nat.reduceMod,
  ̵  ̵ ̵ ̵Nat.div_one, Nat.mod_one, Nat.mul_one, Nat.a̵d̵d̵_̵zero,̵ ̵N̵a̵t̵.̵z̵e̵r̵o̵_add,
      show (8 : Nat) ≠ 0 from by omega, show (4 : Nat) ≠ 0 from by omega,
      show (1 : Nat) ≠ 0 from by omega, show (32 : Nat) ≠ 0 from by omega,
      show (64 : Nat) ≠ 0 from by omega, show (4 / 4 : Nat) = 1 by norm_num,
  ̵  ̵ ̵ ̵ite_false]

Note: This linter can be disabled with `set_option linter.unusedSimpArgs false`
warning: denote/Denote.lean:20305:57: This simp argument is unused:
  Nat.zero_add

Hint: Omit it from the simp argument list.
  simp only [chunkPrimDimN, Tensor.mkShape, hx, List.getD, List.getElem?_cons_zero,
      List.getElem?_cons_succ, Option.getD_some, List.drop, List.foldl,
  ̵  ̵ ̵ ̵Nat.reduceMul, Nat.reduceAdd,
  ̲  ̲ ̲ ̲Nat.reduceDiv, Nat.reduceMod,
  ̵  ̵ ̵ ̵Nat.div_one, Nat.mod_one, Nat.mul_one, Nat.add_zero, ̵N̵a̵t̵.̵z̵e̵r̵o̵_̵a̵d̵d̵,̵
      show (8 : Nat) ≠ 0 from by omega, show (4 : Nat) ≠ 0 from by omega,
      show (1 : Nat) ≠ 0 from by omega, show (32 : Nat) ≠ 0 from by omega,
      show (64 : Nat) ≠ 0 from by omega, show (4 / 4 : Nat) = 1 by norm_num,
  ̵  ̵ ̵ ̵ite_false]

Note: This linter can be disabled with `set_option linter.unusedSimpArgs false`
warning: denote/Denote.lean:20307:4: This simp argument is unused:
  show (1 : Nat) ≠ 0 from by omega

Hint: Omit it from the simp argument list.
  simp only [chunkPrimDimN, Tensor.mkShape, hx, List.getD, List.getElem?_cons_zero,
      List.getElem?_cons_succ, Option.getD_some, List.drop, List.foldl,
  ̵  ̵ ̵ ̵Nat.reduceMul, Nat.reduceAdd,
  ̲  ̲ ̲ ̲Nat.reduceDiv, Nat.reduceMod,
  ̵  ̵ ̵ ̵Nat.div_one, Nat.mod_one, Nat.mul_one, Nat.add_zero, Nat.zero_add,
      show (8 : Nat) ≠ 0 from by omega, show (4 : Nat) ≠ 0 from by omega,
      show (1̵3̲2̲ : Nat) ≠ 0 from by omega, show (3̵2̵6̲4̲ : Nat) ≠ 0 from by omega,
      show (6̵4 :̵ ̵N̵a̵t̵)̵ ̵≠̵ ̵0̵ ̵f̵r̵o̵m̵ ̵b̵y̵ ̵o̵m̵e̵g̵a̵,̵ ̵s̵h̵o̵w̵ ̵(̵4̵ ̵/ 4 : Nat) = 1 by norm_num,
  ̵  ̵ ̵ ̵ite_false]

Note: This linter can be disabled with `set_option linter.unusedSimpArgs false`
warning: denote/Denote.lean:20307:38: This simp argument is unused:
  show (32 : Nat) ≠ 0 from by omega

Hint: Omit it from the simp argument list.
  simp only [chunkPrimDimN, Tensor.mkShape, hx, List.getD, List.getElem?_cons_zero,
      List.getElem?_cons_succ, Option.getD_some, List.drop, List.foldl,
  ̵  ̵ ̵ ̵Nat.reduceMul, Nat.reduceAdd,
  ̲  ̲ ̲ ̲Nat.reduceDiv, Nat.reduceMod,
  ̵  ̵ ̵ ̵Nat.div_one, Nat.mod_one, Nat.mul_one, Nat.add_zero, Nat.zero_add,
      show (8 : Nat) ≠ 0 from by omega, show (4 : Nat) ≠ 0 from by omega,
      show (1 : Nat) ≠ 0 from by omega, show (3̵2̵6̲4̲ : Nat) ≠ 0 from by omega,
      show (6̵4 :̵ ̵N̵a̵t̵)̵ ̵≠̵ ̵0̵ ̵f̵r̵o̵m̵ ̵b̵y̵ ̵o̵m̵e̵g̵a̵,̵ ̵s̵h̵o̵w̵ ̵(̵4̵ ̵/ 4 : Nat) = 1 by norm_num,
  ̵  ̵ ̵ ̵ite_false]

Note: This linter can be disabled with `set_option linter.unusedSimpArgs false`
warning: denote/Denote.lean:20308:4: This simp argument is unused:
  show (64 : Nat) ≠ 0 from by omega

Hint: Omit it from the simp argument list.
  simp only [chunkPrimDimN, Tensor.mkShape, hx, List.getD, List.getElem?_cons_zero,
      List.getElem?_cons_succ, Option.getD_some, List.drop, List.foldl,
  ̵  ̵ ̵ ̵Nat.reduceMul, Nat.reduceAdd,
  ̲  ̲ ̲ ̲Nat.reduceDiv, Nat.reduceMod,
  ̵  ̵ ̵ ̵Nat.div_one, Nat.mod_one, Nat.mul_one, Nat.add_zero, Nat.zero_add,
      show (8 : Nat) ≠ 0 from by omega, show (4 : Nat) ≠ 0 from by omega,
      show (1 : Nat) ≠ 0 from by omega, show (32 : Nat) ≠ 0 from by omega,
      show (6̵4 :̵ ̵N̵a̵t̵)̵ ̵≠̵ ̵0̵ ̵f̵r̵o̵m̵ ̵b̵y̵ ̵o̵m̵e̵g̵a̵,̵ ̵s̵h̵o̵w̵ ̵(̵4̵ ̵/ 4 : Nat) = 1 by norm_num,
  ̵  ̵ ̵ ̵ite_false]

Note: This linter can be disabled with `set_option linter.unusedSimpArgs false`
warning: denote/Denote.lean:20347:23: This simp argument is unused:
  List.getElem?_cons_zero

Hint: Omit it from the simp argument list.
  simp [List.getD, L̵i̵s̵t̵.̵g̵e̵t̵E̵l̵e̵m̵?̵_̵c̵o̵n̵s̵_̵z̵e̵r̵o̵,̵ ̵List.getElem?_cons_succ]

Note: This linter can be disabled with `set_option linter.unusedSimpArgs false`
warning: denote/Denote.lean:20347:48: This simp argument is unused:
  List.getElem?_cons_succ

Hint: Omit it from the simp argument list.
  simp [List.getD, List.getElem?_cons_zero,̵ ̵L̵i̵s̵t̵.̵g̵e̵t̵E̵l̵e̵m̵?̵_̵c̵o̵n̵s̵_̵s̵u̵c̵c̵]

Note: This linter can be disabled with `set_option linter.unusedSimpArgs false`
warning: denote/Denote.lean:20397:23: This simp argument is unused:
  List.getElem?_cons_zero

Hint: Omit it from the simp argument list.
  simp [List.getD, L̵i̵s̵t̵.̵g̵e̵t̵E̵l̵e̵m̵?̵_̵c̵o̵n̵s̵_̵z̵e̵r̵o̵,̵ ̵List.getElem?_cons_succ]

Note: This linter can be disabled with `set_option linter.unusedSimpArgs false`
warning: denote/Denote.lean:20397:48: This simp argument is unused:
  List.getElem?_cons_succ

Hint: Omit it from the simp argument list.
  simp [List.getD, List.getElem?_cons_zero,̵ ̵L̵i̵s̵t̵.̵g̵e̵t̵E̵l̵e̵m̵?̵_̵c̵o̵n̵s̵_̵s̵u̵c̵c̵]

Note: This linter can be disabled with `set_option linter.unusedSimpArgs false`
warning: denote/Denote.lean:20437:23: This simp argument is unused:
  List.getElem?_cons_zero

Hint: Omit it from the simp argument list.
  simp [List.getD, L̵i̵s̵t̵.̵g̵e̵t̵E̵l̵e̵m̵?̵_̵c̵o̵n̵s̵_̵z̵e̵r̵o̵,̵ ̵List.getElem?_cons_succ]

Note: This linter can be disabled with `set_option linter.unusedSimpArgs false`
warning: denote/Denote.lean:20437:48: This simp argument is unused:
  List.getElem?_cons_succ

Hint: Omit it from the simp argument list.
  simp [List.getD, List.getElem?_cons_zero,̵ ̵L̵i̵s̵t̵.̵g̵e̵t̵E̵l̵e̵m̵?̵_̵c̵o̵n̵s̵_̵s̵u̵c̵c̵]

Note: This linter can be disabled with `set_option linter.unusedSimpArgs false`
warning: denote/Denote.lean:20489:23: This simp argument is unused:
  List.getElem?_cons_zero

Hint: Omit it from the simp argument list.
  simp [List.getD, L̵i̵s̵t̵.̵g̵e̵t̵E̵l̵e̵m̵?̵_̵c̵o̵n̵s̵_̵z̵e̵r̵o̵,̵ ̵List.getElem?_cons_succ]

Note: This linter can be disabled with `set_option linter.unusedSimpArgs false`
warning: denote/Denote.lean:20489:48: This simp argument is unused:
  List.getElem?_cons_succ

Hint: Omit it from the simp argument list.
  simp [List.getD, List.getElem?_cons_zero,̵ ̵L̵i̵s̵t̵.̵g̵e̵t̵E̵l̵e̵m̵?̵_̵c̵o̵n̵s̵_̵s̵u̵c̵c̵]

Note: This linter can be disabled with `set_option linter.unusedSimpArgs false`
warning: denote/Denote.lean:20529:23: This simp argument is unused:
  List.getElem?_cons_zero

Hint: Omit it from the simp argument list.
  simp [List.getD, L̵i̵s̵t̵.̵g̵e̵t̵E̵l̵e̵m̵?̵_̵c̵o̵n̵s̵_̵z̵e̵r̵o̵,̵ ̵List.getElem?_cons_succ]

Note: This linter can be disabled with `set_option linter.unusedSimpArgs false`
warning: denote/Denote.lean:20529:48: This simp argument is unused:
  List.getElem?_cons_succ

Hint: Omit it from the simp argument list.
  simp [List.getD, List.getElem?_cons_zero,̵ ̵L̵i̵s̵t̵.̵g̵e̵t̵E̵l̵e̵m̵?̵_̵c̵o̵n̵s̵_̵s̵u̵c̵c̵]

Note: This linter can be disabled with `set_option linter.unusedSimpArgs false`
warning: denote/Denote.lean:20580:23: This simp argument is unused:
  List.getElem?_cons_zero

Hint: Omit it from the simp argument list.
  simp [List.getD, L̵i̵s̵t̵.̵g̵e̵t̵E̵l̵e̵m̵?̵_̵c̵o̵n̵s̵_̵z̵e̵r̵o̵,̵ ̵List.getElem?_cons_succ]

Note: This linter can be disabled with `set_option linter.unusedSimpArgs false`
warning: denote/Denote.lean:20580:48: This simp argument is unused:
  List.getElem?_cons_succ

Hint: Omit it from the simp argument list.
  simp [List.getD, List.getElem?_cons_zero,̵ ̵L̵i̵s̵t̵.̵g̵e̵t̵E̵l̵e̵m̵?̵_̵c̵o̵n̵s̵_̵s̵u̵c̵c̵]

Note: This linter can be disabled with `set_option linter.unusedSimpArgs false`
warning: denote/Denote.lean:20620:23: This simp argument is unused:
  List.getElem?_cons_zero

Hint: Omit it from the simp argument list.
  simp [List.getD, L̵i̵s̵t̵.̵g̵e̵t̵E̵l̵e̵m̵?̵_̵c̵o̵n̵s̵_̵z̵e̵r̵o̵,̵ ̵List.getElem?_cons_succ]

Note: This linter can be disabled with `set_option linter.unusedSimpArgs false`
warning: denote/Denote.lean:20620:48: This simp argument is unused:
  List.getElem?_cons_succ

Hint: Omit it from the simp argument list.
  simp [List.getD, List.getElem?_cons_zero,̵ ̵L̵i̵s̵t̵.̵g̵e̵t̵E̵l̵e̵m̵?̵_̵c̵o̵n̵s̵_̵s̵u̵c̵c̵]

Note: This linter can be disabled with `set_option linter.unusedSimpArgs false`
warning: denote/Denote.lean:20679:23: This simp argument is unused:
  List.getElem?_cons_zero

Hint: Omit it from the simp argument list.
  simp [List.getD, L̵i̵s̵t̵.̵g̵e̵t̵E̵l̵e̵m̵?̵_̵c̵o̵n̵s̵_̵z̵e̵r̵o̵,̵ ̵List.getElem?_cons_succ]

Note: This linter can be disabled with `set_option linter.unusedSimpArgs false`
warning: denote/Denote.lean:20679:48: This simp argument is unused:
  List.getElem?_cons_succ

Hint: Omit it from the simp argument list.
  simp [List.getD, List.getElem?_cons_zero,̵ ̵L̵i̵s̵t̵.̵g̵e̵t̵E̵l̵e̵m̵?̵_̵c̵o̵n̵s̵_̵s̵u̵c̵c̵]

Note: This linter can be disabled with `set_option linter.unusedSimpArgs false`
warning: denote/Denote.lean:20719:23: This simp argument is unused:
  List.getElem?_cons_zero

Hint: Omit it from the simp argument list.
  simp [List.getD, L̵i̵s̵t̵.̵g̵e̵t̵E̵l̵e̵m̵?̵_̵c̵o̵n̵s̵_̵z̵e̵r̵o̵,̵ ̵List.getElem?_cons_succ]

Note: This linter can be disabled with `set_option linter.unusedSimpArgs false`
warning: denote/Denote.lean:20719:48: This simp argument is unused:
  List.getElem?_cons_succ

Hint: Omit it from the simp argument list.
  simp [List.getD, List.getElem?_cons_zero,̵ ̵L̵i̵s̵t̵.̵g̵e̵t̵E̵l̵e̵m̵?̵_̵c̵o̵n̵s̵_̵s̵u̵c̵c̵]

Note: This linter can be disabled with `set_option linter.unusedSimpArgs false`
⚠ [2625/2630] Replayed denote.GraphSlicing
warning: denote/GraphSlicing.lean:26:0: Unscoped option linter.flexible is not allowed:
Please scope this to individual declarations, as in
```
set_option linter.flexible in
-- comment explaining why this is necessary
example : ... := ...
```

Note: This linter can be disabled with `set_option linter.style.setOption false`
warning: denote/GraphSlicing.lean:440:4: The `show` tactic should only be used to indicate intermediate goal states for readability.
However, this tactic invocation changed the goal. Please use `change` instead for these purposes.

Note: This linter can be disabled with `set_option linter.style.show false`
warning: denote/GraphSlicing.lean:639:6: `push_neg` has been deprecated. Prefer using `push Not` instead.
If you'd rather continue using `push_neg` in your project, you can implement it as follows:
```
open Lean.Parser.Tactic in
macro "push_neg" cfg:optConfig loc:(location)? : tactic =>
  `(tactic| push $cfg:optConfig Not $[$loc]?)
```
⚠ [2626/2630] Replayed denote.yoco_goals.Pattern_4
warning: denote/yoco_goals/Pattern_4.lean:18:0: Unscoped option maxHeartbeats is not allowed:
Please scope this to individual declarations, as in
```
set_option maxHeartbeats in
-- comment explaining why this is necessary
example : ... := ...
```

Note: This linter can be disabled with `set_option linter.style.setOption false`
warning: denote/yoco_goals/Pattern_4.lean:53:5: Variable name `h_prefix_no_write_scores` is not explicitly referenced.

The binding can be removed (if unused) or named `_` (if used implicitly).

Note: This linter can be disabled with `set_option linter.unusedVariables false`
warning: denote/yoco_goals/Pattern_4.lean:49:42: missing space in the source

This part of the code
  '(k+1) ='
should be written as
  '(k + 1)'


Note: This linter can be disabled with `set_option linter.style.whitespace false`
warning: denote/yoco_goals/Pattern_4.lean:51:19: missing space in the source

This part of the code
  '(0:Nat),'
should be written as
  '(0 : Nat),'


Note: This linter can be disabled with `set_option linter.style.whitespace false`
warning: denote/yoco_goals/Pattern_4.lean:58:36: missing space in the source

This part of the code
  '(k+1)).take'
should be written as
  '(k + 1)).take'


Note: This linter can be disabled with `set_option linter.style.whitespace false`
warning: denote/yoco_goals/Pattern_4.lean:58:54: missing space in the source

This part of the code
  '(k+1)),'
should be written as
  '(k + 1)),'


Note: This linter can be disabled with `set_option linter.style.whitespace false`
warning: denote/yoco_goals/Pattern_4.lean:294:39: 'decide' tactic does nothing

Note: This linter can be disabled with `set_option linter.unusedTactic false`
warning: denote/yoco_goals/Pattern_4.lean:120:2: The `show` tactic should only be used to indicate intermediate goal states for readability.
However, this tactic invocation changed the goal. Please use `change` instead for these purposes.

Note: This linter can be disabled with `set_option linter.style.show false`
warning: denote/yoco_goals/Pattern_4.lean:294:39: this tactic is never executed

Note: This linter can be disabled with `set_option linter.unreachableTactic false`
warning: denote/yoco_goals/Pattern_4.lean:138:35: Used `tac1 <;> tac2` where `(tac1; tac2)` would suffice

Note: This linter can be disabled with `set_option linter.unnecessarySeqFocus false`
warning: denote/yoco_goals/Pattern_4.lean:139:35: Used `tac1 <;> tac2` where `(tac1; tac2)` would suffice

Note: This linter can be disabled with `set_option linter.unnecessarySeqFocus false`
warning: denote/yoco_goals/Pattern_4.lean:287:35: Used `tac1 <;> tac2` where `(tac1; tac2)` would suffice

Note: This linter can be disabled with `set_option linter.unnecessarySeqFocus false`
warning: denote/yoco_goals/Pattern_4.lean:320:42: missing space in the source

This part of the code
  '(k+1) ='
should be written as
  '(k + 1)'


Note: This linter can be disabled with `set_option linter.style.whitespace false`
warning: denote/yoco_goals/Pattern_4.lean:327:36: missing space in the source

This part of the code
  '(k+1)).take'
should be written as
  '(k + 1)).take'


Note: This linter can be disabled with `set_option linter.style.whitespace false`
warning: denote/yoco_goals/Pattern_4.lean:327:54: missing space in the source

This part of the code
  '(k+1)),'
should be written as
  '(k + 1)),'


Note: This linter can be disabled with `set_option linter.style.whitespace false`
warning: denote/yoco_goals/Pattern_4.lean:353:42: missing space in the source

This part of the code
  '(k+1) ='
should be written as
  '(k + 1)'


Note: This linter can be disabled with `set_option linter.style.whitespace false`
warning: denote/yoco_goals/Pattern_4.lean:360:36: missing space in the source

This part of the code
  '(k+1)).take'
should be written as
  '(k + 1)).take'


Note: This linter can be disabled with `set_option linter.style.whitespace false`
warning: denote/yoco_goals/Pattern_4.lean:360:54: missing space in the source

This part of the code
  '(k+1)),'
should be written as
  '(k + 1)),'


Note: This linter can be disabled with `set_option linter.style.whitespace false`
warning: denote/yoco_goals/Pattern_4.lean:501:10: Using `native_decide` is not allowed in mathlib: because it trusts the entire Lean compiler (not just the Lean kernel), it could quite possibly be used to prove false.

Note: This linter can be disabled with `set_option linter.style.nativeDecide false`
warning: denote/yoco_goals/Pattern_4.lean:505:75: Using `native_decide` is not allowed in mathlib: because it trusts the entire Lean compiler (not just the Lean kernel), it could quite possibly be used to prove false.

Note: This linter can be disabled with `set_option linter.style.nativeDecide false`
warning: denote/yoco_goals/Pattern_4.lean:506:10: Using `native_decide` is not allowed in mathlib: because it trusts the entire Lean compiler (not just the Lean kernel), it could quite possibly be used to prove false.

Note: This linter can be disabled with `set_option linter.style.nativeDecide false`
warning: denote/yoco_goals/Pattern_4.lean:510:75: Using `native_decide` is not allowed in mathlib: because it trusts the entire Lean compiler (not just the Lean kernel), it could quite possibly be used to prove false.

Note: This linter can be disabled with `set_option linter.style.nativeDecide false`
warning: denote/yoco_goals/Pattern_4.lean:511:10: Using `native_decide` is not allowed in mathlib: because it trusts the entire Lean compiler (not just the Lean kernel), it could quite possibly be used to prove false.

Note: This linter can be disabled with `set_option linter.style.nativeDecide false`
warning: denote/yoco_goals/Pattern_4.lean:515:75: Using `native_decide` is not allowed in mathlib: because it trusts the entire Lean compiler (not just the Lean kernel), it could quite possibly be used to prove false.

Note: This linter can be disabled with `set_option linter.style.nativeDecide false`
warning: denote/yoco_goals/Pattern_4.lean:516:10: Using `native_decide` is not allowed in mathlib: because it trusts the entire Lean compiler (not just the Lean kernel), it could quite possibly be used to prove false.

Note: This linter can be disabled with `set_option linter.style.nativeDecide false`
warning: denote/yoco_goals/Pattern_4.lean:522:12: Using `native_decide` is not allowed in mathlib: because it trusts the entire Lean compiler (not just the Lean kernel), it could quite possibly be used to prove false.

Note: This linter can be disabled with `set_option linter.style.nativeDecide false`
warning: denote/yoco_goals/Pattern_4.lean:523:12: Using `native_decide` is not allowed in mathlib: because it trusts the entire Lean compiler (not just the Lean kernel), it could quite possibly be used to prove false.

Note: This linter can be disabled with `set_option linter.style.nativeDecide false`
warning: denote/yoco_goals/Pattern_4.lean:524:10: Using `native_decide` is not allowed in mathlib: because it trusts the entire Lean compiler (not just the Lean kernel), it could quite possibly be used to prove false.

Note: This linter can be disabled with `set_option linter.style.nativeDecide false`
warning: denote/yoco_goals/Pattern_4.lean:531:12: Using `native_decide` is not allowed in mathlib: because it trusts the entire Lean compiler (not just the Lean kernel), it could quite possibly be used to prove false.

Note: This linter can be disabled with `set_option linter.style.nativeDecide false`
warning: denote/yoco_goals/Pattern_4.lean:532:12: Using `native_decide` is not allowed in mathlib: because it trusts the entire Lean compiler (not just the Lean kernel), it could quite possibly be used to prove false.

Note: This linter can be disabled with `set_option linter.style.nativeDecide false`
warning: denote/yoco_goals/Pattern_4.lean:533:10: Using `native_decide` is not allowed in mathlib: because it trusts the entire Lean compiler (not just the Lean kernel), it could quite possibly be used to prove false.

Note: This linter can be disabled with `set_option linter.style.nativeDecide false`
warning: denote/yoco_goals/Pattern_4.lean:540:12: Using `native_decide` is not allowed in mathlib: because it trusts the entire Lean compiler (not just the Lean kernel), it could quite possibly be used to prove false.

Note: This linter can be disabled with `set_option linter.style.nativeDecide false`
warning: denote/yoco_goals/Pattern_4.lean:541:12: Using `native_decide` is not allowed in mathlib: because it trusts the entire Lean compiler (not just the Lean kernel), it could quite possibly be used to prove false.

Note: This linter can be disabled with `set_option linter.style.nativeDecide false`
warning: denote/yoco_goals/Pattern_4.lean:542:10: Using `native_decide` is not allowed in mathlib: because it trusts the entire Lean compiler (not just the Lean kernel), it could quite possibly be used to prove false.

Note: This linter can be disabled with `set_option linter.style.nativeDecide false`
warning: denote/yoco_goals/Pattern_4.lean:549:12: Using `native_decide` is not allowed in mathlib: because it trusts the entire Lean compiler (not just the Lean kernel), it could quite possibly be used to prove false.

Note: This linter can be disabled with `set_option linter.style.nativeDecide false`
warning: denote/yoco_goals/Pattern_4.lean:550:12: Using `native_decide` is not allowed in mathlib: because it trusts the entire Lean compiler (not just the Lean kernel), it could quite possibly be used to prove false.

Note: This linter can be disabled with `set_option linter.style.nativeDecide false`
warning: denote/yoco_goals/Pattern_4.lean:551:10: Using `native_decide` is not allowed in mathlib: because it trusts the entire Lean compiler (not just the Lean kernel), it could quite possibly be used to prove false.

Note: This linter can be disabled with `set_option linter.style.nativeDecide false`
warning: denote/yoco_goals/Pattern_4.lean:556:75: Using `native_decide` is not allowed in mathlib: because it trusts the entire Lean compiler (not just the Lean kernel), it could quite possibly be used to prove false.

Note: This linter can be disabled with `set_option linter.style.nativeDecide false`
warning: denote/yoco_goals/Pattern_4.lean:557:10: Using `native_decide` is not allowed in mathlib: because it trusts the entire Lean compiler (not just the Lean kernel), it could quite possibly be used to prove false.

Note: This linter can be disabled with `set_option linter.style.nativeDecide false`
warning: denote/yoco_goals/Pattern_4.lean:562:75: Using `native_decide` is not allowed in mathlib: because it trusts the entire Lean compiler (not just the Lean kernel), it could quite possibly be used to prove false.

Note: This linter can be disabled with `set_option linter.style.nativeDecide false`
warning: denote/yoco_goals/Pattern_4.lean:563:10: Using `native_decide` is not allowed in mathlib: because it trusts the entire Lean compiler (not just the Lean kernel), it could quite possibly be used to prove false.

Note: This linter can be disabled with `set_option linter.style.nativeDecide false`
warning: denote/yoco_goals/Pattern_4.lean:568:75: Using `native_decide` is not allowed in mathlib: because it trusts the entire Lean compiler (not just the Lean kernel), it could quite possibly be used to prove false.

Note: This linter can be disabled with `set_option linter.style.nativeDecide false`
warning: denote/yoco_goals/Pattern_4.lean:569:10: Using `native_decide` is not allowed in mathlib: because it trusts the entire Lean compiler (not just the Lean kernel), it could quite possibly be used to prove false.

Note: This linter can be disabled with `set_option linter.style.nativeDecide false`
warning: denote/yoco_goals/Pattern_4.lean:574:75: Using `native_decide` is not allowed in mathlib: because it trusts the entire Lean compiler (not just the Lean kernel), it could quite possibly be used to prove false.

Note: This linter can be disabled with `set_option linter.style.nativeDecide false`
warning: denote/yoco_goals/Pattern_4.lean:575:10: Using `native_decide` is not allowed in mathlib: because it trusts the entire Lean compiler (not just the Lean kernel), it could quite possibly be used to prove false.

Note: This linter can be disabled with `set_option linter.style.nativeDecide false`
warning: denote/yoco_goals/Pattern_4.lean:580:75: Using `native_decide` is not allowed in mathlib: because it trusts the entire Lean compiler (not just the Lean kernel), it could quite possibly be used to prove false.

Note: This linter can be disabled with `set_option linter.style.nativeDecide false`
warning: denote/yoco_goals/Pattern_4.lean:581:10: Using `native_decide` is not allowed in mathlib: because it trusts the entire Lean compiler (not just the Lean kernel), it could quite possibly be used to prove false.

Note: This linter can be disabled with `set_option linter.style.nativeDecide false`
warning: denote/yoco_goals/Pattern_4.lean:586:75: Using `native_decide` is not allowed in mathlib: because it trusts the entire Lean compiler (not just the Lean kernel), it could quite possibly be used to prove false.

Note: This linter can be disabled with `set_option linter.style.nativeDecide false`
warning: denote/yoco_goals/Pattern_4.lean:587:10: Using `native_decide` is not allowed in mathlib: because it trusts the entire Lean compiler (not just the Lean kernel), it could quite possibly be used to prove false.

Note: This linter can be disabled with `set_option linter.style.nativeDecide false`
warning: denote/yoco_goals/Pattern_4.lean:592:75: Using `native_decide` is not allowed in mathlib: because it trusts the entire Lean compiler (not just the Lean kernel), it could quite possibly be used to prove false.

Note: This linter can be disabled with `set_option linter.style.nativeDecide false`
warning: denote/yoco_goals/Pattern_4.lean:593:10: Using `native_decide` is not allowed in mathlib: because it trusts the entire Lean compiler (not just the Lean kernel), it could quite possibly be used to prove false.

Note: This linter can be disabled with `set_option linter.style.nativeDecide false`
warning: denote/yoco_goals/Pattern_4.lean:598:75: Using `native_decide` is not allowed in mathlib: because it trusts the entire Lean compiler (not just the Lean kernel), it could quite possibly be used to prove false.

Note: This linter can be disabled with `set_option linter.style.nativeDecide false`
warning: denote/yoco_goals/Pattern_4.lean:599:10: Using `native_decide` is not allowed in mathlib: because it trusts the entire Lean compiler (not just the Lean kernel), it could quite possibly be used to prove false.

Note: This linter can be disabled with `set_option linter.style.nativeDecide false`
warning: denote/yoco_goals/Pattern_4.lean:604:75: Using `native_decide` is not allowed in mathlib: because it trusts the entire Lean compiler (not just the Lean kernel), it could quite possibly be used to prove false.

Note: This linter can be disabled with `set_option linter.style.nativeDecide false`
warning: denote/yoco_goals/Pattern_4.lean:605:10: Using `native_decide` is not allowed in mathlib: because it trusts the entire Lean compiler (not just the Lean kernel), it could quite possibly be used to prove false.

Note: This linter can be disabled with `set_option linter.style.nativeDecide false`
warning: denote/yoco_goals/Pattern_4.lean:610:75: Using `native_decide` is not allowed in mathlib: because it trusts the entire Lean compiler (not just the Lean kernel), it could quite possibly be used to prove false.

Note: This linter can be disabled with `set_option linter.style.nativeDecide false`
warning: denote/yoco_goals/Pattern_4.lean:611:10: Using `native_decide` is not allowed in mathlib: because it trusts the entire Lean compiler (not just the Lean kernel), it could quite possibly be used to prove false.

Note: This linter can be disabled with `set_option linter.style.nativeDecide false`
warning: denote/yoco_goals/Pattern_4.lean:616:75: Using `native_decide` is not allowed in mathlib: because it trusts the entire Lean compiler (not just the Lean kernel), it could quite possibly be used to prove false.

Note: This linter can be disabled with `set_option linter.style.nativeDecide false`
warning: denote/yoco_goals/Pattern_4.lean:617:10: Using `native_decide` is not allowed in mathlib: because it trusts the entire Lean compiler (not just the Lean kernel), it could quite possibly be used to prove false.

Note: This linter can be disabled with `set_option linter.style.nativeDecide false`
warning: denote/yoco_goals/Pattern_4.lean:622:75: Using `native_decide` is not allowed in mathlib: because it trusts the entire Lean compiler (not just the Lean kernel), it could quite possibly be used to prove false.

Note: This linter can be disabled with `set_option linter.style.nativeDecide false`
warning: denote/yoco_goals/Pattern_4.lean:623:10: Using `native_decide` is not allowed in mathlib: because it trusts the entire Lean compiler (not just the Lean kernel), it could quite possibly be used to prove false.

Note: This linter can be disabled with `set_option linter.style.nativeDecide false`
warning: denote/yoco_goals/Pattern_4.lean:628:75: Using `native_decide` is not allowed in mathlib: because it trusts the entire Lean compiler (not just the Lean kernel), it could quite possibly be used to prove false.

Note: This linter can be disabled with `set_option linter.style.nativeDecide false`
warning: denote/yoco_goals/Pattern_4.lean:629:10: Using `native_decide` is not allowed in mathlib: because it trusts the entire Lean compiler (not just the Lean kernel), it could quite possibly be used to prove false.

Note: This linter can be disabled with `set_option linter.style.nativeDecide false`
warning: denote/yoco_goals/Pattern_4.lean:634:75: Using `native_decide` is not allowed in mathlib: because it trusts the entire Lean compiler (not just the Lean kernel), it could quite possibly be used to prove false.

Note: This linter can be disabled with `set_option linter.style.nativeDecide false`
warning: denote/yoco_goals/Pattern_4.lean:635:10: Using `native_decide` is not allowed in mathlib: because it trusts the entire Lean compiler (not just the Lean kernel), it could quite possibly be used to prove false.

Note: This linter can be disabled with `set_option linter.style.nativeDecide false`
warning: denote/yoco_goals/Pattern_4.lean:640:75: Using `native_decide` is not allowed in mathlib: because it trusts the entire Lean compiler (not just the Lean kernel), it could quite possibly be used to prove false.

Note: This linter can be disabled with `set_option linter.style.nativeDecide false`
warning: denote/yoco_goals/Pattern_4.lean:641:10: Using `native_decide` is not allowed in mathlib: because it trusts the entire Lean compiler (not just the Lean kernel), it could quite possibly be used to prove false.

Note: This linter can be disabled with `set_option linter.style.nativeDecide false`
warning: denote/yoco_goals/Pattern_4.lean:646:75: Using `native_decide` is not allowed in mathlib: because it trusts the entire Lean compiler (not just the Lean kernel), it could quite possibly be used to prove false.

Note: This linter can be disabled with `set_option linter.style.nativeDecide false`
warning: denote/yoco_goals/Pattern_4.lean:647:10: Using `native_decide` is not allowed in mathlib: because it trusts the entire Lean compiler (not just the Lean kernel), it could quite possibly be used to prove false.

Note: This linter can be disabled with `set_option linter.style.nativeDecide false`
warning: denote/yoco_goals/Pattern_4.lean:652:75: Using `native_decide` is not allowed in mathlib: because it trusts the entire Lean compiler (not just the Lean kernel), it could quite possibly be used to prove false.

Note: This linter can be disabled with `set_option linter.style.nativeDecide false`
warning: denote/yoco_goals/Pattern_4.lean:653:10: Using `native_decide` is not allowed in mathlib: because it trusts the entire Lean compiler (not just the Lean kernel), it could quite possibly be used to prove false.

Note: This linter can be disabled with `set_option linter.style.nativeDecide false`
warning: denote/yoco_goals/Pattern_4.lean:658:75: Using `native_decide` is not allowed in mathlib: because it trusts the entire Lean compiler (not just the Lean kernel), it could quite possibly be used to prove false.

Note: This linter can be disabled with `set_option linter.style.nativeDecide false`
warning: denote/yoco_goals/Pattern_4.lean:659:10: Using `native_decide` is not allowed in mathlib: because it trusts the entire Lean compiler (not just the Lean kernel), it could quite possibly be used to prove false.

Note: This linter can be disabled with `set_option linter.style.nativeDecide false`
warning: denote/yoco_goals/Pattern_4.lean:664:75: Using `native_decide` is not allowed in mathlib: because it trusts the entire Lean compiler (not just the Lean kernel), it could quite possibly be used to prove false.

Note: This linter can be disabled with `set_option linter.style.nativeDecide false`
warning: denote/yoco_goals/Pattern_4.lean:665:10: Using `native_decide` is not allowed in mathlib: because it trusts the entire Lean compiler (not just the Lean kernel), it could quite possibly be used to prove false.

Note: This linter can be disabled with `set_option linter.style.nativeDecide false`
warning: denote/yoco_goals/Pattern_4.lean:670:75: Using `native_decide` is not allowed in mathlib: because it trusts the entire Lean compiler (not just the Lean kernel), it could quite possibly be used to prove false.

Note: This linter can be disabled with `set_option linter.style.nativeDecide false`
warning: denote/yoco_goals/Pattern_4.lean:671:10: Using `native_decide` is not allowed in mathlib: because it trusts the entire Lean compiler (not just the Lean kernel), it could quite possibly be used to prove false.

Note: This linter can be disabled with `set_option linter.style.nativeDecide false`
warning: denote/yoco_goals/Pattern_4.lean:676:75: Using `native_decide` is not allowed in mathlib: because it trusts the entire Lean compiler (not just the Lean kernel), it could quite possibly be used to prove false.

Note: This linter can be disabled with `set_option linter.style.nativeDecide false`
warning: denote/yoco_goals/Pattern_4.lean:677:10: Using `native_decide` is not allowed in mathlib: because it trusts the entire Lean compiler (not just the Lean kernel), it could quite possibly be used to prove false.

Note: This linter can be disabled with `set_option linter.style.nativeDecide false`
warning: denote/yoco_goals/Pattern_4.lean:682:75: Using `native_decide` is not allowed in mathlib: because it trusts the entire Lean compiler (not just the Lean kernel), it could quite possibly be used to prove false.

Note: This linter can be disabled with `set_option linter.style.nativeDecide false`
warning: denote/yoco_goals/Pattern_4.lean:683:10: Using `native_decide` is not allowed in mathlib: because it trusts the entire Lean compiler (not just the Lean kernel), it could quite possibly be used to prove false.

Note: This linter can be disabled with `set_option linter.style.nativeDecide false`
warning: denote/yoco_goals/Pattern_4.lean:688:75: Using `native_decide` is not allowed in mathlib: because it trusts the entire Lean compiler (not just the Lean kernel), it could quite possibly be used to prove false.

Note: This linter can be disabled with `set_option linter.style.nativeDecide false`
warning: denote/yoco_goals/Pattern_4.lean:689:10: Using `native_decide` is not allowed in mathlib: because it trusts the entire Lean compiler (not just the Lean kernel), it could quite possibly be used to prove false.

Note: This linter can be disabled with `set_option linter.style.nativeDecide false`
warning: denote/yoco_goals/Pattern_4.lean:694:75: Using `native_decide` is not allowed in mathlib: because it trusts the entire Lean compiler (not just the Lean kernel), it could quite possibly be used to prove false.

Note: This linter can be disabled with `set_option linter.style.nativeDecide false`
warning: denote/yoco_goals/Pattern_4.lean:695:10: Using `native_decide` is not allowed in mathlib: because it trusts the entire Lean compiler (not just the Lean kernel), it could quite possibly be used to prove false.

Note: This linter can be disabled with `set_option linter.style.nativeDecide false`
warning: denote/yoco_goals/Pattern_4.lean:700:76: Using `native_decide` is not allowed in mathlib: because it trusts the entire Lean compiler (not just the Lean kernel), it could quite possibly be used to prove false.

Note: This linter can be disabled with `set_option linter.style.nativeDecide false`
warning: denote/yoco_goals/Pattern_4.lean:701:10: Using `native_decide` is not allowed in mathlib: because it trusts the entire Lean compiler (not just the Lean kernel), it could quite possibly be used to prove false.

Note: This linter can be disabled with `set_option linter.style.nativeDecide false`
warning: denote/yoco_goals/Pattern_4.lean:706:76: Using `native_decide` is not allowed in mathlib: because it trusts the entire Lean compiler (not just the Lean kernel), it could quite possibly be used to prove false.

Note: This linter can be disabled with `set_option linter.style.nativeDecide false`
warning: denote/yoco_goals/Pattern_4.lean:707:10: Using `native_decide` is not allowed in mathlib: because it trusts the entire Lean compiler (not just the Lean kernel), it could quite possibly be used to prove false.

Note: This linter can be disabled with `set_option linter.style.nativeDecide false`
warning: denote/yoco_goals/Pattern_4.lean:712:76: Using `native_decide` is not allowed in mathlib: because it trusts the entire Lean compiler (not just the Lean kernel), it could quite possibly be used to prove false.

Note: This linter can be disabled with `set_option linter.style.nativeDecide false`
warning: denote/yoco_goals/Pattern_4.lean:713:10: Using `native_decide` is not allowed in mathlib: because it trusts the entire Lean compiler (not just the Lean kernel), it could quite possibly be used to prove false.

Note: This linter can be disabled with `set_option linter.style.nativeDecide false`
warning: denote/yoco_goals/Pattern_4.lean:718:76: Using `native_decide` is not allowed in mathlib: because it trusts the entire Lean compiler (not just the Lean kernel), it could quite possibly be used to prove false.

Note: This linter can be disabled with `set_option linter.style.nativeDecide false`
warning: denote/yoco_goals/Pattern_4.lean:719:10: Using `native_decide` is not allowed in mathlib: because it trusts the entire Lean compiler (not just the Lean kernel), it could quite possibly be used to prove false.

Note: This linter can be disabled with `set_option linter.style.nativeDecide false`
warning: denote/yoco_goals/Pattern_4.lean:724:76: Using `native_decide` is not allowed in mathlib: because it trusts the entire Lean compiler (not just the Lean kernel), it could quite possibly be used to prove false.

Note: This linter can be disabled with `set_option linter.style.nativeDecide false`
warning: denote/yoco_goals/Pattern_4.lean:725:10: Using `native_decide` is not allowed in mathlib: because it trusts the entire Lean compiler (not just the Lean kernel), it could quite possibly be used to prove false.

Note: This linter can be disabled with `set_option linter.style.nativeDecide false`
warning: denote/yoco_goals/Pattern_4.lean:730:76: Using `native_decide` is not allowed in mathlib: because it trusts the entire Lean compiler (not just the Lean kernel), it could quite possibly be used to prove false.

Note: This linter can be disabled with `set_option linter.style.nativeDecide false`
warning: denote/yoco_goals/Pattern_4.lean:731:10: Using `native_decide` is not allowed in mathlib: because it trusts the entire Lean compiler (not just the Lean kernel), it could quite possibly be used to prove false.

Note: This linter can be disabled with `set_option linter.style.nativeDecide false`
warning: denote/yoco_goals/Pattern_4.lean:736:76: Using `native_decide` is not allowed in mathlib: because it trusts the entire Lean compiler (not just the Lean kernel), it could quite possibly be used to prove false.

Note: This linter can be disabled with `set_option linter.style.nativeDecide false`
warning: denote/yoco_goals/Pattern_4.lean:737:10: Using `native_decide` is not allowed in mathlib: because it trusts the entire Lean compiler (not just the Lean kernel), it could quite possibly be used to prove false.

Note: This linter can be disabled with `set_option linter.style.nativeDecide false`
warning: denote/yoco_goals/Pattern_4.lean:742:76: Using `native_decide` is not allowed in mathlib: because it trusts the entire Lean compiler (not just the Lean kernel), it could quite possibly be used to prove false.

Note: This linter can be disabled with `set_option linter.style.nativeDecide false`
warning: denote/yoco_goals/Pattern_4.lean:743:10: Using `native_decide` is not allowed in mathlib: because it trusts the entire Lean compiler (not just the Lean kernel), it could quite possibly be used to prove false.

Note: This linter can be disabled with `set_option linter.style.nativeDecide false`
warning: denote/yoco_goals/Pattern_4.lean:748:76: Using `native_decide` is not allowed in mathlib: because it trusts the entire Lean compiler (not just the Lean kernel), it could quite possibly be used to prove false.

Note: This linter can be disabled with `set_option linter.style.nativeDecide false`
warning: denote/yoco_goals/Pattern_4.lean:749:10: Using `native_decide` is not allowed in mathlib: because it trusts the entire Lean compiler (not just the Lean kernel), it could quite possibly be used to prove false.

Note: This linter can be disabled with `set_option linter.style.nativeDecide false`
warning: denote/yoco_goals/Pattern_4.lean:754:76: Using `native_decide` is not allowed in mathlib: because it trusts the entire Lean compiler (not just the Lean kernel), it could quite possibly be used to prove false.

Note: This linter can be disabled with `set_option linter.style.nativeDecide false`
warning: denote/yoco_goals/Pattern_4.lean:755:10: Using `native_decide` is not allowed in mathlib: because it trusts the entire Lean compiler (not just the Lean kernel), it could quite possibly be used to prove false.

Note: This linter can be disabled with `set_option linter.style.nativeDecide false`
warning: denote/yoco_goals/Pattern_4.lean:760:76: Using `native_decide` is not allowed in mathlib: because it trusts the entire Lean compiler (not just the Lean kernel), it could quite possibly be used to prove false.

Note: This linter can be disabled with `set_option linter.style.nativeDecide false`
warning: denote/yoco_goals/Pattern_4.lean:761:10: Using `native_decide` is not allowed in mathlib: because it trusts the entire Lean compiler (not just the Lean kernel), it could quite possibly be used to prove false.

Note: This linter can be disabled with `set_option linter.style.nativeDecide false`
warning: denote/yoco_goals/Pattern_4.lean:766:76: Using `native_decide` is not allowed in mathlib: because it trusts the entire Lean compiler (not just the Lean kernel), it could quite possibly be used to prove false.

Note: This linter can be disabled with `set_option linter.style.nativeDecide false`
warning: denote/yoco_goals/Pattern_4.lean:767:10: Using `native_decide` is not allowed in mathlib: because it trusts the entire Lean compiler (not just the Lean kernel), it could quite possibly be used to prove false.

Note: This linter can be disabled with `set_option linter.style.nativeDecide false`
warning: denote/yoco_goals/Pattern_4.lean:772:76: Using `native_decide` is not allowed in mathlib: because it trusts the entire Lean compiler (not just the Lean kernel), it could quite possibly be used to prove false.

Note: This linter can be disabled with `set_option linter.style.nativeDecide false`
warning: denote/yoco_goals/Pattern_4.lean:773:10: Using `native_decide` is not allowed in mathlib: because it trusts the entire Lean compiler (not just the Lean kernel), it could quite possibly be used to prove false.

Note: This linter can be disabled with `set_option linter.style.nativeDecide false`
warning: denote/yoco_goals/Pattern_4.lean:778:76: Using `native_decide` is not allowed in mathlib: because it trusts the entire Lean compiler (not just the Lean kernel), it could quite possibly be used to prove false.

Note: This linter can be disabled with `set_option linter.style.nativeDecide false`
warning: denote/yoco_goals/Pattern_4.lean:779:10: Using `native_decide` is not allowed in mathlib: because it trusts the entire Lean compiler (not just the Lean kernel), it could quite possibly be used to prove false.

Note: This linter can be disabled with `set_option linter.style.nativeDecide false`
warning: denote/yoco_goals/Pattern_4.lean:784:76: Using `native_decide` is not allowed in mathlib: because it trusts the entire Lean compiler (not just the Lean kernel), it could quite possibly be used to prove false.

Note: This linter can be disabled with `set_option linter.style.nativeDecide false`
warning: denote/yoco_goals/Pattern_4.lean:785:10: Using `native_decide` is not allowed in mathlib: because it trusts the entire Lean compiler (not just the Lean kernel), it could quite possibly be used to prove false.

Note: This linter can be disabled with `set_option linter.style.nativeDecide false`
warning: denote/yoco_goals/Pattern_4.lean:790:76: Using `native_decide` is not allowed in mathlib: because it trusts the entire Lean compiler (not just the Lean kernel), it could quite possibly be used to prove false.

Note: This linter can be disabled with `set_option linter.style.nativeDecide false`
warning: denote/yoco_goals/Pattern_4.lean:791:10: Using `native_decide` is not allowed in mathlib: because it trusts the entire Lean compiler (not just the Lean kernel), it could quite possibly be used to prove false.

Note: This linter can be disabled with `set_option linter.style.nativeDecide false`
warning: denote/yoco_goals/Pattern_4.lean:796:76: Using `native_decide` is not allowed in mathlib: because it trusts the entire Lean compiler (not just the Lean kernel), it could quite possibly be used to prove false.

Note: This linter can be disabled with `set_option linter.style.nativeDecide false`
warning: denote/yoco_goals/Pattern_4.lean:797:10: Using `native_decide` is not allowed in mathlib: because it trusts the entire Lean compiler (not just the Lean kernel), it could quite possibly be used to prove false.

Note: This linter can be disabled with `set_option linter.style.nativeDecide false`
warning: denote/yoco_goals/Pattern_4.lean:802:76: Using `native_decide` is not allowed in mathlib: because it trusts the entire Lean compiler (not just the Lean kernel), it could quite possibly be used to prove false.

Note: This linter can be disabled with `set_option linter.style.nativeDecide false`
warning: denote/yoco_goals/Pattern_4.lean:803:10: Using `native_decide` is not allowed in mathlib: because it trusts the entire Lean compiler (not just the Lean kernel), it could quite possibly be used to prove false.

Note: This linter can be disabled with `set_option linter.style.nativeDecide false`
warning: denote/yoco_goals/Pattern_4.lean:808:76: Using `native_decide` is not allowed in mathlib: because it trusts the entire Lean compiler (not just the Lean kernel), it could quite possibly be used to prove false.

Note: This linter can be disabled with `set_option linter.style.nativeDecide false`
warning: denote/yoco_goals/Pattern_4.lean:809:10: Using `native_decide` is not allowed in mathlib: because it trusts the entire Lean compiler (not just the Lean kernel), it could quite possibly be used to prove false.

Note: This linter can be disabled with `set_option linter.style.nativeDecide false`
warning: denote/yoco_goals/Pattern_4.lean:814:76: Using `native_decide` is not allowed in mathlib: because it trusts the entire Lean compiler (not just the Lean kernel), it could quite possibly be used to prove false.

Note: This linter can be disabled with `set_option linter.style.nativeDecide false`
warning: denote/yoco_goals/Pattern_4.lean:815:10: Using `native_decide` is not allowed in mathlib: because it trusts the entire Lean compiler (not just the Lean kernel), it could quite possibly be used to prove false.

Note: This linter can be disabled with `set_option linter.style.nativeDecide false`
warning: denote/yoco_goals/Pattern_4.lean:489:4: The `show` tactic should only be used to indicate intermediate goal states for readability.
However, this tactic invocation changed the goal. Please use `change` instead for these purposes.

Note: This linter can be disabled with `set_option linter.style.show false`
warning: denote/yoco_goals/Pattern_4.lean:492:4: The `show` tactic should only be used to indicate intermediate goal states for readability.
However, this tactic invocation changed the goal. Please use `change` instead for these purposes.

Note: This linter can be disabled with `set_option linter.style.show false`
warning: denote/yoco_goals/Pattern_4.lean:495:4: The `show` tactic should only be used to indicate intermediate goal states for readability.
However, this tactic invocation changed the goal. Please use `change` instead for these purposes.

Note: This linter can be disabled with `set_option linter.style.show false`
warning: denote/yoco_goals/Pattern_4.lean:818:4: The `show` tactic should only be used to indicate intermediate goal states for readability.
However, this tactic invocation changed the goal. Please use `change` instead for these purposes.

Note: This linter can be disabled with `set_option linter.style.show false`
warning: denote/yoco_goals/Pattern_4.lean:821:4: The `show` tactic should only be used to indicate intermediate goal states for readability.
However, this tactic invocation changed the goal. Please use `change` instead for these purposes.

Note: This linter can be disabled with `set_option linter.style.show false`
warning: denote/yoco_goals/Pattern_4.lean:824:4: The `show` tactic should only be used to indicate intermediate goal states for readability.
However, this tactic invocation changed the goal. Please use `change` instead for these purposes.

Note: This linter can be disabled with `set_option linter.style.show false`
warning: denote/yoco_goals/Pattern_4.lean:827:4: The `show` tactic should only be used to indicate intermediate goal states for readability.
However, this tactic invocation changed the goal. Please use `change` instead for these purposes.

Note: This linter can be disabled with `set_option linter.style.show false`
warning: denote/yoco_goals/Pattern_4.lean:830:4: The `show` tactic should only be used to indicate intermediate goal states for readability.
However, this tactic invocation changed the goal. Please use `change` instead for these purposes.

Note: This linter can be disabled with `set_option linter.style.show false`
warning: denote/yoco_goals/Pattern_4.lean:833:4: The `show` tactic should only be used to indicate intermediate goal states for readability.
However, this tactic invocation changed the goal. Please use `change` instead for these purposes.

Note: This linter can be disabled with `set_option linter.style.show false`
warning: denote/yoco_goals/Pattern_4.lean:836:4: The `show` tactic should only be used to indicate intermediate goal states for readability.
However, this tactic invocation changed the goal. Please use `change` instead for these purposes.

Note: This linter can be disabled with `set_option linter.style.show false`
warning: denote/yoco_goals/Pattern_4.lean:839:4: The `show` tactic should only be used to indicate intermediate goal states for readability.
However, this tactic invocation changed the goal. Please use `change` instead for these purposes.

Note: This linter can be disabled with `set_option linter.style.show false`
warning: denote/yoco_goals/Pattern_4.lean:842:4: The `show` tactic should only be used to indicate intermediate goal states for readability.
However, this tactic invocation changed the goal. Please use `change` instead for these purposes.

Note: This linter can be disabled with `set_option linter.style.show false`
warning: denote/yoco_goals/Pattern_4.lean:845:4: The `show` tactic should only be used to indicate intermediate goal states for readability.
However, this tactic invocation changed the goal. Please use `change` instead for these purposes.

Note: This linter can be disabled with `set_option linter.style.show false`
warning: denote/yoco_goals/Pattern_4.lean:848:4: The `show` tactic should only be used to indicate intermediate goal states for readability.
However, this tactic invocation changed the goal. Please use `change` instead for these purposes.

Note: This linter can be disabled with `set_option linter.style.show false`
warning: denote/yoco_goals/Pattern_4.lean:851:4: The `show` tactic should only be used to indicate intermediate goal states for readability.
However, this tactic invocation changed the goal. Please use `change` instead for these purposes.

Note: This linter can be disabled with `set_option linter.style.show false`
warning: denote/yoco_goals/Pattern_4.lean:854:4: The `show` tactic should only be used to indicate intermediate goal states for readability.
However, this tactic invocation changed the goal. Please use `change` instead for these purposes.

Note: This linter can be disabled with `set_option linter.style.show false`
warning: denote/yoco_goals/Pattern_4.lean:857:4: The `show` tactic should only be used to indicate intermediate goal states for readability.
However, this tactic invocation changed the goal. Please use `change` instead for these purposes.

Note: This linter can be disabled with `set_option linter.style.show false`
warning: denote/yoco_goals/Pattern_4.lean:860:4: The `show` tactic should only be used to indicate intermediate goal states for readability.
However, this tactic invocation changed the goal. Please use `change` instead for these purposes.

Note: This linter can be disabled with `set_option linter.style.show false`
warning: denote/yoco_goals/Pattern_4.lean:863:4: The `show` tactic should only be used to indicate intermediate goal states for readability.
However, this tactic invocation changed the goal. Please use `change` instead for these purposes.

Note: This linter can be disabled with `set_option linter.style.show false`
warning: denote/yoco_goals/Pattern_4.lean:866:4: The `show` tactic should only be used to indicate intermediate goal states for readability.
However, this tactic invocation changed the goal. Please use `change` instead for these purposes.

Note: This linter can be disabled with `set_option linter.style.show false`
warning: denote/yoco_goals/Pattern_4.lean:869:4: The `show` tactic should only be used to indicate intermediate goal states for readability.
However, this tactic invocation changed the goal. Please use `change` instead for these purposes.

Note: This linter can be disabled with `set_option linter.style.show false`
warning: denote/yoco_goals/Pattern_4.lean:872:4: The `show` tactic should only be used to indicate intermediate goal states for readability.
However, this tactic invocation changed the goal. Please use `change` instead for these purposes.

Note: This linter can be disabled with `set_option linter.style.show false`
warning: denote/yoco_goals/Pattern_4.lean:875:4: The `show` tactic should only be used to indicate intermediate goal states for readability.
However, this tactic invocation changed the goal. Please use `change` instead for these purposes.

Note: This linter can be disabled with `set_option linter.style.show false`
warning: denote/yoco_goals/Pattern_4.lean:878:4: The `show` tactic should only be used to indicate intermediate goal states for readability.
However, this tactic invocation changed the goal. Please use `change` instead for these purposes.

Note: This linter can be disabled with `set_option linter.style.show false`
warning: denote/yoco_goals/Pattern_4.lean:881:4: The `show` tactic should only be used to indicate intermediate goal states for readability.
However, this tactic invocation changed the goal. Please use `change` instead for these purposes.

Note: This linter can be disabled with `set_option linter.style.show false`
warning: denote/yoco_goals/Pattern_4.lean:884:4: The `show` tactic should only be used to indicate intermediate goal states for readability.
However, this tactic invocation changed the goal. Please use `change` instead for these purposes.

Note: This linter can be disabled with `set_option linter.style.show false`
warning: denote/yoco_goals/Pattern_4.lean:887:4: The `show` tactic should only be used to indicate intermediate goal states for readability.
However, this tactic invocation changed the goal. Please use `change` instead for these purposes.

Note: This linter can be disabled with `set_option linter.style.show false`
warning: denote/yoco_goals/Pattern_4.lean:1212:15: This simp argument is unused:
  if_false

Hint: Omit it from the simp argument list.
  simp only [show (2048 : Nat) = 0 ↔ False by decide, show (64 : Nat) = 0 ↔ False by decide,
        show (2048 * 2 * 64 : Nat) = 0 ↔ False by decide, i̵f̵_̵f̵a̵l̵s̵e̵,̵ ̵iff_false, ↓reduceIte]

Note: This linter can be disabled with `set_option linter.unusedSimpArgs false`
warning: denote/yoco_goals/Pattern_4.lean:1212:25: This simp argument is unused:
  iff_false

Hint: Omit it from the simp argument list.
  simp only [show (2048 : Nat) = 0 ↔ False by decide, show (64 : Nat) = 0 ↔ False by decide,
        show (2048 * 2 * 64 : Nat) = 0 ↔ False by decide, if_false, i̵f̵f̵_̵f̵a̵l̵s̵e̵,̵ ̵↓reduceIte]

Note: This linter can be disabled with `set_option linter.unusedSimpArgs false`
warning: denote/yoco_goals/Pattern_4.lean:1257:68: This simp argument is unused:
  if_false

Hint: Omit it from the simp argument list.
  simp only [hshard, show (131072 : Nat) = 0 ↔ False by decide, i̵f̵_̵f̵a̵l̵s̵e̵,̵ ̵↓reduceIte, iff_false]

Note: This linter can be disabled with `set_option linter.unusedSimpArgs false`
warning: denote/yoco_goals/Pattern_4.lean:1257:90: This simp argument is unused:
  iff_false

Hint: Omit it from the simp argument list.
  simp only [hshard, show (131072 : Nat) = 0 ↔ False by decide, if_false, ↓reduceIte,̵ ̵i̵f̵f̵_̵f̵a̵l̵s̵e̵]

Note: This linter can be disabled with `set_option linter.unusedSimpArgs false`
warning: denote/yoco_goals/Pattern_4.lean:1048:4: The `show` tactic should only be used to indicate intermediate goal states for readability.
However, this tactic invocation changed the goal. Please use `change` instead for these purposes.

Note: This linter can be disabled with `set_option linter.style.show false`
warning: denote/yoco_goals/Pattern_4.lean:1214:4: The `show` tactic should only be used to indicate intermediate goal states for readability.
However, this tactic invocation changed the goal. Please use `change` instead for these purposes.

Note: This linter can be disabled with `set_option linter.style.show false`
warning: denote/yoco_goals/Pattern_4.lean:1268:6: The `show` tactic should only be used to indicate intermediate goal states for readability.
However, this tactic invocation changed the goal. Please use `change` instead for these purposes.

Note: This linter can be disabled with `set_option linter.style.show false`
warning: denote/yoco_goals/Pattern_4.lean:1273:6: The `show` tactic should only be used to indicate intermediate goal states for readability.
However, this tactic invocation changed the goal. Please use `change` instead for these purposes.

Note: This linter can be disabled with `set_option linter.style.show false`
warning: denote/yoco_goals/Pattern_4.lean:1340:27: This simp argument is unused:
  iff_false

Hint: Omit it from the simp argument list.
  simp only [show (2 : Nat) = 0 ↔ False by decide, show (64 : Nat) = 0 ↔ False by decide,
        show (2048 * 64 : Nat) = 0 ↔ False by decide, ↓̵r̵e̵d̵u̵c̵e̵I̵t̵e̵,̵ ̵i̵f̵f̵_̵f̵a̵l̵s̵e̵]̵↓̲r̲e̲d̲u̲c̲e̲I̲t̲e̲]̲

Note: This linter can be disabled with `set_option linter.unusedSimpArgs false`
warning: denote/yoco_goals/Pattern_4.lean:1361:15: This simp argument is unused:
  show (131072 : Nat) = 0 ↔ False by decide

Hint: Omit it from the simp argument list.
  simp only [̵s̵h̵o̵w̵ ̵(̵1̵3̵1̵0̵7̵2̵ ̵:̵ ̵N̵a̵t̵)̵ ̵=̵ ̵0̵ ̵↔̵ ̵F̵a̵l̵s̵e̵ ̵b̵y̵ ̵d̵e̵c̵i̵d̵e̵,̵ ̵↓̵r̵e̵d̵u̵c̵e̵I̵t̵e̵,̵[̲↓̲r̲e̲d̲u̲c̲e̲I̲t̲e̲,̲ iff_false, hDivBig, hModBig, hjc_div, hjc_mod]

Note: This linter can be disabled with `set_option linter.unusedSimpArgs false`
warning: denote/yoco_goals/Pattern_4.lean:1361:58: This simp argument is unused:
  ↓reduceIte

Hint: Omit it from the simp argument list.
  simp only [show (131072 : Nat) = 0 ↔ False by decide, ↓̵r̵e̵d̵u̵c̵e̵I̵t̵e̵,̵ ̵iff_false, hDivBig, hModBig, hjc_div,
  ̲  ̲ ̲ ̲ ̲ ̲hjc_mod]

Note: This linter can be disabled with `set_option linter.unusedSimpArgs false`
warning: denote/yoco_goals/Pattern_4.lean:1361:70: This simp argument is unused:
  iff_false

Hint: Omit it from the simp argument list.
  simp only [show (131072 : Nat) = 0 ↔ False by decide, ↓reduceIte, i̵f̵f̵_̵f̵a̵l̵s̵e̵,̵hDivBig, hModBig, hjc_div,
  ̲  ̲ ̲ ̲ ̲ ̲hjc_mod]

Note: This linter can be disabled with `set_option linter.unusedSimpArgs false`
warning: denote/yoco_goals/Pattern_4.lean:1561:85: This simp argument is unused:
  iff_false

Hint: Omit it from the simp argument list.
  simp only [List.head?, Option.map_some, Option.getD_some, hp0_shape,
             ̵ ̵ ̵ ̵ ̵ ̵ ̵ ̵ ̵show ([2048, 64] : List Nat) = [1] ↔ False by decide, ↓reduceIte,̵ ̵i̵f̵f̵_̵f̵a̵l̵s̵e̵]

Note: This linter can be disabled with `set_option linter.unusedSimpArgs false`
warning: denote/yoco_goals/Pattern_4.lean:1810:32: This simp argument is unused:
  List.mem_singleton

Hint: Omit it from the simp argument list.
  simp only [List.mem_cons, L̵i̵s̵t̵.̵m̵e̵m̵_̵s̵i̵n̵g̵l̵e̵t̵o̵n̵,̵ ̵List.not_mem_nil, or_false] at ha

Note: This linter can be disabled with `set_option linter.unusedSimpArgs false`
warning: denote/yoco_goals/Pattern_4.lean:1840:32: This simp argument is unused:
  List.mem_singleton

Hint: Omit it from the simp argument list.
  simp only [List.mem_cons, L̵i̵s̵t̵.̵m̵e̵m̵_̵s̵i̵n̵g̵l̵e̵t̵o̵n̵,̵ ̵List.not_mem_nil, or_false] at hb

Note: This linter can be disabled with `set_option linter.unusedSimpArgs false`
warning: denote/yoco_goals/Pattern_4.lean:1369:78: Using `native_decide` is not allowed in mathlib: because it trusts the entire Lean compiler (not just the Lean kernel), it could quite possibly be used to prove false.

Note: This linter can be disabled with `set_option linter.style.nativeDecide false`
warning: denote/yoco_goals/Pattern_4.lean:1409:80: Using `native_decide` is not allowed in mathlib: because it trusts the entire Lean compiler (not just the Lean kernel), it could quite possibly be used to prove false.

Note: This linter can be disabled with `set_option linter.style.nativeDecide false`
warning: denote/yoco_goals/Pattern_4.lean:1514:80: Using `native_decide` is not allowed in mathlib: because it trusts the entire Lean compiler (not just the Lean kernel), it could quite possibly be used to prove false.

Note: This linter can be disabled with `set_option linter.style.nativeDecide false`
warning: denote/yoco_goals/Pattern_4.lean:1515:80: Using `native_decide` is not allowed in mathlib: because it trusts the entire Lean compiler (not just the Lean kernel), it could quite possibly be used to prove false.

Note: This linter can be disabled with `set_option linter.style.nativeDecide false`
warning: denote/yoco_goals/Pattern_4.lean:1535:58: Using `native_decide` is not allowed in mathlib: because it trusts the entire Lean compiler (not just the Lean kernel), it could quite possibly be used to prove false.

Note: This linter can be disabled with `set_option linter.style.nativeDecide false`
warning: denote/yoco_goals/Pattern_4.lean:1539:58: Using `native_decide` is not allowed in mathlib: because it trusts the entire Lean compiler (not just the Lean kernel), it could quite possibly be used to prove false.

Note: This linter can be disabled with `set_option linter.style.nativeDecide false`
warning: denote/yoco_goals/Pattern_4.lean:1565:80: Using `native_decide` is not allowed in mathlib: because it trusts the entire Lean compiler (not just the Lean kernel), it could quite possibly be used to prove false.

Note: This linter can be disabled with `set_option linter.style.nativeDecide false`
warning: denote/yoco_goals/Pattern_4.lean:1567:45: Using `native_decide` is not allowed in mathlib: because it trusts the entire Lean compiler (not just the Lean kernel), it could quite possibly be used to prove false.

Note: This linter can be disabled with `set_option linter.style.nativeDecide false`
warning: denote/yoco_goals/Pattern_4.lean:1569:80: Using `native_decide` is not allowed in mathlib: because it trusts the entire Lean compiler (not just the Lean kernel), it could quite possibly be used to prove false.

Note: This linter can be disabled with `set_option linter.style.nativeDecide false`
warning: denote/yoco_goals/Pattern_4.lean:1571:45: Using `native_decide` is not allowed in mathlib: because it trusts the entire Lean compiler (not just the Lean kernel), it could quite possibly be used to prove false.

Note: This linter can be disabled with `set_option linter.style.nativeDecide false`
warning: denote/yoco_goals/Pattern_4.lean:1573:80: Using `native_decide` is not allowed in mathlib: because it trusts the entire Lean compiler (not just the Lean kernel), it could quite possibly be used to prove false.

Note: This linter can be disabled with `set_option linter.style.nativeDecide false`
warning: denote/yoco_goals/Pattern_4.lean:1575:45: Using `native_decide` is not allowed in mathlib: because it trusts the entire Lean compiler (not just the Lean kernel), it could quite possibly be used to prove false.

Note: This linter can be disabled with `set_option linter.style.nativeDecide false`
warning: denote/yoco_goals/Pattern_4.lean:1577:80: Using `native_decide` is not allowed in mathlib: because it trusts the entire Lean compiler (not just the Lean kernel), it could quite possibly be used to prove false.

Note: This linter can be disabled with `set_option linter.style.nativeDecide false`
warning: denote/yoco_goals/Pattern_4.lean:1579:45: Using `native_decide` is not allowed in mathlib: because it trusts the entire Lean compiler (not just the Lean kernel), it could quite possibly be used to prove false.

Note: This linter can be disabled with `set_option linter.style.nativeDecide false`
warning: denote/yoco_goals/Pattern_4.lean:1581:80: Using `native_decide` is not allowed in mathlib: because it trusts the entire Lean compiler (not just the Lean kernel), it could quite possibly be used to prove false.

Note: This linter can be disabled with `set_option linter.style.nativeDecide false`
warning: denote/yoco_goals/Pattern_4.lean:1583:45: Using `native_decide` is not allowed in mathlib: because it trusts the entire Lean compiler (not just the Lean kernel), it could quite possibly be used to prove false.

Note: This linter can be disabled with `set_option linter.style.nativeDecide false`
warning: denote/yoco_goals/Pattern_4.lean:1585:80: Using `native_decide` is not allowed in mathlib: because it trusts the entire Lean compiler (not just the Lean kernel), it could quite possibly be used to prove false.

Note: This linter can be disabled with `set_option linter.style.nativeDecide false`
warning: denote/yoco_goals/Pattern_4.lean:1587:45: Using `native_decide` is not allowed in mathlib: because it trusts the entire Lean compiler (not just the Lean kernel), it could quite possibly be used to prove false.

Note: This linter can be disabled with `set_option linter.style.nativeDecide false`
warning: denote/yoco_goals/Pattern_4.lean:1589:80: Using `native_decide` is not allowed in mathlib: because it trusts the entire Lean compiler (not just the Lean kernel), it could quite possibly be used to prove false.

Note: This linter can be disabled with `set_option linter.style.nativeDecide false`
warning: denote/yoco_goals/Pattern_4.lean:1591:45: Using `native_decide` is not allowed in mathlib: because it trusts the entire Lean compiler (not just the Lean kernel), it could quite possibly be used to prove false.

Note: This linter can be disabled with `set_option linter.style.nativeDecide false`
warning: denote/yoco_goals/Pattern_4.lean:1593:80: Using `native_decide` is not allowed in mathlib: because it trusts the entire Lean compiler (not just the Lean kernel), it could quite possibly be used to prove false.

Note: This linter can be disabled with `set_option linter.style.nativeDecide false`
warning: denote/yoco_goals/Pattern_4.lean:1595:45: Using `native_decide` is not allowed in mathlib: because it trusts the entire Lean compiler (not just the Lean kernel), it could quite possibly be used to prove false.

Note: This linter can be disabled with `set_option linter.style.nativeDecide false`
warning: denote/yoco_goals/Pattern_4.lean:1597:80: Using `native_decide` is not allowed in mathlib: because it trusts the entire Lean compiler (not just the Lean kernel), it could quite possibly be used to prove false.

Note: This linter can be disabled with `set_option linter.style.nativeDecide false`
warning: denote/yoco_goals/Pattern_4.lean:1599:45: Using `native_decide` is not allowed in mathlib: because it trusts the entire Lean compiler (not just the Lean kernel), it could quite possibly be used to prove false.

Note: This linter can be disabled with `set_option linter.style.nativeDecide false`
warning: denote/yoco_goals/Pattern_4.lean:1601:80: Using `native_decide` is not allowed in mathlib: because it trusts the entire Lean compiler (not just the Lean kernel), it could quite possibly be used to prove false.

Note: This linter can be disabled with `set_option linter.style.nativeDecide false`
warning: denote/yoco_goals/Pattern_4.lean:1603:45: Using `native_decide` is not allowed in mathlib: because it trusts the entire Lean compiler (not just the Lean kernel), it could quite possibly be used to prove false.

Note: This linter can be disabled with `set_option linter.style.nativeDecide false`
warning: denote/yoco_goals/Pattern_4.lean:1605:80: Using `native_decide` is not allowed in mathlib: because it trusts the entire Lean compiler (not just the Lean kernel), it could quite possibly be used to prove false.

Note: This linter can be disabled with `set_option linter.style.nativeDecide false`
warning: denote/yoco_goals/Pattern_4.lean:1607:45: Using `native_decide` is not allowed in mathlib: because it trusts the entire Lean compiler (not just the Lean kernel), it could quite possibly be used to prove false.

Note: This linter can be disabled with `set_option linter.style.nativeDecide false`
warning: denote/yoco_goals/Pattern_4.lean:1609:80: Using `native_decide` is not allowed in mathlib: because it trusts the entire Lean compiler (not just the Lean kernel), it could quite possibly be used to prove false.

Note: This linter can be disabled with `set_option linter.style.nativeDecide false`
warning: denote/yoco_goals/Pattern_4.lean:1611:45: Using `native_decide` is not allowed in mathlib: because it trusts the entire Lean compiler (not just the Lean kernel), it could quite possibly be used to prove false.

Note: This linter can be disabled with `set_option linter.style.nativeDecide false`
warning: denote/yoco_goals/Pattern_4.lean:1613:83: Using `native_decide` is not allowed in mathlib: because it trusts the entire Lean compiler (not just the Lean kernel), it could quite possibly be used to prove false.

Note: This linter can be disabled with `set_option linter.style.nativeDecide false`
warning: denote/yoco_goals/Pattern_4.lean:1615:45: Using `native_decide` is not allowed in mathlib: because it trusts the entire Lean compiler (not just the Lean kernel), it could quite possibly be used to prove false.

Note: This linter can be disabled with `set_option linter.style.nativeDecide false`
warning: denote/yoco_goals/Pattern_4.lean:1617:83: Using `native_decide` is not allowed in mathlib: because it trusts the entire Lean compiler (not just the Lean kernel), it could quite possibly be used to prove false.

Note: This linter can be disabled with `set_option linter.style.nativeDecide false`
warning: denote/yoco_goals/Pattern_4.lean:1619:45: Using `native_decide` is not allowed in mathlib: because it trusts the entire Lean compiler (not just the Lean kernel), it could quite possibly be used to prove false.

Note: This linter can be disabled with `set_option linter.style.nativeDecide false`
warning: denote/yoco_goals/Pattern_4.lean:1621:83: Using `native_decide` is not allowed in mathlib: because it trusts the entire Lean compiler (not just the Lean kernel), it could quite possibly be used to prove false.

Note: This linter can be disabled with `set_option linter.style.nativeDecide false`
warning: denote/yoco_goals/Pattern_4.lean:1623:45: Using `native_decide` is not allowed in mathlib: because it trusts the entire Lean compiler (not just the Lean kernel), it could quite possibly be used to prove false.

Note: This linter can be disabled with `set_option linter.style.nativeDecide false`
warning: denote/yoco_goals/Pattern_4.lean:1625:83: Using `native_decide` is not allowed in mathlib: because it trusts the entire Lean compiler (not just the Lean kernel), it could quite possibly be used to prove false.

Note: This linter can be disabled with `set_option linter.style.nativeDecide false`
warning: denote/yoco_goals/Pattern_4.lean:1627:45: Using `native_decide` is not allowed in mathlib: because it trusts the entire Lean compiler (not just the Lean kernel), it could quite possibly be used to prove false.

Note: This linter can be disabled with `set_option linter.style.nativeDecide false`
warning: denote/yoco_goals/Pattern_4.lean:1629:83: Using `native_decide` is not allowed in mathlib: because it trusts the entire Lean compiler (not just the Lean kernel), it could quite possibly be used to prove false.

Note: This linter can be disabled with `set_option linter.style.nativeDecide false`
warning: denote/yoco_goals/Pattern_4.lean:1631:45: Using `native_decide` is not allowed in mathlib: because it trusts the entire Lean compiler (not just the Lean kernel), it could quite possibly be used to prove false.

Note: This linter can be disabled with `set_option linter.style.nativeDecide false`
warning: denote/yoco_goals/Pattern_4.lean:1633:83: Using `native_decide` is not allowed in mathlib: because it trusts the entire Lean compiler (not just the Lean kernel), it could quite possibly be used to prove false.

Note: This linter can be disabled with `set_option linter.style.nativeDecide false`
warning: denote/yoco_goals/Pattern_4.lean:1635:45: Using `native_decide` is not allowed in mathlib: because it trusts the entire Lean compiler (not just the Lean kernel), it could quite possibly be used to prove false.

Note: This linter can be disabled with `set_option linter.style.nativeDecide false`
warning: denote/yoco_goals/Pattern_4.lean:1637:83: Using `native_decide` is not allowed in mathlib: because it trusts the entire Lean compiler (not just the Lean kernel), it could quite possibly be used to prove false.

Note: This linter can be disabled with `set_option linter.style.nativeDecide false`
warning: denote/yoco_goals/Pattern_4.lean:1639:45: Using `native_decide` is not allowed in mathlib: because it trusts the entire Lean compiler (not just the Lean kernel), it could quite possibly be used to prove false.

Note: This linter can be disabled with `set_option linter.style.nativeDecide false`
warning: denote/yoco_goals/Pattern_4.lean:1641:83: Using `native_decide` is not allowed in mathlib: because it trusts the entire Lean compiler (not just the Lean kernel), it could quite possibly be used to prove false.

Note: This linter can be disabled with `set_option linter.style.nativeDecide false`
warning: denote/yoco_goals/Pattern_4.lean:1643:45: Using `native_decide` is not allowed in mathlib: because it trusts the entire Lean compiler (not just the Lean kernel), it could quite possibly be used to prove false.

Note: This linter can be disabled with `set_option linter.style.nativeDecide false`
warning: denote/yoco_goals/Pattern_4.lean:1645:83: Using `native_decide` is not allowed in mathlib: because it trusts the entire Lean compiler (not just the Lean kernel), it could quite possibly be used to prove false.

Note: This linter can be disabled with `set_option linter.style.nativeDecide false`
warning: denote/yoco_goals/Pattern_4.lean:1647:45: Using `native_decide` is not allowed in mathlib: because it trusts the entire Lean compiler (not just the Lean kernel), it could quite possibly be used to prove false.

Note: This linter can be disabled with `set_option linter.style.nativeDecide false`
warning: denote/yoco_goals/Pattern_4.lean:1649:83: Using `native_decide` is not allowed in mathlib: because it trusts the entire Lean compiler (not just the Lean kernel), it could quite possibly be used to prove false.

Note: This linter can be disabled with `set_option linter.style.nativeDecide false`
warning: denote/yoco_goals/Pattern_4.lean:1651:45: Using `native_decide` is not allowed in mathlib: because it trusts the entire Lean compiler (not just the Lean kernel), it could quite possibly be used to prove false.

Note: This linter can be disabled with `set_option linter.style.nativeDecide false`
warning: denote/yoco_goals/Pattern_4.lean:1684:88: Using `native_decide` is not allowed in mathlib: because it trusts the entire Lean compiler (not just the Lean kernel), it could quite possibly be used to prove false.

Note: This linter can be disabled with `set_option linter.style.nativeDecide false`
warning: denote/yoco_goals/Pattern_4.lean:1686:88: Using `native_decide` is not allowed in mathlib: because it trusts the entire Lean compiler (not just the Lean kernel), it could quite possibly be used to prove false.

Note: This linter can be disabled with `set_option linter.style.nativeDecide false`
warning: denote/yoco_goals/Pattern_4.lean:1688:88: Using `native_decide` is not allowed in mathlib: because it trusts the entire Lean compiler (not just the Lean kernel), it could quite possibly be used to prove false.

Note: This linter can be disabled with `set_option linter.style.nativeDecide false`
warning: denote/yoco_goals/Pattern_4.lean:1690:88: Using `native_decide` is not allowed in mathlib: because it trusts the entire Lean compiler (not just the Lean kernel), it could quite possibly be used to prove false.

Note: This linter can be disabled with `set_option linter.style.nativeDecide false`
warning: denote/yoco_goals/Pattern_4.lean:1692:88: Using `native_decide` is not allowed in mathlib: because it trusts the entire Lean compiler (not just the Lean kernel), it could quite possibly be used to prove false.

Note: This linter can be disabled with `set_option linter.style.nativeDecide false`
warning: denote/yoco_goals/Pattern_4.lean:1694:88: Using `native_decide` is not allowed in mathlib: because it trusts the entire Lean compiler (not just the Lean kernel), it could quite possibly be used to prove false.

Note: This linter can be disabled with `set_option linter.style.nativeDecide false`
warning: denote/yoco_goals/Pattern_4.lean:1696:88: Using `native_decide` is not allowed in mathlib: because it trusts the entire Lean compiler (not just the Lean kernel), it could quite possibly be used to prove false.

Note: This linter can be disabled with `set_option linter.style.nativeDecide false`
warning: denote/yoco_goals/Pattern_4.lean:1698:88: Using `native_decide` is not allowed in mathlib: because it trusts the entire Lean compiler (not just the Lean kernel), it could quite possibly be used to prove false.

Note: This linter can be disabled with `set_option linter.style.nativeDecide false`
warning: denote/yoco_goals/Pattern_4.lean:1700:88: Using `native_decide` is not allowed in mathlib: because it trusts the entire Lean compiler (not just the Lean kernel), it could quite possibly be used to prove false.

Note: This linter can be disabled with `set_option linter.style.nativeDecide false`
warning: denote/yoco_goals/Pattern_4.lean:1702:88: Using `native_decide` is not allowed in mathlib: because it trusts the entire Lean compiler (not just the Lean kernel), it could quite possibly be used to prove false.

Note: This linter can be disabled with `set_option linter.style.nativeDecide false`
warning: denote/yoco_goals/Pattern_4.lean:1704:88: Using `native_decide` is not allowed in mathlib: because it trusts the entire Lean compiler (not just the Lean kernel), it could quite possibly be used to prove false.

Note: This linter can be disabled with `set_option linter.style.nativeDecide false`
warning: denote/yoco_goals/Pattern_4.lean:1706:88: Using `native_decide` is not allowed in mathlib: because it trusts the entire Lean compiler (not just the Lean kernel), it could quite possibly be used to prove false.

Note: This linter can be disabled with `set_option linter.style.nativeDecide false`
warning: denote/yoco_goals/Pattern_4.lean:1708:90: Using `native_decide` is not allowed in mathlib: because it trusts the entire Lean compiler (not just the Lean kernel), it could quite possibly be used to prove false.

Note: This linter can be disabled with `set_option linter.style.nativeDecide false`
warning: denote/yoco_goals/Pattern_4.lean:1710:90: Using `native_decide` is not allowed in mathlib: because it trusts the entire Lean compiler (not just the Lean kernel), it could quite possibly be used to prove false.

Note: This linter can be disabled with `set_option linter.style.nativeDecide false`
warning: denote/yoco_goals/Pattern_4.lean:1712:90: Using `native_decide` is not allowed in mathlib: because it trusts the entire Lean compiler (not just the Lean kernel), it could quite possibly be used to prove false.

Note: This linter can be disabled with `set_option linter.style.nativeDecide false`
warning: denote/yoco_goals/Pattern_4.lean:1714:90: Using `native_decide` is not allowed in mathlib: because it trusts the entire Lean compiler (not just the Lean kernel), it could quite possibly be used to prove false.

Note: This linter can be disabled with `set_option linter.style.nativeDecide false`
warning: denote/yoco_goals/Pattern_4.lean:1716:90: Using `native_decide` is not allowed in mathlib: because it trusts the entire Lean compiler (not just the Lean kernel), it could quite possibly be used to prove false.

Note: This linter can be disabled with `set_option linter.style.nativeDecide false`
warning: denote/yoco_goals/Pattern_4.lean:1718:90: Using `native_decide` is not allowed in mathlib: because it trusts the entire Lean compiler (not just the Lean kernel), it could quite possibly be used to prove false.

Note: This linter can be disabled with `set_option linter.style.nativeDecide false`
warning: denote/yoco_goals/Pattern_4.lean:1720:90: Using `native_decide` is not allowed in mathlib: because it trusts the entire Lean compiler (not just the Lean kernel), it could quite possibly be used to prove false.

Note: This linter can be disabled with `set_option linter.style.nativeDecide false`
warning: denote/yoco_goals/Pattern_4.lean:1722:90: Using `native_decide` is not allowed in mathlib: because it trusts the entire Lean compiler (not just the Lean kernel), it could quite possibly be used to prove false.

Note: This linter can be disabled with `set_option linter.style.nativeDecide false`
warning: denote/yoco_goals/Pattern_4.lean:1724:90: Using `native_decide` is not allowed in mathlib: because it trusts the entire Lean compiler (not just the Lean kernel), it could quite possibly be used to prove false.

Note: This linter can be disabled with `set_option linter.style.nativeDecide false`
warning: denote/yoco_goals/Pattern_4.lean:1726:90: Using `native_decide` is not allowed in mathlib: because it trusts the entire Lean compiler (not just the Lean kernel), it could quite possibly be used to prove false.

Note: This linter can be disabled with `set_option linter.style.nativeDecide false`
warning: denote/yoco_goals/Pattern_4.lean:1841:82: Using `native_decide` is not allowed in mathlib: because it trusts the entire Lean compiler (not just the Lean kernel), it could quite possibly be used to prove false.

Note: This linter can be disabled with `set_option linter.style.nativeDecide false`
warning: denote/yoco_goals/Pattern_4.lean:1842:82: Using `native_decide` is not allowed in mathlib: because it trusts the entire Lean compiler (not just the Lean kernel), it could quite possibly be used to prove false.

Note: This linter can be disabled with `set_option linter.style.nativeDecide false`
warning: denote/yoco_goals/Pattern_4.lean:1843:82: Using `native_decide` is not allowed in mathlib: because it trusts the entire Lean compiler (not just the Lean kernel), it could quite possibly be used to prove false.

Note: This linter can be disabled with `set_option linter.style.nativeDecide false`
warning: denote/yoco_goals/Pattern_4.lean:1844:82: Using `native_decide` is not allowed in mathlib: because it trusts the entire Lean compiler (not just the Lean kernel), it could quite possibly be used to prove false.

Note: This linter can be disabled with `set_option linter.style.nativeDecide false`
warning: denote/yoco_goals/Pattern_4.lean:1845:82: Using `native_decide` is not allowed in mathlib: because it trusts the entire Lean compiler (not just the Lean kernel), it could quite possibly be used to prove false.

Note: This linter can be disabled with `set_option linter.style.nativeDecide false`
warning: denote/yoco_goals/Pattern_4.lean:1846:82: Using `native_decide` is not allowed in mathlib: because it trusts the entire Lean compiler (not just the Lean kernel), it could quite possibly be used to prove false.

Note: This linter can be disabled with `set_option linter.style.nativeDecide false`
warning: denote/yoco_goals/Pattern_4.lean:1847:82: Using `native_decide` is not allowed in mathlib: because it trusts the entire Lean compiler (not just the Lean kernel), it could quite possibly be used to prove false.

Note: This linter can be disabled with `set_option linter.style.nativeDecide false`
warning: denote/yoco_goals/Pattern_4.lean:1848:82: Using `native_decide` is not allowed in mathlib: because it trusts the entire Lean compiler (not just the Lean kernel), it could quite possibly be used to prove false.

Note: This linter can be disabled with `set_option linter.style.nativeDecide false`
warning: denote/yoco_goals/Pattern_4.lean:1849:82: Using `native_decide` is not allowed in mathlib: because it trusts the entire Lean compiler (not just the Lean kernel), it could quite possibly be used to prove false.

Note: This linter can be disabled with `set_option linter.style.nativeDecide false`
warning: denote/yoco_goals/Pattern_4.lean:1850:82: Using `native_decide` is not allowed in mathlib: because it trusts the entire Lean compiler (not just the Lean kernel), it could quite possibly be used to prove false.

Note: This linter can be disabled with `set_option linter.style.nativeDecide false`
warning: denote/yoco_goals/Pattern_4.lean:1851:82: Using `native_decide` is not allowed in mathlib: because it trusts the entire Lean compiler (not just the Lean kernel), it could quite possibly be used to prove false.

Note: This linter can be disabled with `set_option linter.style.nativeDecide false`
warning: denote/yoco_goals/Pattern_4.lean:1852:82: Using `native_decide` is not allowed in mathlib: because it trusts the entire Lean compiler (not just the Lean kernel), it could quite possibly be used to prove false.

Note: This linter can be disabled with `set_option linter.style.nativeDecide false`
warning: denote/yoco_goals/Pattern_4.lean:1853:85: Using `native_decide` is not allowed in mathlib: because it trusts the entire Lean compiler (not just the Lean kernel), it could quite possibly be used to prove false.

Note: This linter can be disabled with `set_option linter.style.nativeDecide false`
warning: denote/yoco_goals/Pattern_4.lean:1854:85: Using `native_decide` is not allowed in mathlib: because it trusts the entire Lean compiler (not just the Lean kernel), it could quite possibly be used to prove false.

Note: This linter can be disabled with `set_option linter.style.nativeDecide false`
warning: denote/yoco_goals/Pattern_4.lean:1855:85: Using `native_decide` is not allowed in mathlib: because it trusts the entire Lean compiler (not just the Lean kernel), it could quite possibly be used to prove false.

Note: This linter can be disabled with `set_option linter.style.nativeDecide false`
warning: denote/yoco_goals/Pattern_4.lean:1856:85: Using `native_decide` is not allowed in mathlib: because it trusts the entire Lean compiler (not just the Lean kernel), it could quite possibly be used to prove false.

Note: This linter can be disabled with `set_option linter.style.nativeDecide false`
warning: denote/yoco_goals/Pattern_4.lean:1857:85: Using `native_decide` is not allowed in mathlib: because it trusts the entire Lean compiler (not just the Lean kernel), it could quite possibly be used to prove false.

Note: This linter can be disabled with `set_option linter.style.nativeDecide false`
warning: denote/yoco_goals/Pattern_4.lean:1858:85: Using `native_decide` is not allowed in mathlib: because it trusts the entire Lean compiler (not just the Lean kernel), it could quite possibly be used to prove false.

Note: This linter can be disabled with `set_option linter.style.nativeDecide false`
warning: denote/yoco_goals/Pattern_4.lean:1859:85: Using `native_decide` is not allowed in mathlib: because it trusts the entire Lean compiler (not just the Lean kernel), it could quite possibly be used to prove false.

Note: This linter can be disabled with `set_option linter.style.nativeDecide false`
warning: denote/yoco_goals/Pattern_4.lean:1860:85: Using `native_decide` is not allowed in mathlib: because it trusts the entire Lean compiler (not just the Lean kernel), it could quite possibly be used to prove false.

Note: This linter can be disabled with `set_option linter.style.nativeDecide false`
warning: denote/yoco_goals/Pattern_4.lean:1861:85: Using `native_decide` is not allowed in mathlib: because it trusts the entire Lean compiler (not just the Lean kernel), it could quite possibly be used to prove false.

Note: This linter can be disabled with `set_option linter.style.nativeDecide false`
warning: denote/yoco_goals/Pattern_4.lean:1862:85: Using `native_decide` is not allowed in mathlib: because it trusts the entire Lean compiler (not just the Lean kernel), it could quite possibly be used to prove false.

Note: This linter can be disabled with `set_option linter.style.nativeDecide false`
warning: denote/yoco_goals/Pattern_4.lean:1374:4: The `show` tactic should only be used to indicate intermediate goal states for readability.
However, this tactic invocation changed the goal. Please use `change` instead for these purposes.

Note: This linter can be disabled with `set_option linter.style.show false`
warning: denote/yoco_goals/Pattern_4.lean:1902:40: '' starts on column 40, but all commands should start at the beginning of the line.

Note: This linter can be disabled with `set_option linter.style.whitespace false`
⚠ [2627/2630] Replayed denote.DenoteMoE
warning: denote/DenoteMoE.lean:1079:2: The `show` tactic should only be used to indicate intermediate goal states for readability.
However, this tactic invocation changed the goal. Please use `change` instead for these purposes.

Note: This linter can be disabled with `set_option linter.style.show false`
⚠ [2628/2630] Replayed denote.yoco_goals.Pattern_1
warning: denote/yoco_goals/Pattern_1.lean:10:0: Unscoped option maxHeartbeats is not allowed:
Please scope this to individual declarations, as in
```
set_option maxHeartbeats in
-- comment explaining why this is necessary
example : ... := ...
```

Note: This linter can be disabled with `set_option linter.style.setOption false`
warning: denote/yoco_goals/Pattern_1.lean:78:12: This simp argument is unused:
  h

Hint: Omit it from the simp argument list.
  simp [h̵,̵ ̵Tensor.mkShape]

Note: This linter can be disabled with `set_option linter.unusedSimpArgs false`
warning: denote/yoco_goals/Pattern_1.lean:178:0: Please, write a comment here or remove this line, but do not place empty lines within commands!
Context:
                                                                                                  ↓
  ⏎  set S23 : Store := (sm_goal_1.nodes.take 23).foldl (applyNode sm_goal_1) initSM with hS23_def⏎⏎  -- Sj=24 written by node_23 (FW_rms_norm), outs=[5930], tid=5930⏎

Note: This linter can be disabled with `set_option linter.style.emptyLine false`
warning: denote/yoco_goals/Pattern_1.lean:182:4: The `show` tactic should only be used to indicate intermediate goal states for readability.
However, this tactic invocation changed the goal. Please use `change` instead for these purposes.

Note: This linter can be disabled with `set_option linter.style.show false`
warning: denote/yoco_goals/Pattern_1.lean:196:4: The `show` tactic should only be used to indicate intermediate goal states for readability.
However, this tactic invocation changed the goal. Please use `change` instead for these purposes.

Note: This linter can be disabled with `set_option linter.style.show false`
warning: denote/yoco_goals/Pattern_1.lean:207:4: The `show` tactic should only be used to indicate intermediate goal states for readability.
However, this tactic invocation changed the goal. Please use `change` instead for these purposes.

Note: This linter can be disabled with `set_option linter.style.show false`
warning: denote/yoco_goals/Pattern_1.lean:221:4: The `show` tactic should only be used to indicate intermediate goal states for readability.
However, this tactic invocation changed the goal. Please use `change` instead for these purposes.

Note: This linter can be disabled with `set_option linter.style.show false`
warning: denote/yoco_goals/Pattern_1.lean:229:4: The `show` tactic should only be used to indicate intermediate goal states for readability.
However, this tactic invocation changed the goal. Please use `change` instead for these purposes.

Note: This linter can be disabled with `set_option linter.style.show false`
warning: denote/yoco_goals/Pattern_1.lean:238:4: The `show` tactic should only be used to indicate intermediate goal states for readability.
However, this tactic invocation changed the goal. Please use `change` instead for these purposes.

Note: This linter can be disabled with `set_option linter.style.show false`
warning: denote/yoco_goals/Pattern_1.lean:249:4: The `show` tactic should only be used to indicate intermediate goal states for readability.
However, this tactic invocation changed the goal. Please use `change` instead for these purposes.

Note: This linter can be disabled with `set_option linter.style.show false`
warning: denote/yoco_goals/Pattern_1.lean:257:4: The `show` tactic should only be used to indicate intermediate goal states for readability.
However, this tactic invocation changed the goal. Please use `change` instead for these purposes.

Note: This linter can be disabled with `set_option linter.style.show false`
warning: denote/yoco_goals/Pattern_1.lean:268:4: The `show` tactic should only be used to indicate intermediate goal states for readability.
However, this tactic invocation changed the goal. Please use `change` instead for these purposes.

Note: This linter can be disabled with `set_option linter.style.show false`
warning: denote/yoco_goals/Pattern_1.lean:291:4: The `show` tactic should only be used to indicate intermediate goal states for readability.
However, this tactic invocation changed the goal. Please use `change` instead for these purposes.

Note: This linter can be disabled with `set_option linter.style.show false`
warning: denote/yoco_goals/Pattern_1.lean:299:4: The `show` tactic should only be used to indicate intermediate goal states for readability.
However, this tactic invocation changed the goal. Please use `change` instead for these purposes.

Note: This linter can be disabled with `set_option linter.style.show false`
warning: denote/yoco_goals/Pattern_1.lean:307:4: The `show` tactic should only be used to indicate intermediate goal states for readability.
However, this tactic invocation changed the goal. Please use `change` instead for these purposes.

Note: This linter can be disabled with `set_option linter.style.show false`
warning: denote/yoco_goals/Pattern_1.lean:315:4: The `show` tactic should only be used to indicate intermediate goal states for readability.
However, this tactic invocation changed the goal. Please use `change` instead for these purposes.

Note: This linter can be disabled with `set_option linter.style.show false`
warning: denote/yoco_goals/Pattern_1.lean:323:4: The `show` tactic should only be used to indicate intermediate goal states for readability.
However, this tactic invocation changed the goal. Please use `change` instead for these purposes.

Note: This linter can be disabled with `set_option linter.style.show false`
warning: denote/yoco_goals/Pattern_1.lean:334:4: The `show` tactic should only be used to indicate intermediate goal states for readability.
However, this tactic invocation changed the goal. Please use `change` instead for these purposes.

Note: This linter can be disabled with `set_option linter.style.show false`
warning: denote/yoco_goals/Pattern_1.lean:351:4: The `show` tactic should only be used to indicate intermediate goal states for readability.
However, this tactic invocation changed the goal. Please use `change` instead for these purposes.

Note: This linter can be disabled with `set_option linter.style.show false`
warning: denote/yoco_goals/Pattern_1.lean:359:4: The `show` tactic should only be used to indicate intermediate goal states for readability.
However, this tactic invocation changed the goal. Please use `change` instead for these purposes.

Note: This linter can be disabled with `set_option linter.style.show false`
warning: denote/yoco_goals/Pattern_1.lean:376:4: The `show` tactic should only be used to indicate intermediate goal states for readability.
However, this tactic invocation changed the goal. Please use `change` instead for these purposes.

Note: This linter can be disabled with `set_option linter.style.show false`
warning: denote/yoco_goals/Pattern_1.lean:384:4: The `show` tactic should only be used to indicate intermediate goal states for readability.
However, this tactic invocation changed the goal. Please use `change` instead for these purposes.

Note: This linter can be disabled with `set_option linter.style.show false`
warning: denote/yoco_goals/Pattern_1.lean:392:4: The `show` tactic should only be used to indicate intermediate goal states for readability.
However, this tactic invocation changed the goal. Please use `change` instead for these purposes.

Note: This linter can be disabled with `set_option linter.style.show false`
warning: denote/yoco_goals/Pattern_1.lean:412:4: The `show` tactic should only be used to indicate intermediate goal states for readability.
However, this tactic invocation changed the goal. Please use `change` instead for these purposes.

Note: This linter can be disabled with `set_option linter.style.show false`
warning: denote/yoco_goals/Pattern_1.lean:420:4: The `show` tactic should only be used to indicate intermediate goal states for readability.
However, this tactic invocation changed the goal. Please use `change` instead for these purposes.

Note: This linter can be disabled with `set_option linter.style.show false`
warning: denote/yoco_goals/Pattern_1.lean:428:4: The `show` tactic should only be used to indicate intermediate goal states for readability.
However, this tactic invocation changed the goal. Please use `change` instead for these purposes.

Note: This linter can be disabled with `set_option linter.style.show false`
warning: denote/yoco_goals/Pattern_1.lean:436:4: The `show` tactic should only be used to indicate intermediate goal states for readability.
However, this tactic invocation changed the goal. Please use `change` instead for these purposes.

Note: This linter can be disabled with `set_option linter.style.show false`
warning: denote/yoco_goals/Pattern_1.lean:456:4: The `show` tactic should only be used to indicate intermediate goal states for readability.
However, this tactic invocation changed the goal. Please use `change` instead for these purposes.

Note: This linter can be disabled with `set_option linter.style.show false`
warning: denote/yoco_goals/Pattern_1.lean:464:4: The `show` tactic should only be used to indicate intermediate goal states for readability.
However, this tactic invocation changed the goal. Please use `change` instead for these purposes.

Note: This linter can be disabled with `set_option linter.style.show false`
warning: denote/yoco_goals/Pattern_1.lean:478:4: The `show` tactic should only be used to indicate intermediate goal states for readability.
However, this tactic invocation changed the goal. Please use `change` instead for these purposes.

Note: This linter can be disabled with `set_option linter.style.show false`
warning: denote/yoco_goals/Pattern_1.lean:486:4: The `show` tactic should only be used to indicate intermediate goal states for readability.
However, this tactic invocation changed the goal. Please use `change` instead for these purposes.

Note: This linter can be disabled with `set_option linter.style.show false`
warning: denote/yoco_goals/Pattern_1.lean:344:35: Used `tac1 <;> tac2` where `(tac1; tac2)` would suffice

Note: This linter can be disabled with `set_option linter.unnecessarySeqFocus false`
warning: denote/yoco_goals/Pattern_1.lean:471:35: Used `tac1 <;> tac2` where `(tac1; tac2)` would suffice

Note: This linter can be disabled with `set_option linter.unnecessarySeqFocus false`
warning: denote/yoco_goals/Pattern_1.lean:581:23: This simp argument is unused:
  List.map_cons

Hint: Omit it from the simp argument list.
  simp only [List.map, L̵i̵s̵t̵.̵m̵a̵p̵_̵c̵o̵n̵s̵,̵ ̵List.map_nil]

Note: This linter can be disabled with `set_option linter.unusedSimpArgs false`
warning: denote/yoco_goals/Pattern_1.lean:581:38: This simp argument is unused:
  List.map_nil

Hint: Omit it from the simp argument list.
  simp only [List.map, List.map_cons,̵ ̵L̵i̵s̵t̵.̵m̵a̵p̵_̵n̵i̵l̵]

Note: This linter can be disabled with `set_option linter.unusedSimpArgs false`
warning: denote/yoco_goals/Pattern_1.lean:588:4: The `show` tactic should only be used to indicate intermediate goal states for readability.
However, this tactic invocation changed the goal. Please use `change` instead for these purposes.

Note: This linter can be disabled with `set_option linter.style.show false`
warning: denote/yoco_goals/Pattern_1.lean:596:4: The `show` tactic should only be used to indicate intermediate goal states for readability.
However, this tactic invocation changed the goal. Please use `change` instead for these purposes.

Note: This linter can be disabled with `set_option linter.style.show false`
warning: denote/yoco_goals/Pattern_1.lean:622:4: The `show` tactic should only be used to indicate intermediate goal states for readability.
However, this tactic invocation changed the goal. Please use `change` instead for these purposes.

Note: This linter can be disabled with `set_option linter.style.show false`
warning: denote/yoco_goals/Pattern_1.lean:630:4: The `show` tactic should only be used to indicate intermediate goal states for readability.
However, this tactic invocation changed the goal. Please use `change` instead for these purposes.

Note: This linter can be disabled with `set_option linter.style.show false`
warning: denote/yoco_goals/Pattern_1.lean:638:4: The `show` tactic should only be used to indicate intermediate goal states for readability.
However, this tactic invocation changed the goal. Please use `change` instead for these purposes.

Note: This linter can be disabled with `set_option linter.style.show false`
warning: denote/yoco_goals/Pattern_1.lean:646:4: The `show` tactic should only be used to indicate intermediate goal states for readability.
However, this tactic invocation changed the goal. Please use `change` instead for these purposes.

Note: This linter can be disabled with `set_option linter.style.show false`
warning: denote/yoco_goals/Pattern_1.lean:670:4: The `show` tactic should only be used to indicate intermediate goal states for readability.
However, this tactic invocation changed the goal. Please use `change` instead for these purposes.

Note: This linter can be disabled with `set_option linter.style.show false`
warning: denote/yoco_goals/Pattern_1.lean:678:4: The `show` tactic should only be used to indicate intermediate goal states for readability.
However, this tactic invocation changed the goal. Please use `change` instead for these purposes.

Note: This linter can be disabled with `set_option linter.style.show false`
warning: denote/yoco_goals/Pattern_1.lean:698:4: The `show` tactic should only be used to indicate intermediate goal states for readability.
However, this tactic invocation changed the goal. Please use `change` instead for these purposes.

Note: This linter can be disabled with `set_option linter.style.show false`
warning: denote/yoco_goals/Pattern_1.lean:706:4: The `show` tactic should only be used to indicate intermediate goal states for readability.
However, this tactic invocation changed the goal. Please use `change` instead for these purposes.

Note: This linter can be disabled with `set_option linter.style.show false`
warning: denote/yoco_goals/Pattern_1.lean:726:4: The `show` tactic should only be used to indicate intermediate goal states for readability.
However, this tactic invocation changed the goal. Please use `change` instead for these purposes.

Note: This linter can be disabled with `set_option linter.style.show false`
warning: denote/yoco_goals/Pattern_1.lean:734:4: The `show` tactic should only be used to indicate intermediate goal states for readability.
However, this tactic invocation changed the goal. Please use `change` instead for these purposes.

Note: This linter can be disabled with `set_option linter.style.show false`
warning: denote/yoco_goals/Pattern_1.lean:742:4: The `show` tactic should only be used to indicate intermediate goal states for readability.
However, this tactic invocation changed the goal. Please use `change` instead for these purposes.

Note: This linter can be disabled with `set_option linter.style.show false`
warning: denote/yoco_goals/Pattern_1.lean:750:4: The `show` tactic should only be used to indicate intermediate goal states for readability.
However, this tactic invocation changed the goal. Please use `change` instead for these purposes.

Note: This linter can be disabled with `set_option linter.style.show false`
warning: denote/yoco_goals/Pattern_1.lean:770:4: The `show` tactic should only be used to indicate intermediate goal states for readability.
However, this tactic invocation changed the goal. Please use `change` instead for these purposes.

Note: This linter can be disabled with `set_option linter.style.show false`
warning: denote/yoco_goals/Pattern_1.lean:778:4: The `show` tactic should only be used to indicate intermediate goal states for readability.
However, this tactic invocation changed the goal. Please use `change` instead for these purposes.

Note: This linter can be disabled with `set_option linter.style.show false`
warning: denote/yoco_goals/Pattern_1.lean:798:4: The `show` tactic should only be used to indicate intermediate goal states for readability.
However, this tactic invocation changed the goal. Please use `change` instead for these purposes.

Note: This linter can be disabled with `set_option linter.style.show false`
warning: denote/yoco_goals/Pattern_1.lean:808:4: The `show` tactic should only be used to indicate intermediate goal states for readability.
However, this tactic invocation changed the goal. Please use `change` instead for these purposes.

Note: This linter can be disabled with `set_option linter.style.show false`
warning: denote/yoco_goals/Pattern_1.lean:816:4: The `show` tactic should only be used to indicate intermediate goal states for readability.
However, this tactic invocation changed the goal. Please use `change` instead for these purposes.

Note: This linter can be disabled with `set_option linter.style.show false`
warning: denote/yoco_goals/Pattern_1.lean:826:4: The `show` tactic should only be used to indicate intermediate goal states for readability.
However, this tactic invocation changed the goal. Please use `change` instead for these purposes.

Note: This linter can be disabled with `set_option linter.style.show false`
warning: denote/yoco_goals/Pattern_1.lean:888:4: The `show` tactic should only be used to indicate intermediate goal states for readability.
However, this tactic invocation changed the goal. Please use `change` instead for these purposes.

Note: This linter can be disabled with `set_option linter.style.show false`
warning: denote/yoco_goals/Pattern_1.lean:896:4: The `show` tactic should only be used to indicate intermediate goal states for readability.
However, this tactic invocation changed the goal. Please use `change` instead for these purposes.

Note: This linter can be disabled with `set_option linter.style.show false`
warning: denote/yoco_goals/Pattern_1.lean:904:4: The `show` tactic should only be used to indicate intermediate goal states for readability.
However, this tactic invocation changed the goal. Please use `change` instead for these purposes.

Note: This linter can be disabled with `set_option linter.style.show false`
warning: denote/yoco_goals/Pattern_1.lean:912:4: The `show` tactic should only be used to indicate intermediate goal states for readability.
However, this tactic invocation changed the goal. Please use `change` instead for these purposes.

Note: This linter can be disabled with `set_option linter.style.show false`
warning: denote/yoco_goals/Pattern_1.lean:920:4: The `show` tactic should only be used to indicate intermediate goal states for readability.
However, this tactic invocation changed the goal. Please use `change` instead for these purposes.

Note: This linter can be disabled with `set_option linter.style.show false`
warning: denote/yoco_goals/Pattern_1.lean:928:4: The `show` tactic should only be used to indicate intermediate goal states for readability.
However, this tactic invocation changed the goal. Please use `change` instead for these purposes.

Note: This linter can be disabled with `set_option linter.style.show false`
warning: denote/yoco_goals/Pattern_1.lean:936:4: The `show` tactic should only be used to indicate intermediate goal states for readability.
However, this tactic invocation changed the goal. Please use `change` instead for these purposes.

Note: This linter can be disabled with `set_option linter.style.show false`
warning: denote/yoco_goals/Pattern_1.lean:944:4: The `show` tactic should only be used to indicate intermediate goal states for readability.
However, this tactic invocation changed the goal. Please use `change` instead for these purposes.

Note: This linter can be disabled with `set_option linter.style.show false`
warning: denote/yoco_goals/Pattern_1.lean:952:4: The `show` tactic should only be used to indicate intermediate goal states for readability.
However, this tactic invocation changed the goal. Please use `change` instead for these purposes.

Note: This linter can be disabled with `set_option linter.style.show false`
warning: denote/yoco_goals/Pattern_1.lean:960:4: The `show` tactic should only be used to indicate intermediate goal states for readability.
However, this tactic invocation changed the goal. Please use `change` instead for these purposes.

Note: This linter can be disabled with `set_option linter.style.show false`
warning: denote/yoco_goals/Pattern_1.lean:992:4: The `show` tactic should only be used to indicate intermediate goal states for readability.
However, this tactic invocation changed the goal. Please use `change` instead for these purposes.

Note: This linter can be disabled with `set_option linter.style.show false`
warning: denote/yoco_goals/Pattern_1.lean:1000:4: The `show` tactic should only be used to indicate intermediate goal states for readability.
However, this tactic invocation changed the goal. Please use `change` instead for these purposes.

Note: This linter can be disabled with `set_option linter.style.show false`
warning: denote/yoco_goals/Pattern_1.lean:1008:4: The `show` tactic should only be used to indicate intermediate goal states for readability.
However, this tactic invocation changed the goal. Please use `change` instead for these purposes.

Note: This linter can be disabled with `set_option linter.style.show false`
warning: denote/yoco_goals/Pattern_1.lean:1016:4: The `show` tactic should only be used to indicate intermediate goal states for readability.
However, this tactic invocation changed the goal. Please use `change` instead for these purposes.

Note: This linter can be disabled with `set_option linter.style.show false`
warning: denote/yoco_goals/Pattern_1.lean:1042:4: The `show` tactic should only be used to indicate intermediate goal states for readability.
However, this tactic invocation changed the goal. Please use `change` instead for these purposes.

Note: This linter can be disabled with `set_option linter.style.show false`
warning: denote/yoco_goals/Pattern_1.lean:1050:4: The `show` tactic should only be used to indicate intermediate goal states for readability.
However, this tactic invocation changed the goal. Please use `change` instead for these purposes.

Note: This linter can be disabled with `set_option linter.style.show false`
warning: denote/yoco_goals/Pattern_1.lean:1058:4: The `show` tactic should only be used to indicate intermediate goal states for readability.
However, this tactic invocation changed the goal. Please use `change` instead for these purposes.

Note: This linter can be disabled with `set_option linter.style.show false`
warning: denote/yoco_goals/Pattern_1.lean:1066:4: The `show` tactic should only be used to indicate intermediate goal states for readability.
However, this tactic invocation changed the goal. Please use `change` instead for these purposes.

Note: This linter can be disabled with `set_option linter.style.show false`
warning: denote/yoco_goals/Pattern_1.lean:1092:4: The `show` tactic should only be used to indicate intermediate goal states for readability.
However, this tactic invocation changed the goal. Please use `change` instead for these purposes.

Note: This linter can be disabled with `set_option linter.style.show false`
warning: denote/yoco_goals/Pattern_1.lean:1100:4: The `show` tactic should only be used to indicate intermediate goal states for readability.
However, this tactic invocation changed the goal. Please use `change` instead for these purposes.

Note: This linter can be disabled with `set_option linter.style.show false`
warning: denote/yoco_goals/Pattern_1.lean:1108:4: The `show` tactic should only be used to indicate intermediate goal states for readability.
However, this tactic invocation changed the goal. Please use `change` instead for these purposes.

Note: This linter can be disabled with `set_option linter.style.show false`
warning: denote/yoco_goals/Pattern_1.lean:1116:4: The `show` tactic should only be used to indicate intermediate goal states for readability.
However, this tactic invocation changed the goal. Please use `change` instead for these purposes.

Note: This linter can be disabled with `set_option linter.style.show false`
warning: denote/yoco_goals/Pattern_1.lean:1142:4: The `show` tactic should only be used to indicate intermediate goal states for readability.
However, this tactic invocation changed the goal. Please use `change` instead for these purposes.

Note: This linter can be disabled with `set_option linter.style.show false`
warning: denote/yoco_goals/Pattern_1.lean:1150:4: The `show` tactic should only be used to indicate intermediate goal states for readability.
However, this tactic invocation changed the goal. Please use `change` instead for these purposes.

Note: This linter can be disabled with `set_option linter.style.show false`
warning: denote/yoco_goals/Pattern_1.lean:1158:4: The `show` tactic should only be used to indicate intermediate goal states for readability.
However, this tactic invocation changed the goal. Please use `change` instead for these purposes.

Note: This linter can be disabled with `set_option linter.style.show false`
warning: denote/yoco_goals/Pattern_1.lean:1166:4: The `show` tactic should only be used to indicate intermediate goal states for readability.
However, this tactic invocation changed the goal. Please use `change` instead for these purposes.

Note: This linter can be disabled with `set_option linter.style.show false`
warning: denote/yoco_goals/Pattern_1.lean:1174:4: The `show` tactic should only be used to indicate intermediate goal states for readability.
However, this tactic invocation changed the goal. Please use `change` instead for these purposes.

Note: This linter can be disabled with `set_option linter.style.show false`
warning: denote/yoco_goals/Pattern_1.lean:1182:4: The `show` tactic should only be used to indicate intermediate goal states for readability.
However, this tactic invocation changed the goal. Please use `change` instead for these purposes.

Note: This linter can be disabled with `set_option linter.style.show false`
warning: denote/yoco_goals/Pattern_1.lean:1202:4: The `show` tactic should only be used to indicate intermediate goal states for readability.
However, this tactic invocation changed the goal. Please use `change` instead for these purposes.

Note: This linter can be disabled with `set_option linter.style.show false`
warning: denote/yoco_goals/Pattern_1.lean:1210:4: The `show` tactic should only be used to indicate intermediate goal states for readability.
However, this tactic invocation changed the goal. Please use `change` instead for these purposes.

Note: This linter can be disabled with `set_option linter.style.show false`
warning: denote/yoco_goals/Pattern_1.lean:1218:4: The `show` tactic should only be used to indicate intermediate goal states for readability.
However, this tactic invocation changed the goal. Please use `change` instead for these purposes.

Note: This linter can be disabled with `set_option linter.style.show false`
warning: denote/yoco_goals/Pattern_1.lean:1226:4: The `show` tactic should only be used to indicate intermediate goal states for readability.
However, this tactic invocation changed the goal. Please use `change` instead for these purposes.

Note: This linter can be disabled with `set_option linter.style.show false`
warning: denote/yoco_goals/Pattern_1.lean:1258:4: The `show` tactic should only be used to indicate intermediate goal states for readability.
However, this tactic invocation changed the goal. Please use `change` instead for these purposes.

Note: This linter can be disabled with `set_option linter.style.show false`
warning: denote/yoco_goals/Pattern_1.lean:1266:4: The `show` tactic should only be used to indicate intermediate goal states for readability.
However, this tactic invocation changed the goal. Please use `change` instead for these purposes.

Note: This linter can be disabled with `set_option linter.style.show false`
warning: denote/yoco_goals/Pattern_1.lean:1274:4: The `show` tactic should only be used to indicate intermediate goal states for readability.
However, this tactic invocation changed the goal. Please use `change` instead for these purposes.

Note: This linter can be disabled with `set_option linter.style.show false`
warning: denote/yoco_goals/Pattern_1.lean:1282:4: The `show` tactic should only be used to indicate intermediate goal states for readability.
However, this tactic invocation changed the goal. Please use `change` instead for these purposes.

Note: This linter can be disabled with `set_option linter.style.show false`
warning: denote/yoco_goals/Pattern_1.lean:1302:4: The `show` tactic should only be used to indicate intermediate goal states for readability.
However, this tactic invocation changed the goal. Please use `change` instead for these purposes.

Note: This linter can be disabled with `set_option linter.style.show false`
warning: denote/yoco_goals/Pattern_1.lean:1310:4: The `show` tactic should only be used to indicate intermediate goal states for readability.
However, this tactic invocation changed the goal. Please use `change` instead for these purposes.

Note: This linter can be disabled with `set_option linter.style.show false`
warning: denote/yoco_goals/Pattern_1.lean:1318:4: The `show` tactic should only be used to indicate intermediate goal states for readability.
However, this tactic invocation changed the goal. Please use `change` instead for these purposes.

Note: This linter can be disabled with `set_option linter.style.show false`
warning: denote/yoco_goals/Pattern_1.lean:1326:4: The `show` tactic should only be used to indicate intermediate goal states for readability.
However, this tactic invocation changed the goal. Please use `change` instead for these purposes.

Note: This linter can be disabled with `set_option linter.style.show false`
warning: denote/yoco_goals/Pattern_1.lean:584:35: Used `tac1 <;> tac2` where `(tac1; tac2)` would suffice

Note: This linter can be disabled with `set_option linter.unnecessarySeqFocus false`
warning: denote/yoco_goals/Pattern_1.lean:603:35: Used `tac1 <;> tac2` where `(tac1; tac2)` would suffice

Note: This linter can be disabled with `set_option linter.unnecessarySeqFocus false`
warning: denote/yoco_goals/Pattern_1.lean:612:35: Used `tac1 <;> tac2` where `(tac1; tac2)` would suffice

Note: This linter can be disabled with `set_option linter.unnecessarySeqFocus false`
warning: denote/yoco_goals/Pattern_1.lean:654:35: Used `tac1 <;> tac2` where `(tac1; tac2)` would suffice

Note: This linter can be disabled with `set_option linter.unnecessarySeqFocus false`
warning: denote/yoco_goals/Pattern_1.lean:660:35: Used `tac1 <;> tac2` where `(tac1; tac2)` would suffice

Note: This linter can be disabled with `set_option linter.unnecessarySeqFocus false`
warning: denote/yoco_goals/Pattern_1.lean:663:35: Used `tac1 <;> tac2` where `(tac1; tac2)` would suffice

Note: This linter can be disabled with `set_option linter.unnecessarySeqFocus false`
warning: denote/yoco_goals/Pattern_1.lean:685:35: Used `tac1 <;> tac2` where `(tac1; tac2)` would suffice

Note: This linter can be disabled with `set_option linter.unnecessarySeqFocus false`
warning: denote/yoco_goals/Pattern_1.lean:691:35: Used `tac1 <;> tac2` where `(tac1; tac2)` would suffice

Note: This linter can be disabled with `set_option linter.unnecessarySeqFocus false`
warning: denote/yoco_goals/Pattern_1.lean:716:35: Used `tac1 <;> tac2` where `(tac1; tac2)` would suffice

Note: This linter can be disabled with `set_option linter.unnecessarySeqFocus false`
warning: denote/yoco_goals/Pattern_1.lean:722:35: Used `tac1 <;> tac2` where `(tac1; tac2)` would suffice

Note: This linter can be disabled with `set_option linter.unnecessarySeqFocus false`
warning: denote/yoco_goals/Pattern_1.lean:760:35: Used `tac1 <;> tac2` where `(tac1; tac2)` would suffice

Note: This linter can be disabled with `set_option linter.unnecessarySeqFocus false`
warning: denote/yoco_goals/Pattern_1.lean:766:35: Used `tac1 <;> tac2` where `(tac1; tac2)` would suffice

Note: This linter can be disabled with `set_option linter.unnecessarySeqFocus false`
warning: denote/yoco_goals/Pattern_1.lean:788:35: Used `tac1 <;> tac2` where `(tac1; tac2)` would suffice

Note: This linter can be disabled with `set_option linter.unnecessarySeqFocus false`
warning: denote/yoco_goals/Pattern_1.lean:794:35: Used `tac1 <;> tac2` where `(tac1; tac2)` would suffice

Note: This linter can be disabled with `set_option linter.unnecessarySeqFocus false`
warning: denote/yoco_goals/Pattern_1.lean:857:35: Used `tac1 <;> tac2` where `(tac1; tac2)` would suffice

Note: This linter can be disabled with `set_option linter.unnecessarySeqFocus false`
warning: denote/yoco_goals/Pattern_1.lean:884:35: Used `tac1 <;> tac2` where `(tac1; tac2)` would suffice

Note: This linter can be disabled with `set_option linter.unnecessarySeqFocus false`
warning: denote/yoco_goals/Pattern_1.lean:976:35: Used `tac1 <;> tac2` where `(tac1; tac2)` would suffice

Note: This linter can be disabled with `set_option linter.unnecessarySeqFocus false`
warning: denote/yoco_goals/Pattern_1.lean:988:35: Used `tac1 <;> tac2` where `(tac1; tac2)` would suffice

Note: This linter can be disabled with `set_option linter.unnecessarySeqFocus false`
warning: denote/yoco_goals/Pattern_1.lean:1026:35: Used `tac1 <;> tac2` where `(tac1; tac2)` would suffice

Note: This linter can be disabled with `set_option linter.unnecessarySeqFocus false`
warning: denote/yoco_goals/Pattern_1.lean:1035:35: Used `tac1 <;> tac2` where `(tac1; tac2)` would suffice

Note: This linter can be disabled with `set_option linter.unnecessarySeqFocus false`
warning: denote/yoco_goals/Pattern_1.lean:1079:35: Used `tac1 <;> tac2` where `(tac1; tac2)` would suffice

Note: This linter can be disabled with `set_option linter.unnecessarySeqFocus false`
warning: denote/yoco_goals/Pattern_1.lean:1132:35: Used `tac1 <;> tac2` where `(tac1; tac2)` would suffice

Note: This linter can be disabled with `set_option linter.unnecessarySeqFocus false`
warning: denote/yoco_goals/Pattern_1.lean:1412:2: `simp [elemwiseAdd, Tensor.mkShape, outShape2, hx, hy, broadcastValAtShape,
    alignedMultiIndex, flatToMulti, multiToFlat, prodShape]` is a flexible tactic modifying `⊢`. Try `simp?` and use the suggested `simp only [...]`. Alternatively, use `suffices` to explicitly state the simplified form.

Note: This linter can be disabled with `set_option linter.flexible false`
info: denote/yoco_goals/Pattern_1.lean:1414:2: `have hnorm : idx / 1024 * 1024 + idx % 1024 = idx := by omega` uses `⊢`!
warning: denote/yoco_goals/Pattern_1.lean:1412:2: `simp [elemwiseAdd, Tensor.mkShape, outShape2, hx, hy, broadcastValAtShape,
    alignedMultiIndex, flatToMulti, multiToFlat, prodShape]` is a flexible tactic modifying `⊢`. Try `simp?` and use the suggested `simp only [...]`. Alternatively, use `suffices` to explicitly state the simplified form.

Note: This linter can be disabled with `set_option linter.flexible false`
info: denote/yoco_goals/Pattern_1.lean:1415:2: `rw [hnorm]` uses `⊢`!
warning: denote/yoco_goals/Pattern_1.lean:1424:2: `simp [elemwiseAdd, Tensor.mkShape, outShape2, hx, hy, broadcastValAtShape,
    alignedMultiIndex, flatToMulti, multiToFlat, prodShape]` is a flexible tactic modifying `⊢`. Try `simp?` and use the suggested `simp only [...]`. Alternatively, use `suffices` to explicitly state the simplified form.

Note: This linter can be disabled with `set_option linter.flexible false`
info: denote/yoco_goals/Pattern_1.lean:1426:2: `have hnorm : idx / 1024 * 1024 + idx % 1024 = idx := by omega` uses `⊢`!
warning: denote/yoco_goals/Pattern_1.lean:1424:2: `simp [elemwiseAdd, Tensor.mkShape, outShape2, hx, hy, broadcastValAtShape,
    alignedMultiIndex, flatToMulti, multiToFlat, prodShape]` is a flexible tactic modifying `⊢`. Try `simp?` and use the suggested `simp only [...]`. Alternatively, use `suffices` to explicitly state the simplified form.

Note: This linter can be disabled with `set_option linter.flexible false`
info: denote/yoco_goals/Pattern_1.lean:1427:2: `rw [hnorm]` uses `⊢`!
warning: denote/yoco_goals/Pattern_1.lean:1540:5: Variable name `hS` is not explicitly referenced.

The binding can be removed (if unused) or named `_` (if used implicitly).

Note: This linter can be disabled with `set_option linter.unusedVariables false`
warning: denote/yoco_goals/Pattern_1.lean:1547:2: `simp [elemwiseMul, Tensor.mkShape, outShape2, ha, hc, broadcastValAtShape,
    alignedMultiIndex, flatToMulti, multiToFlat, prodShape, hS_ne1, hH_ne1, hH_ne]` is a flexible tactic modifying `⊢`. Try `simp?` and use the suggested `simp only [...]`. Alternatively, use `suffices` to explicitly state the simplified form.

Note: This linter can be disabled with `set_option linter.flexible false`
info: denote/yoco_goals/Pattern_1.lean:1549:2: `have hnorm : idx / H * H + idx % H = idx :=
  by
  conv_lhs => rw [Nat.mul_comm (idx / H) H]
  exact Nat.div_add_mod idx H` uses `⊢`!
warning: denote/yoco_goals/Pattern_1.lean:1547:2: `simp [elemwiseMul, Tensor.mkShape, outShape2, ha, hc, broadcastValAtShape,
    alignedMultiIndex, flatToMulti, multiToFlat, prodShape, hS_ne1, hH_ne1, hH_ne]` is a flexible tactic modifying `⊢`. Try `simp?` and use the suggested `simp only [...]`. Alternatively, use `suffices` to explicitly state the simplified form.

Note: This linter can be disabled with `set_option linter.flexible false`
info: denote/yoco_goals/Pattern_1.lean:1552:2: `rw [hnorm]` uses `⊢`!
warning: denote/yoco_goals/Pattern_1.lean:1558:5: Variable name `hS` is not explicitly referenced.

The binding can be removed (if unused) or named `_` (if used implicitly).

Note: This linter can be disabled with `set_option linter.unusedVariables false`
warning: denote/yoco_goals/Pattern_1.lean:1567:2: `simp [elemwiseMul, Tensor.mkShape, outShape2, ha, hc, broadcastValAtShape,
    alignedMultiIndex, flatToMulti, multiToFlat, prodShape,
    Nat.max_eq_right hH_ge_1, hS_ne1, hH_ne1, hH_ne]` is a flexible tactic modifying `⊢`. Try `simp?` and use the suggested `simp only [...]`. Alternatively, use `suffices` to explicitly state the simplified form.

Note: This linter can be disabled with `set_option linter.flexible false`
info: denote/yoco_goals/Pattern_1.lean:1570:2: `left` uses `⊢`!
warning: denote/yoco_goals/Pattern_1.lean:1567:2: `simp [elemwiseMul, Tensor.mkShape, outShape2, ha, hc, broadcastValAtShape,
    alignedMultiIndex, flatToMulti, multiToFlat, prodShape,
    Nat.max_eq_right hH_ge_1, hS_ne1, hH_ne1, hH_ne]` is a flexible tactic modifying `⊢`. Try `simp?` and use the suggested `simp only [...]`. Alternatively, use `suffices` to explicitly state the simplified form.

Note: This linter can be disabled with `set_option linter.flexible false`
info: denote/yoco_goals/Pattern_1.lean:1572:2: `conv_lhs => rw [Nat.mul_comm (idx / H) H]` uses `⊢`!
warning: denote/yoco_goals/Pattern_1.lean:1567:2: `simp [elemwiseMul, Tensor.mkShape, outShape2, ha, hc, broadcastValAtShape,
    alignedMultiIndex, flatToMulti, multiToFlat, prodShape,
    Nat.max_eq_right hH_ge_1, hS_ne1, hH_ne1, hH_ne]` is a flexible tactic modifying `⊢`. Try `simp?` and use the suggested `simp only [...]`. Alternatively, use `suffices` to explicitly state the simplified form.

Note: This linter can be disabled with `set_option linter.flexible false`
info: denote/yoco_goals/Pattern_1.lean:1573:2: `exact Nat.div_add_mod idx H` uses `⊢`!
warning: denote/yoco_goals/Pattern_1.lean:1594:6: This simp argument is unused:
  Nat.max_self

Hint: Omit it from the simp argument list.
  simp [elemwiseMul, Tensor.mkShape, outShape2, ha, hc, N̵a̵t̵.̵m̵a̵x̵_̵s̵e̵l̵f̵,̵ ̵Nat.max_eq_right hH_ge_1]

Note: This linter can be disabled with `set_option linter.unusedSimpArgs false`
warning: denote/yoco_goals/Pattern_1.lean:1597:6: This simp argument is unused:
  Nat.max_self

Hint: Omit it from the simp argument list.
  simp [elemwiseMul, Tensor.mkShape, outShape2, hb, hd, N̵a̵t̵.̵m̵a̵x̵_̵s̵e̵l̵f̵,̵ ̵Nat.max_eq_right hH_ge_1]

Note: This linter can be disabled with `set_option linter.unusedSimpArgs false`
warning: denote/yoco_goals/Pattern_1.lean:1604:6: This simp argument is unused:
  Nat.max_self

Hint: Omit it from the simp argument list.
  simp [elemwiseMul, Tensor.mkShape, outShape2, hG_ab, hG_cd, N̵a̵t̵.̵m̵a̵x̵_̵s̵e̵l̵f̵,̵ ̵Nat.max_eq_right hH_ge_1]

Note: This linter can be disabled with `set_option linter.unusedSimpArgs false`
warning: denote/yoco_goals/Pattern_1.lean:1714:50: `simp` is a flexible tactic modifying `⊢`. Try `simp?` and use the suggested `simp only [...]`. Alternatively, use `suffices` to explicitly state the simplified form.

Note: This linter can be disabled with `set_option linter.flexible false`
info: denote/yoco_goals/Pattern_1.lean:1714:56: `exact hc` uses `⊢`!
warning: denote/yoco_goals/Pattern_1.lean:1721:40: `simp` is a flexible tactic modifying `⊢`. Try `simp?` and use the suggested `simp only [...]`. Alternatively, use `suffices` to explicitly state the simplified form.

Note: This linter can be disabled with `set_option linter.flexible false`
info: denote/yoco_goals/Pattern_1.lean:1721:46: `exact hG_shape` uses `⊢`!
warning: denote/yoco_goals/Pattern_1.lean:1725:40: `simp` is a flexible tactic modifying `⊢`. Try `simp?` and use the suggested `simp only [...]`. Alternatively, use `suffices` to explicitly state the simplified form.

Note: This linter can be disabled with `set_option linter.flexible false`
info: denote/yoco_goals/Pattern_1.lean:1725:46: `exact hG_shape` uses `⊢`!
warning: denote/yoco_goals/Pattern_1.lean:1799:51: `simp` is a flexible tactic modifying `⊢`. Try `simp?` and use the suggested `simp only [...]`. Alternatively, use `suffices` to explicitly state the simplified form.

Note: This linter can be disabled with `set_option linter.flexible false`
info: denote/yoco_goals/Pattern_1.lean:1799:57: `exact hu` uses `⊢`!
warning: denote/yoco_goals/Pattern_1.lean:1808:39: `simp` is a flexible tactic modifying `⊢`. Try `simp?` and use the suggested `simp only [...]`. Alternatively, use `suffices` to explicitly state the simplified form.

Note: This linter can be disabled with `set_option linter.flexible false`
info: denote/yoco_goals/Pattern_1.lean:1808:45: `exact hG_cd` uses `⊢`!
warning: denote/yoco_goals/Pattern_1.lean:1812:39: `simp` is a flexible tactic modifying `⊢`. Try `simp?` and use the suggested `simp only [...]`. Alternatively, use `suffices` to explicitly state the simplified form.

Note: This linter can be disabled with `set_option linter.flexible false`
info: denote/yoco_goals/Pattern_1.lean:1812:45: `exact hG_cd` uses `⊢`!
warning: denote/yoco_goals/Pattern_1.lean:1939:23: `simp [prodShape]` is a flexible tactic modifying `⊢`. Try `simp?` and use the suggested `simp only [...]`. Alternatively, use `suffices` to explicitly state the simplified form.

Note: This linter can be disabled with `set_option linter.flexible false`
info: denote/yoco_goals/Pattern_1.lean:1939:41: `exact hidx_bound` uses `⊢`!
warning: denote/yoco_goals/Pattern_1.lean:1992:21: `simp [prodShape]` is a flexible tactic modifying `⊢`. Try `simp?` and use the suggested `simp only [...]`. Alternatively, use `suffices` to explicitly state the simplified form.

Note: This linter can be disabled with `set_option linter.flexible false`
info: denote/yoco_goals/Pattern_1.lean:1992:39: `exact hloc_bound` uses `⊢`!
warning: denote/yoco_goals/Pattern_1.lean:2068:20: This simp argument is unused:
  prodShape

Hint: Omit it from the simp argument list.
  simp [k_matmul,̵ ̵p̵r̵o̵d̵S̵h̵a̵p̵e̵]

Note: This linter can be disabled with `set_option linter.unusedSimpArgs false`
warning: denote/yoco_goals/Pattern_1.lean:2117:20: This simp argument is unused:
  prodShape

Hint: Omit it from the simp argument list.
  simp [k_matmul,̵ ̵p̵r̵o̵d̵S̵h̵a̵p̵e̵]

Note: This linter can be disabled with `set_option linter.unusedSimpArgs false`
warning: denote/yoco_goals/Pattern_1.lean:2068:4: `simp [k_matmul, prodShape]
    -- Row for LHS: outIdx / o = r * bshard + il (from houtIdx_eq)` is a flexible tactic modifying `⊢`. Try `simp?` and use the suggested `simp only [...]`. Alternatively, use `suffices` to explicitly state the simplified form.

Note: This linter can be disabled with `set_option linter.flexible false`
info: denote/yoco_goals/Pattern_1.lean:2070:4: `have hout_div : outIdx / o = r * bshard + il := by
  rw [houtIdx_eq]
  have h1 : ((r * bshard + il) * o + c) / o = c / o + (r * bshard + il) := by
    rw [Nat.add_comm, Nat.add_mul_div_right c (r * bshard + il) ho]
  rw [h1, Nat.div_eq_of_lt hc_lt]; ring` uses `⊢`!
warning: denote/yoco_goals/Pattern_1.lean:2068:4: `simp [k_matmul, prodShape]
    -- Row for LHS: outIdx / o = r * bshard + il (from houtIdx_eq)` is a flexible tactic modifying `⊢`. Try `simp?` and use the suggested `simp only [...]`. Alternatively, use `suffices` to explicitly state the simplified form.

Note: This linter can be disabled with `set_option linter.flexible false`
info: denote/yoco_goals/Pattern_1.lean:2075:4: `have hout_mod : outIdx % o = c := by
  rw [houtIdx_eq]
  have h1 : ((r * bshard + il) * o + c) % o = c % o := by rw [Nat.add_comm, Nat.add_mul_mod_self_right]
  rw [h1, Nat.mod_eq_of_lt hc_lt]` uses `⊢`!
warning: denote/yoco_goals/Pattern_1.lean:2068:4: `simp [k_matmul, prodShape]
    -- Row for LHS: outIdx / o = r * bshard + il (from houtIdx_eq)` is a flexible tactic modifying `⊢`. Try `simp?` and use the suggested `simp only [...]`. Alternatively, use `suffices` to explicitly state the simplified form.

Note: This linter can be disabled with `set_option linter.flexible false`
info: denote/yoco_goals/Pattern_1.lean:2080:4: `rw [hout_div, hout_mod]` uses `⊢`!
warning: denote/yoco_goals/Pattern_1.lean:2068:4: `simp [k_matmul, prodShape]
    -- Row for LHS: outIdx / o = r * bshard + il (from houtIdx_eq)` is a flexible tactic modifying `⊢`. Try `simp?` and use the suggested `simp only [...]`. Alternatively, use `suffices` to explicitly state the simplified form.

Note: This linter can be disabled with `set_option linter.flexible false`
info: denote/yoco_goals/Pattern_1.lean:2082:4: `have hRHS_val :
  valAt (allGatherPrimDimN 0 2 0 [fw_linear a w, fw_linear b w]) outIdx =
    valAt ([fw_linear a w, fw_linear b w].getD r (zeroTensor [bshard, o])) (il * o + c) :=
  by
  rw [houtIdx_eq]
  have hshapes_lin :
    ∀ r' (_ : r' < 2), (([fw_linear a w, fw_linear b w].getD r' (zeroTensor [bshard, o]))).shape = [bshard, o] :=
    by
    intro r' hr'
    have : r' = 0 ∨ r' = 1 := by interval_cases r' <;> [left; right] <;> rfl
    rcases this with h | h <;> rw [h] <;> simp [List.getD, hlin_a, hlin_b]
  exact
    allGatherPrimDimN0_valAt 2 bshard o [fw_linear a w, fw_linear b w] (by omega) hbshard ho hhead_lin hshapes_lin r
      hr_lt il hil_lt c hc_lt` uses `⊢`!
warning: denote/yoco_goals/Pattern_1.lean:2068:4: `simp [k_matmul, prodShape]
    -- Row for LHS: outIdx / o = r * bshard + il (from houtIdx_eq)` is a flexible tactic modifying `⊢`. Try `simp?` and use the suggested `simp only [...]`. Alternatively, use `suffices` to explicitly state the simplified form.

Note: This linter can be disabled with `set_option linter.flexible false`
info: denote/yoco_goals/Pattern_1.lean:2092:4: `rw [hRHS_val]` uses `⊢`!
warning: denote/yoco_goals/Pattern_1.lean:2068:4: `simp [k_matmul, prodShape]
    -- Row for LHS: outIdx / o = r * bshard + il (from houtIdx_eq)` is a flexible tactic modifying `⊢`. Try `simp?` and use the suggested `simp only [...]`. Alternatively, use `suffices` to explicitly state the simplified form.

Note: This linter can be disabled with `set_option linter.flexible false`
info: denote/yoco_goals/Pattern_1.lean:2095:4: `have hgetD_lin :
  [fw_linear a w, fw_linear b w].getD r (zeroTensor [bshard, o]) =
    fw_linear ([a, b].getD r (zeroTensor [bshard, i])) w :=
  by rcases hr_cases with h | h <;> rw [h] <;> simp [List.getD]` uses `⊢`!
warning: denote/yoco_goals/Pattern_1.lean:2068:4: `simp [k_matmul, prodShape]
    -- Row for LHS: outIdx / o = r * bshard + il (from houtIdx_eq)` is a flexible tactic modifying `⊢`. Try `simp?` and use the suggested `simp only [...]`. Alternatively, use `suffices` to explicitly state the simplified form.

Note: This linter can be disabled with `set_option linter.flexible false`
info: denote/yoco_goals/Pattern_1.lean:2099:4: `rw [hgetD_lin]` uses `⊢`!
warning: denote/yoco_goals/Pattern_1.lean:2068:4: `simp [k_matmul, prodShape]
    -- Row for LHS: outIdx / o = r * bshard + il (from houtIdx_eq)` is a flexible tactic modifying `⊢`. Try `simp?` and use the suggested `simp only [...]`. Alternatively, use `suffices` to explicitly state the simplified form.

Note: This linter can be disabled with `set_option linter.flexible false`
info: denote/yoco_goals/Pattern_1.lean:2101:4: `set ear := [a, b].getD r (zeroTensor [bshard, i])` uses `⊢`!
warning: denote/yoco_goals/Pattern_1.lean:2068:4: `simp [k_matmul, prodShape]
    -- Row for LHS: outIdx / o = r * bshard + il (from houtIdx_eq)` is a flexible tactic modifying `⊢`. Try `simp?` and use the suggested `simp only [...]`. Alternatively, use `suffices` to explicitly state the simplified form.

Note: This linter can be disabled with `set_option linter.flexible false`
info: denote/yoco_goals/Pattern_1.lean:2102:4: `have hear_shape : ear.shape = [bshard, i] :=
  by
  show ([a, b].getD r (zeroTensor [bshard, i])).shape = [bshard, i]
  rcases hr_cases with h | h <;> rw [h] <;> simp [List.getD, ha, hb]` uses `⊢`!
warning: denote/yoco_goals/Pattern_1.lean:2068:4: `simp [k_matmul, prodShape]
    -- Row for LHS: outIdx / o = r * bshard + il (from houtIdx_eq)` is a flexible tactic modifying `⊢`. Try `simp?` and use the suggested `simp only [...]`. Alternatively, use `suffices` to explicitly state the simplified form.

Note: This linter can be disabled with `set_option linter.flexible false`
info: denote/yoco_goals/Pattern_1.lean:2105:4: `have hloc_bound : il * o + c < bshard * o :=
  by
  have h1 : il * o + c < il * o + o := by omega
  have h2 : il * o + o = (il + 1) * o := by ring
  have h3 : (il + 1) * o ≤ bshard * o := Nat.mul_le_mul_right _ (by omega)
  omega` uses `⊢`!
warning: denote/yoco_goals/Pattern_1.lean:2068:4: `simp [k_matmul, prodShape]
    -- Row for LHS: outIdx / o = r * bshard + il (from houtIdx_eq)` is a flexible tactic modifying `⊢`. Try `simp?` and use the suggested `simp only [...]`. Alternatively, use `suffices` to explicitly state the simplified form.

Note: This linter can be disabled with `set_option linter.flexible false`
info: denote/yoco_goals/Pattern_1.lean:2110:4: `have hRHS_lin_val :
  valAt (fw_linear ear w) (il * o + c) =
    k_matmul bshard o i ear w ⟨il * o + c, by show il * o + c < prodShape [bshard, o]; simp [prodShape]; linarith⟩ :=
  by
  rw [TrainVerify.Denote.fw_linear_is_matmul bshard i o ear w hear_shape hw]
  rw [valAt_of_lt _ _ (by show il * o + c < prodShape [bshard, o]; simp [prodShape]; linarith)]
  rfl` uses `⊢`!
warning: denote/yoco_goals/Pattern_1.lean:2068:4: `simp [k_matmul, prodShape]
    -- Row for LHS: outIdx / o = r * bshard + il (from houtIdx_eq)` is a flexible tactic modifying `⊢`. Try `simp?` and use the suggested `simp only [...]`. Alternatively, use `suffices` to explicitly state the simplified form.

Note: This linter can be disabled with `set_option linter.flexible false`
info: denote/yoco_goals/Pattern_1.lean:2115:4: `rw [hRHS_lin_val]` uses `⊢`!
warning: denote/yoco_goals/Pattern_1.lean:2068:4: `simp [k_matmul, prodShape]
    -- Row for LHS: outIdx / o = r * bshard + il (from houtIdx_eq)` is a flexible tactic modifying `⊢`. Try `simp?` and use the suggested `simp only [...]`. Alternatively, use `suffices` to explicitly state the simplified form.

Note: This linter can be disabled with `set_option linter.flexible false`
info: denote/yoco_goals/Pattern_1.lean:2119:4: `have hil_div : (il * o + c) / o = il :=
  by
  have h1 : (il * o + c) / o = c / o + il := by rw [Nat.add_comm, Nat.add_mul_div_right c il ho]
  rw [h1, Nat.div_eq_of_lt hc_lt]; ring` uses `⊢`!
warning: denote/yoco_goals/Pattern_1.lean:2068:4: `simp [k_matmul, prodShape]
    -- Row for LHS: outIdx / o = r * bshard + il (from houtIdx_eq)` is a flexible tactic modifying `⊢`. Try `simp?` and use the suggested `simp only [...]`. Alternatively, use `suffices` to explicitly state the simplified form.

Note: This linter can be disabled with `set_option linter.flexible false`
info: denote/yoco_goals/Pattern_1.lean:2124:4: `rw [hil_div, hc_mod']` uses `⊢`!
warning: denote/yoco_goals/Pattern_1.lean:2068:4: `simp [k_matmul, prodShape]
    -- Row for LHS: outIdx / o = r * bshard + il (from houtIdx_eq)` is a flexible tactic modifying `⊢`. Try `simp?` and use the suggested `simp only [...]`. Alternatively, use `suffices` to explicitly state the simplified form.

Note: This linter can be disabled with `set_option linter.flexible false`
info: denote/yoco_goals/Pattern_1.lean:2126:4: `apply Finset.sum_congr rfl` uses `⊢`!
warning: denote/yoco_goals/Pattern_1.lean:2068:4: `simp [k_matmul, prodShape]
    -- Row for LHS: outIdx / o = r * bshard + il (from houtIdx_eq)` is a flexible tactic modifying `⊢`. Try `simp?` and use the suggested `simp only [...]`. Alternatively, use `suffices` to explicitly state the simplified form.

Note: This linter can be disabled with `set_option linter.flexible false`
info: denote/yoco_goals/Pattern_1.lean:2127:4: `intro j hj` uses `⊢`!
warning: denote/yoco_goals/Pattern_1.lean:2128:29: `simp [Finset.mem_range] at hj` is a flexible tactic modifying `hj`. Try `simp?` and use the suggested `simp only [...]`. Alternatively, use `suffices` to explicitly state the simplified form.

Note: This linter can be disabled with `set_option linter.flexible false`
info: denote/yoco_goals/Pattern_1.lean:2128:60: `exact hj` uses `hj`!
warning: denote/yoco_goals/Pattern_1.lean:2068:4: `simp [k_matmul, prodShape]
    -- Row for LHS: outIdx / o = r * bshard + il (from houtIdx_eq)` is a flexible tactic modifying `⊢`. Try `simp?` and use the suggested `simp only [...]`. Alternatively, use `suffices` to explicitly state the simplified form.

Note: This linter can be disabled with `set_option linter.flexible false`
info: denote/yoco_goals/Pattern_1.lean:2129:4: `have hshapes_ab : ∀ r' (_ : r' < 2), (([a, b].getD r' (zeroTensor [bshard, i]))).shape = [bshard, i] :=
  by
  intro r' hr'
  have : r' = 0 ∨ r' = 1 := by interval_cases r' <;> [left; right] <;> rfl
  rcases this with h | h <;> rw [h] <;> simp [List.getD, ha, hb]` uses `⊢`!
warning: denote/yoco_goals/Pattern_1.lean:2068:4: `simp [k_matmul, prodShape]
    -- Row for LHS: outIdx / o = r * bshard + il (from houtIdx_eq)` is a flexible tactic modifying `⊢`. Try `simp?` and use the suggested `simp only [...]`. Alternatively, use `suffices` to explicitly state the simplified form.

Note: This linter can be disabled with `set_option linter.flexible false`
info: denote/yoco_goals/Pattern_1.lean:2135:4: `rw [allGatherPrimDimN0_valAt 2 bshard i [a, b] (by omega) hbshard hi hhead_ab hshapes_ab r hr_lt il hil_lt j
    hj_lt]` uses `⊢`!
warning: denote/yoco_goals/Pattern_1.lean:2044:30: The `show` tactic should only be used to indicate intermediate goal states for readability.
However, this tactic invocation changed the goal. Please use `change` instead for these purposes.

Note: This linter can be disabled with `set_option linter.style.show false`
warning: denote/yoco_goals/Pattern_1.lean:2103:6: The `show` tactic should only be used to indicate intermediate goal states for readability.
However, this tactic invocation changed the goal. Please use `change` instead for these purposes.

Note: This linter can be disabled with `set_option linter.style.show false`
warning: denote/yoco_goals/Pattern_1.lean:2113:30: The `show` tactic should only be used to indicate intermediate goal states for readability.
However, this tactic invocation changed the goal. Please use `change` instead for these purposes.

Note: This linter can be disabled with `set_option linter.style.show false`
warning: denote/yoco_goals/Pattern_1.lean:2150:4: The `show` tactic should only be used to indicate intermediate goal states for readability.
However, this tactic invocation changed the goal. Please use `change` instead for these purposes.

Note: This linter can be disabled with `set_option linter.style.show false`
warning: denote/yoco_goals/Pattern_1.lean:2159:5: Variable name `hshard` is not explicitly referenced.

The binding can be removed (if unused) or named `_` (if used implicitly).

Note: This linter can be disabled with `set_option linter.unusedVariables false`
warning: denote/yoco_goals/Pattern_1.lean:2222:23: This simp argument is unused:
  hmod

Hint: Omit it from the simp argument list.
  simp [hE_ne, hdiv, hm̵o̵d̵,̵ ̵h̵e_mod]

Note: This linter can be disabled with `set_option linter.unusedSimpArgs false`
warning: denote/yoco_goals/Pattern_1.lean:2240:23: This simp argument is unused:
  hmod

Hint: Omit it from the simp argument list.
  simp [hE_ne, hdiv, hm̵o̵d̵,̵ ̵h̵e_mod]

Note: This linter can be disabled with `set_option linter.unusedSimpArgs false`
warning: denote/yoco_goals/Pattern_1.lean:2191:4: `simp [prodShape]` is a flexible tactic modifying `⊢`. Try `simp?` and use the suggested `simp only [...]`. Alternatively, use `suffices` to explicitly state the simplified form.

Note: This linter can be disabled with `set_option linter.flexible false`
info: denote/yoco_goals/Pattern_1.lean:2192:4: `have h1 : (r * S + i) * E + e < (r * S + i) * E + E := by omega` uses `⊢`!
warning: denote/yoco_goals/Pattern_1.lean:2191:4: `simp [prodShape]` is a flexible tactic modifying `⊢`. Try `simp?` and use the suggested `simp only [...]`. Alternatively, use `suffices` to explicitly state the simplified form.

Note: This linter can be disabled with `set_option linter.flexible false`
info: denote/yoco_goals/Pattern_1.lean:2193:4: `have h2 : (r * S + i) * E + E = (r * S + i + 1) * E := by ring` uses `⊢`!
warning: denote/yoco_goals/Pattern_1.lean:2191:4: `simp [prodShape]` is a flexible tactic modifying `⊢`. Try `simp?` and use the suggested `simp only [...]`. Alternatively, use `suffices` to explicitly state the simplified form.

Note: This linter can be disabled with `set_option linter.flexible false`
info: denote/yoco_goals/Pattern_1.lean:2194:4: `have h3 : (r * S + i + 1) * E ≤ S * 2 * E := Nat.mul_le_mul_right E (by nlinarith)` uses `⊢`!
warning: denote/yoco_goals/Pattern_1.lean:2197:4: `simp [prodShape]` is a flexible tactic modifying `⊢`. Try `simp?` and use the suggested `simp only [...]`. Alternatively, use `suffices` to explicitly state the simplified form.

Note: This linter can be disabled with `set_option linter.flexible false`
info: denote/yoco_goals/Pattern_1.lean:2198:4: `have h1 : i * E + e < i * E + E := by omega` uses `⊢`!
warning: denote/yoco_goals/Pattern_1.lean:2197:4: `simp [prodShape]` is a flexible tactic modifying `⊢`. Try `simp?` and use the suggested `simp only [...]`. Alternatively, use `suffices` to explicitly state the simplified form.

Note: This linter can be disabled with `set_option linter.flexible false`
info: denote/yoco_goals/Pattern_1.lean:2199:4: `have h2 : i * E + E = (i + 1) * E := by ring` uses `⊢`!
warning: denote/yoco_goals/Pattern_1.lean:2197:4: `simp [prodShape]` is a flexible tactic modifying `⊢`. Try `simp?` and use the suggested `simp only [...]`. Alternatively, use `suffices` to explicitly state the simplified form.

Note: This linter can be disabled with `set_option linter.flexible false`
info: denote/yoco_goals/Pattern_1.lean:2200:4: `have h3 : (i + 1) * E ≤ S * E := Nat.mul_le_mul_right E (by omega)` uses `⊢`!
warning: denote/yoco_goals/Pattern_1.lean:2212:4: `simp [Tensor.mkShape, List.reverse]` is a flexible tactic modifying `⊢`. Try `simp?` and use the suggested `simp only [...]`. Alternatively, use `suffices` to explicitly state the simplified form.

Note: This linter can be disabled with `set_option linter.flexible false`
info: denote/yoco_goals/Pattern_1.lean:2212:4: Try this:
  [apply] simp only [Lean.Elab.WF.paramLet, ite_mul, zero_mul, dite_eq_ite]
info: denote/yoco_goals/Pattern_1.lean:2214:4: `have hdiv : ((r * S + i) * E + e) / E = r * S + i :=
  by
  have h1 : ((r * S + i) * E + e) / E = e / E + (r * S + i) := by
    rw [Nat.add_comm, Nat.add_mul_div_right e (r * S + i) hE]
  rw [h1, Nat.div_eq_of_lt he]; ring` uses `⊢`!
warning: denote/yoco_goals/Pattern_1.lean:2212:4: `simp [Tensor.mkShape, List.reverse]` is a flexible tactic modifying `⊢`. Try `simp?` and use the suggested `simp only [...]`. Alternatively, use `suffices` to explicitly state the simplified form.

Note: This linter can be disabled with `set_option linter.flexible false`
info: denote/yoco_goals/Pattern_1.lean:2212:4: Try this:
  [apply] simp only [Lean.Elab.WF.paramLet, ite_mul, zero_mul, dite_eq_ite]
info: denote/yoco_goals/Pattern_1.lean:2218:4: `have hmod : ((r * S + i) * E + e) % E = e :=
  by
  have h1 : ((r * S + i) * E + e) % E = e % E := by rw [Nat.add_comm, Nat.add_mul_mod_self_right]
  rw [h1, Nat.mod_eq_of_lt he]` uses `⊢`!
warning: denote/yoco_goals/Pattern_1.lean:2230:4: `simp [Tensor.mkShape, List.reverse]` is a flexible tactic modifying `⊢`. Try `simp?` and use the suggested `simp only [...]`. Alternatively, use `suffices` to explicitly state the simplified form.

Note: This linter can be disabled with `set_option linter.flexible false`
info: denote/yoco_goals/Pattern_1.lean:2230:4: Try this:
  [apply] simp only [Lean.Elab.WF.paramLet, ite_mul, zero_mul, dite_eq_ite]
info: denote/yoco_goals/Pattern_1.lean:2232:4: `have hdiv : (i * E + e) / E = i :=
  by
  have h1 : (i * E + e) / E = e / E + i := by rw [Nat.add_comm, Nat.add_mul_div_right e i hE]
  rw [h1, Nat.div_eq_of_lt he]; ring` uses `⊢`!
warning: denote/yoco_goals/Pattern_1.lean:2230:4: `simp [Tensor.mkShape, List.reverse]` is a flexible tactic modifying `⊢`. Try `simp?` and use the suggested `simp only [...]`. Alternatively, use `suffices` to explicitly state the simplified form.

Note: This linter can be disabled with `set_option linter.flexible false`
info: denote/yoco_goals/Pattern_1.lean:2230:4: Try this:
  [apply] simp only [Lean.Elab.WF.paramLet, ite_mul, zero_mul, dite_eq_ite]
info: denote/yoco_goals/Pattern_1.lean:2236:4: `have hmod : (i * E + e) % E = e :=
  by
  have h1 : (i * E + e) % E = e % E := by rw [Nat.add_comm, Nat.add_mul_mod_self_right]
  rw [h1, Nat.mod_eq_of_lt he]` uses `⊢`!
warning: denote/yoco_goals/Pattern_1.lean:2252:29: `simp [Finset.mem_range] at hj` is a flexible tactic modifying `hj`. Try `simp?` and use the suggested `simp only [...]`. Alternatively, use `suffices` to explicitly state the simplified form.

Note: This linter can be disabled with `set_option linter.flexible false`
info: denote/yoco_goals/Pattern_1.lean:2252:60: `exact hj` uses `hj`!
warning: denote/yoco_goals/Pattern_1.lean:2277:4: `simp [Tensor.mkShape]` is a flexible tactic modifying `⊢`. Try `simp?` and use the suggested `simp only [...]`. Alternatively, use `suffices` to explicitly state the simplified form.

Note: This linter can be disabled with `set_option linter.flexible false`
info: denote/yoco_goals/Pattern_1.lean:2278:4: `rw [ha]` uses `⊢`!
warning: denote/yoco_goals/Pattern_1.lean:2281:4: `simp [Tensor.mkShape]` is a flexible tactic modifying `⊢`. Try `simp?` and use the suggested `simp only [...]`. Alternatively, use `suffices` to explicitly state the simplified form.

Note: This linter can be disabled with `set_option linter.flexible false`
info: denote/yoco_goals/Pattern_1.lean:2282:4: `rw [hb]` uses `⊢`!
warning: denote/yoco_goals/Pattern_1.lean:2289:4: `simp [Tensor.mkShape]` is a flexible tactic modifying `⊢`. Try `simp?` and use the suggested `simp only [...]`. Alternatively, use `suffices` to explicitly state the simplified form.

Note: This linter can be disabled with `set_option linter.flexible false`
info: denote/yoco_goals/Pattern_1.lean:2290:4: `rw [hG_ab]` uses `⊢`!
warning: denote/yoco_goals/Pattern_1.lean:2404:35: `simp [Finset.mem_range] at he''` is a flexible tactic modifying `he''`. Try `simp?` and use the suggested `simp only [...]`. Alternatively, use `suffices` to explicitly state the simplified form.

Note: This linter can be disabled with `set_option linter.flexible false`
info: denote/yoco_goals/Pattern_1.lean:2404:68: `exact he''` uses `he''`!
warning: denote/yoco_goals/Pattern_1.lean:2418:33: `simp [Finset.mem_range] at he'` is a flexible tactic modifying `he'`. Try `simp?` and use the suggested `simp only [...]`. Alternatively, use `suffices` to explicitly state the simplified form.

Note: This linter can be disabled with `set_option linter.flexible false`
info: denote/yoco_goals/Pattern_1.lean:2418:65: `exact he'` uses `he'`!
warning: denote/yoco_goals/Pattern_1.lean:2441:4: `simp [Tensor.mkShape]` is a flexible tactic modifying `⊢`. Try `simp?` and use the suggested `simp only [...]`. Alternatively, use `suffices` to explicitly state the simplified form.

Note: This linter can be disabled with `set_option linter.flexible false`
info: denote/yoco_goals/Pattern_1.lean:2442:4: `rw [ha]` uses `⊢`!
warning: denote/yoco_goals/Pattern_1.lean:2445:4: `simp [Tensor.mkShape]` is a flexible tactic modifying `⊢`. Try `simp?` and use the suggested `simp only [...]`. Alternatively, use `suffices` to explicitly state the simplified form.

Note: This linter can be disabled with `set_option linter.flexible false`
info: denote/yoco_goals/Pattern_1.lean:2446:4: `rw [hb]` uses `⊢`!
warning: denote/yoco_goals/Pattern_1.lean:2453:4: `simp [Tensor.mkShape]` is a flexible tactic modifying `⊢`. Try `simp?` and use the suggested `simp only [...]`. Alternatively, use `suffices` to explicitly state the simplified form.

Note: This linter can be disabled with `set_option linter.flexible false`
info: denote/yoco_goals/Pattern_1.lean:2454:4: `rw [hG_ab]` uses `⊢`!
warning: denote/yoco_goals/Pattern_1.lean:2559:35: `simp [Finset.mem_range] at he''` is a flexible tactic modifying `he''`. Try `simp?` and use the suggested `simp only [...]`. Alternatively, use `suffices` to explicitly state the simplified form.

Note: This linter can be disabled with `set_option linter.flexible false`
info: denote/yoco_goals/Pattern_1.lean:2559:68: `exact he''` uses `he''`!
warning: denote/yoco_goals/Pattern_1.lean:2613:24: This simp argument is unused:
  List.set

Hint: Omit it from the simp argument list.
  simp [Tensor.mkShape, List.s̵e̵t̵,̵ ̵L̵i̵s̵t̵.̵getD, List.drop, List.foldl]

Note: This linter can be disabled with `set_option linter.unusedSimpArgs false`
warning: denote/yoco_goals/Pattern_1.lean:2613:34: This simp argument is unused:
  List.getD

Hint: Omit it from the simp argument list.
  simp [Tensor.mkShape, List.set, List.g̵e̵t̵D̵,̵ ̵L̵i̵s̵t̵.̵drop, List.foldl]

Note: This linter can be disabled with `set_option linter.unusedSimpArgs false`
warning: denote/yoco_goals/Pattern_1.lean:2613:45: This simp argument is unused:
  List.drop

Hint: Omit it from the simp argument list.
  simp [Tensor.mkShape, List.set, List.getD, List.d̵r̵o̵p̵,̵ ̵L̵i̵s̵t̵.̵foldl]

Note: This linter can be disabled with `set_option linter.unusedSimpArgs false`
warning: denote/yoco_goals/Pattern_1.lean:2613:56: This simp argument is unused:
  List.foldl

Hint: Omit it from the simp argument list.
  simp [Tensor.mkShape, List.set, List.getD, List.drop,̵ ̵L̵i̵s̵t̵.̵f̵o̵l̵d̵l̵]

Note: This linter can be disabled with `set_option linter.unusedSimpArgs false`
warning: denote/yoco_goals/Pattern_1.lean:2671:29: This simp argument is unused:
  hE2_ne

Hint: Omit it from the simp argument list.
  simp [hE_ne, hh_ne, hd_ne, hE̵2̵_̵n̵e̵,̵ ̵hh̵d_ne, hEhd_ne, hpre_div, hpre_mod, hjFull_val, hk_val,
  ̵  ̵ ̵ ̵ ̵ ̵ ̵ ̵hr'_val,
  ̲  ̲ ̲ ̲hjLocal_val]

Note: This linter can be disabled with `set_option linter.unusedSimpArgs false`
warning: denote/yoco_goals/Pattern_1.lean:2671:37: This simp argument is unused:
  hhd_ne

Hint: Omit it from the simp argument list.
  simp [hE_ne, hh_ne, hd_ne, hE2_ne, hh̵d̵_̵n̵e̵,̵ ̵h̵Ehd_ne, hpre_div, hpre_mod, hjFull_val, hk_val,
  ̵  ̵ ̵ ̵ ̵ ̵ ̵ ̵hr'_val,
  ̲  ̲ ̲ ̲hjLocal_val]

Note: This linter can be disabled with `set_option linter.unusedSimpArgs false`
warning: denote/yoco_goals/Pattern_1.lean:2671:45: This simp argument is unused:
  hEhd_ne

Hint: Omit it from the simp argument list.
  simp [hE_ne, hh_ne, hd_ne, hE2_ne, hhd_ne, hE̵h̵d̵_̵n̵e̵,̵ ̵h̵pre_div, hpre_mod, hjFull_val, hk_val,
  ̵  ̵ ̵ ̵ ̵ ̵ ̵ ̵hr'_val,
  ̲  ̲ ̲ ̲hjLocal_val]

Note: This linter can be disabled with `set_option linter.unusedSimpArgs false`
warning: denote/yoco_goals/Pattern_1.lean:2613:2: `simp [Tensor.mkShape, List.set, List.getD, List.drop, List.foldl]
  -- The mkShape function computes valAt (Ws.getD r' _) (preIdx * dimStride + jLocal * postStride + k)
  -- shardShape=[E,h,d], gatherDim=0.
  -- dimSize = E, fullDimSize = E*2, postStride = h*d, dimStride = E*h*d, fullDimStride = E*2*h*d` is a flexible tactic modifying `⊢`. Try `simp?` and use the suggested `simp only [...]`. Alternatively, use `suffices` to explicitly state the simplified form.

Note: This linter can be disabled with `set_option linter.flexible false`
info: denote/yoco_goals/Pattern_1.lean:2613:2: Try this:
  [apply] simp only [List.set_cons_zero, List.length_cons, List.length_nil, zero_add, Nat.reduceAdd, Nat.ofNat_pos,
    getElem?_pos, List.getElem_cons_zero, Option.getD_some, one_mul, mul_eq_zero, OfNat.ofNat_ne_zero, or_false]
info: denote/yoco_goals/Pattern_1.lean:2617:2: `set idx := ((r * E + eLocal) * h + hi) * d + di with hidx_def` uses `⊢`!
warning: denote/yoco_goals/Pattern_1.lean:2613:2: `simp [Tensor.mkShape, List.set, List.getD, List.drop, List.foldl]
  -- The mkShape function computes valAt (Ws.getD r' _) (preIdx * dimStride + jLocal * postStride + k)
  -- shardShape=[E,h,d], gatherDim=0.
  -- dimSize = E, fullDimSize = E*2, postStride = h*d, dimStride = E*h*d, fullDimStride = E*2*h*d` is a flexible tactic modifying `⊢`. Try `simp?` and use the suggested `simp only [...]`. Alternatively, use `suffices` to explicitly state the simplified form.

Note: This linter can be disabled with `set_option linter.flexible false`
info: denote/yoco_goals/Pattern_1.lean:2613:2: Try this:
  [apply] simp only [List.set_cons_zero, List.length_cons, List.length_nil, zero_add, Nat.reduceAdd, Nat.ofNat_pos,
    getElem?_pos, List.getElem_cons_zero, Option.getD_some, one_mul, mul_eq_zero, OfNat.ofNat_ne_zero, or_false]
info: denote/yoco_goals/Pattern_1.lean:2621:2: `have hE2_ne : E * 2 ≠ 0 := Nat.mul_ne_zero hE_ne (by omega)` uses `⊢`!
warning: denote/yoco_goals/Pattern_1.lean:2613:2: `simp [Tensor.mkShape, List.set, List.getD, List.drop, List.foldl]
  -- The mkShape function computes valAt (Ws.getD r' _) (preIdx * dimStride + jLocal * postStride + k)
  -- shardShape=[E,h,d], gatherDim=0.
  -- dimSize = E, fullDimSize = E*2, postStride = h*d, dimStride = E*h*d, fullDimStride = E*2*h*d` is a flexible tactic modifying `⊢`. Try `simp?` and use the suggested `simp only [...]`. Alternatively, use `suffices` to explicitly state the simplified form.

Note: This linter can be disabled with `set_option linter.flexible false`
info: denote/yoco_goals/Pattern_1.lean:2613:2: Try this:
  [apply] simp only [List.set_cons_zero, List.length_cons, List.length_nil, zero_add, Nat.reduceAdd, Nat.ofNat_pos,
    getElem?_pos, List.getElem_cons_zero, Option.getD_some, one_mul, mul_eq_zero, OfNat.ofNat_ne_zero, or_false]
info: denote/yoco_goals/Pattern_1.lean:2622:2: `have hhd_ne : h * d ≠ 0 := Nat.mul_ne_zero hh_ne hd_ne` uses `⊢`!
warning: denote/yoco_goals/Pattern_1.lean:2613:2: `simp [Tensor.mkShape, List.set, List.getD, List.drop, List.foldl]
  -- The mkShape function computes valAt (Ws.getD r' _) (preIdx * dimStride + jLocal * postStride + k)
  -- shardShape=[E,h,d], gatherDim=0.
  -- dimSize = E, fullDimSize = E*2, postStride = h*d, dimStride = E*h*d, fullDimStride = E*2*h*d` is a flexible tactic modifying `⊢`. Try `simp?` and use the suggested `simp only [...]`. Alternatively, use `suffices` to explicitly state the simplified form.

Note: This linter can be disabled with `set_option linter.flexible false`
info: denote/yoco_goals/Pattern_1.lean:2613:2: Try this:
  [apply] simp only [List.set_cons_zero, List.length_cons, List.length_nil, zero_add, Nat.reduceAdd, Nat.ofNat_pos,
    getElem?_pos, List.getElem_cons_zero, Option.getD_some, one_mul, mul_eq_zero, OfNat.ofNat_ne_zero, or_false]
info: denote/yoco_goals/Pattern_1.lean:2623:2: `have hEhd_ne : E * 2 * (h * d) ≠ 0 := Nat.mul_ne_zero hE2_ne hhd_ne` uses `⊢`!
warning: denote/yoco_goals/Pattern_1.lean:2613:2: `simp [Tensor.mkShape, List.set, List.getD, List.drop, List.foldl]
  -- The mkShape function computes valAt (Ws.getD r' _) (preIdx * dimStride + jLocal * postStride + k)
  -- shardShape=[E,h,d], gatherDim=0.
  -- dimSize = E, fullDimSize = E*2, postStride = h*d, dimStride = E*h*d, fullDimStride = E*2*h*d` is a flexible tactic modifying `⊢`. Try `simp?` and use the suggested `simp only [...]`. Alternatively, use `suffices` to explicitly state the simplified form.

Note: This linter can be disabled with `set_option linter.flexible false`
info: denote/yoco_goals/Pattern_1.lean:2613:2: Try this:
  [apply] simp only [List.set_cons_zero, List.length_cons, List.length_nil, zero_add, Nat.reduceAdd, Nat.ofNat_pos,
    getElem?_pos, List.getElem_cons_zero, Option.getD_some, one_mul, mul_eq_zero, OfNat.ofNat_ne_zero, or_false]
info: denote/yoco_goals/Pattern_1.lean:2625:2: `have hidx_bound2 : idx < E * 2 * (h * d) := by rw [hidx_def]; simp only [Nat.mul_assoc]; convert hout_bound using 1;
  ring` uses `⊢`!
warning: denote/yoco_goals/Pattern_1.lean:2613:2: `simp [Tensor.mkShape, List.set, List.getD, List.drop, List.foldl]
  -- The mkShape function computes valAt (Ws.getD r' _) (preIdx * dimStride + jLocal * postStride + k)
  -- shardShape=[E,h,d], gatherDim=0.
  -- dimSize = E, fullDimSize = E*2, postStride = h*d, dimStride = E*h*d, fullDimStride = E*2*h*d` is a flexible tactic modifying `⊢`. Try `simp?` and use the suggested `simp only [...]`. Alternatively, use `suffices` to explicitly state the simplified form.

Note: This linter can be disabled with `set_option linter.flexible false`
info: denote/yoco_goals/Pattern_1.lean:2613:2: Try this:
  [apply] simp only [List.set_cons_zero, List.length_cons, List.length_nil, zero_add, Nat.reduceAdd, Nat.ofNat_pos,
    getElem?_pos, List.getElem_cons_zero, Option.getD_some, one_mul, mul_eq_zero, OfNat.ofNat_ne_zero, or_false]
info: denote/yoco_goals/Pattern_1.lean:2627:2: `have hpre_div : idx / (E * 2 * (h * d)) = 0 := Nat.div_eq_of_lt hidx_bound2` uses `⊢`!
warning: denote/yoco_goals/Pattern_1.lean:2613:2: `simp [Tensor.mkShape, List.set, List.getD, List.drop, List.foldl]
  -- The mkShape function computes valAt (Ws.getD r' _) (preIdx * dimStride + jLocal * postStride + k)
  -- shardShape=[E,h,d], gatherDim=0.
  -- dimSize = E, fullDimSize = E*2, postStride = h*d, dimStride = E*h*d, fullDimStride = E*2*h*d` is a flexible tactic modifying `⊢`. Try `simp?` and use the suggested `simp only [...]`. Alternatively, use `suffices` to explicitly state the simplified form.

Note: This linter can be disabled with `set_option linter.flexible false`
info: denote/yoco_goals/Pattern_1.lean:2613:2: Try this:
  [apply] simp only [List.set_cons_zero, List.length_cons, List.length_nil, zero_add, Nat.reduceAdd, Nat.ofNat_pos,
    getElem?_pos, List.getElem_cons_zero, Option.getD_some, one_mul, mul_eq_zero, OfNat.ofNat_ne_zero, or_false]
info: denote/yoco_goals/Pattern_1.lean:2628:2: `have hpre_mod : idx % (E * 2 * (h * d)) = idx := Nat.mod_eq_of_lt hidx_bound2` uses `⊢`!
warning: denote/yoco_goals/Pattern_1.lean:2613:2: `simp [Tensor.mkShape, List.set, List.getD, List.drop, List.foldl]
  -- The mkShape function computes valAt (Ws.getD r' _) (preIdx * dimStride + jLocal * postStride + k)
  -- shardShape=[E,h,d], gatherDim=0.
  -- dimSize = E, fullDimSize = E*2, postStride = h*d, dimStride = E*h*d, fullDimStride = E*2*h*d` is a flexible tactic modifying `⊢`. Try `simp?` and use the suggested `simp only [...]`. Alternatively, use `suffices` to explicitly state the simplified form.

Note: This linter can be disabled with `set_option linter.flexible false`
info: denote/yoco_goals/Pattern_1.lean:2613:2: Try this:
  [apply] simp only [List.set_cons_zero, List.length_cons, List.length_nil, zero_add, Nat.reduceAdd, Nat.ofNat_pos,
    getElem?_pos, List.getElem_cons_zero, Option.getD_some, one_mul, mul_eq_zero, OfNat.ofNat_ne_zero, or_false]
info: denote/yoco_goals/Pattern_1.lean:2630:2: `have hjFull_val : idx / (h * d) = r * E + eLocal := by
  rw [hidx_def]
  have h1 : ((r * E + eLocal) * h + hi) * d + di = ((r * E + eLocal) * h + hi) * d + di := rfl
  have h2 : ((r * E + eLocal) * h + hi) * d + di = (r * E + eLocal) * (h * d) + (hi * d + di) := by ring
  rw [h2]
  have h_small_lt : hi * d + di < h * d := by
    calc
      hi * d + di < hi * d + d := by omega
      _ = (hi + 1) * d := by ring
      _ ≤ h * d := Nat.mul_le_mul_right _ (by omega)
  have h_div : ((r * E + eLocal) * (h * d) + (hi * d + di)) / (h * d) = (hi * d + di) / (h * d) + (r * E + eLocal) := by
    rw [Nat.add_comm, Nat.add_mul_div_right _ _ (by positivity)]
  rw [h_div, Nat.div_eq_of_lt h_small_lt]; ring` uses `⊢`!
warning: denote/yoco_goals/Pattern_1.lean:2613:2: `simp [Tensor.mkShape, List.set, List.getD, List.drop, List.foldl]
  -- The mkShape function computes valAt (Ws.getD r' _) (preIdx * dimStride + jLocal * postStride + k)
  -- shardShape=[E,h,d], gatherDim=0.
  -- dimSize = E, fullDimSize = E*2, postStride = h*d, dimStride = E*h*d, fullDimStride = E*2*h*d` is a flexible tactic modifying `⊢`. Try `simp?` and use the suggested `simp only [...]`. Alternatively, use `suffices` to explicitly state the simplified form.

Note: This linter can be disabled with `set_option linter.flexible false`
info: denote/yoco_goals/Pattern_1.lean:2613:2: Try this:
  [apply] simp only [List.set_cons_zero, List.length_cons, List.length_nil, zero_add, Nat.reduceAdd, Nat.ofNat_pos,
    getElem?_pos, List.getElem_cons_zero, Option.getD_some, one_mul, mul_eq_zero, OfNat.ofNat_ne_zero, or_false]
info: denote/yoco_goals/Pattern_1.lean:2646:2: `have hk_val : idx % (h * d) = hi * d + di := by
  rw [hidx_def]
  have h2 : ((r * E + eLocal) * h + hi) * d + di = (r * E + eLocal) * (h * d) + (hi * d + di) := by ring
  rw [h2]
  have h_small_lt : hi * d + di < h * d := by
    calc
      hi * d + di < hi * d + d := by omega
      _ = (hi + 1) * d := by ring
      _ ≤ h * d := Nat.mul_le_mul_right _ (by omega)
  have h_mod : ((r * E + eLocal) * (h * d) + (hi * d + di)) % (h * d) = (hi * d + di) % (h * d) := by
    rw [Nat.add_comm, Nat.add_mul_mod_self_right]
  rw [h_mod, Nat.mod_eq_of_lt h_small_lt]` uses `⊢`!
warning: denote/yoco_goals/Pattern_1.lean:2613:2: `simp [Tensor.mkShape, List.set, List.getD, List.drop, List.foldl]
  -- The mkShape function computes valAt (Ws.getD r' _) (preIdx * dimStride + jLocal * postStride + k)
  -- shardShape=[E,h,d], gatherDim=0.
  -- dimSize = E, fullDimSize = E*2, postStride = h*d, dimStride = E*h*d, fullDimStride = E*2*h*d` is a flexible tactic modifying `⊢`. Try `simp?` and use the suggested `simp only [...]`. Alternatively, use `suffices` to explicitly state the simplified form.

Note: This linter can be disabled with `set_option linter.flexible false`
info: denote/yoco_goals/Pattern_1.lean:2613:2: Try this:
  [apply] simp only [List.set_cons_zero, List.length_cons, List.length_nil, zero_add, Nat.reduceAdd, Nat.ofNat_pos,
    getElem?_pos, List.getElem_cons_zero, Option.getD_some, one_mul, mul_eq_zero, OfNat.ofNat_ne_zero, or_false]
info: denote/yoco_goals/Pattern_1.lean:2660:2: `have hr'_val : (r * E + eLocal) / E = r :=
  by
  have h1 : (r * E + eLocal) / E = eLocal / E + r := by rw [Nat.add_comm, Nat.add_mul_div_right eLocal r hE]
  rw [h1, Nat.div_eq_of_lt heLocal]; ring` uses `⊢`!
warning: denote/yoco_goals/Pattern_1.lean:2613:2: `simp [Tensor.mkShape, List.set, List.getD, List.drop, List.foldl]
  -- The mkShape function computes valAt (Ws.getD r' _) (preIdx * dimStride + jLocal * postStride + k)
  -- shardShape=[E,h,d], gatherDim=0.
  -- dimSize = E, fullDimSize = E*2, postStride = h*d, dimStride = E*h*d, fullDimStride = E*2*h*d` is a flexible tactic modifying `⊢`. Try `simp?` and use the suggested `simp only [...]`. Alternatively, use `suffices` to explicitly state the simplified form.

Note: This linter can be disabled with `set_option linter.flexible false`
info: denote/yoco_goals/Pattern_1.lean:2613:2: Try this:
  [apply] simp only [List.set_cons_zero, List.length_cons, List.length_nil, zero_add, Nat.reduceAdd, Nat.ofNat_pos,
    getElem?_pos, List.getElem_cons_zero, Option.getD_some, one_mul, mul_eq_zero, OfNat.ofNat_ne_zero, or_false]
info: denote/yoco_goals/Pattern_1.lean:2665:2: `have hjLocal_val : (r * E + eLocal) % E = eLocal :=
  by
  have h1 : (r * E + eLocal) % E = eLocal % E := by rw [Nat.add_comm, Nat.add_mul_mod_self_right]
  rw [h1, Nat.mod_eq_of_lt heLocal]` uses `⊢`!
warning: denote/yoco_goals/Pattern_1.lean:2610:4: The `show` tactic should only be used to indicate intermediate goal states for readability.
However, this tactic invocation changed the goal. Please use `change` instead for these purposes.

Note: This linter can be disabled with `set_option linter.style.show false`
warning: denote/yoco_goals/Pattern_1.lean:2738:35: `simp [Finset.mem_range] at hd` is a flexible tactic modifying `hd`. Try `simp?` and use the suggested `simp only [...]`. Alternatively, use `suffices` to explicitly state the simplified form.

Note: This linter can be disabled with `set_option linter.flexible false`
info: denote/yoco_goals/Pattern_1.lean:2738:66: `exact hd` uses `hd`!
warning: denote/yoco_goals/Pattern_1.lean:2747:36: `simp [Finset.mem_range] at hk` is a flexible tactic modifying `hk`. Try `simp?` and use the suggested `simp only [...]`. Alternatively, use `suffices` to explicitly state the simplified form.

Note: This linter can be disabled with `set_option linter.flexible false`
info: denote/yoco_goals/Pattern_1.lean:2747:67: `exact hk` uses `hk`!
warning: denote/yoco_goals/Pattern_1.lean:2757:36: `simp [Finset.mem_range] at hk` is a flexible tactic modifying `hk`. Try `simp?` and use the suggested `simp only [...]`. Alternatively, use `suffices` to explicitly state the simplified form.

Note: This linter can be disabled with `set_option linter.flexible false`
info: denote/yoco_goals/Pattern_1.lean:2757:67: `exact hk` uses `hk`!
warning: denote/yoco_goals/Pattern_1.lean:2766:5: Variable name `hL` is not explicitly referenced.

The binding can be removed (if unused) or named `_` (if used implicitly).

Note: This linter can be disabled with `set_option linter.unusedVariables false`
warning: denote/yoco_goals/Pattern_1.lean:2766:41: Variable name `hnE` is not explicitly referenced.

The binding can be removed (if unused) or named `_` (if used implicitly).

Note: This linter can be disabled with `set_option linter.unusedVariables false`
warning: denote/yoco_goals/Pattern_1.lean:2766:60: Variable name `hE_total` is not explicitly referenced.

The binding can be removed (if unused) or named `_` (if used implicitly).

Note: This linter can be disabled with `set_option linter.unusedVariables false`
warning: denote/yoco_goals/Pattern_1.lean:2767:5: Variable name `hstart_le_end` is not explicitly referenced.

The binding can be removed (if unused) or named `_` (if used implicitly).

Note: This linter can be disabled with `set_option linter.unusedVariables false`
warning: denote/yoco_goals/Pattern_1.lean:2782:4: `simp [prodShape, List.reverse_cons]` is a flexible tactic modifying `⊢`. Try `simp?` and use the suggested `simp only [...]`. Alternatively, use `suffices` to explicitly state the simplified form.

Note: This linter can be disabled with `set_option linter.flexible false`
info: denote/yoco_goals/Pattern_1.lean:2782:4: Try this:
  [apply] simp only [List.head?_cons, Option.getD_some, List.reverse_cons, List.reverse_nil, List.nil_append,
    List.cons_append]
info: denote/yoco_goals/Pattern_1.lean:2783:4: `calc
  l * hModel + h_col < l * hModel + hModel := by omega
  _ = (l + 1) * hModel := by ring
  _ ≤ L * hModel := Nat.mul_le_mul_right _ (by omega)` uses `⊢`!
warning: denote/yoco_goals/Pattern_1.lean:2868:52: Variable name `ht` is not explicitly referenced.

The binding can be removed (if unused) or named `_` (if used implicitly).

Note: This linter can be disabled with `set_option linter.unusedVariables false`
warning: denote/yoco_goals/Pattern_1.lean:2868:69: Variable name `hd` is not explicitly referenced.

The binding can be removed (if unused) or named `_` (if used implicitly).

Note: This linter can be disabled with `set_option linter.unusedVariables false`
warning: denote/yoco_goals/Pattern_1.lean:2873:51: Variable name `hw13_b` is not explicitly referenced.

The binding can be removed (if unused) or named `_` (if used implicitly).

Note: This linter can be disabled with `set_option linter.unusedVariables false`
warning: denote/yoco_goals/Pattern_1.lean:2874:5: Variable name `hw2_a` is not explicitly referenced.

The binding can be removed (if unused) or named `_` (if used implicitly).

Note: This linter can be disabled with `set_option linter.unusedVariables false`
warning: denote/yoco_goals/Pattern_1.lean:2874:49: Variable name `hw2_b` is not explicitly referenced.

The binding can be removed (if unused) or named `_` (if used implicitly).

Note: This linter can be disabled with `set_option linter.unusedVariables false`
warning: denote/yoco_goals/Pattern_1.lean:3015:41: `simp [Finset.mem_range] at hx` is a flexible tactic modifying `hx`. Try `simp?` and use the suggested `simp only [...]`. Alternatively, use `suffices` to explicitly state the simplified form.

Note: This linter can be disabled with `set_option linter.flexible false`
info: denote/yoco_goals/Pattern_1.lean:3015:72: `exact hx` uses `hx`!
warning: denote/yoco_goals/Pattern_1.lean:3062:41: `simp [Finset.mem_range] at hx` is a flexible tactic modifying `hx`. Try `simp?` and use the suggested `simp only [...]`. Alternatively, use `suffices` to explicitly state the simplified form.

Note: This linter can be disabled with `set_option linter.flexible false`
info: denote/yoco_goals/Pattern_1.lean:3062:72: `exact hx` uses `hx`!
warning: denote/yoco_goals/Pattern_1.lean:2921:4: The `show` tactic should only be used to indicate intermediate goal states for readability.
However, this tactic invocation changed the goal. Please use `change` instead for these purposes.

Note: This linter can be disabled with `set_option linter.style.show false`
warning: denote/yoco_goals/Pattern_1.lean:2926:4: The `show` tactic should only be used to indicate intermediate goal states for readability.
However, this tactic invocation changed the goal. Please use `change` instead for these purposes.

Note: This linter can be disabled with `set_option linter.style.show false`
warning: denote/yoco_goals/Pattern_1.lean:2942:4: The `show` tactic should only be used to indicate intermediate goal states for readability.
However, this tactic invocation changed the goal. Please use `change` instead for these purposes.

Note: This linter can be disabled with `set_option linter.style.show false`
warning: denote/yoco_goals/Pattern_1.lean:3329:19: This simp argument is unused:
  show ∀ (t₁ t₂ : Tensor) (d : Tensor), ([t₁, t₂] : List Tensor).getD 1 d = t₂ from fun _ _ _ => rfl

Hint: Omit it from the simp argument list.
  simp only [Nat.zero_mul, Nat.zero_add,
            show ∀ (t₁ t₂ : Tensor) (d : Tensor), ([t₁, t₂] : List Tensor).getD 0 d = t₁ from
  ̲  ̲ ̲ ̲ ̲ ̲ ̲ ̲ ̲ ̲ ̲ ̲ ̲ ̲fun _ _ _ => r̵f̵l̵,̵
  ̵ ̵ ̵ ̵ ̵ ̵ ̵ ̵ ̵ ̵ ̵ ̵ ̵ ̵ ̵ ̵ ̵ ̵ ̵ ̵s̵h̵o̵w̵ ̵∀̵ ̵(̵t̵₁̵ ̵t̵₂̵ ̵:̵ ̵T̵e̵n̵s̵o̵r̵)̵ ̵(̵d̵ ̵:̵ ̵T̵e̵n̵s̵o̵r̵)̵,̵ ̵(̵[̵t̵₁̵,̵ ̵t̵₂̵]̵ ̵:̵ ̵L̵i̵s̵t̵ ̵T̵e̵n̵s̵o̵r̵)̵.̵g̵e̵t̵D̵ ̵1̵ ̵d̵ ̵=̵ ̵t̵₂̵ ̵f̵r̵o̵m̵ ̵f̵u̵n̵ ̵_̵ ̵_̵ ̵_̵ ̵=̵>̵ ̵rfl] at this

Note: This linter can be disabled with `set_option linter.unusedSimpArgs false`
warning: denote/yoco_goals/Pattern_1.lean:3343:19: This simp argument is unused:
  show ∀ (t₁ t₂ : Tensor) (d : Tensor), ([t₁, t₂] : List Tensor).getD 1 d = t₂ from fun _ _ _ => rfl

Hint: Omit it from the simp argument list.
  simp only [Nat.zero_mul, Nat.zero_add,
            show ∀ (t₁ t₂ : Tensor) (d : Tensor), ([t₁, t₂] : List Tensor).getD 0 d = t₁ from
  ̲  ̲ ̲ ̲ ̲ ̲ ̲ ̲ ̲ ̲ ̲ ̲ ̲ ̲fun _ _ _ => r̵f̵l̵,̵
  ̵ ̵ ̵ ̵ ̵ ̵ ̵ ̵ ̵ ̵ ̵ ̵ ̵ ̵ ̵ ̵ ̵ ̵ ̵ ̵s̵h̵o̵w̵ ̵∀̵ ̵(̵t̵₁̵ ̵t̵₂̵ ̵:̵ ̵T̵e̵n̵s̵o̵r̵)̵ ̵(̵d̵ ̵:̵ ̵T̵e̵n̵s̵o̵r̵)̵,̵ ̵(̵[̵t̵₁̵,̵ ̵t̵₂̵]̵ ̵:̵ ̵L̵i̵s̵t̵ ̵T̵e̵n̵s̵o̵r̵)̵.̵g̵e̵t̵D̵ ̵1̵ ̵d̵ ̵=̵ ̵t̵₂̵ ̵f̵r̵o̵m̵ ̵f̵u̵n̵ ̵_̵ ̵_̵ ̵_̵ ̵=̵>̵ ̵rfl] at this

Note: This linter can be disabled with `set_option linter.unusedSimpArgs false`
warning: denote/yoco_goals/Pattern_1.lean:3357:19: This simp argument is unused:
  show ∀ (t₁ t₂ : Tensor) (d : Tensor), ([t₁, t₂] : List Tensor).getD 1 d = t₂ from fun _ _ _ => rfl

Hint: Omit it from the simp argument list.
  simp only [Nat.zero_mul, Nat.zero_add,
            show ∀ (t₁ t₂ : Tensor) (d : Tensor), ([t₁, t₂] : List Tensor).getD 0 d = t₁ from
  ̲  ̲ ̲ ̲ ̲ ̲ ̲ ̲ ̲ ̲ ̲ ̲ ̲ ̲fun _ _ _ => r̵f̵l̵,̵
  ̵ ̵ ̵ ̵ ̵ ̵ ̵ ̵ ̵ ̵ ̵ ̵ ̵ ̵ ̵ ̵ ̵ ̵ ̵ ̵s̵h̵o̵w̵ ̵∀̵ ̵(̵t̵₁̵ ̵t̵₂̵ ̵:̵ ̵T̵e̵n̵s̵o̵r̵)̵ ̵(̵d̵ ̵:̵ ̵T̵e̵n̵s̵o̵r̵)̵,̵ ̵(̵[̵t̵₁̵,̵ ̵t̵₂̵]̵ ̵:̵ ̵L̵i̵s̵t̵ ̵T̵e̵n̵s̵o̵r̵)̵.̵g̵e̵t̵D̵ ̵1̵ ̵d̵ ̵=̵ ̵t̵₂̵ ̵f̵r̵o̵m̵ ̵f̵u̵n̵ ̵_̵ ̵_̵ ̵_̵ ̵=̵>̵ ̵rfl] at this

Note: This linter can be disabled with `set_option linter.unusedSimpArgs false`
warning: denote/yoco_goals/Pattern_1.lean:3372:19: This simp argument is unused:
  show ∀ (t₁ t₂ : Tensor) (d : Tensor), ([t₁, t₂] : List Tensor).getD 1 d = t₂ from fun _ _ _ => rfl

Hint: Omit it from the simp argument list.
  simp only [Nat.zero_mul, Nat.zero_add,
            show ∀ (t₁ t₂ : Tensor) (d : Tensor), ([t₁, t₂] : List Tensor).getD 0 d = t₁ from
  ̲  ̲ ̲ ̲ ̲ ̲ ̲ ̲ ̲ ̲ ̲ ̲ ̲ ̲fun _ _ _ => r̵f̵l̵,̵
  ̵ ̵ ̵ ̵ ̵ ̵ ̵ ̵ ̵ ̵ ̵ ̵ ̵ ̵ ̵ ̵ ̵ ̵ ̵ ̵s̵h̵o̵w̵ ̵∀̵ ̵(̵t̵₁̵ ̵t̵₂̵ ̵:̵ ̵T̵e̵n̵s̵o̵r̵)̵ ̵(̵d̵ ̵:̵ ̵T̵e̵n̵s̵o̵r̵)̵,̵ ̵(̵[̵t̵₁̵,̵ ̵t̵₂̵]̵ ̵:̵ ̵L̵i̵s̵t̵ ̵T̵e̵n̵s̵o̵r̵)̵.̵g̵e̵t̵D̵ ̵1̵ ̵d̵ ̵=̵ ̵t̵₂̵ ̵f̵r̵o̵m̵ ̵f̵u̵n̵ ̵_̵ ̵_̵ ̵_̵ ̵=̵>̵ ̵rfl] at this

Note: This linter can be disabled with `set_option linter.unusedSimpArgs false`
warning: denote/yoco_goals/Pattern_1.lean:3387:19: This simp argument is unused:
  show ∀ (t₁ t₂ : Tensor) (d : Tensor), ([t₁, t₂] : List Tensor).getD 1 d = t₂ from fun _ _ _ => rfl

Hint: Omit it from the simp argument list.
  simp only [Nat.zero_mul, Nat.zero_add,
            show ∀ (t₁ t₂ : Tensor) (d : Tensor), ([t₁, t₂] : List Tensor).getD 0 d = t₁ from
  ̲  ̲ ̲ ̲ ̲ ̲ ̲ ̲ ̲ ̲ ̲ ̲ ̲ ̲fun _ _ _ => r̵f̵l̵,̵
  ̵ ̵ ̵ ̵ ̵ ̵ ̵ ̵ ̵ ̵ ̵ ̵ ̵ ̵ ̵ ̵ ̵ ̵ ̵ ̵s̵h̵o̵w̵ ̵∀̵ ̵(̵t̵₁̵ ̵t̵₂̵ ̵:̵ ̵T̵e̵n̵s̵o̵r̵)̵ ̵(̵d̵ ̵:̵ ̵T̵e̵n̵s̵o̵r̵)̵,̵ ̵(̵[̵t̵₁̵,̵ ̵t̵₂̵]̵ ̵:̵ ̵L̵i̵s̵t̵ ̵T̵e̵n̵s̵o̵r̵)̵.̵g̵e̵t̵D̵ ̵1̵ ̵d̵ ̵=̵ ̵t̵₂̵ ̵f̵r̵o̵m̵ ̵f̵u̵n̵ ̵_̵ ̵_̵ ̵_̵ ̵=̵>̵ ̵rfl] at this

Note: This linter can be disabled with `set_option linter.unusedSimpArgs false`
warning: denote/yoco_goals/Pattern_1.lean:3401:19: This simp argument is unused:
  show ∀ (t₁ t₂ : Tensor) (d : Tensor), ([t₁, t₂] : List Tensor).getD 1 d = t₂ from fun _ _ _ => rfl

Hint: Omit it from the simp argument list.
  simp only [Nat.zero_mul, Nat.zero_add,
            show ∀ (t₁ t₂ : Tensor) (d : Tensor), ([t₁, t₂] : List Tensor).getD 0 d = t₁ from
  ̲  ̲ ̲ ̲ ̲ ̲ ̲ ̲ ̲ ̲ ̲ ̲ ̲ ̲fun _ _ _ => r̵f̵l̵,̵
  ̵ ̵ ̵ ̵ ̵ ̵ ̵ ̵ ̵ ̵ ̵ ̵ ̵ ̵ ̵ ̵ ̵ ̵ ̵ ̵s̵h̵o̵w̵ ̵∀̵ ̵(̵t̵₁̵ ̵t̵₂̵ ̵:̵ ̵T̵e̵n̵s̵o̵r̵)̵ ̵(̵d̵ ̵:̵ ̵T̵e̵n̵s̵o̵r̵)̵,̵ ̵(̵[̵t̵₁̵,̵ ̵t̵₂̵]̵ ̵:̵ ̵L̵i̵s̵t̵ ̵T̵e̵n̵s̵o̵r̵)̵.̵g̵e̵t̵D̵ ̵1̵ ̵d̵ ̵=̵ ̵t̵₂̵ ̵f̵r̵o̵m̵ ̵f̵u̵n̵ ̵_̵ ̵_̵ ̵_̵ ̵=̵>̵ ̵rfl] at this

Note: This linter can be disabled with `set_option linter.unusedSimpArgs false`
warning: denote/yoco_goals/Pattern_1.lean:3520:21: This simp argument is unused:
  show ∀ (t₁ t₂ : Tensor) (d : Tensor), ([t₁, t₂] : List Tensor).getD 0 d = t₁ from fun _ _ _ => rfl

Hint: Omit it from the simp argument list.
  simp only [show ∀ (t₁ t₂ : Tensor) (d : Tensor), ([t₁, t₂] : List Tensor).getD 0̵ ̵d̵ ̵=̵ ̵t̵₁̵ ̵f̵r̵o̵m̵ ̵f̵u̵n̵ ̵_̵ ̵_̵ ̵_̵ ̵=̵>̵ ̵r̵f̵l̵,̵
  ̵ ̵ ̵ ̵ ̵ ̵ ̵ ̵ ̵ ̵ ̵ ̵ ̵ ̵ ̵ ̵ ̵ ̵ ̵ ̵s̵h̵o̵w̵ ̵∀̵ ̵(̵t̵₁̵ ̵t̵₂̵ ̵:̵ ̵T̵e̵n̵s̵o̵r̵)̵ ̵(̵d̵ ̵:̵ ̵T̵e̵n̵s̵o̵r̵)̵,̵ ̵(̵[̵t̵₁̵,̵ ̵t̵₂̵]̵ ̵:̵ ̵L̵i̵s̵t̵ ̵T̵e̵n̵s̵o̵r̵)̵.̵g̵e̵t̵D̵ ̵1 d = t₂
  ̲  ̲ ̲ ̲ ̲ ̲ ̲ ̲ ̲ ̲ ̲ ̲ ̲ ̲ ̲ ̲from fun _ _ _ => rfl] at this

Note: This linter can be disabled with `set_option linter.unusedSimpArgs false`
warning: denote/yoco_goals/Pattern_1.lean:3284:39: `simp [Finset.mem_range] at hx` is a flexible tactic modifying `hx`. Try `simp?` and use the suggested `simp only [...]`. Alternatively, use `suffices` to explicitly state the simplified form.

Note: This linter can be disabled with `set_option linter.flexible false`
info: denote/yoco_goals/Pattern_1.lean:3284:70: `exact hx` uses `hx`!
warning: denote/yoco_goals/Pattern_1.lean:3317:37: `simp [Finset.mem_range] at hx` is a flexible tactic modifying `hx`. Try `simp?` and use the suggested `simp only [...]`. Alternatively, use `suffices` to explicitly state the simplified form.

Note: This linter can be disabled with `set_option linter.flexible false`
info: denote/yoco_goals/Pattern_1.lean:3317:68: `exact hx` uses `hx`!
warning: denote/yoco_goals/Pattern_1.lean:3434:39: `simp [Finset.mem_range] at hx` is a flexible tactic modifying `hx`. Try `simp?` and use the suggested `simp only [...]`. Alternatively, use `suffices` to explicitly state the simplified form.

Note: This linter can be disabled with `set_option linter.flexible false`
info: denote/yoco_goals/Pattern_1.lean:3434:70: `exact hx` uses `hx`!
warning: denote/yoco_goals/Pattern_1.lean:3458:37: `simp [Finset.mem_range] at hx` is a flexible tactic modifying `hx`. Try `simp?` and use the suggested `simp only [...]`. Alternatively, use `suffices` to explicitly state the simplified form.

Note: This linter can be disabled with `set_option linter.flexible false`
info: denote/yoco_goals/Pattern_1.lean:3458:68: `exact hx` uses `hx`!
warning: denote/yoco_goals/Pattern_1.lean:3500:37: `simp [Finset.mem_range] at hd` is a flexible tactic modifying `hd`. Try `simp?` and use the suggested `simp only [...]`. Alternatively, use `suffices` to explicitly state the simplified form.

Note: This linter can be disabled with `set_option linter.flexible false`
info: denote/yoco_goals/Pattern_1.lean:3500:68: `exact hd` uses `hd`!
warning: denote/yoco_goals/Pattern_1.lean:3551:36: `simp [Finset.mem_range] at hk` is a flexible tactic modifying `hk`. Try `simp?` and use the suggested `simp only [...]`. Alternatively, use `suffices` to explicitly state the simplified form.

Note: This linter can be disabled with `set_option linter.flexible false`
info: denote/yoco_goals/Pattern_1.lean:3551:67: `exact hk` uses `hk`!
warning: denote/yoco_goals/Pattern_1.lean:3561:36: `simp [Finset.mem_range] at hk` is a flexible tactic modifying `hk`. Try `simp?` and use the suggested `simp only [...]`. Alternatively, use `suffices` to explicitly state the simplified form.

Note: This linter can be disabled with `set_option linter.flexible false`
info: denote/yoco_goals/Pattern_1.lean:3561:67: `exact hk` uses `hk`!
warning: denote/yoco_goals/Pattern_1.lean:3168:4: The `show` tactic should only be used to indicate intermediate goal states for readability.
However, this tactic invocation changed the goal. Please use `change` instead for these purposes.

Note: This linter can be disabled with `set_option linter.style.show false`
warning: denote/yoco_goals/Pattern_1.lean:3173:4: The `show` tactic should only be used to indicate intermediate goal states for readability.
However, this tactic invocation changed the goal. Please use `change` instead for these purposes.

Note: This linter can be disabled with `set_option linter.style.show false`
warning: denote/yoco_goals/Pattern_1.lean:3195:4: The `show` tactic should only be used to indicate intermediate goal states for readability.
However, this tactic invocation changed the goal. Please use `change` instead for these purposes.

Note: This linter can be disabled with `set_option linter.style.show false`
warning: denote/yoco_goals/Pattern_1.lean:3611:5: Variable name `hshapes` is not explicitly referenced.

The binding can be removed (if unused) or named `_` (if used implicitly).

Note: This linter can be disabled with `set_option linter.unusedVariables false`
warning: denote/yoco_goals/Pattern_1.lean:3629:24: This simp argument is unused:
  List.set

Hint: Omit it from the simp argument list.
  simp [Tensor.mkShape, List.s̵e̵t̵,̵ ̵L̵i̵s̵t̵.̵getD]

Note: This linter can be disabled with `set_option linter.unusedSimpArgs false`
warning: denote/yoco_goals/Pattern_1.lean:3629:34: This simp argument is unused:
  List.getD

Hint: Omit it from the simp argument list.
  simp [Tensor.mkShape, List.set,̵ ̵L̵i̵s̵t̵.̵g̵e̵t̵D̵]

Note: This linter can be disabled with `set_option linter.unusedSimpArgs false`
warning: denote/yoco_goals/Pattern_1.lean:3654:20: This simp argument is unused:
  hLshard2_ne

Hint: Omit it from the simp argument list.
  simp [hLshard_ne, hL̵s̵h̵a̵r̵d̵2̵_̵n̵e̵,̵ ̵h̵idx_div_full, hidx_mod_full, hjFull_div, hjFull_mod, hmod1]

Note: This linter can be disabled with `set_option linter.unusedSimpArgs false`
warning: denote/yoco_goals/Pattern_1.lean:3627:4: `simp [prodShape, List.set, List.getD]` is a flexible tactic modifying `⊢`. Try `simp?` and use the suggested `simp only [...]`. Alternatively, use `suffices` to explicitly state the simplified form.

Note: This linter can be disabled with `set_option linter.flexible false`
info: denote/yoco_goals/Pattern_1.lean:3627:4: Try this:
  [apply] simp only [List.getD_eq_getElem?_getD, List.length_cons, List.length_nil, zero_add, Order.lt_one_iff,
    getElem?_pos, List.getElem_cons_zero, Option.getD_some, List.set_cons_zero]
info: denote/yoco_goals/Pattern_1.lean:3628:4: `exact hbound` uses `⊢`!
warning: denote/yoco_goals/Pattern_1.lean:3629:2: `simp [Tensor.mkShape, List.set, List.getD]
  -- The mkShape function computes valAt (Ws.getD r' _) (preIdx * dimStride + jLocal * postStride + k)
  -- After all simplifications with dimSize=Lshard, postStride=1, dimStride=Lshard, fullDimStride=Lshard*2:
  -- preIdx = idx / (Lshard*2) = 0 (since idx < Lshard*2)
  -- remainder = idx % (Lshard*2) = idx
  -- jFull = remainder / 1 = idx
  -- k = remainder % 1 = 0
  -- r' = jFull / Lshard = r (given hi)
  -- jLocal = jFull % Lshard = i (given hi)
  -- Reads Ws[r] at (0 * Lshard + i * 1 + 0) = i.` is a flexible tactic modifying `⊢`. Try `simp?` and use the suggested `simp only [...]`. Alternatively, use `suffices` to explicitly state the simplified form.

Note: This linter can be disabled with `set_option linter.flexible false`
info: denote/yoco_goals/Pattern_1.lean:3629:2: Try this:
  [apply] simp only [List.set_cons_zero, List.length_cons, List.length_nil, zero_add, Order.lt_one_iff, getElem?_pos,
    List.getElem_cons_zero, Option.getD_some, one_ne_zero, ↓dreduceIte, mul_one, mul_eq_zero, OfNat.ofNat_ne_zero,
    or_false]
info: denote/yoco_goals/Pattern_1.lean:3640:2: `have hLshard2_ne : Lshard * 2 ≠ 0 := Nat.mul_ne_zero hLshard_ne (by omega)` uses `⊢`!
warning: denote/yoco_goals/Pattern_1.lean:3629:2: `simp [Tensor.mkShape, List.set, List.getD]
  -- The mkShape function computes valAt (Ws.getD r' _) (preIdx * dimStride + jLocal * postStride + k)
  -- After all simplifications with dimSize=Lshard, postStride=1, dimStride=Lshard, fullDimStride=Lshard*2:
  -- preIdx = idx / (Lshard*2) = 0 (since idx < Lshard*2)
  -- remainder = idx % (Lshard*2) = idx
  -- jFull = remainder / 1 = idx
  -- k = remainder % 1 = 0
  -- r' = jFull / Lshard = r (given hi)
  -- jLocal = jFull % Lshard = i (given hi)
  -- Reads Ws[r] at (0 * Lshard + i * 1 + 0) = i.` is a flexible tactic modifying `⊢`. Try `simp?` and use the suggested `simp only [...]`. Alternatively, use `suffices` to explicitly state the simplified form.

Note: This linter can be disabled with `set_option linter.flexible false`
info: denote/yoco_goals/Pattern_1.lean:3629:2: Try this:
  [apply] simp only [List.set_cons_zero, List.length_cons, List.length_nil, zero_add, Order.lt_one_iff, getElem?_pos,
    List.getElem_cons_zero, Option.getD_some, one_ne_zero, ↓dreduceIte, mul_one, mul_eq_zero, OfNat.ofNat_ne_zero,
    or_false]
info: denote/yoco_goals/Pattern_1.lean:3641:2: `have hidx_div_full : (r * Lshard + i) / (Lshard * 2) = 0 := by apply Nat.div_eq_of_lt; exact hbound` uses `⊢`!
warning: denote/yoco_goals/Pattern_1.lean:3629:2: `simp [Tensor.mkShape, List.set, List.getD]
  -- The mkShape function computes valAt (Ws.getD r' _) (preIdx * dimStride + jLocal * postStride + k)
  -- After all simplifications with dimSize=Lshard, postStride=1, dimStride=Lshard, fullDimStride=Lshard*2:
  -- preIdx = idx / (Lshard*2) = 0 (since idx < Lshard*2)
  -- remainder = idx % (Lshard*2) = idx
  -- jFull = remainder / 1 = idx
  -- k = remainder % 1 = 0
  -- r' = jFull / Lshard = r (given hi)
  -- jLocal = jFull % Lshard = i (given hi)
  -- Reads Ws[r] at (0 * Lshard + i * 1 + 0) = i.` is a flexible tactic modifying `⊢`. Try `simp?` and use the suggested `simp only [...]`. Alternatively, use `suffices` to explicitly state the simplified form.

Note: This linter can be disabled with `set_option linter.flexible false`
info: denote/yoco_goals/Pattern_1.lean:3629:2: Try this:
  [apply] simp only [List.set_cons_zero, List.length_cons, List.length_nil, zero_add, Order.lt_one_iff, getElem?_pos,
    List.getElem_cons_zero, Option.getD_some, one_ne_zero, ↓dreduceIte, mul_one, mul_eq_zero, OfNat.ofNat_ne_zero,
    or_false]
info: denote/yoco_goals/Pattern_1.lean:3643:2: `have hidx_mod_full : (r * Lshard + i) % (Lshard * 2) = r * Lshard + i := by apply Nat.mod_eq_of_lt;
  exact hbound` uses `⊢`!
warning: denote/yoco_goals/Pattern_1.lean:3629:2: `simp [Tensor.mkShape, List.set, List.getD]
  -- The mkShape function computes valAt (Ws.getD r' _) (preIdx * dimStride + jLocal * postStride + k)
  -- After all simplifications with dimSize=Lshard, postStride=1, dimStride=Lshard, fullDimStride=Lshard*2:
  -- preIdx = idx / (Lshard*2) = 0 (since idx < Lshard*2)
  -- remainder = idx % (Lshard*2) = idx
  -- jFull = remainder / 1 = idx
  -- k = remainder % 1 = 0
  -- r' = jFull / Lshard = r (given hi)
  -- jLocal = jFull % Lshard = i (given hi)
  -- Reads Ws[r] at (0 * Lshard + i * 1 + 0) = i.` is a flexible tactic modifying `⊢`. Try `simp?` and use the suggested `simp only [...]`. Alternatively, use `suffices` to explicitly state the simplified form.

Note: This linter can be disabled with `set_option linter.flexible false`
info: denote/yoco_goals/Pattern_1.lean:3629:2: Try this:
  [apply] simp only [List.set_cons_zero, List.length_cons, List.length_nil, zero_add, Order.lt_one_iff, getElem?_pos,
    List.getElem_cons_zero, Option.getD_some, one_ne_zero, ↓dreduceIte, mul_one, mul_eq_zero, OfNat.ofNat_ne_zero,
    or_false]
info: denote/yoco_goals/Pattern_1.lean:3645:2: `have hjFull_div : (r * Lshard + i) / Lshard = r :=
  by
  have h1 : (r * Lshard + i) / Lshard = i / Lshard + r := by rw [Nat.add_comm, Nat.add_mul_div_right i r hLshard]
  rw [h1, Nat.div_eq_of_lt hi]; ring` uses `⊢`!
warning: denote/yoco_goals/Pattern_1.lean:3629:2: `simp [Tensor.mkShape, List.set, List.getD]
  -- The mkShape function computes valAt (Ws.getD r' _) (preIdx * dimStride + jLocal * postStride + k)
  -- After all simplifications with dimSize=Lshard, postStride=1, dimStride=Lshard, fullDimStride=Lshard*2:
  -- preIdx = idx / (Lshard*2) = 0 (since idx < Lshard*2)
  -- remainder = idx % (Lshard*2) = idx
  -- jFull = remainder / 1 = idx
  -- k = remainder % 1 = 0
  -- r' = jFull / Lshard = r (given hi)
  -- jLocal = jFull % Lshard = i (given hi)
  -- Reads Ws[r] at (0 * Lshard + i * 1 + 0) = i.` is a flexible tactic modifying `⊢`. Try `simp?` and use the suggested `simp only [...]`. Alternatively, use `suffices` to explicitly state the simplified form.

Note: This linter can be disabled with `set_option linter.flexible false`
info: denote/yoco_goals/Pattern_1.lean:3629:2: Try this:
  [apply] simp only [List.set_cons_zero, List.length_cons, List.length_nil, zero_add, Order.lt_one_iff, getElem?_pos,
    List.getElem_cons_zero, Option.getD_some, one_ne_zero, ↓dreduceIte, mul_one, mul_eq_zero, OfNat.ofNat_ne_zero,
    or_false]
info: denote/yoco_goals/Pattern_1.lean:3649:2: `have hjFull_mod : (r * Lshard + i) % Lshard = i :=
  by
  have h1 : (r * Lshard + i) % Lshard = i % Lshard := by rw [Nat.add_comm, Nat.add_mul_mod_self_right]
  rw [h1, Nat.mod_eq_of_lt hi]` uses `⊢`!
warning: denote/yoco_goals/Pattern_1.lean:3629:2: `simp [Tensor.mkShape, List.set, List.getD]
  -- The mkShape function computes valAt (Ws.getD r' _) (preIdx * dimStride + jLocal * postStride + k)
  -- After all simplifications with dimSize=Lshard, postStride=1, dimStride=Lshard, fullDimStride=Lshard*2:
  -- preIdx = idx / (Lshard*2) = 0 (since idx < Lshard*2)
  -- remainder = idx % (Lshard*2) = idx
  -- jFull = remainder / 1 = idx
  -- k = remainder % 1 = 0
  -- r' = jFull / Lshard = r (given hi)
  -- jLocal = jFull % Lshard = i (given hi)
  -- Reads Ws[r] at (0 * Lshard + i * 1 + 0) = i.` is a flexible tactic modifying `⊢`. Try `simp?` and use the suggested `simp only [...]`. Alternatively, use `suffices` to explicitly state the simplified form.

Note: This linter can be disabled with `set_option linter.flexible false`
info: denote/yoco_goals/Pattern_1.lean:3629:2: Try this:
  [apply] simp only [List.set_cons_zero, List.length_cons, List.length_nil, zero_add, Order.lt_one_iff, getElem?_pos,
    List.getElem_cons_zero, Option.getD_some, one_ne_zero, ↓dreduceIte, mul_one, mul_eq_zero, OfNat.ofNat_ne_zero,
    or_false]
info: denote/yoco_goals/Pattern_1.lean:3653:2: `have hmod1 : (r * Lshard + i) % 1 = 0 := Nat.mod_one _` uses `⊢`!
warning: denote/yoco_goals/Pattern_1.lean:3626:4: The `show` tactic should only be used to indicate intermediate goal states for readability.
However, this tactic invocation changed the goal. Please use `change` instead for these purposes.

Note: This linter can be disabled with `set_option linter.style.show false`
warning: denote/yoco_goals/Pattern_1.lean:3673:24: This simp argument is unused:
  List.set

Hint: Omit it from the simp argument list.
  simp [Tensor.mkShape, L̵i̵s̵t̵.̵s̵e̵t̵,̵ ̵hLshard2_div, hrmod]

Note: This linter can be disabled with `set_option linter.unusedSimpArgs false`
warning: denote/yoco_goals/Pattern_1.lean:3671:4: `simp [prodShape, List.set, hLshard2_div]` is a flexible tactic modifying `⊢`. Try `simp?` and use the suggested `simp only [...]`. Alternatively, use `suffices` to explicitly state the simplified form.

Note: This linter can be disabled with `set_option linter.flexible false`
info: denote/yoco_goals/Pattern_1.lean:3671:4: Try this:
  [apply] simp only [ne_eq, OfNat.ofNat_ne_zero, not_false_eq_true, mul_div_cancel_right₀, List.set_cons_zero]
info: denote/yoco_goals/Pattern_1.lean:3672:4: `exact hi` uses `⊢`!
warning: denote/yoco_goals/Pattern_1.lean:3670:4: The `show` tactic should only be used to indicate intermediate goal states for readability.
However, this tactic invocation changed the goal. Please use `change` instead for these purposes.

Note: This linter can be disabled with `set_option linter.style.show false`
warning: denote/yoco_goals/Pattern_1.lean:3710:4: `simp [Tensor.mkShape]` is a flexible tactic modifying `⊢`. Try `simp?` and use the suggested `simp only [...]`. Alternatively, use `suffices` to explicitly state the simplified form.

Note: This linter can be disabled with `set_option linter.flexible false`
info: denote/yoco_goals/Pattern_1.lean:3711:4: `rw [hxa]` uses `⊢`!
warning: denote/yoco_goals/Pattern_1.lean:3714:4: `simp [Tensor.mkShape]` is a flexible tactic modifying `⊢`. Try `simp?` and use the suggested `simp only [...]`. Alternatively, use `suffices` to explicitly state the simplified form.

Note: This linter can be disabled with `set_option linter.flexible false`
info: denote/yoco_goals/Pattern_1.lean:3715:4: `rw [hxb]` uses `⊢`!
warning: denote/yoco_goals/Pattern_1.lean:3742:4: `simp [Tensor.mkShape]` is a flexible tactic modifying `⊢`. Try `simp?` and use the suggested `simp only [...]`. Alternatively, use `suffices` to explicitly state the simplified form.

Note: This linter can be disabled with `set_option linter.flexible false`
info: denote/yoco_goals/Pattern_1.lean:3743:4: `rw [hG_x]` uses `⊢`!
warning: denote/yoco_goals/Pattern_1.lean:3851:35: `simp [Finset.mem_range] at hj` is a flexible tactic modifying `hj`. Try `simp?` and use the suggested `simp only [...]`. Alternatively, use `suffices` to explicitly state the simplified form.

Note: This linter can be disabled with `set_option linter.flexible false`
info: denote/yoco_goals/Pattern_1.lean:3851:66: `exact hj` uses `hj`!
warning: denote/yoco_goals/Pattern_1.lean:3933:4: The `show` tactic should only be used to indicate intermediate goal states for readability.
However, this tactic invocation changed the goal. Please use `change` instead for these purposes.

Note: This linter can be disabled with `set_option linter.style.show false`
warning: denote/yoco_goals/Pattern_1.lean:3951:4: The `show` tactic should only be used to indicate intermediate goal states for readability.
However, this tactic invocation changed the goal. Please use `change` instead for these purposes.

Note: This linter can be disabled with `set_option linter.style.show false`
warning: denote/yoco_goals/Pattern_1.lean:3970:4: The `show` tactic should only be used to indicate intermediate goal states for readability.
However, this tactic invocation changed the goal. Please use `change` instead for these purposes.

Note: This linter can be disabled with `set_option linter.style.show false`
warning: denote/yoco_goals/Pattern_1.lean:4042:4: The `show` tactic should only be used to indicate intermediate goal states for readability.
However, this tactic invocation changed the goal. Please use `change` instead for these purposes.

Note: This linter can be disabled with `set_option linter.style.show false`
warning: denote/yoco_goals/Pattern_1.lean:4059:4: The `show` tactic should only be used to indicate intermediate goal states for readability.
However, this tactic invocation changed the goal. Please use `change` instead for these purposes.

Note: This linter can be disabled with `set_option linter.style.show false`
warning: denote/yoco_goals/Pattern_1.lean:4077:4: The `show` tactic should only be used to indicate intermediate goal states for readability.
However, this tactic invocation changed the goal. Please use `change` instead for these purposes.

Note: This linter can be disabled with `set_option linter.style.show false`
warning: denote/yoco_goals/Pattern_1.lean:4132:4: The `show` tactic should only be used to indicate intermediate goal states for readability.
However, this tactic invocation changed the goal. Please use `change` instead for these purposes.

Note: This linter can be disabled with `set_option linter.style.show false`
warning: denote/yoco_goals/Pattern_1.lean:4149:4: The `show` tactic should only be used to indicate intermediate goal states for readability.
However, this tactic invocation changed the goal. Please use `change` instead for these purposes.

Note: This linter can be disabled with `set_option linter.style.show false`
warning: denote/yoco_goals/Pattern_1.lean:4167:4: The `show` tactic should only be used to indicate intermediate goal states for readability.
However, this tactic invocation changed the goal. Please use `change` instead for these purposes.

Note: This linter can be disabled with `set_option linter.style.show false`
warning: denote/yoco_goals/Pattern_1.lean:4203:4: The `show` tactic should only be used to indicate intermediate goal states for readability.
However, this tactic invocation changed the goal. Please use `change` instead for these purposes.

Note: This linter can be disabled with `set_option linter.style.show false`
warning: denote/yoco_goals/Pattern_1.lean:4251:42: Using `native_decide` is not allowed in mathlib: because it trusts the entire Lean compiler (not just the Lean kernel), it could quite possibly be used to prove false.

Note: This linter can be disabled with `set_option linter.style.nativeDecide false`
warning: denote/yoco_goals/Pattern_1.lean:4253:42: Using `native_decide` is not allowed in mathlib: because it trusts the entire Lean compiler (not just the Lean kernel), it could quite possibly be used to prove false.

Note: This linter can be disabled with `set_option linter.style.nativeDecide false`
warning: denote/yoco_goals/Pattern_1.lean:4255:42: Using `native_decide` is not allowed in mathlib: because it trusts the entire Lean compiler (not just the Lean kernel), it could quite possibly be used to prove false.

Note: This linter can be disabled with `set_option linter.style.nativeDecide false`
warning: denote/yoco_goals/Pattern_1.lean:4257:42: Using `native_decide` is not allowed in mathlib: because it trusts the entire Lean compiler (not just the Lean kernel), it could quite possibly be used to prove false.

Note: This linter can be disabled with `set_option linter.style.nativeDecide false`
warning: denote/yoco_goals/Pattern_1.lean:4259:42: Using `native_decide` is not allowed in mathlib: because it trusts the entire Lean compiler (not just the Lean kernel), it could quite possibly be used to prove false.

Note: This linter can be disabled with `set_option linter.style.nativeDecide false`
warning: denote/yoco_goals/Pattern_1.lean:4261:42: Using `native_decide` is not allowed in mathlib: because it trusts the entire Lean compiler (not just the Lean kernel), it could quite possibly be used to prove false.

Note: This linter can be disabled with `set_option linter.style.nativeDecide false`
warning: denote/yoco_goals/Pattern_1.lean:4263:42: Using `native_decide` is not allowed in mathlib: because it trusts the entire Lean compiler (not just the Lean kernel), it could quite possibly be used to prove false.

Note: This linter can be disabled with `set_option linter.style.nativeDecide false`
warning: denote/yoco_goals/Pattern_1.lean:4265:42: Using `native_decide` is not allowed in mathlib: because it trusts the entire Lean compiler (not just the Lean kernel), it could quite possibly be used to prove false.

Note: This linter can be disabled with `set_option linter.style.nativeDecide false`
warning: denote/yoco_goals/Pattern_1.lean:4267:90: Using `native_decide` is not allowed in mathlib: because it trusts the entire Lean compiler (not just the Lean kernel), it could quite possibly be used to prove false.

Note: This linter can be disabled with `set_option linter.style.nativeDecide false`
warning: denote/yoco_goals/Pattern_1.lean:4268:90: Using `native_decide` is not allowed in mathlib: because it trusts the entire Lean compiler (not just the Lean kernel), it could quite possibly be used to prove false.

Note: This linter can be disabled with `set_option linter.style.nativeDecide false`
warning: denote/yoco_goals/Pattern_1.lean:4269:86: Using `native_decide` is not allowed in mathlib: because it trusts the entire Lean compiler (not just the Lean kernel), it could quite possibly be used to prove false.

Note: This linter can be disabled with `set_option linter.style.nativeDecide false`
warning: denote/yoco_goals/Pattern_1.lean:4270:98: Using `native_decide` is not allowed in mathlib: because it trusts the entire Lean compiler (not just the Lean kernel), it could quite possibly be used to prove false.

Note: This linter can be disabled with `set_option linter.style.nativeDecide false`
warning: denote/yoco_goals/Pattern_1.lean:4271:96: Using `native_decide` is not allowed in mathlib: because it trusts the entire Lean compiler (not just the Lean kernel), it could quite possibly be used to prove false.

Note: This linter can be disabled with `set_option linter.style.nativeDecide false`
warning: denote/yoco_goals/Pattern_1.lean:4273:45: Using `native_decide` is not allowed in mathlib: because it trusts the entire Lean compiler (not just the Lean kernel), it could quite possibly be used to prove false.

Note: This linter can be disabled with `set_option linter.style.nativeDecide false`
warning: denote/yoco_goals/Pattern_1.lean:4276:45: Using `native_decide` is not allowed in mathlib: because it trusts the entire Lean compiler (not just the Lean kernel), it could quite possibly be used to prove false.

Note: This linter can be disabled with `set_option linter.style.nativeDecide false`
warning: denote/yoco_goals/Pattern_1.lean:4279:45: Using `native_decide` is not allowed in mathlib: because it trusts the entire Lean compiler (not just the Lean kernel), it could quite possibly be used to prove false.

Note: This linter can be disabled with `set_option linter.style.nativeDecide false`
warning: denote/yoco_goals/Pattern_1.lean:4282:37: Using `native_decide` is not allowed in mathlib: because it trusts the entire Lean compiler (not just the Lean kernel), it could quite possibly be used to prove false.

Note: This linter can be disabled with `set_option linter.style.nativeDecide false`
warning: denote/yoco_goals/Pattern_1.lean:4285:37: Using `native_decide` is not allowed in mathlib: because it trusts the entire Lean compiler (not just the Lean kernel), it could quite possibly be used to prove false.

Note: This linter can be disabled with `set_option linter.style.nativeDecide false`
warning: denote/yoco_goals/Pattern_1.lean:4299:90: Using `native_decide` is not allowed in mathlib: because it trusts the entire Lean compiler (not just the Lean kernel), it could quite possibly be used to prove false.

Note: This linter can be disabled with `set_option linter.style.nativeDecide false`
warning: denote/yoco_goals/Pattern_1.lean:4300:90: Using `native_decide` is not allowed in mathlib: because it trusts the entire Lean compiler (not just the Lean kernel), it could quite possibly be used to prove false.

Note: This linter can be disabled with `set_option linter.style.nativeDecide false`
warning: denote/yoco_goals/Pattern_1.lean:4301:86: Using `native_decide` is not allowed in mathlib: because it trusts the entire Lean compiler (not just the Lean kernel), it could quite possibly be used to prove false.

Note: This linter can be disabled with `set_option linter.style.nativeDecide false`
warning: denote/yoco_goals/Pattern_1.lean:4302:98: Using `native_decide` is not allowed in mathlib: because it trusts the entire Lean compiler (not just the Lean kernel), it could quite possibly be used to prove false.

Note: This linter can be disabled with `set_option linter.style.nativeDecide false`
warning: denote/yoco_goals/Pattern_1.lean:4303:96: Using `native_decide` is not allowed in mathlib: because it trusts the entire Lean compiler (not just the Lean kernel), it could quite possibly be used to prove false.

Note: This linter can be disabled with `set_option linter.style.nativeDecide false`
warning: denote/yoco_goals/Pattern_1.lean:4497:6: The `show` tactic should only be used to indicate intermediate goal states for readability.
However, this tactic invocation changed the goal. Please use `change` instead for these purposes.

Note: This linter can be disabled with `set_option linter.style.show false`
warning: denote/yoco_goals/Pattern_1.lean:4510:6: The `show` tactic should only be used to indicate intermediate goal states for readability.
However, this tactic invocation changed the goal. Please use `change` instead for these purposes.

Note: This linter can be disabled with `set_option linter.style.show false`
warning: denote/yoco_goals/Pattern_1.lean:4543:6: The `show` tactic should only be used to indicate intermediate goal states for readability.
However, this tactic invocation changed the goal. Please use `change` instead for these purposes.

Note: This linter can be disabled with `set_option linter.style.show false`
warning: denote/yoco_goals/Pattern_1.lean:4556:6: The `show` tactic should only be used to indicate intermediate goal states for readability.
However, this tactic invocation changed the goal. Please use `change` instead for these purposes.

Note: This linter can be disabled with `set_option linter.style.show false`
warning: denote/yoco_goals/Pattern_1.lean:4636:6: The `show` tactic should only be used to indicate intermediate goal states for readability.
However, this tactic invocation changed the goal. Please use `change` instead for these purposes.

Note: This linter can be disabled with `set_option linter.style.show false`
warning: denote/yoco_goals/Pattern_1.lean:4653:6: The `show` tactic should only be used to indicate intermediate goal states for readability.
However, this tactic invocation changed the goal. Please use `change` instead for these purposes.

Note: This linter can be disabled with `set_option linter.style.show false`
warning: denote/yoco_goals/Pattern_1.lean:4671:6: The `show` tactic should only be used to indicate intermediate goal states for readability.
However, this tactic invocation changed the goal. Please use `change` instead for these purposes.

Note: This linter can be disabled with `set_option linter.style.show false`
warning: denote/yoco_goals/Pattern_1.lean:4718:6: The `show` tactic should only be used to indicate intermediate goal states for readability.
However, this tactic invocation changed the goal. Please use `change` instead for these purposes.

Note: This linter can be disabled with `set_option linter.style.show false`
warning: denote/yoco_goals/Pattern_1.lean:4735:6: The `show` tactic should only be used to indicate intermediate goal states for readability.
However, this tactic invocation changed the goal. Please use `change` instead for these purposes.

Note: This linter can be disabled with `set_option linter.style.show false`
warning: denote/yoco_goals/Pattern_1.lean:4753:6: The `show` tactic should only be used to indicate intermediate goal states for readability.
However, this tactic invocation changed the goal. Please use `change` instead for these purposes.

Note: This linter can be disabled with `set_option linter.style.show false`
warning: denote/yoco_goals/Pattern_1.lean:4868:40: '' starts on column 40, but all commands should start at the beginning of the line.

Note: This linter can be disabled with `set_option linter.style.whitespace false`
⚠ [2629/2630] Replayed Challenge
warning: Challenge.lean:8:8: declaration uses `sorry`
Build completed successfully (2630 jobs).
Exporting #[pattern_1_honest_check, propext, Classical.choice, Quot.sound, Lean.ofReduceBool, Lean.trustCompiler, TrainVerify.Denote.GeneratedPatterns.prove_goal_1._native.native_decide.ax_1_2, TrainVerify.Denote.GeneratedPatterns.prove_goal_1._native.native_decide.ax_1_3, TrainVerify.Denote.GeneratedPatterns.prove_goal_1._native.native_decide.ax_1_4, TrainVerify.Denote.GeneratedPatterns.prove_goal_1._native.native_decide.ax_1_5, TrainVerify.Denote.GeneratedPatterns.prove_goal_1._native.native_decide.ax_1_6, TrainVerify.Denote.GeneratedPatterns.prove_goal_1._native.native_decide.ax_1_7, TrainVerify.Denote.GeneratedPatterns.prove_goal_1._native.native_decide.ax_1_8, TrainVerify.Denote.GeneratedPatterns.prove_goal_1._native.native_decide.ax_1_9, TrainVerify.Denote.GeneratedPatterns.prove_goal_1._native.native_decide.ax_1_10, TrainVerify.Denote.GeneratedPatterns.prove_goal_1._native.native_decide.ax_1_11, TrainVerify.Denote.GeneratedPatterns.prove_goal_1._native.native_decide.ax_1_12, TrainVerify.Denote.GeneratedPatterns.prove_goal_1._native.native_decide.ax_1_13, TrainVerify.Denote.GeneratedPatterns.prove_goal_1._native.native_decide.ax_1_14, TrainVerify.Denote.GeneratedPatterns.prove_goal_1._native.native_decide.ax_1_15, TrainVerify.Denote.GeneratedPatterns.prove_goal_1._native.native_decide.ax_1_16, TrainVerify.Denote.GeneratedPatterns.prove_goal_1._native.native_decide.ax_1_17, TrainVerify.Denote.GeneratedPatterns.prove_goal_1._native.native_decide.ax_1_18, TrainVerify.Denote.GeneratedPatterns.prove_goal_1._native.native_decide.ax_1_19, TrainVerify.Denote.GeneratedPatterns.prove_goal_1._native.native_decide.ax_1_20, TrainVerify.Denote.GeneratedPatterns.prove_goal_1._native.native_decide.ax_1_21, TrainVerify.Denote.GeneratedPatterns.prove_goal_1._native.native_decide.ax_1_22, TrainVerify.Denote.GeneratedPatterns.prove_goal_1._native.native_decide.ax_1_23, TrainVerify.Denote.GeneratedPatterns.prove_goal_1._native.native_decide.ax_1_24, Nat.add, Nat.sub, Nat.mul, Nat.pow, Nat.gcd, Nat.div, Nat.mod, Nat.beq, Nat.ble, Nat.land, Nat.lor, Nat.xor, Nat.shiftLeft, Nat.shiftRight, String.ofList] from Challenge
Building Solution
⚠ [2621/2630] Replayed denote.Denote
warning: denote/Denote.lean:1:0: 'Mathlib.Data.Real.Archimedean' has been deprecated: please replace this import by

import Mathlib.Algebra.Order.Archimedean.Real.Basic
warning: denote/Denote.lean:1:0: 'Mathlib.Data.Real.Sqrt' has been deprecated: please replace this import by

import Mathlib.Analysis.Real.Sqrt
warning: denote/Denote.lean:20:0: Unscoped option linter.flexible is not allowed:
Please scope this to individual declarations, as in
```
set_option linter.flexible in
-- comment explaining why this is necessary
example : ... := ...
```

Note: This linter can be disabled with `set_option linter.style.setOption false`
warning: denote/Denote.lean:671:14: The `show` tactic should only be used to indicate intermediate goal states for readability.
However, this tactic invocation changed the goal. Please use `change` instead for these purposes.

Note: This linter can be disabled with `set_option linter.style.show false`
warning: denote/Denote.lean:710:2: The `show` tactic should only be used to indicate intermediate goal states for readability.
However, this tactic invocation changed the goal. Please use `change` instead for these purposes.

Note: This linter can be disabled with `set_option linter.style.show false`
warning: denote/Denote.lean:2399:2: The `show` tactic should only be used to indicate intermediate goal states for readability.
However, this tactic invocation changed the goal. Please use `change` instead for these purposes.

Note: This linter can be disabled with `set_option linter.style.show false`
warning: denote/Denote.lean:2567:35: This simp argument is unused:
  List.foldl

Hint: Omit it from the simp argument list.
  simp [tensorSum, Tensor.mkShape,̵ ̵L̵i̵s̵t̵.̵f̵o̵l̵d̵l̵]

Note: This linter can be disabled with `set_option linter.unusedSimpArgs false`
warning: denote/Denote.lean:2571:32: Variable name `hb` is not explicitly referenced.

The binding can be removed (if unused) or named `_` (if used implicitly).

Note: This linter can be disabled with `set_option linter.unusedVariables false`
warning: denote/Denote.lean:2589:13: The `show` tactic should only be used to indicate intermediate goal states for readability.
However, this tactic invocation changed the goal. Please use `change` instead for these purposes.

Note: This linter can be disabled with `set_option linter.style.show false`
warning: denote/Denote.lean:2603:4: The `show` tactic should only be used to indicate intermediate goal states for readability.
However, this tactic invocation changed the goal. Please use `change` instead for these purposes.

Note: This linter can be disabled with `set_option linter.style.show false`
warning: denote/Denote.lean:2675:34: Variable name `hb1` is not explicitly referenced.

The binding can be removed (if unused) or named `_` (if used implicitly).

Note: This linter can be disabled with `set_option linter.unusedVariables false`
warning: denote/Denote.lean:2676:5: Variable name `hb2` is not explicitly referenced.

The binding can be removed (if unused) or named `_` (if used implicitly).

Note: This linter can be disabled with `set_option linter.unusedVariables false`
warning: denote/Denote.lean:2676:34: Variable name `hb3` is not explicitly referenced.

The binding can be removed (if unused) or named `_` (if used implicitly).

Note: This linter can be disabled with `set_option linter.unusedVariables false`
warning: denote/Denote.lean:2745:24: This simp argument is unused:
  List.getD

Hint: Omit it from the simp argument list.
  simp only [List.getD̵,̵ ̵L̵i̵s̵t̵.̵g̵e̵t̵Elem?_cons_zero, List.getElem?_cons_succ, Option.getD_some]

Note: This linter can be disabled with `set_option linter.unusedSimpArgs false`
warning: denote/Denote.lean:2745:60: This simp argument is unused:
  List.getElem?_cons_succ

Hint: Omit it from the simp argument list.
  simp only [List.getD, List.getElem?_cons_zero, L̵i̵s̵t̵.̵g̵e̵t̵E̵l̵e̵m̵?̵_̵c̵o̵n̵s̵_̵s̵u̵c̵c̵,̵ ̵Option.getD_some]

Note: This linter can be disabled with `set_option linter.unusedSimpArgs false`
warning: denote/Denote.lean:2750:24: This simp argument is unused:
  List.getD

Hint: Omit it from the simp argument list.
  simp only [List.getD̵,̵ ̵L̵i̵s̵t̵.̵g̵e̵t̵Elem?_cons_zero, List.getElem?_cons_succ, Option.getD_some]

Note: This linter can be disabled with `set_option linter.unusedSimpArgs false`
warning: denote/Denote.lean:2755:24: This simp argument is unused:
  List.getD

Hint: Omit it from the simp argument list.
  simp only [List.getD̵,̵ ̵L̵i̵s̵t̵.̵g̵e̵t̵Elem?_cons_zero, List.getElem?_cons_succ, Option.getD_some]

Note: This linter can be disabled with `set_option linter.unusedSimpArgs false`
warning: denote/Denote.lean:2760:24: This simp argument is unused:
  List.getD

Hint: Omit it from the simp argument list.
  simp only [List.getD̵,̵ ̵L̵i̵s̵t̵.̵g̵e̵t̵Elem?_cons_zero, List.getElem?_cons_succ, Option.getD_some]

Note: This linter can be disabled with `set_option linter.unusedSimpArgs false`
warning: denote/Denote.lean:2926:4: This simp argument is unused:
  show (8 : Nat) ≠ 0 by omega

Hint: Omit it from the simp argument list.
  simp only [hheadR, List.getD, List.getElem?_cons_zero, List.getElem?_cons_succ, Option.getD_some,
  ̲  ̲ ̲ ̲List.drop, List.foldl, show (̵8̵ ̵:̵ ̵N̵a̵t̵)̵ ̵≠̵ ̵0̵ ̵b̵y̵ ̵o̵m̵e̵g̵a̵,̵ ̵s̵h̵o̵w̵ ̵(32 : Nat) ≠ 0 by omega, show (1 : Nat) ≠ 0 by omega, ite_false]

Note: This linter can be disabled with `set_option linter.unusedSimpArgs false`
warning: denote/Denote.lean:4015:13: This simp argument is unused:
  Prod.fst

Hint: Omit it from the simp argument list.
  simp only [̵P̵r̵o̵d̵.̵f̵s̵t̵]̵ ̵at heq

Note: This linter can be disabled with `set_option linter.unusedSimpArgs false`
warning: denote/Denote.lean:4311:5: Variable name `hne` is not explicitly referenced.

The binding can be removed (if unused) or named `_` (if used implicitly).

Note: This linter can be disabled with `set_option linter.unusedVariables false`
warning: denote/Denote.lean:4320:20: This simp argument is unused:
  hne

Hint: Omit it from the simp argument list.
  simp [List.find?,̵ ̵h̵n̵e̵]

Note: This linter can be disabled with `set_option linter.unusedSimpArgs false`
warning: denote/Denote.lean:4475:61: This simp argument is unused:
  List.foldl

Hint: Omit it from the simp argument list.
  simp only [zeroTensor, Tensor.mkShape, valAt, prodShape,̵ ̵L̵i̵s̵t̵.̵f̵o̵l̵d̵l̵]

Note: This linter can be disabled with `set_option linter.unusedSimpArgs false`
warning: denote/Denote.lean:4624:48: This simp argument is unused:
  List.find?

Hint: Omit it from the simp argument list.
  simp [List.zip, List.zipWith, List.replicate,̵ ̵L̵i̵s̵t̵.̵f̵i̵n̵d̵?̵]

Note: This linter can be disabled with `set_option linter.unusedSimpArgs false`
warning: denote/Denote.lean:4868:2: The `show` tactic should only be used to indicate intermediate goal states for readability.
However, this tactic invocation changed the goal. Please use `change` instead for these purposes.

Note: This linter can be disabled with `set_option linter.style.show false`
warning: denote/Denote.lean:4961:4: This simp argument is unused:
  show (8 : Nat) ≠ 0 by omega

Hint: Omit it from the simp argument list.
  simp only [hx, List.getD, List.getElem?_cons_zero, List.getElem?_cons_succ,
  ̵  ̵ ̵ ̵Option.getD_some,
  ̲  ̲ ̲ ̲List.drop, List.foldl,
  ̵  ̵ ̵ ̵show (4 : Nat) ≠ 0 by omega, show (32 : Nat) ≠ 0 by omega,
      show (8̵ ̵:̵ ̵N̵a̵t̵)̵ ̵≠̵ ̵0̵ ̵b̵y̵ ̵o̵m̵e̵g̵a̵,̵ ̵s̵h̵o̵w̵ ̵(̵2 : Nat) ≠ 0 by omega,
  ̵  ̵ ̵ ̵show (1 : Nat) ≠ 0 by omega, ite_false]

Note: This linter can be disabled with `set_option linter.unusedSimpArgs false`
warning: denote/Denote.lean:4961:33: This simp argument is unused:
  show (2 : Nat) ≠ 0 by omega

Hint: Omit it from the simp argument list.
  simp only [hx, List.getD, List.getElem?_cons_zero, List.getElem?_cons_succ,
  ̵  ̵ ̵ ̵Option.getD_some,
  ̲  ̲ ̲ ̲List.drop, List.foldl,
  ̵  ̵ ̵ ̵show (4 : Nat) ≠ 0 by omega, show (32 : Nat) ≠ 0 by omega,
      show (8 : Nat) ≠ 0 by omega, show (2̵ ̵:̵ ̵N̵a̵t̵)̵ ̵≠̵ ̵0̵ ̵b̵y̵ ̵o̵m̵e̵g̵a̵,̵
  ̵ ̵ ̵ ̵ ̵s̵h̵o̵w̵ ̵(̵1 : Nat) ≠ 0 by omega, ite_false]

Note: This linter can be disabled with `set_option linter.unusedSimpArgs false`
warning: denote/Denote.lean:4962:4: This simp argument is unused:
  show (1 : Nat) ≠ 0 by omega

Hint: Omit it from the simp argument list.
  simp only [hx, List.getD, List.getElem?_cons_zero, List.getElem?_cons_succ,
  ̵  ̵ ̵ ̵Option.getD_some,
  ̲  ̲ ̲ ̲List.drop, List.foldl,
  ̵  ̵ ̵ ̵show (4 : Nat) ≠ 0 by omega, show (32 : Nat) ≠ 0 by omega,
      show (8 : Nat) ≠ 0 by omega, show (2 : Nat) ≠ 0 by omega,
  ̵  ̵ ̵ ̵s̵h̵o̵w̵ ̵(̵1̵ ̵:̵ ̵N̵a̵t̵)̵ ̵≠̵ ̵0̵ ̵b̵y̵ ̵o̵m̵e̵g̵a̵,̵ ̵ite_false]

Note: This linter can be disabled with `set_option linter.unusedSimpArgs false`
warning: denote/Denote.lean:4973:59: This simp argument is unused:
  show (32 : Nat) ≠ 0 by omega

Hint: Omit it from the simp argument list.
  simp only [h1, h2, h3, h4, show (64 : Nat) ≠ 0 by omega, s̵h̵o̵w̵ ̵(̵3̵2̵ ̵:̵ ̵N̵a̵t̵)̵ ̵≠̵ ̵0̵ ̵b̵y̵ ̵o̵m̵e̵g̵a̵,̵
  ̵ ̵ ̵ ̵ ̵ite_false]

Note: This linter can be disabled with `set_option linter.unusedSimpArgs false`
warning: denote/Denote.lean:5147:6: This simp argument is unused:
  show (8 : Nat) ≠ 0 by omega

Hint: Omit it from the simp argument list.
  simp only [hhead, List.getD, List.getElem?_cons_zero, List.getElem?_cons_succ, Option.getD_some,
  ̲  ̲ ̲ ̲ ̲ ̲List.drop, List.foldl, show (̵8̵ ̵:̵ ̵N̵a̵t̵)̵ ̵≠̵ ̵0̵ ̵b̵y̵ ̵o̵m̵e̵g̵a̵,̵ ̵s̵h̵o̵w̵ ̵(32 : Nat) ≠ 0 by omega, show (4 : Nat) ≠ 0 by omega,
  ̲  ̲ ̲ ̲ ̲ ̲show (2 : Nat) ≠ 0 by omega, show (1 : Nat) ≠ 0 by omega, ite_false]

Note: This linter can be disabled with `set_option linter.unusedSimpArgs false`
warning: denote/Denote.lean:5148:6: This simp argument is unused:
  show (4 : Nat) ≠ 0 by omega

Hint: Omit it from the simp argument list.
  simp only [hhead, List.getD, List.getElem?_cons_zero, List.getElem?_cons_succ, Option.getD_some,
  ̲  ̲ ̲ ̲ ̲ ̲List.drop, List.foldl, show (8 : Nat) ≠ 0 by omega, show (32 : Nat) ≠ 0 by omega,
        show (̵4̵ ̵:̵ ̵N̵a̵t̵)̵ ̵≠̵ ̵0̵ ̵b̵y̵ ̵o̵m̵e̵g̵a̵,̵ ̵s̵h̵o̵w̵ ̵(2 : Nat) ≠ 0 by omega, show (1 : Nat) ≠ 0 by omega, ite_false]

Note: This linter can be disabled with `set_option linter.unusedSimpArgs false`
warning: denote/Denote.lean:5149:6: This simp argument is unused:
  show (1 : Nat) ≠ 0 by omega

Hint: Omit it from the simp argument list.
  simp only [hhead, List.getD, List.getElem?_cons_zero, List.getElem?_cons_succ, Option.getD_some,
  ̲  ̲ ̲ ̲ ̲ ̲List.drop, List.foldl, show (8 : Nat) ≠ 0 by omega, show (32 : Nat) ≠ 0 by omega,
        show (4 : Nat) ≠ 0 by omega, show (2 : Nat) ≠ 0 by omega, s̵h̵o̵w̵ ̵(̵1̵ ̵:̵ ̵N̵a̵t̵)̵ ̵≠̵ ̵0̵ ̵b̵y̵ ̵o̵m̵e̵g̵a̵,̵ ̵ite_false]

Note: This linter can be disabled with `set_option linter.unusedSimpArgs false`
warning: denote/Denote.lean:5152:6: This simp argument is unused:
  show (2 : Nat) * 1 = 2 by norm_num

Hint: Omit it from the simp argument list.
  simp only [show (2 : Nat) * 4 * 1 = 8 by norm_num, show (̵2̵ ̵:̵ ̵N̵a̵t̵)̵ ̵*̵ ̵1̵ ̵=̵ ̵2̵ ̵b̵y̵ ̵n̵o̵r̵m̵_̵n̵u̵m̵,̵
  ̵ ̵ ̵ ̵ ̵ ̵ ̵s̵h̵o̵w̵ ̵(8 : Nat) * (1 * 32) = 256 by norm_num,
        show (1 : Nat) * 32 = 32 by norm_num, show (2 : Nat) * (1 * 32) = 64 by norm_num,
        show (256 : Nat) = 0 ↔ False by simp, show (32 : Nat) = 0 ↔ False by simp,
        show (64 : Nat) = 0 ↔ False by simp, ite_false]

Note: This linter can be disabled with `set_option linter.unusedSimpArgs false`
warning: denote/Denote.lean:5157:6: This simp argument is unused:
  show (32 : Nat) = 0 ↔ False by simp

Hint: Omit it from the simp argument list.
  simp only [show (2 : Nat) * 4 * 1 = 8 by norm_num, show (2 : Nat) * 1 = 2 by norm_num,
        show (8 : Nat) * (1 * 32) = 256 by norm_num, show (1 : Nat) * 32 = 32 by norm_num,
        show (2 : Nat) * (1 * 32) = 64 by norm_num, show (256 : Nat) = 0 ↔ False by simp,
        show (̵3̵2̵ ̵:̵ ̵N̵a̵t̵)̵ ̵=̵ ̵0̵ ̵↔̵ ̵F̵a̵l̵s̵e̵ ̵b̵y̵ ̵s̵i̵m̵p̵,̵
  ̵ ̵ ̵ ̵ ̵ ̵ ̵s̵h̵o̵w̵ ̵(64 : Nat) = 0 ↔ False by simp, ite_false]

Note: This linter can be disabled with `set_option linter.unusedSimpArgs false`
warning: denote/Denote.lean:5158:6: This simp argument is unused:
  show (64 : Nat) = 0 ↔ False by simp

Hint: Omit it from the simp argument list.
  simp only [show (2 : Nat) * 4 * 1 = 8 by norm_num, show (2 : Nat) * 1 = 2 by norm_num,
        show (8 : Nat) * (1 * 32) = 256 by norm_num, show (1 : Nat) * 32 = 32 by norm_num,
        show (2 : Nat) * (1 * 32) = 64 by norm_num, show (256 : Nat) = 0 ↔ False by simp,
        show (32 : Nat) = 0 ↔ False by simp, s̵h̵o̵w̵ ̵(̵6̵4̵ ̵:̵ ̵N̵a̵t̵)̵ ̵=̵ ̵0̵ ̵↔̵ ̵F̵a̵l̵s̵e̵ ̵b̵y̵ ̵s̵i̵m̵p̵,̵ite_false]

Note: This linter can be disabled with `set_option linter.unusedSimpArgs false`
warning: denote/Denote.lean:5227:4: This simp argument is unused:
  show (8 : Nat) ≠ 0 by omega

Hint: Omit it from the simp argument list.
  simp only [hhead, List.getD, List.getElem?_cons_zero, List.getElem?_cons_succ, Option.getD_some,
  ̲  ̲ ̲ ̲List.drop, List.foldl, show (̵8̵ ̵:̵ ̵N̵a̵t̵)̵ ̵≠̵ ̵0̵ ̵b̵y̵ ̵o̵m̵e̵g̵a̵,̵ ̵s̵h̵o̵w̵ ̵(32 : Nat) ≠ 0 by omega, show (4 : Nat) ≠ 0 by omega,
  ̲  ̲ ̲ ̲show (2 : Nat) ≠ 0 by omega, show (1 : Nat) ≠ 0 by omega, ite_false]

Note: This linter can be disabled with `set_option linter.unusedSimpArgs false`
warning: denote/Denote.lean:5228:4: This simp argument is unused:
  show (4 : Nat) ≠ 0 by omega

Hint: Omit it from the simp argument list.
  simp only [hhead, List.getD, List.getElem?_cons_zero, List.getElem?_cons_succ,
  ̵  ̵ ̵ ̵Option.getD_some,
  ̲  ̲ ̲ ̲List.drop, List.foldl,
  ̵  ̵ ̵ ̵show (8 : Nat) ≠ 0 by omega, show (32 : Nat) ≠ 0 by omega,
      show (4̵ ̵:̵ ̵N̵a̵t̵)̵ ̵≠̵ ̵0̵ ̵b̵y̵ ̵o̵m̵e̵g̵a̵,̵ ̵s̵h̵o̵w̵ ̵(̵2 : Nat) ≠ 0 by omega,
  ̵  ̵ ̵ ̵show (1 : Nat) ≠ 0 by omega, ite_false]

Note: This linter can be disabled with `set_option linter.unusedSimpArgs false`
warning: denote/Denote.lean:5229:4: This simp argument is unused:
  show (1 : Nat) ≠ 0 by omega

Hint: Omit it from the simp argument list.
  simp only [hhead, List.getD, List.getElem?_cons_zero, List.getElem?_cons_succ,
  ̵  ̵ ̵ ̵Option.getD_some,
  ̲  ̲ ̲ ̲List.drop, List.foldl,
  ̵  ̵ ̵ ̵show (8 : Nat) ≠ 0 by omega, show (32 : Nat) ≠ 0 by omega,
      show (4 : Nat) ≠ 0 by omega, show (2 : Nat) ≠ 0 by omega,
  ̵  ̵ ̵ ̵s̵h̵o̵w̵ ̵(̵1̵ ̵:̵ ̵N̵a̵t̵)̵ ̵≠̵ ̵0̵ ̵b̵y̵ ̵o̵m̵e̵g̵a̵,̵ ̵ite_false]

Note: This linter can be disabled with `set_option linter.unusedSimpArgs false`
warning: denote/Denote.lean:5232:4: This simp argument is unused:
  show (2 : Nat) * 1 = 2 by norm_num

Hint: Omit it from the simp argument list.
  simp only [show (2 : Nat) * 4 * 1 = 8 by norm_num,
  ̵  ̵ ̵ ̵show (2̵ ̵:̵ ̵N̵a̵t̵)̵ ̵*̵ ̵1̵ ̵=̵ ̵2̵ ̵b̵y̵ ̵n̵o̵r̵m̵_̵n̵u̵m̵,̵
  ̵ ̵ ̵ ̵ ̵s̵h̵o̵w̵ ̵(̵8 : Nat) * (1 * 32) = 256 by norm_num,
      show (1 : Nat) * 32 = 32 by norm_num,
  ̵  ̵ ̵ ̵show (2 : Nat) * (1 * 32) = 64 by norm_num,
      show (256 : Nat) = 0 ↔ False by simp,
  ̵  ̵ ̵ ̵show (32 : Nat) = 0 ↔ False by simp,
      show (64 : Nat) = 0 ↔ False by simp,
  ̵  ̵ ̵ ̵ite_false]

Note: This linter can be disabled with `set_option linter.unusedSimpArgs false`
warning: denote/Denote.lean:5237:4: This simp argument is unused:
  show (32 : Nat) = 0 ↔ False by simp

Hint: Omit it from the simp argument list.
  simp only [show (2 : Nat) * 4 * 1 = 8 by norm_num,
  ̵  ̵ ̵ ̵show (2 : Nat) * 1 = 2 by norm_num,
      show (8 : Nat) * (1 * 32) = 256 by norm_num,
  ̵  ̵ ̵ ̵show (1 : Nat) * 32 = 32 by norm_num,
      show (2 : Nat) * (1 * 32) = 64 by norm_num,
  ̵  ̵ ̵ ̵show (256 : Nat) = 0 ↔ False by simp,
      show (3̵2̵ ̵:̵ ̵N̵a̵t̵)̵ ̵=̵ ̵0̵ ̵↔̵ ̵F̵a̵l̵s̵e̵ ̵b̵y̵ ̵s̵i̵m̵p̵,̵
  ̵ ̵ ̵ ̵ ̵s̵h̵o̵w̵ ̵(̵64 : Nat) = 0 ↔ False by simp,
  ̵  ̵ ̵ ̵ite_false]

Note: This linter can be disabled with `set_option linter.unusedSimpArgs false`
warning: denote/Denote.lean:5238:4: This simp argument is unused:
  show (64 : Nat) = 0 ↔ False by simp

Hint: Omit it from the simp argument list.
  simp only [show (2 : Nat) * 4 * 1 = 8 by norm_num,
  ̵  ̵ ̵ ̵show (2 : Nat) * 1 = 2 by norm_num,
      show (8 : Nat) * (1 * 32) = 256 by norm_num,
  ̵  ̵ ̵ ̵show (1 : Nat) * 32 = 32 by norm_num,
      show (2 : Nat) * (1 * 32) = 64 by norm_num,
  ̵  ̵ ̵ ̵show (256 : Nat) = 0 ↔ False by simp,
      show (32 : Nat) = 0 ↔ False by simp,
  ̵  ̵ ̵ ̵s̵h̵o̵w̵ ̵(̵6̵4̵ ̵:̵ ̵N̵a̵t̵)̵ ̵=̵ ̵0̵ ̵↔̵ ̵F̵a̵l̵s̵e̵ ̵b̵y̵ ̵s̵im̵p̵,̵
  ̵ ̵ ̵ ̵ ̵i̵te_false]

Note: This linter can be disabled with `set_option linter.unusedSimpArgs false`
warning: denote/Denote.lean:5314:25: This simp argument is unused:
  List.getD

Hint: Omit it from the simp argument list.
  simp only [List.map, List.getD̵,̵ ̵L̵i̵s̵t̵.̵g̵e̵t̵Elem?_cons_zero, List.getElem?_cons_succ,
  ̵  ̵ ̵ ̵ ̵ ̵Option.getD_some]

Note: This linter can be disabled with `set_option linter.unusedSimpArgs false`
warning: denote/Denote.lean:5314:36: This simp argument is unused:
  List.getElem?_cons_zero

Hint: Omit it from the simp argument list.
  simp only [List.map, List.getD, L̵i̵s̵t̵.̵g̵e̵t̵E̵l̵e̵m̵?̵_̵c̵o̵n̵s̵_̵z̵e̵r̵o̵,̵ ̵List.getElem?_cons_succ, Option.getD_some]

Note: This linter can be disabled with `set_option linter.unusedSimpArgs false`
warning: denote/Denote.lean:5314:61: This simp argument is unused:
  List.getElem?_cons_succ

Hint: Omit it from the simp argument list.
  simp only [List.map, List.getD, List.getElem?_cons_zero, L̵i̵s̵t̵.̵g̵e̵t̵E̵l̵e̵m̵?̵_̵c̵o̵n̵s̵_̵s̵u̵c̵c̵,̵
  ̵ ̵ ̵ ̵ ̵ ̵ ̵Option.getD_some]

Note: This linter can be disabled with `set_option linter.unusedSimpArgs false`
warning: denote/Denote.lean:5315:6: This simp argument is unused:
  Option.getD_some

Hint: Omit it from the simp argument list.
  simp only [List.map, List.getD, List.getElem?_cons_zero, List.getElem?_cons_succ,̵
  ̵ ̵ ̵ ̵ ̵ ̵ ̵O̵p̵t̵i̵o̵n̵.̵g̵e̵t̵D̵_̵s̵o̵m̵e̵]

Note: This linter can be disabled with `set_option linter.unusedSimpArgs false`
warning: denote/Denote.lean:5532:9: Variable name `h` is not explicitly referenced.

The binding can be removed (if unused) or named `_` (if used implicitly).

Note: This linter can be disabled with `set_option linter.unusedVariables false`
warning: denote/Denote.lean:5545:9: Variable name `h` is not explicitly referenced.

The binding can be removed (if unused) or named `_` (if used implicitly).

Note: This linter can be disabled with `set_option linter.unusedVariables false`
warning: denote/Denote.lean:5582:33: This simp argument is unused:
  show (8 : Nat) ≠ 0 by omega

Hint: Omit it from the simp argument list.
  simp only [hx, List.getD, List.getElem?_cons_zero, List.getElem?_cons_succ, Option.getD_some,
  ̲  ̲ ̲ ̲List.drop, List.foldl, show (4 : Nat) ≠ 0 by omega, show (̵8̵ ̵:̵ ̵N̵a̵t̵)̵ ̵≠̵ ̵0̵ ̵b̵y̵ ̵o̵m̵e̵g̵a̵,̵
  ̵ ̵ ̵ ̵ ̵s̵h̵o̵w̵ ̵(2 : Nat) ≠ 0 by omega,
  ̲  ̲ ̲ ̲show (1 : Nat) ≠ 0 by omega, ite_false]

Note: This linter can be disabled with `set_option linter.unusedSimpArgs false`
warning: denote/Denote.lean:5589:4: This simp argument is unused:
  show (2 : Nat) ≠ 0 by omega

Hint: Omit it from the simp argument list.
  simp only [h1, show (2 : Nat) * 1 = 2 by norm_num, show (8 : Nat) * 1 = 8 by norm_num,
      show (2̵ ̵:̵ ̵N̵a̵t̵)̵ ̵≠̵ ̵0̵ ̵b̵y̵ ̵o̵m̵e̵g̵a̵,̵ ̵s̵h̵o̵w̵ ̵(̵1 : Nat) ≠ 0 by omega, ite_false]

Note: This linter can be disabled with `set_option linter.unusedSimpArgs false`
warning: denote/Denote.lean:5589:33: This simp argument is unused:
  show (1 : Nat) ≠ 0 by omega

Hint: Omit it from the simp argument list.
  simp only [h1, show (2 : Nat) * 1 = 2 by norm_num, show (8 : Nat) * 1 = 8 by norm_num,
      show (2 : Nat) ≠ 0 by omega, s̵h̵o̵w̵ ̵(̵1̵ ̵:̵ ̵N̵a̵t̵)̵ ̵≠̵ ̵0̵ ̵b̵y̵ ̵o̵m̵e̵g̵a̵,̵ ̵ite_false]

Note: This linter can be disabled with `set_option linter.unusedSimpArgs false`
warning: denote/Denote.lean:5589:62: This simp argument is unused:
  ite_false

Hint: Omit it from the simp argument list.
  simp only [h1, show (2 : Nat) * 1 = 2 by norm_num, show (8 : Nat) * 1 = 8 by norm_num,
      show (2 : Nat) ≠ 0 by omega, show (1 : Nat) ≠ 0 by omega,̵ ̵i̵t̵e̵_̵f̵a̵l̵s̵e̵]

Note: This linter can be disabled with `set_option linter.unusedSimpArgs false`
warning: denote/Denote.lean:5859:4: `push_neg` has been deprecated. Prefer using `push Not` instead.
If you'd rather continue using `push_neg` in your project, you can implement it as follows:
```
open Lean.Parser.Tactic in
macro "push_neg" cfg:optConfig loc:(location)? : tactic =>
  `(tactic| push $cfg:optConfig Not $[$loc]?)
```
warning: denote/Denote.lean:6117:35: This simp argument is unused:
  List.foldl

Hint: Omit it from the simp argument list.
  simp [tensorSum, Tensor.mkShape,̵ ̵L̵i̵s̵t̵.̵f̵o̵l̵d̵l̵]

Note: This linter can be disabled with `set_option linter.unusedSimpArgs false`
warning: denote/Denote.lean:6223:59: This simp argument is unused:
  Nat.zero_add

Hint: Omit it from the simp argument list.
  simp only [Finset.sum_range_succ, Finset.sum_range_zero,̵ ̵N̵a̵t̵.̵z̵e̵r̵o̵_̵a̵d̵d̵]

Note: This linter can be disabled with `set_option linter.unusedSimpArgs false`
warning: denote/Denote.lean:6756:0: Please, add a comment explaining the need for modifying the maxHeartbeat limit, as in
set_option maxHeartbeats 1600000 in
-- reason for change
...

Note: This linter can be disabled with `set_option linter.style.maxHeartbeats false`
warning: denote/Denote.lean:7021:20: `push_neg` has been deprecated. Prefer using `push Not` instead.
If you'd rather continue using `push_neg` in your project, you can implement it as follows:
```
open Lean.Parser.Tactic in
macro "push_neg" cfg:optConfig loc:(location)? : tactic =>
  `(tactic| push $cfg:optConfig Not $[$loc]?)
```
warning: denote/Denote.lean:7580:53: This simp argument is unused:
  Nat.one_mul

Hint: Omit it from the simp argument list.
  simp ̵[̵N̵a̵t̵.̵o̵n̵e̵_̵m̵u̵l̵]̵

Note: This linter can be disabled with `set_option linter.unusedSimpArgs false`
warning: denote/Denote.lean:7486:0: Please, add a comment explaining the need for modifying the maxHeartbeat limit, as in
set_option maxHeartbeats 800000 in
-- reason for change
...

Note: This linter can be disabled with `set_option linter.style.maxHeartbeats false`
warning: denote/Denote.lean:7624:45: This simp argument is unused:
  List.set

Hint: Omit it from the simp argument list.
  simp only [allGatherPrimDimN, allGatherPrim, Tensor.mkShape, hhead, List.getD,
  ̲  ̲ ̲ ̲List.getElem?_cons_zero, List.getElem?_cons_succ, Option.getD_some, List.drop, List.foldl,
  ̲  ̲ ̲ ̲L̵i̵s̵t̵.̵s̵e̵t̵,̵ ̵dropLast, lastD, appendLast, Nat.mul_one, Nat.add_zero, Nat.div_one, Nat.mod_one,
      show shard ≠ 0 from Nat.ne_of_gt hshard,
      show shard * numParts ≠ 0 from Nat.ne_of_gt (Nat.mul_pos hshard hnp),
      show (1 : Nat) ≠ 0 from by omega, ite_false,
      show ([o, shard] : List Nat).getLastD 0 = shard from by simp [List.getLastD],
      show ([o, shard] : List Nat).dropLast = [o] from by simp [List.dropLast]]

Note: This linter can be disabled with `set_option linter.unusedSimpArgs false`
warning: denote/Denote.lean:7648:4: This simp argument is unused:
  Nat.reduceDiv

Hint: Omit it from the simp argument list.
  simp only [hhead, List.getD, List.getElem?_cons_zero, List.getElem?_cons_succ,
  ̵  ̵ ̵ ̵Option.getD_some,
  ̲  ̲ ̲ ̲List.drop, List.foldl, Nat.reduceMul, Nat.reduceAdd,
  ̵  ̵ ̵ ̵Nat.reduceD̵i̵v̵,̵ ̵N̵a̵t̵.̵r̵e̵d̵u̵c̵e̵Mod, Nat.div_one, Nat.mod_one,
  ̲  ̲ ̲ ̲Nat.mul_one,
  ̵  ̵ ̵ ̵Nat.add_zero, Nat.zero_add, show (8 : Nat) ≠ 0 from by omega,
      show (32 : Nat) ≠ 0 from by omega,
  ̵  ̵ ̵ ̵show (1 : Nat) ≠ 0 from by omega, ite_false, List.set]

Note: This linter can be disabled with `set_option linter.unusedSimpArgs false`
warning: denote/Denote.lean:7648:19: This simp argument is unused:
  Nat.reduceMod

Hint: Omit it from the simp argument list.
  simp only [hhead, List.getD, List.getElem?_cons_zero, List.getElem?_cons_succ,
  ̵  ̵ ̵ ̵Option.getD_some,
  ̲  ̲ ̲ ̲List.drop, List.foldl, Nat.reduceMul, Nat.reduceAdd,
  ̵  ̵ ̵ ̵Nat.reduceDiv, Nat.r̵e̵du̵c̵e̵M̵o̵d̵,̵ ̵N̵a̵t̵.̵d̵iv_one, Nat.mod_one,
  ̲  ̲ ̲ ̲Nat.mul_one,
  ̵  ̵ ̵ ̵Nat.add_zero, Nat.zero_add, show (8 : Nat) ≠ 0 from by omega,
      show (32 : Nat) ≠ 0 from by omega,
  ̵  ̵ ̵ ̵show (1 : Nat) ≠ 0 from by omega, ite_false, List.set]

Note: This linter can be disabled with `set_option linter.unusedSimpArgs false`
warning: denote/Denote.lean:7649:18: This simp argument is unused:
  Nat.zero_add

Hint: Omit it from the simp argument list.
  simp only [hhead, List.getD, List.getElem?_cons_zero, List.getElem?_cons_succ,
  ̵  ̵ ̵ ̵Option.getD_some,
  ̲  ̲ ̲ ̲List.drop, List.foldl, Nat.reduceMul, Nat.reduceAdd,
  ̵  ̵ ̵ ̵Nat.reduceDiv, Nat.reduceMod, Nat.div_one,
  ̲  ̲ ̲ ̲Nat.mod_one, Nat.mul_one,
  ̵  ̵ ̵ ̵Nat.add_zero, N̵a̵t̵.̵z̵e̵r̵o̵_̵a̵d̵d̵,̵ ̵show (8 : Nat) ≠ 0 from by omega,
      show (32 : Nat) ≠ 0 from by omega,
  ̵  ̵ ̵ ̵show (1 : Nat) ≠ 0 from by omega, ite_false, List.set]

Note: This linter can be disabled with `set_option linter.unusedSimpArgs false`
warning: denote/Denote.lean:7651:49: This simp argument is unused:
  List.set

Hint: Omit it from the simp argument list.
  simp only [hhead, List.getD, List.getElem?_cons_zero, List.getElem?_cons_succ,
  ̵  ̵ ̵ ̵Option.getD_some,
  ̲  ̲ ̲ ̲List.drop, List.foldl, Nat.reduceMul, Nat.reduceAdd,
  ̵  ̵ ̵ ̵Nat.reduceDiv, Nat.reduceMod, Nat.div_one,
  ̲  ̲ ̲ ̲Nat.mod_one, Nat.mul_one,
  ̵  ̵ ̵ ̵Nat.add_zero, Nat.zero_add, show (8 : Nat) ≠ 0 from by omega,
      show (32 : Nat) ≠ 0 from by omega,
  ̵  ̵ ̵ ̵show (1 : Nat) ≠ 0 from by omega, ite_false,̵ ̵L̵i̵s̵t̵.̵s̵e̵t̵]

Note: This linter can be disabled with `set_option linter.unusedSimpArgs false`
warning: denote/Denote.lean:7672:23: This simp argument is unused:
  List.getElem?_cons_zero

Hint: Omit it from the simp argument list.
  simp [List.getD, L̵i̵s̵t̵.̵g̵e̵t̵E̵l̵e̵m̵?̵_̵c̵o̵n̵s̵_̵z̵e̵r̵o̵,̵ ̵List.getElem?_cons_succ, hc0, hc1, hc2, hc3]

Note: This linter can be disabled with `set_option linter.unusedSimpArgs false`
warning: denote/Denote.lean:7672:48: This simp argument is unused:
  List.getElem?_cons_succ

Hint: Omit it from the simp argument list.
  simp [List.getD, List.getElem?_cons_zero, L̵i̵s̵t̵.̵g̵e̵t̵E̵l̵e̵m̵?̵_̵c̵o̵n̵s̵_̵s̵u̵c̵c̵,̵ ̵hc0, hc1, hc2, hc3]

Note: This linter can be disabled with `set_option linter.unusedSimpArgs false`
warning: denote/Denote.lean:7656:0: Please, add a comment explaining the need for modifying the maxHeartbeat limit, as in
set_option maxHeartbeats 800000 in
-- reason for change
...

Note: This linter can be disabled with `set_option linter.style.maxHeartbeats false`
warning: denote/Denote.lean:7928:33: This simp argument is unused:
  show (8 : Nat) ≠ 0 by omega

Hint: Omit it from the simp argument list.
  simp only [hx, List.getD, List.getElem?_cons_zero, List.getElem?_cons_succ,
  ̵  ̵ ̵ ̵Option.getD_some,
  ̲  ̲ ̲ ̲List.drop, List.foldl,
  ̵  ̵ ̵ ̵show (4 : Nat) ≠ 0 by omega, show (8̵ ̵:̵ ̵N̵a̵t̵)̵ ̵≠̵ ̵0̵ ̵b̵y̵ ̵o̵m̵e̵g̵a̵,̵
  ̵ ̵ ̵ ̵ ̵s̵h̵o̵w̵ ̵(̵1 : Nat) ≠ 0 by omega, ite_false,
      show (4 / 4 * (1 * 8 * 8) : Nat) ≠ 0 by decide,
  ̵  ̵ ̵ ̵show (1 * 8 * 8 : Nat) ≠ 0 by decide]

Note: This linter can be disabled with `set_option linter.unusedSimpArgs false`
warning: denote/Denote.lean:7929:4: This simp argument is unused:
  show (1 : Nat) ≠ 0 by omega

Hint: Omit it from the simp argument list.
  simp only [hx, List.getD, List.getElem?_cons_zero, List.getElem?_cons_succ,
  ̵  ̵ ̵ ̵Option.getD_some,
  ̲  ̲ ̲ ̲List.drop, List.foldl,
  ̵  ̵ ̵ ̵show (4 : Nat) ≠ 0 by omega, show (8 : Nat) ≠ 0 by omega,
  ̵  ̵ ̵ ̵s̵h̵o̵w̵ ̵(̵1̵ ̵:̵ ̵N̵a̵t̵)̵ ̵≠̵ ̵0̵ ̵b̵y̵ ̵o̵m̵e̵g̵a̵,̵ ̵ite_false,
      show (4 / 4 * (1 * 8 * 8) : Nat) ≠ 0 by decide,
  ̵  ̵ ̵ ̵show (1 * 8 * 8 : Nat) ≠ 0 by decide]

Note: This linter can be disabled with `set_option linter.unusedSimpArgs false`
warning: denote/Denote.lean:7931:4: This simp argument is unused:
  show (1 * 8 * 8 : Nat) ≠ 0 by decide

Hint: Omit it from the simp argument list.
  simp only [hx, List.getD, List.getElem?_cons_zero, List.getElem?_cons_succ, Option.getD_some,
  ̲  ̲ ̲ ̲List.drop, List.foldl, show (4 : Nat) ≠ 0 by omega, show (8 : Nat) ≠ 0 by omega,
      show (1 : Nat) ≠ 0 by omega, ite_false, show (4 / 4 * (1 * 8 * 8) : Nat) ≠ 0 by d̵e̵c̵i̵d̵e̵,̵
  ̵ ̵ ̵ ̵ ̵s̵h̵o̵w̵ ̵(̵1̵ ̵*̵ ̵8̵ ̵*̵ ̵8̵ ̵:̵ ̵N̵a̵t̵)̵ ̵≠̵ ̵0̵ ̵b̵y̵ ̵decide]

Note: This linter can be disabled with `set_option linter.unusedSimpArgs false`
warning: denote/Denote.lean:7939:36: Variable name `h1` is not explicitly referenced.

The binding can be removed (if unused) or named `_` (if used implicitly).

Note: This linter can be disabled with `set_option linter.unusedVariables false`
warning: denote/Denote.lean:7940:5: Variable name `h2` is not explicitly referenced.

The binding can be removed (if unused) or named `_` (if used implicitly).

Note: This linter can be disabled with `set_option linter.unusedVariables false`
warning: denote/Denote.lean:7940:36: Variable name `h3` is not explicitly referenced.

The binding can be removed (if unused) or named `_` (if used implicitly).

Note: This linter can be disabled with `set_option linter.unusedVariables false`
warning: denote/Denote.lean:7954:33: This simp argument is unused:
  show (8 : Nat) ≠ 0 by omega

Hint: Omit it from the simp argument list.
  simp only [hhead, List.getD, List.getElem?_cons_zero, List.getElem?_cons_succ,
  ̵  ̵ ̵ ̵Option.getD_some,
  ̲  ̲ ̲ ̲List.drop, List.foldl,
  ̵  ̵ ̵ ̵show (1 : Nat) ≠ 0 by omega, show (8̵ ̵:̵ ̵N̵a̵t̵)̵ ̵≠̵ ̵0̵ ̵b̵y̵ ̵o̵m̵e̵g̵a̵,̵
  ̵ ̵ ̵ ̵ ̵s̵h̵o̵w̵ ̵(̵4 : Nat) ≠ 0 by omega, ite_false,
      show (1 * (8 * (8 * 1)) * 4 : Nat) ≠ 0 by decide,
  ̵  ̵ ̵ ̵show (8 * (8 * 1) : Nat) ≠ 0 by decide,
      show (1 * 4 : Nat) = 4 by decide,
  ̵  ̵ ̵ ̵show (1 * 4 * (8 * (8 * 1)) : Nat) = 256 by decide]

Note: This linter can be disabled with `set_option linter.unusedSimpArgs false`
warning: denote/Denote.lean:7955:4: This simp argument is unused:
  show (4 : Nat) ≠ 0 by omega

Hint: Omit it from the simp argument list.
  simp only [hhead, List.getD, List.getElem?_cons_zero, List.getElem?_cons_succ,
  ̵  ̵ ̵ ̵Option.getD_some,
  ̲  ̲ ̲ ̲List.drop, List.foldl,
  ̵  ̵ ̵ ̵show (1 : Nat) ≠ 0 by omega, show (8 : Nat) ≠ 0 by omega,
  ̵  ̵ ̵ ̵s̵h̵o̵w̵ ̵(̵4̵ ̵:̵ ̵N̵a̵t̵)̵ ̵≠̵ ̵0̵ ̵b̵y̵ ̵o̵m̵e̵g̵a̵,̵ ̵ite_false,
      show (1 * (8 * (8 * 1)) * 4 : Nat) ≠ 0 by decide,
  ̵  ̵ ̵ ̵show (8 * (8 * 1) : Nat) ≠ 0 by decide,
      show (1 * 4 : Nat) = 4 by decide,
  ̵  ̵ ̵ ̵show (1 * 4 * (8 * (8 * 1)) : Nat) = 256 by decide]

Note: This linter can be disabled with `set_option linter.unusedSimpArgs false`
warning: denote/Denote.lean:8008:2: The `show` tactic should only be used to indicate intermediate goal states for readability.
However, this tactic invocation changed the goal. Please use `change` instead for these purposes.

Note: This linter can be disabled with `set_option linter.style.show false`
warning: denote/Denote.lean:8013:10: Used `tac1 <;> tac2` where `(tac1; tac2)` would suffice

Note: This linter can be disabled with `set_option linter.unnecessarySeqFocus false`
warning: denote/Denote.lean:8034:2: The `show` tactic should only be used to indicate intermediate goal states for readability.
However, this tactic invocation changed the goal. Please use `change` instead for these purposes.

Note: This linter can be disabled with `set_option linter.style.show false`
warning: denote/Denote.lean:8197:2: The `show` tactic should only be used to indicate intermediate goal states for readability.
However, this tactic invocation changed the goal. Please use `change` instead for these purposes.

Note: This linter can be disabled with `set_option linter.style.show false`
warning: denote/Denote.lean:8219:4: This simp argument is unused:
  show (8 : Nat) ≠ 0 by omega

Hint: Omit it from the simp argument list.
  simp only [hx, List.getD, List.getElem?_cons_zero, List.getElem?_cons_succ,
  ̵  ̵ ̵ ̵Option.getD_some,
  ̲  ̲ ̲ ̲List.drop, List.foldl,
  ̵  ̵ ̵ ̵show (4 : Nat) ≠ 0 by omega, show (128 : Nat) ≠ 0 by omega,
      show (8̵ ̵:̵ ̵N̵a̵t̵)̵ ̵≠̵ ̵0̵ ̵b̵y̵ ̵o̵m̵e̵g̵a̵,̵ ̵s̵h̵o̵w̵ ̵(̵2 : Nat) ≠ 0 by omega,
  ̵  ̵ ̵ ̵show (1 : Nat) ≠ 0 by omega, ite_false]

Note: This linter can be disabled with `set_option linter.unusedSimpArgs false`
warning: denote/Denote.lean:8219:33: This simp argument is unused:
  show (2 : Nat) ≠ 0 by omega

Hint: Omit it from the simp argument list.
  simp only [hx, List.getD, List.getElem?_cons_zero, List.getElem?_cons_succ,
  ̵  ̵ ̵ ̵Option.getD_some,
  ̲  ̲ ̲ ̲List.drop, List.foldl,
  ̵  ̵ ̵ ̵show (4 : Nat) ≠ 0 by omega, show (128 : Nat) ≠ 0 by omega,
      show (8 : Nat) ≠ 0 by omega, show (2̵ ̵:̵ ̵N̵a̵t̵)̵ ̵≠̵ ̵0̵ ̵b̵y̵ ̵o̵m̵e̵g̵a̵,̵
  ̵ ̵ ̵ ̵ ̵s̵h̵o̵w̵ ̵(̵1 : Nat) ≠ 0 by omega, ite_false]

Note: This linter can be disabled with `set_option linter.unusedSimpArgs false`
warning: denote/Denote.lean:8220:4: This simp argument is unused:
  show (1 : Nat) ≠ 0 by omega

Hint: Omit it from the simp argument list.
  simp only [hx, List.getD, List.getElem?_cons_zero, List.getElem?_cons_succ,
  ̵  ̵ ̵ ̵Option.getD_some,
  ̲  ̲ ̲ ̲List.drop, List.foldl,
  ̵  ̵ ̵ ̵show (4 : Nat) ≠ 0 by omega, show (128 : Nat) ≠ 0 by omega,
      show (8 : Nat) ≠ 0 by omega, show (2 : Nat) ≠ 0 by omega,
  ̵  ̵ ̵ ̵s̵h̵o̵w̵ ̵(̵1̵ ̵:̵ ̵N̵a̵t̵)̵ ̵≠̵ ̵0̵ ̵b̵y̵ ̵o̵m̵e̵g̵a̵,̵ ̵ite_false]

Note: This linter can be disabled with `set_option linter.unusedSimpArgs false`
warning: denote/Denote.lean:8228:60: This simp argument is unused:
  show (128 : Nat) ≠ 0 by omega

Hint: Omit it from the simp argument list.
  simp only [h1, h2, h3, h4, show (256 : Nat) ≠ 0 by omega, s̵h̵o̵w̵ ̵(̵1̵2̵8̵ ̵:̵ ̵N̵a̵t̵)̵ ̵≠̵ ̵0̵ ̵b̵y̵ ̵o̵m̵e̵g̵a̵,̵
  ̵ ̵ ̵ ̵ ̵ite_false]

Note: This linter can be disabled with `set_option linter.unusedSimpArgs false`
warning: denote/Denote.lean:8204:0: Please, add a comment explaining the need for modifying the maxHeartbeat limit, as in
set_option maxHeartbeats 400000 in
-- reason for change
...

Note: This linter can be disabled with `set_option linter.style.maxHeartbeats false`
warning: denote/Denote.lean:8255:4: This simp argument is unused:
  show (8 : Nat) ≠ 0 by omega

Hint: Omit it from the simp argument list.
  simp only [hhead, List.getD, List.getElem?_cons_zero, List.getElem?_cons_succ, Option.getD_some,
  ̲  ̲ ̲ ̲List.drop, List.foldl, show (̵8̵ ̵:̵ ̵N̵a̵t̵)̵ ̵≠̵ ̵0̵ ̵b̵y̵ ̵o̵m̵e̵g̵a̵,̵ ̵s̵h̵o̵w̵ ̵(128 : Nat) ≠ 0 by omega, show (4 : Nat) ≠ 0 by omega,
  ̲  ̲ ̲ ̲show (2 : Nat) ≠ 0 by omega, show (1 : Nat) ≠ 0 by omega, ite_false]

Note: This linter can be disabled with `set_option linter.unusedSimpArgs false`
warning: denote/Denote.lean:8256:4: This simp argument is unused:
  show (4 : Nat) ≠ 0 by omega

Hint: Omit it from the simp argument list.
  simp only [hhead, List.getD, List.getElem?_cons_zero, List.getElem?_cons_succ,
  ̵  ̵ ̵ ̵Option.getD_some,
  ̲  ̲ ̲ ̲List.drop, List.foldl,
  ̵  ̵ ̵ ̵show (8 : Nat) ≠ 0 by omega, show (128 : Nat) ≠ 0 by omega,
      show (4̵ ̵:̵ ̵N̵a̵t̵)̵ ̵≠̵ ̵0̵ ̵b̵y̵ ̵o̵m̵e̵g̵a̵,̵ ̵s̵h̵o̵w̵ ̵(̵2 : Nat) ≠ 0 by omega,
  ̵  ̵ ̵ ̵show (1 : Nat) ≠ 0 by omega, ite_false]

Note: This linter can be disabled with `set_option linter.unusedSimpArgs false`
warning: denote/Denote.lean:8257:4: This simp argument is unused:
  show (1 : Nat) ≠ 0 by omega

Hint: Omit it from the simp argument list.
  simp only [hhead, List.getD, List.getElem?_cons_zero, List.getElem?_cons_succ,
  ̵  ̵ ̵ ̵Option.getD_some,
  ̲  ̲ ̲ ̲List.drop, List.foldl,
  ̵  ̵ ̵ ̵show (8 : Nat) ≠ 0 by omega, show (128 : Nat) ≠ 0 by omega,
      show (4 : Nat) ≠ 0 by omega, show (2 : Nat) ≠ 0 by omega,
  ̵  ̵ ̵ ̵s̵h̵o̵w̵ ̵(̵1̵ ̵:̵ ̵N̵a̵t̵)̵ ̵≠̵ ̵0̵ ̵b̵y̵ ̵o̵m̵e̵g̵a̵,̵ ̵ite_false]

Note: This linter can be disabled with `set_option linter.unusedSimpArgs false`
warning: denote/Denote.lean:8259:4: This simp argument is unused:
  show (2 : Nat) * 1 = 2 by norm_num

Hint: Omit it from the simp argument list.
  simp only [show (2 : Nat) * 4 * 1 = 8 by norm_num,
  ̵  ̵ ̵ ̵show (2̵ ̵:̵ ̵N̵a̵t̵)̵ ̵*̵ ̵1̵ ̵=̵ ̵2̵ ̵b̵y̵ ̵n̵o̵r̵m̵_̵n̵u̵m̵,̵
  ̵ ̵ ̵ ̵ ̵s̵h̵o̵w̵ ̵(̵8 : Nat) * (1 * 128) = 1024 by norm_num,
      show (1 : Nat) * 128 = 128 by norm_num,
  ̵  ̵ ̵ ̵show (2 : Nat) * (1 * 128) = 256 by norm_num,
      show (1024 : Nat) = 0 ↔ False by simp,
  ̵  ̵ ̵ ̵show (128 : Nat) = 0 ↔ False by simp,
      show (256 : Nat) = 0 ↔ False by simp,
  ̵  ̵ ̵ ̵ite_false]

Note: This linter can be disabled with `set_option linter.unusedSimpArgs false`
warning: denote/Denote.lean:8264:4: This simp argument is unused:
  show (128 : Nat) = 0 ↔ False by simp

Hint: Omit it from the simp argument list.
  simp only [show (2 : Nat) * 4 * 1 = 8 by norm_num,
  ̵  ̵ ̵ ̵show (2 : Nat) * 1 = 2 by norm_num,
      show (8 : Nat) * (1 * 128) = 1024 by norm_num,
  ̵  ̵ ̵ ̵show (1 : Nat) * 128 = 128 by norm_num,
      show (2 : Nat) * (1 * 128) = 256 by norm_num,
  ̵  ̵ ̵ ̵show (1024 : Nat) = 0 ↔ False by simp,
      show (1̵28̵ ̵:̵ ̵N̵a̵t̵)̵ ̵=̵ ̵0̵ ̵↔̵ ̵F̵a̵l̵s̵e̵ ̵b̵y̵ ̵s̵i̵m̵p̵,̵
  ̵ ̵ ̵ ̵ ̵s̵h̵o̵w̵ ̵(̵2̵56 : Nat) = 0 ↔ False by simp,
  ̵  ̵ ̵ ̵ite_false]

Note: This linter can be disabled with `set_option linter.unusedSimpArgs false`
warning: denote/Denote.lean:8265:4: This simp argument is unused:
  show (256 : Nat) = 0 ↔ False by simp

Hint: Omit it from the simp argument list.
  simp only [show (2 : Nat) * 4 * 1 = 8 by norm_num,
  ̵  ̵ ̵ ̵show (2 : Nat) * 1 = 2 by norm_num,
      show (8 : Nat) * (1 * 128) = 1024 by norm_num,
  ̵  ̵ ̵ ̵show (1 : Nat) * 128 = 128 by norm_num,
      show (2 : Nat) * (1 * 128) = 256 by norm_num,
  ̵  ̵ ̵ ̵show (1024 : Nat) = 0 ↔ False by simp,
      show (128 : Nat) = 0 ↔ False by simp,
  ̵  ̵ ̵ ̵s̵h̵o̵w̵ ̵(̵2̵5̵6̵ ̵:̵ ̵N̵a̵t̵)̵ ̵=̵ ̵0̵ ̵↔̵ ̵F̵a̵l̵s̵e̵ ̵b̵y̵ ̵s̵im̵p̵,̵
  ̵ ̵ ̵ ̵ ̵i̵te_false]

Note: This linter can be disabled with `set_option linter.unusedSimpArgs false`
warning: denote/Denote.lean:8238:0: Please, add a comment explaining the need for modifying the maxHeartbeat limit, as in
set_option maxHeartbeats 400000 in
-- reason for change
...

Note: This linter can be disabled with `set_option linter.style.maxHeartbeats false`
warning: denote/Denote.lean:8319:62: This simp argument is unused:
  List.getElem?_cons_zero

Hint: Omit it from the simp argument list.
  simp [List.getD, L̵i̵s̵t̵.̵g̵e̵t̵E̵l̵e̵m̵?̵_̵c̵o̵n̵s̵_̵z̵e̵r̵o̵,̵ ̵List.getElem?_cons_succ]

Note: This linter can be disabled with `set_option linter.unusedSimpArgs false`
warning: denote/Denote.lean:8319:87: This simp argument is unused:
  List.getElem?_cons_succ

Hint: Omit it from the simp argument list.
  simp [List.getD, List.getElem?_cons_zero,̵ ̵L̵i̵s̵t̵.̵g̵e̵t̵E̵l̵e̵m̵?̵_̵c̵o̵n̵s̵_̵s̵u̵c̵c̵]

Note: This linter can be disabled with `set_option linter.unusedSimpArgs false`
warning: denote/Denote.lean:8278:0: Please, add a comment explaining the need for modifying the maxHeartbeat limit, as in
set_option maxHeartbeats 800000 in
-- reason for change
...

Note: This linter can be disabled with `set_option linter.style.maxHeartbeats false`
warning: denote/Denote.lean:8443:8: This simp argument is unused:
  List.find?

Hint: Omit it from the simp argument list.
  simp ̵[̵L̵i̵s̵t̵.̵f̵i̵n̵d̵?̵]̵

Note: This linter can be disabled with `set_option linter.unusedSimpArgs false`
warning: denote/Denote.lean:8520:35: Variable name `hg1` is not explicitly referenced.

The binding can be removed (if unused) or named `_` (if used implicitly).

Note: This linter can be disabled with `set_option linter.unusedVariables false`
warning: denote/Denote.lean:8521:5: Variable name `hg2` is not explicitly referenced.

The binding can be removed (if unused) or named `_` (if used implicitly).

Note: This linter can be disabled with `set_option linter.unusedVariables false`
warning: denote/Denote.lean:8521:35: Variable name `hg3` is not explicitly referenced.

The binding can be removed (if unused) or named `_` (if used implicitly).

Note: This linter can be disabled with `set_option linter.unusedVariables false`
warning: denote/Denote.lean:8567:15: This simp argument is unused:
  hw

Hint: Omit it from the simp argument list.
  simp only [̵h̵w̵,̵ ̵h̵x̵0̵,̵[̲h̲x̲0̲,̲ hx1, hx2, hx3, prodShape, show [1, 2, 32].foldl (· * ·) 1 = 64 from rfl,
        show (64 : Nat) / 32 = 2 from rfl]

Note: This linter can be disabled with `set_option linter.unusedSimpArgs false`
warning: denote/Denote.lean:8515:0: Please, add a comment explaining the need for modifying the maxHeartbeat limit, as in
set_option maxHeartbeats 800000 in
-- reason for change
...

Note: This linter can be disabled with `set_option linter.style.maxHeartbeats false`
warning: denote/Denote.lean:8611:35: Variable name `hg1` is not explicitly referenced.

The binding can be removed (if unused) or named `_` (if used implicitly).

Note: This linter can be disabled with `set_option linter.unusedVariables false`
warning: denote/Denote.lean:8612:5: Variable name `hg2` is not explicitly referenced.

The binding can be removed (if unused) or named `_` (if used implicitly).

Note: This linter can be disabled with `set_option linter.unusedVariables false`
warning: denote/Denote.lean:8612:35: Variable name `hg3` is not explicitly referenced.

The binding can be removed (if unused) or named `_` (if used implicitly).

Note: This linter can be disabled with `set_option linter.unusedVariables false`
warning: denote/Denote.lean:8657:15: This simp argument is unused:
  hb

Hint: Omit it from the simp argument list.
  simp only [̵h̵b̵,̵ ̵h̵x̵0̵,̵[̲h̲x̲0̲,̲ hx1, hx2, hx3, prodShape, show [1, 2, 32].foldl (· * ·) 1 = 64 from rfl,
        show (64 : Nat) / 32 = 2 from rfl]

Note: This linter can be disabled with `set_option linter.unusedSimpArgs false`
warning: denote/Denote.lean:8606:0: Please, add a comment explaining the need for modifying the maxHeartbeat limit, as in
set_option maxHeartbeats 400000 in
-- reason for change
...

Note: This linter can be disabled with `set_option linter.style.maxHeartbeats false`
warning: denote/Denote.lean:8725:35: Variable name `hg1` is not explicitly referenced.

The binding can be removed (if unused) or named `_` (if used implicitly).

Note: This linter can be disabled with `set_option linter.unusedVariables false`
warning: denote/Denote.lean:8726:5: Variable name `hg2` is not explicitly referenced.

The binding can be removed (if unused) or named `_` (if used implicitly).

Note: This linter can be disabled with `set_option linter.unusedVariables false`
warning: denote/Denote.lean:8726:35: Variable name `hg3` is not explicitly referenced.

The binding can be removed (if unused) or named `_` (if used implicitly).

Note: This linter can be disabled with `set_option linter.unusedVariables false`
warning: denote/Denote.lean:8729:5: Variable name `hw` is not explicitly referenced.

The binding can be removed (if unused) or named `_` (if used implicitly).

Note: This linter can be disabled with `set_option linter.unusedVariables false`
warning: denote/Denote.lean:8720:0: Please, add a comment explaining the need for modifying the maxHeartbeat limit, as in
set_option maxHeartbeats 800000 in
-- reason for change
...

Note: This linter can be disabled with `set_option linter.style.maxHeartbeats false`
warning: denote/Denote.lean:8843:30: This simp argument is unused:
  if_neg

Hint: Omit it from the simp argument list.
  simp only [flatToMulti, multiToFlat, prodShape, List.foldl,
  ̵  ̵ ̵ ̵List.getElem?_cons_zero,
  ̲  ̲ ̲ ̲List.getElem?_cons_succ, Option.getD_some,
  ̵  ̵ ̵ ̵List.set, Nat.div_one, Nat.mul_one, Nat.one_mul,
      e213, e13, hd3, if_false, i̵f̵_̵n̵e̵g̵,̵ ̵Nat.add_zero, reduceIte,
  ̵  ̵ ̵ ̵Nat.one_ne_zero, Nat.reduceEqDiff]

Note: This linter can be disabled with `set_option linter.unusedSimpArgs false`
warning: denote/Denote.lean:8843:52: This simp argument is unused:
  reduceIte

Hint: Omit it from the simp argument list.
  simp only [flatToMulti, multiToFlat, prodShape, List.foldl,
  ̵  ̵ ̵ ̵List.getElem?_cons_zero,
  ̲  ̲ ̲ ̲List.getElem?_cons_succ, Option.getD_some,
  ̵  ̵ ̵ ̵List.set, Nat.div_one, Nat.mul_one, Nat.one_mul,
      e213, e13, hd3, if_false, if_neg, Nat.add_zero, r̵e̵d̵u̵c̵e̵I̵t̵e̵,̵
  ̵ ̵ ̵ ̵ ̵Nat.one_ne_zero, Nat.reduceEqDiff]

Note: This linter can be disabled with `set_option linter.unusedSimpArgs false`
warning: denote/Denote.lean:8844:21: This simp argument is unused:
  Nat.reduceEqDiff

Hint: Omit it from the simp argument list.
  simp only [flatToMulti, multiToFlat, prodShape, List.foldl,
  ̵  ̵ ̵ ̵List.getElem?_cons_zero,
  ̲  ̲ ̲ ̲List.getElem?_cons_succ, Option.getD_some,
  ̵  ̵ ̵ ̵List.set, Nat.div_one, Nat.mul_one, Nat.one_mul,
      e213, e13, hd3, if_false, if_neg, Nat.add_zero, reduceIte,
  ̵  ̵ ̵ ̵Nat.one_ne_zero,̵ ̵N̵a̵t̵.̵r̵e̵d̵u̵c̵e̵E̵q̵D̵i̵f̵f̵]

Note: This linter can be disabled with `set_option linter.unusedSimpArgs false`
warning: denote/Denote.lean:8813:0: Please, add a comment explaining the need for modifying the maxHeartbeat limit, as in
set_option maxHeartbeats 3200000 in
-- reason for change
...

Note: This linter can be disabled with `set_option linter.style.maxHeartbeats false`
warning: denote/Denote.lean:8847:0: Please, add a comment explaining the need for modifying the maxHeartbeat limit, as in
set_option maxHeartbeats 3200000 in
-- reason for change
...

Note: This linter can be disabled with `set_option linter.style.maxHeartbeats false`
warning: denote/Denote.lean:8853:10: Used `tac1 <;> tac2` where `(tac1; tac2)` would suffice

Note: This linter can be disabled with `set_option linter.unnecessarySeqFocus false`
warning: denote/Denote.lean:8881:4: This simp argument is unused:
  Nat.mod_one

Hint: Omit it from the simp argument list.
  simp only [chunkPrimDimN, Tensor.mkShape, hx, List.getD, List.getElem?_cons_zero,
      List.getElem?_cons_succ, Option.getD_some, List.drop, List.foldl, N̵a̵t̵.̵m̵o̵d̵_̵o̵n̵e̵,̵ ̵Nat.mul_one, Nat.one_mul,
  ̲  ̲ ̲ ̲Nat.add_zero, hshard, hrm, if_false, reduceIte, Nat.one_ne_zero, Nat.reduceEqDiff,
      eq_false e_csd2d3, eq_false e_d2d3, eq_false hd3]

Note: This linter can be disabled with `set_option linter.unusedSimpArgs false`
warning: denote/Denote.lean:8881:17: This simp argument is unused:
  Nat.mul_one

Hint: Omit it from the simp argument list.
  simp only [chunkPrimDimN, Tensor.mkShape, hx, List.getD, List.getElem?_cons_zero,
      List.getElem?_cons_succ, Option.getD_some, List.drop, List.foldl,
  ̵  ̵ ̵ ̵Nat.mod_one, Nat.m̵u̵l̵_̵one_̲m̲u̲l̲,
  ̲ N̵a̵t̵.̵o̵n̵e̵_̵m̵u̵l̵,̵  ̲ ̲Nat.add_zero,
  ̵  ̵ ̵ ̵hshard, hrm, if_false, reduceIte, Nat.one_ne_zero, Nat.reduceEqDiff,
      eq_false e_csd2d3, eq_false e_d2d3, eq_false hd3]

Note: This linter can be disabled with `set_option linter.unusedSimpArgs false`
warning: denote/Denote.lean:8881:43: This simp argument is unused:
  Nat.add_zero

Hint: Omit it from the simp argument list.
  simp only [chunkPrimDimN, Tensor.mkShape, hx, List.getD, List.getElem?_cons_zero,
      List.getElem?_cons_succ, Option.getD_some, List.drop, List.foldl,
  ̵  ̵ ̵ ̵Nat.mod_one, Nat.mul_o̵n̵o̲n̲e, ̵N̵a̵t̵.̵o̵n̵e̵_̵m̵u̵l̵,̵ ̵N̵a̵t̵.̵a̵d̵d̵_̵z̵e̵r̵o̵,̵
      N̲a̲t̲.̲o̲n̲e̲_̲m̲u̲l̲,̲ ̲hshard, hrm, if_false, reduceIte, Nat.one_ne_zero, Nat.reduceEqDiff,
      eq_false e_csd2d3, eq_false e_d2d3, eq_false hd3]

Note: This linter can be disabled with `set_option linter.unusedSimpArgs false`
warning: denote/Denote.lean:8882:27: This simp argument is unused:
  reduceIte

Hint: Omit it from the simp argument list.
  simp only [chunkPrimDimN, Tensor.mkShape, hx, List.getD, List.getElem?_cons_zero,
      List.getElem?_cons_succ, Option.getD_some, List.drop, List.foldl,
  ̵  ̵ ̵ ̵Nat.mod_one, Nat.mul_one,
  ̲  ̲ ̲ ̲Nat.one_mul, Nat.add_zero,
  ̵  ̵ ̵ ̵hshard, hrm, if_false, r̵e̵d̵u̵c̵e̵I̵t̵e̵,̵ ̵Nat.one_ne_zero, Nat.reduceEqDiff,
      eq_false e_csd2d3, eq_false e_d2d3, eq_false hd3]

Note: This linter can be disabled with `set_option linter.unusedSimpArgs false`
warning: denote/Denote.lean:8882:38: This simp argument is unused:
  Nat.one_ne_zero

Hint: Omit it from the simp argument list.
  simp only [chunkPrimDimN, Tensor.mkShape, hx, List.getD, List.getElem?_cons_zero,
      List.getElem?_cons_succ, Option.getD_some, List.drop, List.foldl,
  ̵  ̵ ̵ ̵Nat.mod_one, Nat.mul_one,
  ̲  ̲ ̲ ̲Nat.one_mul, Nat.add_zero,
  ̵  ̵ ̵ ̵hshard, hrm, if_false, reduceIte, Nat.o̵n̵e̵_̵n̵e̵_̵z̵e̵ro̵,̵ ̵N̵a̵t̵.̵r̵educeEqDiff,
      eq_false e_csd2d3, eq_false e_d2d3, eq_false hd3]

Note: This linter can be disabled with `set_option linter.unusedSimpArgs false`
warning: denote/Denote.lean:8883:40: This simp argument is unused:
  eq_false hd3

Hint: Omit it from the simp argument list.
  simp only [chunkPrimDimN, Tensor.mkShape, hx, List.getD, List.getElem?_cons_zero,
      List.getElem?_cons_succ, Option.getD_some, List.drop, List.foldl,
  ̵  ̵ ̵ ̵Nat.mod_one, Nat.mul_one,
  ̲  ̲ ̲ ̲Nat.one_mul, Nat.add_zero,
  ̵  ̵ ̵ ̵hshard, hrm, if_false, reduceIte, Nat.one_ne_zero, Nat.reduceEqDiff,
      eq_false e_csd2d3, eq_false e_d2d3,̵ ̵e̵q̵_̵f̵a̵l̵s̵e̵ ̵h̵d̵3̵]

Note: This linter can be disabled with `set_option linter.unusedSimpArgs false`
warning: denote/Denote.lean:8858:0: Please, add a comment explaining the need for modifying the maxHeartbeat limit, as in
set_option maxHeartbeats 3200000 in
-- reason for change
...

Note: This linter can be disabled with `set_option linter.style.maxHeartbeats false`
warning: denote/Denote.lean:8909:4: This simp argument is unused:
  Nat.mod_one

Hint: Omit it from the simp argument list.
  simp only [chunkPrimDimN, Tensor.mkShape, hx, List.getD, List.getElem?_cons_zero,
      List.getElem?_cons_succ, Option.getD_some, List.drop, List.foldl, N̵a̵t̵.̵m̵o̵d̵_̵o̵n̵e̵,̵ ̵Nat.mul_one, Nat.one_mul,
  ̲  ̲ ̲ ̲Nat.add_zero, hshard, hrm, if_false, reduceIte, Nat.one_ne_zero, Nat.reduceEqDiff,
      eq_false e_csd3, eq_false hd3]

Note: This linter can be disabled with `set_option linter.unusedSimpArgs false`
warning: denote/Denote.lean:8909:17: This simp argument is unused:
  Nat.mul_one

Hint: Omit it from the simp argument list.
  simp only [chunkPrimDimN, Tensor.mkShape, hx, List.getD, List.getElem?_cons_zero,
      List.getElem?_cons_succ, Option.getD_some, List.drop, List.foldl,
  ̵  ̵ ̵ ̵Nat.mod_one, Nat.m̵u̵l̵_̵one_̲m̲u̲l̲,
  ̲ N̵a̵t̵.̵o̵n̵e̵_̵m̵u̵l̵,̵  ̲ ̲Nat.add_zero,
  ̵  ̵ ̵ ̵hshard, hrm, if_false, reduceIte, Nat.one_ne_zero, Nat.reduceEqDiff,
      eq_false e_csd3, eq_false hd3]

Note: This linter can be disabled with `set_option linter.unusedSimpArgs false`
warning: denote/Denote.lean:8909:43: This simp argument is unused:
  Nat.add_zero

Hint: Omit it from the simp argument list.
  simp only [chunkPrimDimN, Tensor.mkShape, hx, List.getD, List.getElem?_cons_zero,
      List.getElem?_cons_succ, Option.getD_some, List.drop, List.foldl,
  ̵  ̵ ̵ ̵Nat.mod_one, Nat.mul_o̵n̵o̲n̲e, ̵N̵a̵t̵.̵o̵n̵e̵_̵m̵u̵l̵,̵ ̵N̵a̵t̵.̵a̵d̵d̵_̵z̵e̵r̵o̵,̵
      N̲a̲t̲.̲o̲n̲e̲_̲m̲u̲l̲,̲ ̲hshard, hrm, if_false, reduceIte, Nat.one_ne_zero, Nat.reduceEqDiff,
      eq_false e_csd3, eq_false hd3]

Note: This linter can be disabled with `set_option linter.unusedSimpArgs false`
warning: denote/Denote.lean:8910:27: This simp argument is unused:
  reduceIte

Hint: Omit it from the simp argument list.
  simp only [chunkPrimDimN, Tensor.mkShape, hx, List.getD, List.getElem?_cons_zero,
      List.getElem?_cons_succ, Option.getD_some, List.drop, List.foldl,
  ̵  ̵ ̵ ̵Nat.mod_one, Nat.mul_one,
  ̲  ̲ ̲ ̲Nat.one_mul, Nat.add_zero,
  ̵  ̵ ̵ ̵hshard, hrm, if_false, r̵e̵d̵u̵c̵e̵I̵t̵e̵,̵ ̵Nat.one_ne_zero, Nat.reduceEqDiff,
      eq_false e_csd3, eq_false hd3]

Note: This linter can be disabled with `set_option linter.unusedSimpArgs false`
warning: denote/Denote.lean:8910:38: This simp argument is unused:
  Nat.one_ne_zero

Hint: Omit it from the simp argument list.
  simp only [chunkPrimDimN, Tensor.mkShape, hx, List.getD, List.getElem?_cons_zero,
      List.getElem?_cons_succ, Option.getD_some, List.drop, List.foldl,
  ̵  ̵ ̵ ̵Nat.mod_one, Nat.mul_one,
  ̲  ̲ ̲ ̲Nat.one_mul, Nat.add_zero,
  ̵  ̵ ̵ ̵hshard, hrm, if_false, reduceIte, Nat.o̵n̵e̵_̵n̵e̵_̵z̵e̵ro̵,̵ ̵N̵a̵t̵.̵r̵educeEqDiff,
  ̵  ̵ ̵ ̵eq_false e_csd3,
  ̲  ̲ ̲ ̲eq_false hd3]

Note: This linter can be disabled with `set_option linter.unusedSimpArgs false`
warning: denote/Denote.lean:8891:0: Please, add a comment explaining the need for modifying the maxHeartbeat limit, as in
set_option maxHeartbeats 3200000 in
-- reason for change
...

Note: This linter can be disabled with `set_option linter.style.maxHeartbeats false`
warning: denote/Denote.lean:8939:57: This simp argument is unused:
  Nat.zero_add

Hint: Omit it from the simp argument list.
  simp only [chunkPrimDimN, Tensor.mkShape, hx, List.getD, List.getElem?_cons_zero,
      List.getElem?_cons_succ, Option.getD_some, List.drop, List.foldl, Nat.div_one, Nat.mod_one,
  ̲  ̲ ̲ ̲Nat.mul_one, Nat.add_zero, N̵a̵t̵.̵z̵e̵r̵o̵_̵a̵d̵d̵,̵hshard, hrm, e_cs, if_false, reduceIte, Nat.one_ne_zero,
  ̲  ̲ ̲ ̲Nat.reduceEqDiff]

Note: This linter can be disabled with `set_option linter.unusedSimpArgs false`
warning: denote/Denote.lean:8940:33: This simp argument is unused:
  reduceIte

Hint: Omit it from the simp argument list.
  simp only [chunkPrimDimN, Tensor.mkShape, hx, List.getD, List.getElem?_cons_zero,
      List.getElem?_cons_succ, Option.getD_some, List.drop, List.foldl, Nat.div_one, Nat.mod_one,
  ̲  ̲ ̲ ̲Nat.mul_one, Nat.add_zero, Nat.zero_add, hshard, hrm, e_cs, if_false, r̵e̵d̵u̵c̵e̵I̵t̵e̵,̵ ̵Nat.one_ne_zero,
      Nat.reduceEqDiff]

Note: This linter can be disabled with `set_option linter.unusedSimpArgs false`
warning: denote/Denote.lean:8921:0: Please, add a comment explaining the need for modifying the maxHeartbeat limit, as in
set_option maxHeartbeats 3200000 in
-- reason for change
...

Note: This linter can be disabled with `set_option linter.style.maxHeartbeats false`
warning: denote/Denote.lean:8945:0: Please, add a comment explaining the need for modifying the maxHeartbeat limit, as in
set_option maxHeartbeats 3200000 in
-- reason for change
...

Note: This linter can be disabled with `set_option linter.style.maxHeartbeats false`
warning: denote/Denote.lean:8952:0: Please, add a comment explaining the need for modifying the maxHeartbeat limit, as in
set_option maxHeartbeats 3200000 in
-- reason for change
...

Note: This linter can be disabled with `set_option linter.style.maxHeartbeats false`
warning: denote/Denote.lean:8958:10: Used `tac1 <;> tac2` where `(tac1; tac2)` would suffice

Note: This linter can be disabled with `set_option linter.unnecessarySeqFocus false`
warning: denote/Denote.lean:8976:4: This simp argument is unused:
  Nat.reduceDiv

Hint: Omit it from the simp argument list.
  simp only [hhead, List.getD, List.getElem?_cons_zero, List.getElem?_cons_succ, Option.getD_some,
  ̲  ̲ ̲ ̲List.drop, List.foldl, Nat.reduceMul, Nat.reduceAdd, N̵a̵t̵.̵r̵e̵d̵u̵c̵e̵D̵i̵v̵,̵ ̵Nat.reduceMod, Nat.div_one, Nat.mod_one,
  ̲  ̲ ̲ ̲Nat.mul_one, Nat.add_zero, Nat.zero_add, show (8 : Nat) ≠ 0 from by omega,
      show (4 : Nat) ≠ 0 from by omega, show (2 : Nat) ≠ 0 from by omega,
      show (256 : Nat) ≠ 0 from by omega, ite_false]

Note: This linter can be disabled with `set_option linter.unusedSimpArgs false`
warning: denote/Denote.lean:8976:19: This simp argument is unused:
  Nat.reduceMod

Hint: Omit it from the simp argument list.
  simp only [hhead, List.getD, List.getElem?_cons_zero, List.getElem?_cons_succ,
  ̵  ̵ ̵ ̵Option.getD_some,
  ̲  ̲ ̲ ̲List.drop, List.foldl, Nat.reduceMul, Nat.reduceAdd,
  ̵  ̵ ̵ ̵Nat.reduceDiv, Nat.r̵e̵du̵c̵e̵M̵o̵d̵,̵ ̵N̵a̵t̵.̵d̵iv_one, Nat.mod_one,
  ̲  ̲ ̲ ̲Nat.mul_one,
  ̵  ̵ ̵ ̵Nat.add_zero, Nat.zero_add, show (8 : Nat) ≠ 0 from by omega,
      show (4 : Nat) ≠ 0 from by omega, show (2 : Nat) ≠ 0 from by omega,
      show (256 : Nat) ≠ 0 from by omega, ite_false]

Note: This linter can be disabled with `set_option linter.unusedSimpArgs false`
warning: denote/Denote.lean:8977:4: This simp argument is unused:
  Nat.add_zero

Hint: Omit it from the simp argument list.
  simp only [hhead, List.getD, List.getElem?_cons_zero, List.getElem?_cons_succ,
  ̵  ̵ ̵ ̵Option.getD_some,
  ̲  ̲ ̲ ̲List.drop, List.foldl, Nat.reduceMul, Nat.reduceAdd,
  ̵  ̵ ̵ ̵Nat.reduceDiv, Nat.reduceMod, Nat.div_one, ̵N̵a̵t̵.̵m̵o̵d̵_̵o̵n̵e̵,̵ ̵N̵a̵t̵.̵m̵u̵l̵_̵o̵n̵e̵,̵
      Nat.m̲o̲d̲_̲o̲n̲e̲,̲ ̲N̲ad̵d̵t̲.̲m̲u̲l̲_z̵o̲n̲er̵o̵, Nat.zero_add, show (8 : Nat) ≠ 0 from by omega,
      show (4 : Nat) ≠ 0 from by omega, show (2 : Nat) ≠ 0 from by omega,
      show (256 : Nat) ≠ 0 from by omega, ite_false]

Note: This linter can be disabled with `set_option linter.unusedSimpArgs false`
warning: denote/Denote.lean:8977:18: This simp argument is unused:
  Nat.zero_add

Hint: Omit it from the simp argument list.
  simp only [hhead, List.getD, List.getElem?_cons_zero, List.getElem?_cons_succ,
  ̵  ̵ ̵ ̵Option.getD_some,
  ̲  ̲ ̲ ̲List.drop, List.foldl, Nat.reduceMul, Nat.reduceAdd,
  ̵  ̵ ̵ ̵Nat.reduceDiv, Nat.reduceMod, Nat.div_one, ̵N̵a̵t̵.̵m̵o̵d̵_̵o̵n̵e̵,̵ ̵N̵a̵t̵.̵m̵u̵l̵_̵o̵n̵e̵,̵
      Nat.m̲o̲d̲_̲o̲n̲e̲,̲ ̲N̲ad̵d̵t̲.̲m̲u̲l̲_z̵o̲n̲er̵o̵, Nat.z̵e̵r̵o̵_̵add_̲z̲e̲r̲o̲, show (8 : Nat) ≠ 0 from by omega,
      show (4 : Nat) ≠ 0 from by omega, show (2 : Nat) ≠ 0 from by omega,
      show (256 : Nat) ≠ 0 from by omega, ite_false]

Note: This linter can be disabled with `set_option linter.unusedSimpArgs false`
warning: denote/Denote.lean:8978:4: This simp argument is unused:
  show (4 : Nat) ≠ 0 from by omega

Hint: Omit it from the simp argument list.
  simp only [hhead, List.getD, List.getElem?_cons_zero, List.getElem?_cons_succ,
  ̵  ̵ ̵ ̵Option.getD_some,
  ̲  ̲ ̲ ̲List.drop, List.foldl, Nat.reduceMul, Nat.reduceAdd,
  ̵  ̵ ̵ ̵Nat.reduceDiv, Nat.reduceMod, Nat.div_one,
  ̲  ̲ ̲ ̲Nat.mod_one, Nat.mul_one,
  ̵  ̵ ̵ ̵Nat.add_zero, Nat.zero_add, show (8 : Nat) ≠ 0 from by omega,
      show (4̵ ̵:̵ ̵N̵a̵t̵)̵ ̵≠̵ ̵0̵ ̵f̵r̵o̵m̵ ̵b̵y̵ ̵o̵m̵e̵g̵a̵,̵ ̵s̵h̵o̵w̵ ̵(̵2 : Nat) ≠ 0 from by omega,
  ̵  ̵ ̵ ̵show (256 : Nat) ≠ 0 from by omega, ite_false]

Note: This linter can be disabled with `set_option linter.unusedSimpArgs false`
warning: denote/Denote.lean:8979:4: This simp argument is unused:
  show (256 : Nat) ≠ 0 from by omega

Hint: Omit it from the simp argument list.
  simp only [hhead, List.getD, List.getElem?_cons_zero, List.getElem?_cons_succ,
  ̵  ̵ ̵ ̵Option.getD_some,
  ̲  ̲ ̲ ̲List.drop, List.foldl, Nat.reduceMul, Nat.reduceAdd,
  ̵  ̵ ̵ ̵Nat.reduceDiv, Nat.reduceMod, Nat.div_one,
  ̲  ̲ ̲ ̲Nat.mod_one, Nat.mul_one,
  ̵  ̵ ̵ ̵Nat.add_zero, Nat.zero_add, show (8 : Nat) ≠ 0 from by omega,
      show (4 : Nat) ≠ 0 from by omega, show (2 : Nat) ≠ 0 from by omega,
  ̵  ̵ ̵ ̵s̵h̵o̵w̵ ̵(̵2̵5̵6̵ ̵:̵ ̵N̵a̵t̵)̵ ̵≠̵ ̵0̵ ̵f̵r̵o̵m̵ ̵b̵y̵ ̵o̵m̵e̵g̵a̵,̵ ̵ite_false]

Note: This linter can be disabled with `set_option linter.unusedSimpArgs false`
warning: denote/Denote.lean:8960:0: Please, add a comment explaining the need for modifying the maxHeartbeat limit, as in
set_option maxHeartbeats 3200000 in
-- reason for change
...

Note: This linter can be disabled with `set_option linter.style.maxHeartbeats false`
warning: denote/Denote.lean:8998:10: Used `tac1 <;> tac2` where `(tac1; tac2)` would suffice

Note: This linter can be disabled with `set_option linter.unnecessarySeqFocus false`
warning: denote/Denote.lean:9055:23: This simp argument is unused:
  List.getElem?_cons_zero

Hint: Omit it from the simp argument list.
  simp [List.getD, L̵i̵s̵t̵.̵g̵e̵t̵E̵l̵e̵m̵?̵_̵c̵o̵n̵s̵_̵z̵e̵r̵o̵,̵ ̵List.getElem?_cons_succ]

Note: This linter can be disabled with `set_option linter.unusedSimpArgs false`
warning: denote/Denote.lean:9055:48: This simp argument is unused:
  List.getElem?_cons_succ

Hint: Omit it from the simp argument list.
  simp [List.getD, List.getElem?_cons_zero,̵ ̵L̵i̵s̵t̵.̵g̵e̵t̵E̵l̵e̵m̵?̵_̵c̵o̵n̵s̵_̵s̵u̵c̵c̵]

Note: This linter can be disabled with `set_option linter.unusedSimpArgs false`
warning: denote/Denote.lean:9116:23: This simp argument is unused:
  List.getElem?_cons_zero

Hint: Omit it from the simp argument list.
  simp [List.getD, L̵i̵s̵t̵.̵g̵e̵t̵E̵l̵e̵m̵?̵_̵c̵o̵n̵s̵_̵z̵e̵r̵o̵,̵ ̵List.getElem?_cons_succ]

Note: This linter can be disabled with `set_option linter.unusedSimpArgs false`
warning: denote/Denote.lean:9116:48: This simp argument is unused:
  List.getElem?_cons_succ

Hint: Omit it from the simp argument list.
  simp [List.getD, List.getElem?_cons_zero,̵ ̵L̵i̵s̵t̵.̵g̵e̵t̵E̵l̵e̵m̵?̵_̵c̵o̵n̵s̵_̵s̵u̵c̵c̵]

Note: This linter can be disabled with `set_option linter.unusedSimpArgs false`
warning: denote/Denote.lean:9135:10: Used `tac1 <;> tac2` where `(tac1; tac2)` would suffice

Note: This linter can be disabled with `set_option linter.unnecessarySeqFocus false`
warning: denote/Denote.lean:9145:10: Used `tac1 <;> tac2` where `(tac1; tac2)` would suffice

Note: This linter can be disabled with `set_option linter.unnecessarySeqFocus false`
warning: denote/Denote.lean:9165:4: This simp argument is unused:
  Nat.reduceDiv

Hint: Omit it from the simp argument list.
  simp only [hhead, List.getD, List.getElem?_cons_zero, List.getElem?_cons_succ, Option.getD_some,
  ̲  ̲ ̲ ̲List.drop, List.foldl, Nat.reduceMul, Nat.reduceAdd, N̵a̵t̵.̵r̵e̵d̵u̵c̵e̵D̵i̵v̵,̵ ̵Nat.reduceMod, Nat.div_one, Nat.mod_one,
  ̲  ̲ ̲ ̲Nat.mul_one, Nat.add_zero, Nat.zero_add, show (8 : Nat) ≠ 0 from by omega,
      show (4 : Nat) ≠ 0 from by omega, show (2 : Nat) ≠ 0 from by omega,
      show (16 : Nat) ≠ 0 from by omega, show (64 : Nat) ≠ 0 from by omega,
      show (256 : Nat) ≠ 0 from by omega, ite_false]

Note: This linter can be disabled with `set_option linter.unusedSimpArgs false`
warning: denote/Denote.lean:9165:19: This simp argument is unused:
  Nat.reduceMod

Hint: Omit it from the simp argument list.
  simp only [hhead, List.getD, List.getElem?_cons_zero, List.getElem?_cons_succ,
  ̵  ̵ ̵ ̵Option.getD_some,
  ̲  ̲ ̲ ̲List.drop, List.foldl, Nat.reduceMul, Nat.reduceAdd,
  ̵  ̵ ̵ ̵Nat.reduceDiv, Nat.r̵e̵du̵c̵e̵M̵o̵d̵,̵ ̵N̵a̵t̵.̵d̵iv_one, Nat.mod_one,
  ̲  ̲ ̲ ̲Nat.mul_one,
  ̵  ̵ ̵ ̵Nat.add_zero, Nat.zero_add, show (8 : Nat) ≠ 0 from by omega,
      show (4 : Nat) ≠ 0 from by omega, show (2 : Nat) ≠ 0 from by omega,
      show (16 : Nat) ≠ 0 from by omega, show (64 : Nat) ≠ 0 from by omega,
      show (256 : Nat) ≠ 0 from by omega, ite_false]

Note: This linter can be disabled with `set_option linter.unusedSimpArgs false`
warning: denote/Denote.lean:9165:34: This simp argument is unused:
  Nat.div_one

Hint: Omit it from the simp argument list.
  simp only [hhead, List.getD, List.getElem?_cons_zero, List.getElem?_cons_succ,
  ̵  ̵ ̵ ̵Option.getD_some,
  ̲  ̲ ̲ ̲List.drop, List.foldl, Nat.reduceMul, Nat.reduceAdd,
  ̵  ̵ ̵ ̵Nat.reduceDiv, Nat.reduceMod, Nat.d̵i̵v̵_̵o̵n̵e̵,̵ ̵N̵a̵t̵.̵mod_one, ̵N̵a̵t̵.̵m̵u̵l̵_̵o̵n̵e̵,̵
      Nat.m̲u̲l̲_̲o̲n̲e̲,̲ ̲N̲at̲.̲a̲dd_zero, Nat.zero_add, show (8 : Nat) ≠ 0 from by omega,
      show (4 : Nat) ≠ 0 from by omega, show (2 : Nat) ≠ 0 from by omega,
      show (16 : Nat) ≠ 0 from by omega, show (64 : Nat) ≠ 0 from by omega,
      show (256 : Nat) ≠ 0 from by omega, ite_false]

Note: This linter can be disabled with `set_option linter.unusedSimpArgs false`
warning: denote/Denote.lean:9165:47: This simp argument is unused:
  Nat.mod_one

Hint: Omit it from the simp argument list.
  simp only [hhead, List.getD, List.getElem?_cons_zero, List.getElem?_cons_succ,
  ̵  ̵ ̵ ̵Option.getD_some,
  ̲  ̲ ̲ ̲List.drop, List.foldl, Nat.reduceMul, Nat.reduceAdd,
  ̵  ̵ ̵ ̵Nat.reduceDiv, Nat.reduceMod, Nat.div_one, ̵N̵a̵t̵.̵m̵o̵d̵_̵o̵n̵e̵,̵ ̵N̵a̵t̵.̵m̵u̵l̵_̵o̵n̵e̵,̵
      Nat.m̲u̲l̲_̲o̲n̲e̲,̲ ̲N̲at̲.̲a̲dd_zero, Nat.zero_add, show (8 : Nat) ≠ 0 from by omega,
      show (4 : Nat) ≠ 0 from by omega, show (2 : Nat) ≠ 0 from by omega,
      show (16 : Nat) ≠ 0 from by omega, show (64 : Nat) ≠ 0 from by omega,
      show (256 : Nat) ≠ 0 from by omega, ite_false]

Note: This linter can be disabled with `set_option linter.unusedSimpArgs false`
warning: denote/Denote.lean:9165:60: This simp argument is unused:
  Nat.mul_one

Hint: Omit it from the simp argument list.
  simp only [hhead, List.getD, List.getElem?_cons_zero, List.getElem?_cons_succ,
  ̵  ̵ ̵ ̵Option.getD_some,
  ̲  ̲ ̲ ̲List.drop, List.foldl, Nat.reduceMul, Nat.reduceAdd,
  ̵  ̵ ̵ ̵Nat.reduceDiv, Nat.reduceMod, Nat.div_one,
  ̲  ̲ ̲ ̲Nat.mod_one, Nat.m̵u̵l̵_̵o̵n̵e̵,̵
  ̵ ̵ ̵ ̵ ̵N̵at̵.̵a̵dd_zero, Nat.zero_add, show (8 : Nat) ≠ 0 from by omega,
      show (4 : Nat) ≠ 0 from by omega, show (2 : Nat) ≠ 0 from by omega,
      show (16 : Nat) ≠ 0 from by omega, show (64 : Nat) ≠ 0 from by omega,
      show (256 : Nat) ≠ 0 from by omega, ite_false]

Note: This linter can be disabled with `set_option linter.unusedSimpArgs false`
warning: denote/Denote.lean:9166:4: This simp argument is unused:
  Nat.add_zero

Hint: Omit it from the simp argument list.
  simp only [hhead, List.getD, List.getElem?_cons_zero, List.getElem?_cons_succ,
  ̵  ̵ ̵ ̵Option.getD_some,
  ̲  ̲ ̲ ̲List.drop, List.foldl, Nat.reduceMul, Nat.reduceAdd,
  ̵  ̵ ̵ ̵Nat.reduceDiv, Nat.reduceMod, Nat.div_one, ̵N̵a̵t̵.̵m̵o̵d̵_̵o̵n̵e̵,̵ ̵N̵a̵t̵.̵m̵u̵l̵_̵o̵n̵e̵,̵
      Nat.m̲o̲d̲_̲o̲n̲e̲,̲ ̲N̲ad̵d̵t̲.̲m̲u̲l̲_z̵o̲n̲er̵o̵, Nat.zero_add, show (8 : Nat) ≠ 0 from by omega,
      show (4 : Nat) ≠ 0 from by omega, show (2 : Nat) ≠ 0 from by omega,
      show (16 : Nat) ≠ 0 from by omega, show (64 : Nat) ≠ 0 from by omega,
      show (256 : Nat) ≠ 0 from by omega, ite_false]

Note: This linter can be disabled with `set_option linter.unusedSimpArgs false`
warning: denote/Denote.lean:9166:18: This simp argument is unused:
  Nat.zero_add

Hint: Omit it from the simp argument list.
  simp only [hhead, List.getD, List.getElem?_cons_zero, List.getElem?_cons_succ,
  ̵  ̵ ̵ ̵Option.getD_some,
  ̲  ̲ ̲ ̲List.drop, List.foldl, Nat.reduceMul, Nat.reduceAdd,
  ̵  ̵ ̵ ̵Nat.reduceDiv, Nat.reduceMod, Nat.div_one, ̵N̵a̵t̵.̵m̵o̵d̵_̵o̵n̵e̵,̵ ̵N̵a̵t̵.̵m̵u̵l̵_̵o̵n̵e̵,̵
      Nat.m̲o̲d̲_̲o̲n̲e̲,̲ ̲N̲ad̵d̵t̲.̲m̲u̲l̲_z̵o̲n̲er̵o̵, Nat.z̵e̵r̵o̵_̵add_̲z̲e̲r̲o̲, show (8 : Nat) ≠ 0 from by omega,
      show (4 : Nat) ≠ 0 from by omega, show (2 : Nat) ≠ 0 from by omega,
      show (16 : Nat) ≠ 0 from by omega, show (64 : Nat) ≠ 0 from by omega,
      show (256 : Nat) ≠ 0 from by omega, ite_false]

Note: This linter can be disabled with `set_option linter.unusedSimpArgs false`
warning: denote/Denote.lean:9167:4: This simp argument is unused:
  show (4 : Nat) ≠ 0 from by omega

Hint: Omit it from the simp argument list.
  simp only [hhead, List.getD, List.getElem?_cons_zero, List.getElem?_cons_succ,
  ̵  ̵ ̵ ̵Option.getD_some,
  ̲  ̲ ̲ ̲List.drop, List.foldl, Nat.reduceMul, Nat.reduceAdd,
  ̵  ̵ ̵ ̵Nat.reduceDiv, Nat.reduceMod, Nat.div_one,
  ̲  ̲ ̲ ̲Nat.mod_one, Nat.mul_one,
  ̵  ̵ ̵ ̵Nat.add_zero, Nat.zero_add, show (8 : Nat) ≠ 0 from by omega,
      show (4̵ ̵:̵ ̵N̵a̵t̵)̵ ̵≠̵ ̵0̵ ̵f̵r̵o̵m̵ ̵b̵y̵ ̵o̵m̵e̵g̵a̵,̵ ̵s̵h̵o̵w̵ ̵(̵2 : Nat) ≠ 0 from by omega,
  ̵  ̵ ̵ ̵show (16 : Nat) ≠ 0 from by omega,
  ̲  ̲ ̲ ̲show (64 : Nat) ≠ 0 from by omega,
  ̵  ̵ ̵ ̵show (256 : Nat) ≠ 0 from by omega, ite_false]

Note: This linter can be disabled with `set_option linter.unusedSimpArgs false`
warning: denote/Denote.lean:9168:4: This simp argument is unused:
  show (16 : Nat) ≠ 0 from by omega

Hint: Omit it from the simp argument list.
  simp only [hhead, List.getD, List.getElem?_cons_zero, List.getElem?_cons_succ,
  ̵  ̵ ̵ ̵Option.getD_some,
  ̲  ̲ ̲ ̲List.drop, List.foldl, Nat.reduceMul, Nat.reduceAdd,
  ̵  ̵ ̵ ̵Nat.reduceDiv, Nat.reduceMod, Nat.div_one,
  ̲  ̲ ̲ ̲Nat.mod_one, Nat.mul_one,
  ̵  ̵ ̵ ̵Nat.add_zero, Nat.zero_add, show (8 : Nat) ≠ 0 from by omega,
      show (4 : Nat) ≠ 0 from by omega, show (2 : Nat) ≠ 0 from by omega,
      show (1̵6 ̵:̵ ̵N̵a̵t̵)̵ ̵≠̵ ̵0̵ ̵f̵r̵o̵m̵ ̵b̵y̵ ̵o̵m̵e̵g̵a̵,̵ ̵s̵h̵o̵w̵ ̵(̵6̵4 : Nat) ≠ 0 from by omega,
  ̵  ̵ ̵ ̵show (256 : Nat) ≠ 0 from by omega, ite_false]

Note: This linter can be disabled with `set_option linter.unusedSimpArgs false`
warning: denote/Denote.lean:9169:4: This simp argument is unused:
  show (256 : Nat) ≠ 0 from by omega

Hint: Omit it from the simp argument list.
  simp only [hhead, List.getD, List.getElem?_cons_zero, List.getElem?_cons_succ,
  ̵  ̵ ̵ ̵Option.getD_some,
  ̲  ̲ ̲ ̲List.drop, List.foldl, Nat.reduceMul, Nat.reduceAdd,
  ̵  ̵ ̵ ̵Nat.reduceDiv, Nat.reduceMod, Nat.div_one,
  ̲  ̲ ̲ ̲Nat.mod_one, Nat.mul_one,
  ̵  ̵ ̵ ̵Nat.add_zero, Nat.zero_add, show (8 : Nat) ≠ 0 from by omega,
      show (4 : Nat) ≠ 0 from by omega, show (2 : Nat) ≠ 0 from by omega,
      show (16 : Nat) ≠ 0 from by omega, show (64 : Nat) ≠ 0 from by omega,
  ̵  ̵ ̵ ̵s̵h̵o̵w̵ ̵(̵2̵5̵6̵ ̵:̵ ̵N̵a̵t̵)̵ ̵≠̵ ̵0̵ ̵f̵r̵o̵m̵ ̵b̵y̵ ̵o̵m̵e̵g̵a̵,̵ ̵ite_false]

Note: This linter can be disabled with `set_option linter.unusedSimpArgs false`
warning: denote/Denote.lean:9229:23: This simp argument is unused:
  List.getElem?_cons_zero

Hint: Omit it from the simp argument list.
  simp [List.getD, L̵i̵s̵t̵.̵g̵e̵t̵E̵l̵e̵m̵?̵_̵c̵o̵n̵s̵_̵z̵e̵r̵o̵,̵ ̵List.getElem?_cons_succ]

Note: This linter can be disabled with `set_option linter.unusedSimpArgs false`
warning: denote/Denote.lean:9229:48: This simp argument is unused:
  List.getElem?_cons_succ

Hint: Omit it from the simp argument list.
  simp [List.getD, List.getElem?_cons_zero,̵ ̵L̵i̵s̵t̵.̵g̵e̵t̵E̵l̵e̵m̵?̵_̵c̵o̵n̵s̵_̵s̵u̵c̵c̵]

Note: This linter can be disabled with `set_option linter.unusedSimpArgs false`
warning: denote/Denote.lean:9248:10: Used `tac1 <;> tac2` where `(tac1; tac2)` would suffice

Note: This linter can be disabled with `set_option linter.unnecessarySeqFocus false`
warning: denote/Denote.lean:9267:10: Used `tac1 <;> tac2` where `(tac1; tac2)` would suffice

Note: This linter can be disabled with `set_option linter.unnecessarySeqFocus false`
warning: denote/Denote.lean:9286:4: This simp argument is unused:
  Nat.reduceDiv

Hint: Omit it from the simp argument list.
  simp only [hhead, List.getD, List.getElem?_cons_zero, List.getElem?_cons_succ, Option.getD_some,
  ̲  ̲ ̲ ̲List.drop, List.foldl, Nat.reduceMul, Nat.reduceAdd, N̵a̵t̵.̵r̵e̵d̵u̵c̵e̵D̵i̵v̵,̵ ̵Nat.reduceMod, Nat.div_one, Nat.mod_one,
  ̲  ̲ ̲ ̲Nat.mul_one, Nat.add_zero, Nat.zero_add, show (8 : Nat) ≠ 0 from by omega,
      show (4 : Nat) ≠ 0 from by omega, show (2 : Nat) ≠ 0 from by omega,
      show (256 : Nat) ≠ 0 from by omega, ite_false]

Note: This linter can be disabled with `set_option linter.unusedSimpArgs false`
warning: denote/Denote.lean:9286:19: This simp argument is unused:
  Nat.reduceMod

Hint: Omit it from the simp argument list.
  simp only [hhead, List.getD, List.getElem?_cons_zero, List.getElem?_cons_succ,
  ̵  ̵ ̵ ̵Option.getD_some,
  ̲  ̲ ̲ ̲List.drop, List.foldl, Nat.reduceMul, Nat.reduceAdd,
  ̵  ̵ ̵ ̵Nat.reduceDiv, Nat.r̵e̵du̵c̵e̵M̵o̵d̵,̵ ̵N̵a̵t̵.̵d̵iv_one, Nat.mod_one,
  ̲  ̲ ̲ ̲Nat.mul_one,
  ̵  ̵ ̵ ̵Nat.add_zero, Nat.zero_add, show (8 : Nat) ≠ 0 from by omega,
      show (4 : Nat) ≠ 0 from by omega, show (2 : Nat) ≠ 0 from by omega,
      show (256 : Nat) ≠ 0 from by omega, ite_false]

Note: This linter can be disabled with `set_option linter.unusedSimpArgs false`
warning: denote/Denote.lean:9287:4: This simp argument is unused:
  Nat.add_zero

Hint: Omit it from the simp argument list.
  simp only [hhead, List.getD, List.getElem?_cons_zero, List.getElem?_cons_succ,
  ̵  ̵ ̵ ̵Option.getD_some,
  ̲  ̲ ̲ ̲List.drop, List.foldl, Nat.reduceMul, Nat.reduceAdd,
  ̵  ̵ ̵ ̵Nat.reduceDiv, Nat.reduceMod, Nat.div_one, ̵N̵a̵t̵.̵m̵o̵d̵_̵o̵n̵e̵,̵ ̵N̵a̵t̵.̵m̵u̵l̵_̵o̵n̵e̵,̵
      Nat.m̲o̲d̲_̲o̲n̲e̲,̲ ̲N̲ad̵d̵t̲.̲m̲u̲l̲_z̵o̲n̲er̵o̵, Nat.zero_add, show (8 : Nat) ≠ 0 from by omega,
      show (4 : Nat) ≠ 0 from by omega, show (2 : Nat) ≠ 0 from by omega,
      show (256 : Nat) ≠ 0 from by omega, ite_false]

Note: This linter can be disabled with `set_option linter.unusedSimpArgs false`
warning: denote/Denote.lean:9287:18: This simp argument is unused:
  Nat.zero_add

Hint: Omit it from the simp argument list.
  simp only [hhead, List.getD, List.getElem?_cons_zero, List.getElem?_cons_succ,
  ̵  ̵ ̵ ̵Option.getD_some,
  ̲  ̲ ̲ ̲List.drop, List.foldl, Nat.reduceMul, Nat.reduceAdd,
  ̵  ̵ ̵ ̵Nat.reduceDiv, Nat.reduceMod, Nat.div_one, ̵N̵a̵t̵.̵m̵o̵d̵_̵o̵n̵e̵,̵ ̵N̵a̵t̵.̵m̵u̵l̵_̵o̵n̵e̵,̵
      Nat.m̲o̲d̲_̲o̲n̲e̲,̲ ̲N̲ad̵d̵t̲.̲m̲u̲l̲_z̵o̲n̲er̵o̵, Nat.z̵e̵r̵o̵_̵add_̲z̲e̲r̲o̲, show (8 : Nat) ≠ 0 from by omega,
      show (4 : Nat) ≠ 0 from by omega, show (2 : Nat) ≠ 0 from by omega,
      show (256 : Nat) ≠ 0 from by omega, ite_false]

Note: This linter can be disabled with `set_option linter.unusedSimpArgs false`
warning: denote/Denote.lean:9288:4: This simp argument is unused:
  show (4 : Nat) ≠ 0 from by omega

Hint: Omit it from the simp argument list.
  simp only [hhead, List.getD, List.getElem?_cons_zero, List.getElem?_cons_succ,
  ̵  ̵ ̵ ̵Option.getD_some,
  ̲  ̲ ̲ ̲List.drop, List.foldl, Nat.reduceMul, Nat.reduceAdd,
  ̵  ̵ ̵ ̵Nat.reduceDiv, Nat.reduceMod, Nat.div_one,
  ̲  ̲ ̲ ̲Nat.mod_one, Nat.mul_one,
  ̵  ̵ ̵ ̵Nat.add_zero, Nat.zero_add, show (8 : Nat) ≠ 0 from by omega,
      show (4̵ ̵:̵ ̵N̵a̵t̵)̵ ̵≠̵ ̵0̵ ̵f̵r̵o̵m̵ ̵b̵y̵ ̵o̵m̵e̵g̵a̵,̵ ̵s̵h̵o̵w̵ ̵(̵2 : Nat) ≠ 0 from by omega,
  ̵  ̵ ̵ ̵show (256 : Nat) ≠ 0 from by omega, ite_false]

Note: This linter can be disabled with `set_option linter.unusedSimpArgs false`
warning: denote/Denote.lean:9289:4: This simp argument is unused:
  show (256 : Nat) ≠ 0 from by omega

Hint: Omit it from the simp argument list.
  simp only [hhead, List.getD, List.getElem?_cons_zero, List.getElem?_cons_succ,
  ̵  ̵ ̵ ̵Option.getD_some,
  ̲  ̲ ̲ ̲List.drop, List.foldl, Nat.reduceMul, Nat.reduceAdd,
  ̵  ̵ ̵ ̵Nat.reduceDiv, Nat.reduceMod, Nat.div_one,
  ̲  ̲ ̲ ̲Nat.mod_one, Nat.mul_one,
  ̵  ̵ ̵ ̵Nat.add_zero, Nat.zero_add, show (8 : Nat) ≠ 0 from by omega,
      show (4 : Nat) ≠ 0 from by omega, show (2 : Nat) ≠ 0 from by omega,
  ̵  ̵ ̵ ̵s̵h̵o̵w̵ ̵(̵2̵5̵6̵ ̵:̵ ̵N̵a̵t̵)̵ ̵≠̵ ̵0̵ ̵f̵r̵o̵m̵ ̵b̵y̵ ̵o̵m̵e̵g̵a̵,̵ ̵ite_false]

Note: This linter can be disabled with `set_option linter.unusedSimpArgs false`
warning: denote/Denote.lean:9345:23: This simp argument is unused:
  List.getElem?_cons_zero

Hint: Omit it from the simp argument list.
  simp [List.getD, L̵i̵s̵t̵.̵g̵e̵t̵E̵l̵e̵m̵?̵_̵c̵o̵n̵s̵_̵z̵e̵r̵o̵,̵ ̵List.getElem?_cons_succ]

Note: This linter can be disabled with `set_option linter.unusedSimpArgs false`
warning: denote/Denote.lean:9345:48: This simp argument is unused:
  List.getElem?_cons_succ

Hint: Omit it from the simp argument list.
  simp [List.getD, List.getElem?_cons_zero,̵ ̵L̵i̵s̵t̵.̵g̵e̵t̵E̵l̵e̵m̵?̵_̵c̵o̵n̵s̵_̵s̵u̵c̵c̵]

Note: This linter can be disabled with `set_option linter.unusedSimpArgs false`
warning: denote/Denote.lean:9356:0: Please, add a comment explaining the need for modifying the maxHeartbeat limit, as in
set_option maxHeartbeats 3200000 in
-- reason for change
...

Note: This linter can be disabled with `set_option linter.style.maxHeartbeats false`
warning: denote/Denote.lean:9361:10: Used `tac1 <;> tac2` where `(tac1; tac2)` would suffice

Note: This linter can be disabled with `set_option linter.unnecessarySeqFocus false`
warning: denote/Denote.lean:9363:0: Please, add a comment explaining the need for modifying the maxHeartbeat limit, as in
set_option maxHeartbeats 3200000 in
-- reason for change
...

Note: This linter can be disabled with `set_option linter.style.maxHeartbeats false`
warning: denote/Denote.lean:9369:10: Used `tac1 <;> tac2` where `(tac1; tac2)` would suffice

Note: This linter can be disabled with `set_option linter.unnecessarySeqFocus false`
warning: denote/Denote.lean:9385:4: This simp argument is unused:
  Nat.reduceDiv

Hint: Omit it from the simp argument list.
  simp only [hhead, List.getD, List.getElem?_cons_zero, List.getElem?_cons_succ, Option.getD_some,
  ̲  ̲ ̲ ̲List.drop, List.foldl, Nat.reduceMul, Nat.reduceAdd, N̵a̵t̵.̵r̵e̵d̵u̵c̵e̵D̵i̵v̵,̵ ̵Nat.reduceMod, Nat.div_one, Nat.mod_one,
  ̲  ̲ ̲ ̲Nat.mul_one, Nat.add_zero, Nat.zero_add, show (1 : Nat) ≠ 0 from by omega,
      show (64 : Nat) ≠ 0 from by omega, show (256 : Nat) ≠ 0 from by omega, ite_false]

Note: This linter can be disabled with `set_option linter.unusedSimpArgs false`
warning: denote/Denote.lean:9385:19: This simp argument is unused:
  Nat.reduceMod

Hint: Omit it from the simp argument list.
  simp only [hhead, List.getD, List.getElem?_cons_zero, List.getElem?_cons_succ,
  ̵  ̵ ̵ ̵Option.getD_some,
  ̲  ̲ ̲ ̲List.drop, List.foldl, Nat.reduceMul, Nat.reduceAdd,
  ̵  ̵ ̵ ̵Nat.reduceDiv, Nat.r̵e̵du̵c̵e̵M̵o̵d̵,̵ ̵N̵a̵t̵.̵d̵iv_one, Nat.mod_one,
  ̲  ̲ ̲ ̲Nat.mul_one,
  ̵  ̵ ̵ ̵Nat.add_zero, Nat.zero_add, show (1 : Nat) ≠ 0 from by omega,
      show (64 : Nat) ≠ 0 from by omega, show (256 : Nat) ≠ 0 from by omega, ite_false]

Note: This linter can be disabled with `set_option linter.unusedSimpArgs false`
warning: denote/Denote.lean:9385:60: This simp argument is unused:
  Nat.mul_one

Hint: Omit it from the simp argument list.
  simp only [hhead, List.getD, List.getElem?_cons_zero, List.getElem?_cons_succ,
  ̵  ̵ ̵ ̵Option.getD_some,
  ̲  ̲ ̲ ̲List.drop, List.foldl, Nat.reduceMul, Nat.reduceAdd,
  ̵  ̵ ̵ ̵Nat.reduceDiv, Nat.reduceMod, Nat.div_one,
  ̲  ̲ ̲ ̲Nat.mod_one, Nat.m̵u̵l̵_̵o̵n̵e̵,̵
  ̵ ̵ ̵ ̵ ̵N̵at̵.̵a̵dd_zero, Nat.zero_add, show (1 : Nat) ≠ 0 from by omega,
      show (64 : Nat) ≠ 0 from by omega, show (256 : Nat) ≠ 0 from by omega, ite_false]

Note: This linter can be disabled with `set_option linter.unusedSimpArgs false`
warning: denote/Denote.lean:9386:18: This simp argument is unused:
  Nat.zero_add

Hint: Omit it from the simp argument list.
  simp only [hhead, List.getD, List.getElem?_cons_zero, List.getElem?_cons_succ,
  ̵  ̵ ̵ ̵Option.getD_some,
  ̲  ̲ ̲ ̲List.drop, List.foldl, Nat.reduceMul, Nat.reduceAdd,
  ̵  ̵ ̵ ̵Nat.reduceDiv, Nat.reduceMod, Nat.div_one, ̵N̵a̵t̵.̵m̵o̵d̵_̵o̵n̵e̵,̵ ̵N̵a̵t̵.̵m̵u̵l̵_̵o̵n̵e̵,̵
      Nat.m̲o̲d̲_̲o̲n̲e̲,̲ ̲N̲ad̵d̵t̲.̲m̲u̲l̲_z̵o̲n̲er̵o̵, Nat.z̵e̵r̵o̵_̵add_̲z̲e̲r̲o̲, show (1 : Nat) ≠ 0 from by omega,
      show (64 : Nat) ≠ 0 from by omega, show (256 : Nat) ≠ 0 from by omega, ite_false]

Note: This linter can be disabled with `set_option linter.unusedSimpArgs false`
warning: denote/Denote.lean:9371:0: Please, add a comment explaining the need for modifying the maxHeartbeat limit, as in
set_option maxHeartbeats 3200000 in
-- reason for change
...

Note: This linter can be disabled with `set_option linter.style.maxHeartbeats false`
warning: denote/Denote.lean:9421:4: This simp argument is unused:
  Nat.reduceDiv

Hint: Omit it from the simp argument list.
  simp only [hhead, List.getD, List.getElem?_cons_zero, List.getElem?_cons_succ, Option.getD_some,
  ̲  ̲ ̲ ̲List.drop, List.foldl, Nat.reduceMul, Nat.reduceAdd, N̵a̵t̵.̵r̵e̵d̵u̵c̵e̵D̵i̵v̵,̵ ̵Nat.reduceMod, Nat.div_one, Nat.mod_one,
  ̲  ̲ ̲ ̲Nat.mul_one, Nat.add_zero, Nat.zero_add, show (1 : Nat) ≠ 0 from by omega,
      show (8 : Nat) ≠ 0 from by omega, show (32 : Nat) ≠ 0 from by omega,
      show (256 : Nat) ≠ 0 from by omega, ite_false]

Note: This linter can be disabled with `set_option linter.unusedSimpArgs false`
warning: denote/Denote.lean:9421:19: This simp argument is unused:
  Nat.reduceMod

Hint: Omit it from the simp argument list.
  simp only [hhead, List.getD, List.getElem?_cons_zero, List.getElem?_cons_succ,
  ̵  ̵ ̵ ̵Option.getD_some,
  ̲  ̲ ̲ ̲List.drop, List.foldl, Nat.reduceMul, Nat.reduceAdd,
  ̵  ̵ ̵ ̵Nat.reduceDiv, Nat.r̵e̵du̵c̵e̵M̵o̵d̵,̵ ̵N̵a̵t̵.̵d̵iv_one, Nat.mod_one,
  ̲  ̲ ̲ ̲Nat.mul_one,
  ̵  ̵ ̵ ̵Nat.add_zero, Nat.zero_add, show (1 : Nat) ≠ 0 from by omega,
      show (8 : Nat) ≠ 0 from by omega, show (32 : Nat) ≠ 0 from by omega,
      show (256 : Nat) ≠ 0 from by omega, ite_false]

Note: This linter can be disabled with `set_option linter.unusedSimpArgs false`
warning: denote/Denote.lean:9421:60: This simp argument is unused:
  Nat.mul_one

Hint: Omit it from the simp argument list.
  simp only [hhead, List.getD, List.getElem?_cons_zero, List.getElem?_cons_succ,
  ̵  ̵ ̵ ̵Option.getD_some,
  ̲  ̲ ̲ ̲List.drop, List.foldl, Nat.reduceMul, Nat.reduceAdd,
  ̵  ̵ ̵ ̵Nat.reduceDiv, Nat.reduceMod, Nat.div_one,
  ̲  ̲ ̲ ̲Nat.mod_one, Nat.m̵u̵l̵_̵o̵n̵e̵,̵
  ̵ ̵ ̵ ̵ ̵N̵at̵.̵a̵dd_zero, Nat.zero_add, show (1 : Nat) ≠ 0 from by omega,
      show (8 : Nat) ≠ 0 from by omega, show (32 : Nat) ≠ 0 from by omega,
      show (256 : Nat) ≠ 0 from by omega, ite_false]

Note: This linter can be disabled with `set_option linter.unusedSimpArgs false`
warning: denote/Denote.lean:9422:18: This simp argument is unused:
  Nat.zero_add

Hint: Omit it from the simp argument list.
  simp only [hhead, List.getD, List.getElem?_cons_zero, List.getElem?_cons_succ,
  ̵  ̵ ̵ ̵Option.getD_some,
  ̲  ̲ ̲ ̲List.drop, List.foldl, Nat.reduceMul, Nat.reduceAdd,
  ̵  ̵ ̵ ̵Nat.reduceDiv, Nat.reduceMod, Nat.div_one, ̵N̵a̵t̵.̵m̵o̵d̵_̵o̵n̵e̵,̵ ̵N̵a̵t̵.̵m̵u̵l̵_̵o̵n̵e̵,̵
      Nat.m̲o̲d̲_̲o̲n̲e̲,̲ ̲N̲ad̵d̵t̲.̲m̲u̲l̲_z̵o̲n̲er̵o̵, Nat.z̵e̵r̵o̵_̵add_̲z̲e̲r̲o̲, show (1 : Nat) ≠ 0 from by omega,
      show (8 : Nat) ≠ 0 from by omega, show (32 : Nat) ≠ 0 from by omega,
      show (256 : Nat) ≠ 0 from by omega, ite_false]

Note: This linter can be disabled with `set_option linter.unusedSimpArgs false`
warning: denote/Denote.lean:9424:4: This simp argument is unused:
  show (256 : Nat) ≠ 0 from by omega

Hint: Omit it from the simp argument list.
  simp only [hhead, List.getD, List.getElem?_cons_zero, List.getElem?_cons_succ,
  ̵  ̵ ̵ ̵Option.getD_some,
  ̲  ̲ ̲ ̲List.drop, List.foldl, Nat.reduceMul, Nat.reduceAdd,
  ̵  ̵ ̵ ̵Nat.reduceDiv, Nat.reduceMod, Nat.div_one,
  ̲  ̲ ̲ ̲Nat.mod_one, Nat.mul_one,
  ̵  ̵ ̵ ̵Nat.add_zero, Nat.zero_add, show (1 : Nat) ≠ 0 from by omega,
      show (8 : Nat) ≠ 0 from by omega, show (32 : Nat) ≠ 0 from by omega,
  ̵  ̵ ̵ ̵s̵h̵o̵w̵ ̵(̵2̵5̵6̵ ̵:̵ ̵N̵a̵t̵)̵ ̵≠̵ ̵0̵ ̵f̵r̵o̵m̵ ̵b̵y̵ ̵o̵m̵e̵g̵a̵,̵ ̵ite_false]

Note: This linter can be disabled with `set_option linter.unusedSimpArgs false`
warning: denote/Denote.lean:9403:0: Please, add a comment explaining the need for modifying the maxHeartbeat limit, as in
set_option maxHeartbeats 3200000 in
-- reason for change
...

Note: This linter can be disabled with `set_option linter.style.maxHeartbeats false`
warning: denote/Denote.lean:9425:10: Used `tac1 <;> tac2` where `(tac1; tac2)` would suffice

Note: This linter can be disabled with `set_option linter.unnecessarySeqFocus false`
warning: denote/Denote.lean:9441:4: This simp argument is unused:
  Nat.reduceDiv

Hint: Omit it from the simp argument list.
  simp only [hhead, List.getD, List.getElem?_cons_zero, List.getElem?_cons_succ, Option.getD_some,
  ̲  ̲ ̲ ̲List.drop, List.foldl, Nat.reduceMul, Nat.reduceAdd, N̵a̵t̵.̵r̵e̵d̵u̵c̵e̵D̵i̵v̵,̵ ̵Nat.reduceMod, Nat.div_one, Nat.mod_one,
  ̲  ̲ ̲ ̲Nat.mul_one, Nat.add_zero, Nat.zero_add, show (2 : Nat) ≠ 0 from by omega,
      show (4 : Nat) ≠ 0 from by omega, show (8 : Nat) ≠ 0 from by omega,
      show (32 : Nat) ≠ 0 from by omega, show (64 : Nat) ≠ 0 from by omega,
      show (256 : Nat) ≠ 0 from by omega, ite_false]

Note: This linter can be disabled with `set_option linter.unusedSimpArgs false`
warning: denote/Denote.lean:9441:19: This simp argument is unused:
  Nat.reduceMod

Hint: Omit it from the simp argument list.
  simp only [hhead, List.getD, List.getElem?_cons_zero, List.getElem?_cons_succ,
  ̵  ̵ ̵ ̵Option.getD_some,
  ̲  ̲ ̲ ̲List.drop, List.foldl, Nat.reduceMul, Nat.reduceAdd,
  ̵  ̵ ̵ ̵Nat.reduceDiv, Nat.r̵e̵du̵c̵e̵M̵o̵d̵,̵ ̵N̵a̵t̵.̵d̵iv_one, Nat.mod_one,
  ̲  ̲ ̲ ̲Nat.mul_one,
  ̵  ̵ ̵ ̵Nat.add_zero, Nat.zero_add, show (2 : Nat) ≠ 0 from by omega,
      show (4 : Nat) ≠ 0 from by omega, show (8 : Nat) ≠ 0 from by omega,
      show (32 : Nat) ≠ 0 from by omega, show (64 : Nat) ≠ 0 from by omega,
      show (256 : Nat) ≠ 0 from by omega, ite_false]

Note: This linter can be disabled with `set_option linter.unusedSimpArgs false`
warning: denote/Denote.lean:9441:34: This simp argument is unused:
  Nat.div_one

Hint: Omit it from the simp argument list.
  simp only [hhead, List.getD, List.getElem?_cons_zero, List.getElem?_cons_succ,
  ̵  ̵ ̵ ̵Option.getD_some,
  ̲  ̲ ̲ ̲List.drop, List.foldl, Nat.reduceMul, Nat.reduceAdd,
  ̵  ̵ ̵ ̵Nat.reduceDiv, Nat.reduceMod, Nat.d̵i̵v̵_̵o̵n̵e̵,̵ ̵N̵a̵t̵.̵mod_one, ̵N̵a̵t̵.̵m̵u̵l̵_̵o̵n̵e̵,̵
      Nat.m̲u̲l̲_̲o̲n̲e̲,̲ ̲N̲at̲.̲a̲dd_zero, Nat.zero_add, show (2 : Nat) ≠ 0 from by omega,
      show (4 : Nat) ≠ 0 from by omega, show (8 : Nat) ≠ 0 from by omega,
      show (32 : Nat) ≠ 0 from by omega, show (64 : Nat) ≠ 0 from by omega,
      show (256 : Nat) ≠ 0 from by omega, ite_false]

Note: This linter can be disabled with `set_option linter.unusedSimpArgs false`
warning: denote/Denote.lean:9441:47: This simp argument is unused:
  Nat.mod_one

Hint: Omit it from the simp argument list.
  simp only [hhead, List.getD, List.getElem?_cons_zero, List.getElem?_cons_succ,
  ̵  ̵ ̵ ̵Option.getD_some,
  ̲  ̲ ̲ ̲List.drop, List.foldl, Nat.reduceMul, Nat.reduceAdd,
  ̵  ̵ ̵ ̵Nat.reduceDiv, Nat.reduceMod, Nat.div_one, ̵N̵a̵t̵.̵m̵o̵d̵_̵o̵n̵e̵,̵ ̵N̵a̵t̵.̵m̵u̵l̵_̵o̵n̵e̵,̵
      Nat.m̲u̲l̲_̲o̲n̲e̲,̲ ̲N̲at̲.̲a̲dd_zero, Nat.zero_add, show (2 : Nat) ≠ 0 from by omega,
      show (4 : Nat) ≠ 0 from by omega, show (8 : Nat) ≠ 0 from by omega,
      show (32 : Nat) ≠ 0 from by omega, show (64 : Nat) ≠ 0 from by omega,
      show (256 : Nat) ≠ 0 from by omega, ite_false]

Note: This linter can be disabled with `set_option linter.unusedSimpArgs false`
warning: denote/Denote.lean:9441:60: This simp argument is unused:
  Nat.mul_one

Hint: Omit it from the simp argument list.
  simp only [hhead, List.getD, List.getElem?_cons_zero, List.getElem?_cons_succ,
  ̵  ̵ ̵ ̵Option.getD_some,
  ̲  ̲ ̲ ̲List.drop, List.foldl, Nat.reduceMul, Nat.reduceAdd,
  ̵  ̵ ̵ ̵Nat.reduceDiv, Nat.reduceMod, Nat.div_one,
  ̲  ̲ ̲ ̲Nat.mod_one, Nat.m̵u̵l̵_̵o̵n̵e̵,̵
  ̵ ̵ ̵ ̵ ̵N̵at̵.̵a̵dd_zero, Nat.zero_add, show (2 : Nat) ≠ 0 from by omega,
      show (4 : Nat) ≠ 0 from by omega, show (8 : Nat) ≠ 0 from by omega,
      show (32 : Nat) ≠ 0 from by omega, show (64 : Nat) ≠ 0 from by omega,
      show (256 : Nat) ≠ 0 from by omega, ite_false]

Note: This linter can be disabled with `set_option linter.unusedSimpArgs false`
warning: denote/Denote.lean:9442:4: This simp argument is unused:
  Nat.add_zero

Hint: Omit it from the simp argument list.
  simp only [hhead, List.getD, List.getElem?_cons_zero, List.getElem?_cons_succ,
  ̵  ̵ ̵ ̵Option.getD_some,
  ̲  ̲ ̲ ̲List.drop, List.foldl, Nat.reduceMul, Nat.reduceAdd,
  ̵  ̵ ̵ ̵Nat.reduceDiv, Nat.reduceMod, Nat.div_one, ̵N̵a̵t̵.̵m̵o̵d̵_̵o̵n̵e̵,̵ ̵N̵a̵t̵.̵m̵u̵l̵_̵o̵n̵e̵,̵
      Nat.m̲o̲d̲_̲o̲n̲e̲,̲ ̲N̲ad̵d̵t̲.̲m̲u̲l̲_z̵o̲n̲er̵o̵, Nat.zero_add, show (2 : Nat) ≠ 0 from by omega,
      show (4 : Nat) ≠ 0 from by omega, show (8 : Nat) ≠ 0 from by omega,
      show (32 : Nat) ≠ 0 from by omega, show (64 : Nat) ≠ 0 from by omega,
      show (256 : Nat) ≠ 0 from by omega, ite_false]

Note: This linter can be disabled with `set_option linter.unusedSimpArgs false`
warning: denote/Denote.lean:9442:18: This simp argument is unused:
  Nat.zero_add

Hint: Omit it from the simp argument list.
  simp only [hhead, List.getD, List.getElem?_cons_zero, List.getElem?_cons_succ,
  ̵  ̵ ̵ ̵Option.getD_some,
  ̲  ̲ ̲ ̲List.drop, List.foldl, Nat.reduceMul, Nat.reduceAdd,
  ̵  ̵ ̵ ̵Nat.reduceDiv, Nat.reduceMod, Nat.div_one, ̵N̵a̵t̵.̵m̵o̵d̵_̵o̵n̵e̵,̵ ̵N̵a̵t̵.̵m̵u̵l̵_̵o̵n̵e̵,̵
      Nat.m̲o̲d̲_̲o̲n̲e̲,̲ ̲N̲ad̵d̵t̲.̲m̲u̲l̲_z̵o̲n̲er̵o̵, Nat.z̵e̵r̵o̵_̵add_̲z̲e̲r̲o̲, show (2 : Nat) ≠ 0 from by omega,
      show (4 : Nat) ≠ 0 from by omega, show (8 : Nat) ≠ 0 from by omega,
      show (32 : Nat) ≠ 0 from by omega, show (64 : Nat) ≠ 0 from by omega,
      show (256 : Nat) ≠ 0 from by omega, ite_false]

Note: This linter can be disabled with `set_option linter.unusedSimpArgs false`
warning: denote/Denote.lean:9443:4: This simp argument is unused:
  show (4 : Nat) ≠ 0 from by omega

Hint: Omit it from the simp argument list.
  simp only [hhead, List.getD, List.getElem?_cons_zero, List.getElem?_cons_succ,
  ̵  ̵ ̵ ̵Option.getD_some,
  ̲  ̲ ̲ ̲List.drop, List.foldl, Nat.reduceMul, Nat.reduceAdd,
  ̵  ̵ ̵ ̵Nat.reduceDiv, Nat.reduceMod, Nat.div_one,
  ̲  ̲ ̲ ̲Nat.mod_one, Nat.mul_one,
  ̵  ̵ ̵ ̵Nat.add_zero, Nat.zero_add, show (2 : Nat) ≠ 0 from by omega,
      show (4̵ ̵:̵ ̵N̵a̵t̵)̵ ̵≠̵ ̵0̵ ̵f̵r̵o̵m̵ ̵b̵y̵ ̵o̵m̵e̵g̵a̵,̵ ̵s̵h̵o̵w̵ ̵(̵8 : Nat) ≠ 0 from by omega,
  ̵  ̵ ̵ ̵show (32 : Nat) ≠ 0 from by omega,
  ̲  ̲ ̲ ̲show (64 : Nat) ≠ 0 from by omega,
  ̵  ̵ ̵ ̵show (256 : Nat) ≠ 0 from by omega, ite_false]

Note: This linter can be disabled with `set_option linter.unusedSimpArgs false`
warning: denote/Denote.lean:9443:38: This simp argument is unused:
  show (8 : Nat) ≠ 0 from by omega

Hint: Omit it from the simp argument list.
  simp only [hhead, List.getD, List.getElem?_cons_zero, List.getElem?_cons_succ,
  ̵  ̵ ̵ ̵Option.getD_some,
  ̲  ̲ ̲ ̲List.drop, List.foldl, Nat.reduceMul, Nat.reduceAdd,
  ̵  ̵ ̵ ̵Nat.reduceDiv, Nat.reduceMod, Nat.div_one,
  ̲  ̲ ̲ ̲Nat.mod_one, Nat.mul_one,
  ̵  ̵ ̵ ̵Nat.add_zero, Nat.zero_add, show (2 : Nat) ≠ 0 from by omega,
      show (4 : Nat) ≠ 0 from by omega, show (8̵ ̵:̵ ̵N̵a̵t̵)̵ ̵≠̵ ̵0̵ ̵f̵r̵o̵m̵ ̵b̵y̵ ̵o̵m̵e̵g̵a̵,̵
  ̵ ̵ ̵ ̵ ̵s̵h̵o̵w̵ ̵(̵32 : Nat) ≠ 0 from by omega,
  ̲  ̲ ̲ ̲show (64 : Nat) ≠ 0 from by omega,
  ̵  ̵ ̵ ̵show (256 : Nat) ≠ 0 from by omega, ite_false]

Note: This linter can be disabled with `set_option linter.unusedSimpArgs false`
warning: denote/Denote.lean:9444:39: This simp argument is unused:
  show (64 : Nat) ≠ 0 from by omega

Hint: Omit it from the simp argument list.
  simp only [hhead, List.getD, List.getElem?_cons_zero, List.getElem?_cons_succ,
  ̵  ̵ ̵ ̵Option.getD_some,
  ̲  ̲ ̲ ̲List.drop, List.foldl, Nat.reduceMul, Nat.reduceAdd,
  ̵  ̵ ̵ ̵Nat.reduceDiv, Nat.reduceMod, Nat.div_one,
  ̲  ̲ ̲ ̲Nat.mod_one, Nat.mul_one,
  ̵  ̵ ̵ ̵Nat.add_zero, Nat.zero_add, show (2 : Nat) ≠ 0 from by omega,
      show (4 : Nat) ≠ 0 from by omega, show (8 : Nat) ≠ 0 from by omega,
      show (32 : Nat) ≠ 0 from by omega, show (6̵4̵ ̵:̵ ̵N̵a̵t̵)̵ ̵≠̵ ̵0̵ ̵f̵r̵o̵m̵ ̵b̵y̵ ̵o̵m̵e̵g̵a̵,̵
  ̵ ̵ ̵ ̵ ̵s̵h̵o̵w̵ ̵(̵256 : Nat) ≠ 0 from by omega, ite_false]

Note: This linter can be disabled with `set_option linter.unusedSimpArgs false`
warning: denote/Denote.lean:9427:0: Please, add a comment explaining the need for modifying the maxHeartbeat limit, as in
set_option maxHeartbeats 3200000 in
-- reason for change
...

Note: This linter can be disabled with `set_option linter.style.maxHeartbeats false`
warning: denote/Denote.lean:9501:23: This simp argument is unused:
  List.getElem?_cons_zero

Hint: Omit it from the simp argument list.
  simp [List.getD, L̵i̵s̵t̵.̵g̵e̵t̵E̵l̵e̵m̵?̵_̵c̵o̵n̵s̵_̵z̵e̵r̵o̵,̵ ̵List.getElem?_cons_succ]

Note: This linter can be disabled with `set_option linter.unusedSimpArgs false`
warning: denote/Denote.lean:9501:48: This simp argument is unused:
  List.getElem?_cons_succ

Hint: Omit it from the simp argument list.
  simp [List.getD, List.getElem?_cons_zero,̵ ̵L̵i̵s̵t̵.̵g̵e̵t̵E̵l̵e̵m̵?̵_̵c̵o̵n̵s̵_̵s̵u̵c̵c̵]

Note: This linter can be disabled with `set_option linter.unusedSimpArgs false`
warning: denote/Denote.lean:9508:23: This simp argument is unused:
  List.getElem?_cons_zero

Hint: Omit it from the simp argument list.
  simp [List.getD, L̵i̵s̵t̵.̵g̵e̵t̵E̵l̵e̵m̵?̵_̵c̵o̵n̵s̵_̵z̵e̵r̵o̵,̵ ̵List.getElem?_cons_succ, hp0, hp1, hp2, hp3, zeroTensor]

Note: This linter can be disabled with `set_option linter.unusedSimpArgs false`
warning: denote/Denote.lean:9508:48: This simp argument is unused:
  List.getElem?_cons_succ

Hint: Omit it from the simp argument list.
  simp [List.getD, List.getElem?_cons_zero, L̵i̵s̵t̵.̵g̵e̵t̵E̵l̵e̵m̵?̵_̵c̵o̵n̵s̵_̵s̵u̵c̵c̵,̵
  ̵ ̵ ̵ ̵ ̵ ̵ ̵ ̵ ̵hp0, hp1, hp2, hp3, zeroTensor]

Note: This linter can be disabled with `set_option linter.unusedSimpArgs false`
warning: denote/Denote.lean:9456:0: Please, add a comment explaining the need for modifying the maxHeartbeat limit, as in
set_option maxHeartbeats 3200000 in
-- reason for change
...

Note: This linter can be disabled with `set_option linter.style.maxHeartbeats false`
warning: denote/Denote.lean:9567:23: This simp argument is unused:
  List.getElem?_cons_zero

Hint: Omit it from the simp argument list.
  simp [List.getD, L̵i̵s̵t̵.̵g̵e̵t̵E̵l̵e̵m̵?̵_̵c̵o̵n̵s̵_̵z̵e̵r̵o̵,̵ ̵List.getElem?_cons_succ, hp0, hp1, hp2, hp3]

Note: This linter can be disabled with `set_option linter.unusedSimpArgs false`
warning: denote/Denote.lean:9567:48: This simp argument is unused:
  List.getElem?_cons_succ

Hint: Omit it from the simp argument list.
  simp [List.getD, List.getElem?_cons_zero, L̵i̵s̵t̵.̵g̵e̵t̵E̵l̵e̵m̵?̵_̵c̵o̵n̵s̵_̵s̵u̵c̵c̵,̵
  ̵ ̵ ̵ ̵ ̵ ̵ ̵ ̵ ̵hp0, hp1, hp2, hp3]

Note: This linter can be disabled with `set_option linter.unusedSimpArgs false`
warning: denote/Denote.lean:9514:0: Please, add a comment explaining the need for modifying the maxHeartbeat limit, as in
set_option maxHeartbeats 3200000 in
-- reason for change
...

Note: This linter can be disabled with `set_option linter.style.maxHeartbeats false`
warning: denote/Denote.lean:9630:23: This simp argument is unused:
  List.getElem?_cons_zero

Hint: Omit it from the simp argument list.
  simp [List.getD, L̵i̵s̵t̵.̵g̵e̵t̵E̵l̵e̵m̵?̵_̵c̵o̵n̵s̵_̵z̵e̵r̵o̵,̵ ̵List.getElem?_cons_succ, hp0, hp1, hp2, hp3]

Note: This linter can be disabled with `set_option linter.unusedSimpArgs false`
warning: denote/Denote.lean:9630:48: This simp argument is unused:
  List.getElem?_cons_succ

Hint: Omit it from the simp argument list.
  simp [List.getD, List.getElem?_cons_zero, L̵i̵s̵t̵.̵g̵e̵t̵E̵l̵e̵m̵?̵_̵c̵o̵n̵s̵_̵s̵u̵c̵c̵,̵
  ̵ ̵ ̵ ̵ ̵ ̵ ̵ ̵ ̵hp0, hp1, hp2, hp3]

Note: This linter can be disabled with `set_option linter.unusedSimpArgs false`
warning: denote/Denote.lean:9573:0: Please, add a comment explaining the need for modifying the maxHeartbeat limit, as in
set_option maxHeartbeats 3200000 in
-- reason for change
...

Note: This linter can be disabled with `set_option linter.style.maxHeartbeats false`
warning: denote/Denote.lean:9689:23: This simp argument is unused:
  List.getElem?_cons_zero

Hint: Omit it from the simp argument list.
  simp [List.getD, L̵i̵s̵t̵.̵g̵e̵t̵E̵l̵e̵m̵?̵_̵c̵o̵n̵s̵_̵z̵e̵r̵o̵,̵ ̵List.getElem?_cons_succ]

Note: This linter can be disabled with `set_option linter.unusedSimpArgs false`
warning: denote/Denote.lean:9689:48: This simp argument is unused:
  List.getElem?_cons_succ

Hint: Omit it from the simp argument list.
  simp [List.getD, List.getElem?_cons_zero,̵ ̵L̵i̵s̵t̵.̵g̵e̵t̵E̵l̵e̵m̵?̵_̵c̵o̵n̵s̵_̵s̵u̵c̵c̵]

Note: This linter can be disabled with `set_option linter.unusedSimpArgs false`
warning: denote/Denote.lean:9696:23: This simp argument is unused:
  List.getElem?_cons_zero

Hint: Omit it from the simp argument list.
  simp [List.getD, L̵i̵s̵t̵.̵g̵e̵t̵E̵l̵e̵m̵?̵_̵c̵o̵n̵s̵_̵z̵e̵r̵o̵,̵ ̵List.getElem?_cons_succ, hp0, hp1, hp2, hp3, zeroTensor]

Note: This linter can be disabled with `set_option linter.unusedSimpArgs false`
warning: denote/Denote.lean:9696:48: This simp argument is unused:
  List.getElem?_cons_succ

Hint: Omit it from the simp argument list.
  simp [List.getD, List.getElem?_cons_zero, L̵i̵s̵t̵.̵g̵e̵t̵E̵l̵e̵m̵?̵_̵c̵o̵n̵s̵_̵s̵u̵c̵c̵,̵
  ̵ ̵ ̵ ̵ ̵ ̵ ̵ ̵ ̵hp0, hp1, hp2, hp3, zeroTensor]

Note: This linter can be disabled with `set_option linter.unusedSimpArgs false`
warning: denote/Denote.lean:9644:0: Please, add a comment explaining the need for modifying the maxHeartbeat limit, as in
set_option maxHeartbeats 3200000 in
-- reason for change
...

Note: This linter can be disabled with `set_option linter.style.maxHeartbeats false`
warning: denote/Denote.lean:9720:23: This simp argument is unused:
  List.getElem?_cons_zero

Hint: Omit it from the simp argument list.
  simp [List.getD, L̵i̵s̵t̵.̵g̵e̵t̵E̵l̵e̵m̵?̵_̵c̵o̵n̵s̵_̵z̵e̵r̵o̵,̵ ̵List.getElem?_cons_succ, hc0, hc1, hc2, hc3]

Note: This linter can be disabled with `set_option linter.unusedSimpArgs false`
warning: denote/Denote.lean:9720:48: This simp argument is unused:
  List.getElem?_cons_succ

Hint: Omit it from the simp argument list.
  simp [List.getD, List.getElem?_cons_zero, L̵i̵s̵t̵.̵g̵e̵t̵E̵l̵e̵m̵?̵_̵c̵o̵n̵s̵_̵s̵u̵c̵c̵,̵ ̵hc0, hc1, hc2, hc3]

Note: This linter can be disabled with `set_option linter.unusedSimpArgs false`
warning: denote/Denote.lean:9702:0: Please, add a comment explaining the need for modifying the maxHeartbeat limit, as in
set_option maxHeartbeats 3200000 in
-- reason for change
...

Note: This linter can be disabled with `set_option linter.style.maxHeartbeats false`
warning: denote/Denote.lean:9756:23: This simp argument is unused:
  List.getElem?_cons_zero

Hint: Omit it from the simp argument list.
  simp [List.getD, L̵i̵s̵t̵.̵g̵e̵t̵E̵l̵e̵m̵?̵_̵c̵o̵n̵s̵_̵z̵e̵r̵o̵,̵ ̵List.getElem?_cons_succ, hc0, hc1, hc2, hc3]

Note: This linter can be disabled with `set_option linter.unusedSimpArgs false`
warning: denote/Denote.lean:9756:48: This simp argument is unused:
  List.getElem?_cons_succ

Hint: Omit it from the simp argument list.
  simp [List.getD, List.getElem?_cons_zero, L̵i̵s̵t̵.̵g̵e̵t̵E̵l̵e̵m̵?̵_̵c̵o̵n̵s̵_̵s̵u̵c̵c̵,̵ ̵hc0, hc1, hc2, hc3]

Note: This linter can be disabled with `set_option linter.unusedSimpArgs false`
warning: denote/Denote.lean:9738:0: Please, add a comment explaining the need for modifying the maxHeartbeat limit, as in
set_option maxHeartbeats 3200000 in
-- reason for change
...

Note: This linter can be disabled with `set_option linter.style.maxHeartbeats false`
warning: denote/Denote.lean:9774:0: Please, add a comment explaining the need for modifying the maxHeartbeat limit, as in
set_option maxHeartbeats 3200000 in
-- reason for change
...

Note: This linter can be disabled with `set_option linter.style.maxHeartbeats false`
warning: denote/Denote.lean:9799:23: This simp argument is unused:
  List.getElem?_cons_zero

Hint: Omit it from the simp argument list.
  simp [List.getD, L̵i̵s̵t̵.̵g̵e̵t̵E̵l̵e̵m̵?̵_̵c̵o̵n̵s̵_̵z̵e̵r̵o̵,̵ ̵List.getElem?_cons_succ, hc0, hc1, hc2, hc3]

Note: This linter can be disabled with `set_option linter.unusedSimpArgs false`
warning: denote/Denote.lean:9799:48: This simp argument is unused:
  List.getElem?_cons_succ

Hint: Omit it from the simp argument list.
  simp [List.getD, List.getElem?_cons_zero, L̵i̵s̵t̵.̵g̵e̵t̵E̵l̵e̵m̵?̵_̵c̵o̵n̵s̵_̵s̵u̵c̵c̵,̵ ̵hc0, hc1, hc2, hc3]

Note: This linter can be disabled with `set_option linter.unusedSimpArgs false`
warning: denote/Denote.lean:9781:0: Please, add a comment explaining the need for modifying the maxHeartbeat limit, as in
set_option maxHeartbeats 3200000 in
-- reason for change
...

Note: This linter can be disabled with `set_option linter.style.maxHeartbeats false`
warning: denote/Denote.lean:9846:15: This simp argument is unused:
  hd1

Hint: Omit it from the simp argument list.
  simp only [flatToMulti, multiToFlat, prodShape, List.foldl,
  ̵  ̵ ̵ ̵List.getElem?_cons_zero,
  ̲  ̲ ̲ ̲List.getElem?_cons_succ, Option.getD_some,
  ̵  ̵ ̵ ̵List.set, Nat.div_one, Nat.mul_one, Nat.one_mul, ̲e̲3̲2̲,̲
      e3̵2̵,̵ ̵e̵13̵2̵3̲2̲, hd1̵,̵ ̵h̵d̵2, hd3, if_false, if_neg, Nat.add_zero, reduceIte,
  ̵  ̵ ̵ ̵Nat.one_ne_zero, Nat.reduceEqDiff]

Note: This linter can be disabled with `set_option linter.unusedSimpArgs false`
warning: denote/Denote.lean:9846:25: This simp argument is unused:
  hd3

Hint: Omit it from the simp argument list.
  simp only [flatToMulti, multiToFlat, prodShape, List.foldl,
  ̵  ̵ ̵ ̵List.getElem?_cons_zero,
  ̲  ̲ ̲ ̲List.getElem?_cons_succ, Option.getD_some,
  ̵  ̵ ̵ ̵List.set, Nat.div_one, Nat.mul_one, Nat.one_mul, ̲e̲3̲2̲,̲
      e3̵2̵,̵ ̵e̵132, hd1, hd2, h̵d̵3̵,̵ ̵if_false, if_neg, Nat.add_zero, reduceIte,
  ̵  ̵ ̵ ̵Nat.one_ne_zero, Nat.reduceEqDiff]

Note: This linter can be disabled with `set_option linter.unusedSimpArgs false`
warning: denote/Denote.lean:9846:40: This simp argument is unused:
  if_neg

Hint: Omit it from the simp argument list.
  simp only [flatToMulti, multiToFlat, prodShape, List.foldl,
  ̵  ̵ ̵ ̵List.getElem?_cons_zero,
  ̲  ̲ ̲ ̲List.getElem?_cons_succ, Option.getD_some,
  ̵  ̵ ̵ ̵List.set, Nat.div_one, Nat.mul_one, Nat.one_mul,
  ̵  ̵ ̵ ̵e32,
  ̲  ̲ ̲ ̲e132, hd1, hd2, hd3, if_false, i̵f̵_̵n̵e̵g̵,̵ ̵Nat.add_zero, reduceIte,
  ̵  ̵ ̵ ̵Nat.one_ne_zero, Nat.reduceEqDiff]

Note: This linter can be disabled with `set_option linter.unusedSimpArgs false`
warning: denote/Denote.lean:9846:62: This simp argument is unused:
  reduceIte

Hint: Omit it from the simp argument list.
  simp only [flatToMulti, multiToFlat, prodShape, List.foldl,
  ̵  ̵ ̵ ̵List.getElem?_cons_zero,
  ̲  ̲ ̲ ̲List.getElem?_cons_succ, Option.getD_some,
  ̵  ̵ ̵ ̵List.set, Nat.div_one, Nat.mul_one, Nat.one_mul,
  ̵  ̵ ̵ ̵e32,
  ̲  ̲ ̲ ̲e132, hd1, hd2, hd3, if_false, if_neg, Nat.add_zero, r̵e̵d̵u̵c̵e̵I̵t̵e̵,̵
  ̵ ̵ ̵ ̵ ̵Nat.one_ne_zero, Nat.reduceEqDiff]

Note: This linter can be disabled with `set_option linter.unusedSimpArgs false`
warning: denote/Denote.lean:9847:21: This simp argument is unused:
  Nat.reduceEqDiff

Hint: Omit it from the simp argument list.
  simp only [flatToMulti, multiToFlat, prodShape, List.foldl,
  ̵  ̵ ̵ ̵List.getElem?_cons_zero,
  ̲  ̲ ̲ ̲List.getElem?_cons_succ, Option.getD_some,
  ̵  ̵ ̵ ̵List.set, Nat.div_one, Nat.mul_one, Nat.one_mul,
  ̵  ̵ ̵ ̵e32,
  ̲  ̲ ̲ ̲e132, hd1, hd2, hd3, if_false, if_neg, Nat.add_zero, reduceIte,
  ̵  ̵ ̵ ̵Nat.one_ne_zero,̵ ̵N̵a̵t̵.̵r̵e̵d̵u̵c̵e̵E̵q̵D̵i̵f̵f̵]

Note: This linter can be disabled with `set_option linter.unusedSimpArgs false`
warning: denote/Denote.lean:9817:0: Please, add a comment explaining the need for modifying the maxHeartbeat limit, as in
set_option maxHeartbeats 3200000 in
-- reason for change
...

Note: This linter can be disabled with `set_option linter.style.maxHeartbeats false`
warning: denote/Denote.lean:9851:0: Please, add a comment explaining the need for modifying the maxHeartbeat limit, as in
set_option maxHeartbeats 3200000 in
-- reason for change
...

Note: This linter can be disabled with `set_option linter.style.maxHeartbeats false`
warning: denote/Denote.lean:9857:10: Used `tac1 <;> tac2` where `(tac1; tac2)` would suffice

Note: This linter can be disabled with `set_option linter.unnecessarySeqFocus false`
warning: denote/Denote.lean:9860:0: Please, add a comment explaining the need for modifying the maxHeartbeat limit, as in
set_option maxHeartbeats 3200000 in
-- reason for change
...

Note: This linter can be disabled with `set_option linter.style.maxHeartbeats false`
warning: denote/Denote.lean:9866:10: Used `tac1 <;> tac2` where `(tac1; tac2)` would suffice

Note: This linter can be disabled with `set_option linter.unnecessarySeqFocus false`
warning: denote/Denote.lean:9915:23: This simp argument is unused:
  List.getElem?_cons_zero

Hint: Omit it from the simp argument list.
  simp [List.getD, L̵i̵s̵t̵.̵g̵e̵t̵E̵l̵e̵m̵?̵_̵c̵o̵n̵s̵_̵z̵e̵r̵o̵,̵ ̵List.getElem?_cons_succ]

Note: This linter can be disabled with `set_option linter.unusedSimpArgs false`
warning: denote/Denote.lean:9915:48: This simp argument is unused:
  List.getElem?_cons_succ

Hint: Omit it from the simp argument list.
  simp [List.getD, List.getElem?_cons_zero,̵ ̵L̵i̵s̵t̵.̵g̵e̵t̵E̵l̵e̵m̵?̵_̵c̵o̵n̵s̵_̵s̵u̵c̵c̵]

Note: This linter can be disabled with `set_option linter.unusedSimpArgs false`
warning: denote/Denote.lean:9867:0: Please, add a comment explaining the need for modifying the maxHeartbeat limit, as in
set_option maxHeartbeats 4000000 in
-- reason for change
...

Note: This linter can be disabled with `set_option linter.style.maxHeartbeats false`
warning: denote/Denote.lean:9942:0: Please, add a comment explaining the need for modifying the maxHeartbeat limit, as in
set_option maxHeartbeats 3200000 in
-- reason for change
...

Note: This linter can be disabled with `set_option linter.style.maxHeartbeats false`
warning: denote/Denote.lean:9948:10: Used `tac1 <;> tac2` where `(tac1; tac2)` would suffice

Note: This linter can be disabled with `set_option linter.unnecessarySeqFocus false`
warning: denote/Denote.lean:9968:23: This simp argument is unused:
  List.getElem?_cons_zero

Hint: Omit it from the simp argument list.
  simp [List.getD, L̵i̵s̵t̵.̵g̵e̵t̵E̵l̵e̵m̵?̵_̵c̵o̵n̵s̵_̵z̵e̵r̵o̵,̵ ̵List.getElem?_cons_succ, hc0, hc1, hc2, hc3]

Note: This linter can be disabled with `set_option linter.unusedSimpArgs false`
warning: denote/Denote.lean:9968:48: This simp argument is unused:
  List.getElem?_cons_succ

Hint: Omit it from the simp argument list.
  simp [List.getD, List.getElem?_cons_zero, L̵i̵s̵t̵.̵g̵e̵t̵E̵l̵e̵m̵?̵_̵c̵o̵n̵s̵_̵s̵u̵c̵c̵,̵ ̵hc0, hc1, hc2, hc3]

Note: This linter can be disabled with `set_option linter.unusedSimpArgs false`
warning: denote/Denote.lean:9950:0: Please, add a comment explaining the need for modifying the maxHeartbeat limit, as in
set_option maxHeartbeats 3200000 in
-- reason for change
...

Note: This linter can be disabled with `set_option linter.style.maxHeartbeats false`
warning: denote/Denote.lean:10038:23: This simp argument is unused:
  List.getElem?_cons_zero

Hint: Omit it from the simp argument list.
  simp [List.getD, L̵i̵s̵t̵.̵g̵e̵t̵E̵l̵e̵m̵?̵_̵c̵o̵n̵s̵_̵z̵e̵r̵o̵,̵ ̵List.getElem?_cons_succ]

Note: This linter can be disabled with `set_option linter.unusedSimpArgs false`
warning: denote/Denote.lean:10038:48: This simp argument is unused:
  List.getElem?_cons_succ

Hint: Omit it from the simp argument list.
  simp [List.getD, List.getElem?_cons_zero,̵ ̵L̵i̵s̵t̵.̵g̵e̵t̵E̵l̵e̵m̵?̵_̵c̵o̵n̵s̵_̵s̵u̵c̵c̵]

Note: This linter can be disabled with `set_option linter.unusedSimpArgs false`
warning: denote/Denote.lean:9986:0: Please, add a comment explaining the need for modifying the maxHeartbeat limit, as in
set_option maxHeartbeats 3200000 in
-- reason for change
...

Note: This linter can be disabled with `set_option linter.style.maxHeartbeats false`
warning: denote/Denote.lean:10049:0: Please, add a comment explaining the need for modifying the maxHeartbeat limit, as in
set_option maxHeartbeats 3200000 in
-- reason for change
...

Note: This linter can be disabled with `set_option linter.style.maxHeartbeats false`
warning: denote/Denote.lean:10055:10: Used `tac1 <;> tac2` where `(tac1; tac2)` would suffice

Note: This linter can be disabled with `set_option linter.unnecessarySeqFocus false`
warning: denote/Denote.lean:10109:23: This simp argument is unused:
  List.getElem?_cons_zero

Hint: Omit it from the simp argument list.
  simp [List.getD, L̵i̵s̵t̵.̵g̵e̵t̵E̵l̵e̵m̵?̵_̵c̵o̵n̵s̵_̵z̵e̵r̵o̵,̵ ̵List.getElem?_cons_succ]

Note: This linter can be disabled with `set_option linter.unusedSimpArgs false`
warning: denote/Denote.lean:10109:48: This simp argument is unused:
  List.getElem?_cons_succ

Hint: Omit it from the simp argument list.
  simp [List.getD, List.getElem?_cons_zero,̵ ̵L̵i̵s̵t̵.̵g̵e̵t̵E̵l̵e̵m̵?̵_̵c̵o̵n̵s̵_̵s̵u̵c̵c̵]

Note: This linter can be disabled with `set_option linter.unusedSimpArgs false`
warning: denote/Denote.lean:10057:0: Please, add a comment explaining the need for modifying the maxHeartbeat limit, as in
set_option maxHeartbeats 4000000 in
-- reason for change
...

Note: This linter can be disabled with `set_option linter.style.maxHeartbeats false`
warning: denote/Denote.lean:10171:23: This simp argument is unused:
  List.getElem?_cons_zero

Hint: Omit it from the simp argument list.
  simp [List.getD, L̵i̵s̵t̵.̵g̵e̵t̵E̵l̵e̵m̵?̵_̵c̵o̵n̵s̵_̵z̵e̵r̵o̵,̵ ̵List.getElem?_cons_succ]

Note: This linter can be disabled with `set_option linter.unusedSimpArgs false`
warning: denote/Denote.lean:10171:48: This simp argument is unused:
  List.getElem?_cons_succ

Hint: Omit it from the simp argument list.
  simp [List.getD, List.getElem?_cons_zero,̵ ̵L̵i̵s̵t̵.̵g̵e̵t̵E̵l̵e̵m̵?̵_̵c̵o̵n̵s̵_̵s̵u̵c̵c̵]

Note: This linter can be disabled with `set_option linter.unusedSimpArgs false`
warning: denote/Denote.lean:10119:0: Please, add a comment explaining the need for modifying the maxHeartbeat limit, as in
set_option maxHeartbeats 4000000 in
-- reason for change
...

Note: This linter can be disabled with `set_option linter.style.maxHeartbeats false`
warning: denote/Denote.lean:10238:62: This simp argument is unused:
  List.getElem?_cons_zero

Hint: Omit it from the simp argument list.
  simp [List.getD, L̵i̵s̵t̵.̵g̵e̵t̵E̵l̵e̵m̵?̵_̵c̵o̵n̵s̵_̵z̵e̵r̵o̵,̵ ̵List.getElem?_cons_succ]

Note: This linter can be disabled with `set_option linter.unusedSimpArgs false`
warning: denote/Denote.lean:10238:87: This simp argument is unused:
  List.getElem?_cons_succ

Hint: Omit it from the simp argument list.
  simp [List.getD, List.getElem?_cons_zero,̵ ̵L̵i̵s̵t̵.̵g̵e̵t̵E̵l̵e̵m̵?̵_̵c̵o̵n̵s̵_̵s̵u̵c̵c̵]

Note: This linter can be disabled with `set_option linter.unusedSimpArgs false`
warning: denote/Denote.lean:10278:23: This simp argument is unused:
  List.getElem?_cons_zero

Hint: Omit it from the simp argument list.
  simp [List.getD, L̵i̵s̵t̵.̵g̵e̵t̵E̵l̵e̵m̵?̵_̵c̵o̵n̵s̵_̵z̵e̵r̵o̵,̵ ̵List.getElem?_cons_succ]

Note: This linter can be disabled with `set_option linter.unusedSimpArgs false`
warning: denote/Denote.lean:10278:48: This simp argument is unused:
  List.getElem?_cons_succ

Hint: Omit it from the simp argument list.
  simp [List.getD, List.getElem?_cons_zero,̵ ̵L̵i̵s̵t̵.̵g̵e̵t̵E̵l̵e̵m̵?̵_̵c̵o̵n̵s̵_̵s̵u̵c̵c̵]

Note: This linter can be disabled with `set_option linter.unusedSimpArgs false`
warning: denote/Denote.lean:10318:23: This simp argument is unused:
  List.getElem?_cons_zero

Hint: Omit it from the simp argument list.
  simp [List.getD, L̵i̵s̵t̵.̵g̵e̵t̵E̵l̵e̵m̵?̵_̵c̵o̵n̵s̵_̵z̵e̵r̵o̵,̵ ̵List.getElem?_cons_succ]

Note: This linter can be disabled with `set_option linter.unusedSimpArgs false`
warning: denote/Denote.lean:10318:48: This simp argument is unused:
  List.getElem?_cons_succ

Hint: Omit it from the simp argument list.
  simp [List.getD, List.getElem?_cons_zero,̵ ̵L̵i̵s̵t̵.̵g̵e̵t̵E̵l̵e̵m̵?̵_̵c̵o̵n̵s̵_̵s̵u̵c̵c̵]

Note: This linter can be disabled with `set_option linter.unusedSimpArgs false`
warning: denote/Denote.lean:10451:45: This simp argument is unused:
  List.set

Hint: Omit it from the simp argument list.
  simp only [hhead, List.getD, List.getElem?_cons_zero, List.getElem?_cons_succ,
  ̵  ̵ ̵ ̵Option.getD_some,
  ̲  ̲ ̲ ̲List.drop, List.foldl, L̵i̵st̵.̵s̵e̵t̵,̵
  ̵ ̵ ̵ ̵ ̵s̵how (8 : Nat) ≠ 0 from by omega, show (32 : Nat) ≠ 0 from by omega,
      show (4 : Nat) ≠ 0 from by omega, show (1 : Nat) ≠ 0 from by omega,
  ̵  ̵ ̵ ̵ite_false, Nat.div_one,
  ̲  ̲ ̲ ̲Nat.mod_one, Nat.mul_one, Nat.add_zero]

Note: This linter can be disabled with `set_option linter.unusedSimpArgs false`
warning: denote/Denote.lean:10453:4: This simp argument is unused:
  show (4 : Nat) ≠ 0 from by omega

Hint: Omit it from the simp argument list.
  simp only [hhead, List.getD, List.getElem?_cons_zero, List.getElem?_cons_succ, Option.getD_some,
  ̲  ̲ ̲ ̲List.drop, List.foldl, List.set, show (8 : Nat) ≠ 0 from by omega,
  ̲  ̲ ̲ ̲show (32 : Nat) ≠ 0 from by omega, show (̵4̵ ̵:̵ ̵N̵a̵t̵)̵ ̵≠̵ ̵0̵ ̵f̵r̵o̵m̵ ̵b̵y̵ ̵o̵m̵e̵g̵a̵,̵ ̵s̵h̵o̵w̵ ̵(1 : Nat) ≠ 0 from by omega, ite_false, Nat.div_one,
  ̲  ̲ ̲ ̲Nat.mod_one, Nat.mul_one, Nat.add_zero]

Note: This linter can be disabled with `set_option linter.unusedSimpArgs false`
warning: denote/Denote.lean:10461:0: Please, add a comment explaining the need for modifying the maxHeartbeat limit, as in
set_option maxHeartbeats 3200000 in
-- reason for change
...

Note: This linter can be disabled with `set_option linter.style.maxHeartbeats false`
warning: denote/Denote.lean:10688:45: This simp argument is unused:
  List.set

Hint: Omit it from the simp argument list.
  simp only [hhead, List.getD, List.getElem?_cons_zero, List.getElem?_cons_succ,
  ̵  ̵ ̵ ̵Option.getD_some,
  ̲  ̲ ̲ ̲List.drop, List.foldl, L̵i̵st̵.̵s̵e̵t̵,̵
  ̵ ̵ ̵ ̵ ̵s̵how (8 : Nat) ≠ 0 from by omega, show (32 : Nat) ≠ 0 from by omega,
      show (128 : Nat) ≠ 0 from by omega, show (4 : Nat) ≠ 0 from by omega,
      show (1 : Nat) ≠ 0 from by omega,
  ̵  ̵ ̵ ̵ite_false, Nat.div_one, Nat.mod_one, Nat.mul_one,
  ̲  ̲ ̲ ̲Nat.add_zero]

Note: This linter can be disabled with `set_option linter.unusedSimpArgs false`
warning: denote/Denote.lean:10689:4: This simp argument is unused:
  show (8 : Nat) ≠ 0 from by omega

Hint: Omit it from the simp argument list.
  simp only [hhead, List.getD, List.getElem?_cons_zero, List.getElem?_cons_succ,
  ̵  ̵ ̵ ̵Option.getD_some,
  ̲  ̲ ̲ ̲List.drop, List.foldl, List.set,
  ̵  ̵ ̵ ̵show (8̵ ̵:̵ ̵N̵a̵t̵)̵ ̵≠̵ ̵0̵ ̵f̵r̵o̵m̵ ̵b̵y̵ ̵o̵m̵e̵g̵a̵,̵ ̵s̵h̵o̵w̵ ̵(̵32 : Nat) ≠ 0 from by omega,
      show (128 : Nat) ≠ 0 from by omega, show (4 : Nat) ≠ 0 from by omega,
      show (1 : Nat) ≠ 0 from by omega,
  ̵  ̵ ̵ ̵ite_false, Nat.div_one, Nat.mod_one, Nat.mul_one,
  ̲  ̲ ̲ ̲Nat.add_zero]

Note: This linter can be disabled with `set_option linter.unusedSimpArgs false`
warning: denote/Denote.lean:10690:40: This simp argument is unused:
  show (4 : Nat) ≠ 0 from by omega

Hint: Omit it from the simp argument list.
  simp only [hhead, List.getD, List.getElem?_cons_zero, List.getElem?_cons_succ,
  ̵  ̵ ̵ ̵Option.getD_some,
  ̲  ̲ ̲ ̲List.drop, List.foldl, List.set,
  ̵  ̵ ̵ ̵show (8 : Nat) ≠ 0 from by omega,
  ̲  ̲ ̲ ̲show (32 : Nat) ≠ 0 from by omega,
  ̵  ̵ ̵ ̵show (128 : Nat) ≠ 0 from by omega, ̵s̵h̵o̵w̵ ̵(̵4̵ ̵:̵ ̵N̵a̵t̵)̵ ̵≠̵ ̵0̵ ̵f̵r̵o̵m̵ ̵b̵y̵ ̵o̵m̵e̵g̵a̵,̵
      show (1 : Nat) ≠ 0 from by omega,
  ̵  ̵ ̵ ̵ite_false, Nat.div_one, Nat.mod_one, Nat.mul_one,
  ̲  ̲ ̲ ̲Nat.add_zero]

Note: This linter can be disabled with `set_option linter.unusedSimpArgs false`
warning: denote/Denote.lean:10699:0: Please, add a comment explaining the need for modifying the maxHeartbeat limit, as in
set_option maxHeartbeats 3200000 in
-- reason for change
...

Note: This linter can be disabled with `set_option linter.style.maxHeartbeats false`
warning: denote/Denote.lean:10806:0: Please, add a comment explaining the need for modifying the maxHeartbeat limit, as in
set_option maxHeartbeats 800000 in
-- reason for change
...

Note: This linter can be disabled with `set_option linter.style.maxHeartbeats false`
warning: denote/Denote.lean:10950:0: Please, add a comment explaining the need for modifying the maxHeartbeat limit, as in
set_option maxHeartbeats 800000 in
-- reason for change
...

Note: This linter can be disabled with `set_option linter.style.maxHeartbeats false`
warning: denote/Denote.lean:10958:0: Please, add a comment explaining the need for modifying the maxHeartbeat limit, as in
set_option maxHeartbeats 2000000 in
-- reason for change
...

Note: This linter can be disabled with `set_option linter.style.maxHeartbeats false`
warning: denote/Denote.lean:10968:5: Variable name `hW_shapes` is not explicitly referenced.

The binding can be removed (if unused) or named `_` (if used implicitly).

Note: This linter can be disabled with `set_option linter.unusedVariables false`
warning: denote/Denote.lean:10981:45: This simp argument is unused:
  List.set

Hint: Omit it from the simp argument list.
  simp only [hhead, List.getD, List.getElem?_cons_zero, List.getElem?_cons_succ,
  ̵  ̵ ̵ ̵Option.getD_some,
  ̲  ̲ ̲ ̲List.drop, List.foldl, L̵i̵st̵.̵s̵e̵t̵,̵
  ̵ ̵ ̵ ̵ ̵s̵how (4 : Nat) ≠ 0 by omega, show (8 : Nat) ≠ 0 by omega,
      show (128 : Nat) ≠ 0 by omega, show (32 : Nat) ≠ 0 by omega,
  ̵  ̵ ̵ ̵show (1 : Nat) ≠ 0 by omega,
  ̲  ̲ ̲ ̲ite_false]

Note: This linter can be disabled with `set_option linter.unusedSimpArgs false`
warning: denote/Denote.lean:10982:4: This simp argument is unused:
  show (4 : Nat) ≠ 0 by omega

Hint: Omit it from the simp argument list.
  simp only [hhead, List.getD, List.getElem?_cons_zero, List.getElem?_cons_succ,
  ̵  ̵ ̵ ̵Option.getD_some,
  ̲  ̲ ̲ ̲List.drop, List.foldl, List.set,
  ̵  ̵ ̵ ̵show (4̵ ̵:̵ ̵N̵a̵t̵)̵ ̵≠̵ ̵0̵ ̵b̵y̵ ̵o̵m̵e̵g̵a̵,̵ ̵s̵h̵o̵w̵ ̵(̵8 : Nat) ≠ 0 by omega,
  ̵  ̵ ̵ ̵show (128 : Nat) ≠ 0 by omega,
  ̲  ̲ ̲ ̲show (32 : Nat) ≠ 0 by omega,
  ̵  ̵ ̵ ̵show (1 : Nat) ≠ 0 by omega, ite_false]

Note: This linter can be disabled with `set_option linter.unusedSimpArgs false`
warning: denote/Denote.lean:10983:4: This simp argument is unused:
  show (128 : Nat) ≠ 0 by omega

Hint: Omit it from the simp argument list.
  simp only [hhead, List.getD, List.getElem?_cons_zero, List.getElem?_cons_succ,
  ̵  ̵ ̵ ̵Option.getD_some,
  ̲  ̲ ̲ ̲List.drop, List.foldl, List.set,
  ̵  ̵ ̵ ̵show (4 : Nat) ≠ 0 by omega, show (8 : Nat) ≠ 0 by omega,
      show (1̵2̵8̵ ̵:̵ ̵N̵a̵t̵)̵ ̵≠̵ ̵0̵ ̵b̵y̵ ̵o̵m̵e̵g̵a̵,̵ ̵s̵h̵o̵w̵ ̵(̵32 : Nat) ≠ 0 by omega,
  ̵  ̵ ̵ ̵show (1 : Nat) ≠ 0 by omega, ite_false]

Note: This linter can be disabled with `set_option linter.unusedSimpArgs false`
warning: denote/Denote.lean:10996:5: Variable name `hW_shapes` is not explicitly referenced.

The binding can be removed (if unused) or named `_` (if used implicitly).

Note: This linter can be disabled with `set_option linter.unusedVariables false`
warning: denote/Denote.lean:11009:45: This simp argument is unused:
  List.set

Hint: Omit it from the simp argument list.
  simp only [hhead, List.getD, List.getElem?_cons_zero, List.getElem?_cons_succ,
  ̵  ̵ ̵ ̵Option.getD_some,
  ̲  ̲ ̲ ̲List.drop, List.foldl, L̵i̵st̵.̵s̵e̵t̵,̵
  ̵ ̵ ̵ ̵ ̵s̵how (4 : Nat) ≠ 0 by omega, show (32 : Nat) ≠ 0 by omega,
      show (128 : Nat) ≠ 0 by omega, show (1 : Nat) ≠ 0 by omega,
  ̵  ̵ ̵ ̵ite_false]

Note: This linter can be disabled with `set_option linter.unusedSimpArgs false`
warning: denote/Denote.lean:11010:4: This simp argument is unused:
  show (4 : Nat) ≠ 0 by omega

Hint: Omit it from the simp argument list.
  simp only [hhead, List.getD, List.getElem?_cons_zero, List.getElem?_cons_succ, Option.getD_some,
  ̲  ̲ ̲ ̲List.drop, List.foldl, List.set, show (̵4̵ ̵:̵ ̵N̵a̵t̵)̵ ̵≠̵ ̵0̵ ̵b̵y̵ ̵o̵m̵e̵g̵a̵,̵ ̵s̵h̵o̵w̵ ̵(32 : Nat) ≠ 0 by omega, show (128 : Nat) ≠ 0 by omega,
  ̲  ̲ ̲ ̲show (1 : Nat) ≠ 0 by omega, ite_false]

Note: This linter can be disabled with `set_option linter.unusedSimpArgs false`
warning: denote/Denote.lean:11022:0: Please, add a comment explaining the need for modifying the maxHeartbeat limit, as in
set_option maxHeartbeats 1600000 in
-- reason for change
...

Note: This linter can be disabled with `set_option linter.style.maxHeartbeats false`
warning: denote/Denote.lean:11184:5: Variable name `hW_shapes` is not explicitly referenced.

The binding can be removed (if unused) or named `_` (if used implicitly).

Note: This linter can be disabled with `set_option linter.unusedVariables false`
warning: denote/Denote.lean:11197:45: This simp argument is unused:
  List.set

Hint: Omit it from the simp argument list.
  simp only [hhead, List.getD, List.getElem?_cons_zero, List.getElem?_cons_succ,
  ̵  ̵ ̵ ̵Option.getD_some,
  ̲  ̲ ̲ ̲List.drop, List.foldl, L̵i̵st̵.̵s̵e̵t̵,̵
  ̵ ̵ ̵ ̵ ̵s̵how (4 : Nat) ≠ 0 by omega, show (8 : Nat) ≠ 0 by omega,
      show (32 : Nat) ≠ 0 by omega,
  ̵  ̵ ̵ ̵show (1 : Nat) ≠ 0 by omega, ite_false]

Note: This linter can be disabled with `set_option linter.unusedSimpArgs false`
warning: denote/Denote.lean:11198:4: This simp argument is unused:
  show (4 : Nat) ≠ 0 by omega

Hint: Omit it from the simp argument list.
  simp only [hhead, List.getD, List.getElem?_cons_zero, List.getElem?_cons_succ,
  ̵  ̵ ̵ ̵Option.getD_some,
  ̲  ̲ ̲ ̲List.drop, List.foldl, List.set,
  ̵  ̵ ̵ ̵show (4̵ ̵:̵ ̵N̵a̵t̵)̵ ̵≠̵ ̵0̵ ̵b̵y̵ ̵o̵m̵e̵g̵a̵,̵ ̵s̵h̵o̵w̵ ̵(̵8 : Nat) ≠ 0 by omega,
  ̵  ̵ ̵ ̵show (32 : Nat) ≠ 0 by omega,
      show (1 : Nat) ≠ 0 by omega, ite_false]

Note: This linter can be disabled with `set_option linter.unusedSimpArgs false`
warning: denote/Denote.lean:11210:0: Please, add a comment explaining the need for modifying the maxHeartbeat limit, as in
set_option maxHeartbeats 2000000 in
-- reason for change
...

Note: This linter can be disabled with `set_option linter.style.maxHeartbeats false`
warning: denote/Denote.lean:11407:4: This simp argument is unused:
  Nat.reduceDiv

Hint: Omit it from the simp argument list.
  simp only [hhead, List.getD, List.getElem?_cons_zero, List.getElem?_cons_succ, Option.getD_some,
  ̲  ̲ ̲ ̲List.drop, List.foldl, Nat.reduceMul, Nat.reduceAdd, N̵a̵t̵.̵r̵e̵d̵u̵c̵e̵D̵i̵v̵,̵ ̵Nat.reduceMod, Nat.div_one, Nat.mod_one,
  ̲  ̲ ̲ ̲Nat.mul_one, Nat.add_zero, Nat.zero_add, show (8 : Nat) ≠ 0 from by omega,
      show (32 : Nat) ≠ 0 from by omega, show (128 : Nat) ≠ 0 from by omega,
      show (1 : Nat) ≠ 0 from by omega, ite_false, List.set]

Note: This linter can be disabled with `set_option linter.unusedSimpArgs false`
warning: denote/Denote.lean:11407:19: This simp argument is unused:
  Nat.reduceMod

Hint: Omit it from the simp argument list.
  simp only [hhead, List.getD, List.getElem?_cons_zero, List.getElem?_cons_succ,
  ̵  ̵ ̵ ̵Option.getD_some,
  ̲  ̲ ̲ ̲List.drop, List.foldl, Nat.reduceMul, Nat.reduceAdd,
  ̵  ̵ ̵ ̵Nat.reduceDiv, Nat.r̵e̵du̵c̵e̵M̵o̵d̵,̵ ̵N̵a̵t̵.̵d̵iv_one, Nat.mod_one,
  ̲  ̲ ̲ ̲Nat.mul_one,
  ̵  ̵ ̵ ̵Nat.add_zero, Nat.zero_add, show (8 : Nat) ≠ 0 from by omega,
      show (32 : Nat) ≠ 0 from by omega, show (128 : Nat) ≠ 0 from by omega,
      show (1 : Nat) ≠ 0 from by omega, ite_false, List.set]

Note: This linter can be disabled with `set_option linter.unusedSimpArgs false`
warning: denote/Denote.lean:11408:18: This simp argument is unused:
  Nat.zero_add

Hint: Omit it from the simp argument list.
  simp only [hhead, List.getD, List.getElem?_cons_zero, List.getElem?_cons_succ,
  ̵  ̵ ̵ ̵Option.getD_some,
  ̲  ̲ ̲ ̲List.drop, List.foldl, Nat.reduceMul, Nat.reduceAdd,
  ̵  ̵ ̵ ̵Nat.reduceDiv, Nat.reduceMod, Nat.div_one, ̵N̵a̵t̵.̵m̵o̵d̵_̵o̵n̵e̵,̵ ̵N̵a̵t̵.̵m̵u̵l̵_̵o̵n̵e̵,̵
      Nat.m̲o̲d̲_̲o̲n̲e̲,̲ ̲N̲ad̵d̵t̲.̲m̲u̲l̲_z̵o̲n̲er̵o̵, Nat.z̵e̵r̵o̵_̵add_̲z̲e̲r̲o̲, show (8 : Nat) ≠ 0 from by omega,
      show (32 : Nat) ≠ 0 from by omega, show (128 : Nat) ≠ 0 from by omega,
      show (1 : Nat) ≠ 0 from by omega, ite_false, List.set]

Note: This linter can be disabled with `set_option linter.unusedSimpArgs false`
warning: denote/Denote.lean:11408:32: This simp argument is unused:
  show (8 : Nat) ≠ 0 from by omega

Hint: Omit it from the simp argument list.
  simp only [hhead, List.getD, List.getElem?_cons_zero, List.getElem?_cons_succ,
  ̵  ̵ ̵ ̵Option.getD_some,
  ̲  ̲ ̲ ̲List.drop, List.foldl, Nat.reduceMul, Nat.reduceAdd,
  ̵  ̵ ̵ ̵Nat.reduceDiv, Nat.reduceMod, Nat.div_one,
  ̲  ̲ ̲ ̲Nat.mod_one, Nat.mul_one,
  ̵  ̵ ̵ ̵Nat.add_zero, Nat.zero_add, show (8̵ ̵:̵ ̵N̵a̵t̵)̵ ̵≠̵ ̵0̵ ̵f̵r̵o̵m̵ ̵b̵y̵ ̵o̵m̵e̵g̵a̵,̵
  ̵ ̵ ̵ ̵ ̵s̵h̵o̵w̵ ̵(̵32 : Nat) ≠ 0 from by omega,
  ̲  ̲ ̲ ̲show (128 : Nat) ≠ 0 from by omega,
  ̵  ̵ ̵ ̵show (1 : Nat) ≠ 0 from by omega, ite_false, List.set]

Note: This linter can be disabled with `set_option linter.unusedSimpArgs false`
warning: denote/Denote.lean:11410:49: This simp argument is unused:
  List.set

Hint: Omit it from the simp argument list.
  simp only [hhead, List.getD, List.getElem?_cons_zero, List.getElem?_cons_succ,
  ̵  ̵ ̵ ̵Option.getD_some,
  ̲  ̲ ̲ ̲List.drop, List.foldl, Nat.reduceMul, Nat.reduceAdd,
  ̵  ̵ ̵ ̵Nat.reduceDiv, Nat.reduceMod, Nat.div_one,
  ̲  ̲ ̲ ̲Nat.mod_one, Nat.mul_one,
  ̵  ̵ ̵ ̵Nat.add_zero, Nat.zero_add, show (8 : Nat) ≠ 0 from by omega,
      show (32 : Nat) ≠ 0 from by omega, show (128 : Nat) ≠ 0 from by omega,
      show (1 : Nat) ≠ 0 from by omega, ite_false,̵ ̵L̵i̵s̵t̵.̵s̵e̵t̵]

Note: This linter can be disabled with `set_option linter.unusedSimpArgs false`
warning: denote/Denote.lean:11455:0: Please, add a comment explaining the need for modifying the maxHeartbeat limit, as in
set_option maxHeartbeats 2000000 in
-- reason for change
...

Note: This linter can be disabled with `set_option linter.style.maxHeartbeats false`
warning: denote/Denote.lean:11645:2: The `show` tactic should only be used to indicate intermediate goal states for readability.
However, this tactic invocation changed the goal. Please use `change` instead for these purposes.

Note: This linter can be disabled with `set_option linter.style.show false`
warning: denote/Denote.lean:11662:2: The `show` tactic should only be used to indicate intermediate goal states for readability.
However, this tactic invocation changed the goal. Please use `change` instead for these purposes.

Note: This linter can be disabled with `set_option linter.style.show false`
warning: denote/Denote.lean:11747:51: This simp argument is unused:
  List.getElem?_cons_succ

Hint: Omit it from the simp argument list.
  simp only [List.getD, List.getElem?_cons_zero, L̵i̵s̵t̵.̵g̵e̵t̵E̵l̵e̵m̵?̵_̵c̵o̵n̵s̵_̵s̵u̵c̵c̵,̵ ̵Option.getD_some]

Note: This linter can be disabled with `set_option linter.unusedSimpArgs false`
warning: denote/Denote.lean:11757:51: This simp argument is unused:
  List.getElem?_cons_succ

Hint: Omit it from the simp argument list.
  simp only [List.getD, List.getElem?_cons_zero, L̵i̵s̵t̵.̵g̵e̵t̵E̵l̵e̵m̵?̵_̵c̵o̵n̵s̵_̵s̵u̵c̵c̵,̵ ̵Option.getD_some]

Note: This linter can be disabled with `set_option linter.unusedSimpArgs false`
warning: denote/Denote.lean:11672:0: Please, add a comment explaining the need for modifying the maxHeartbeat limit, as in
set_option maxHeartbeats 3200000 in
-- reason for change
...

Note: This linter can be disabled with `set_option linter.style.maxHeartbeats false`
warning: denote/Denote.lean:11820:2: The `show` tactic should only be used to indicate intermediate goal states for readability.
However, this tactic invocation changed the goal. Please use `change` instead for these purposes.

Note: This linter can be disabled with `set_option linter.style.show false`
warning: denote/Denote.lean:11825:10: Used `tac1 <;> tac2` where `(tac1; tac2)` would suffice

Note: This linter can be disabled with `set_option linter.unnecessarySeqFocus false`
warning: denote/Denote.lean:11863:65: Variable name `hidx` is not explicitly referenced.

The binding can be removed (if unused) or named `_` (if used implicitly).

Note: This linter can be disabled with `set_option linter.unusedVariables false`
warning: denote/Denote.lean:11870:53: Variable name `hidx` is not explicitly referenced.

The binding can be removed (if unused) or named `_` (if used implicitly).

Note: This linter can be disabled with `set_option linter.unusedVariables false`
warning: denote/Denote.lean:11907:23: This simp argument is unused:
  List.getElem?_cons_zero

Hint: Omit it from the simp argument list.
  simp [List.getD, L̵i̵s̵t̵.̵g̵e̵t̵E̵l̵e̵m̵?̵_̵c̵o̵n̵s̵_̵z̵e̵r̵o̵,̵ ̵List.getElem?_cons_succ, h0, h1, h2, h3]

Note: This linter can be disabled with `set_option linter.unusedSimpArgs false`
warning: denote/Denote.lean:11907:48: This simp argument is unused:
  List.getElem?_cons_succ

Hint: Omit it from the simp argument list.
  simp [List.getD, List.getElem?_cons_zero, L̵i̵s̵t̵.̵g̵e̵t̵E̵l̵e̵m̵?̵_̵c̵o̵n̵s̵_̵s̵u̵c̵c̵,̵ ̵h0, h1, h2, h3]

Note: This linter can be disabled with `set_option linter.unusedSimpArgs false`
warning: denote/Denote.lean:11947:23: This simp argument is unused:
  List.getElem?_cons_zero

Hint: Omit it from the simp argument list.
  simp [List.getD, L̵i̵s̵t̵.̵g̵e̵t̵E̵l̵e̵m̵?̵_̵c̵o̵n̵s̵_̵z̵e̵r̵o̵,̵ ̵List.getElem?_cons_succ]

Note: This linter can be disabled with `set_option linter.unusedSimpArgs false`
warning: denote/Denote.lean:11947:48: This simp argument is unused:
  List.getElem?_cons_succ

Hint: Omit it from the simp argument list.
  simp [List.getD, List.getElem?_cons_zero,̵ ̵L̵i̵s̵t̵.̵g̵e̵t̵E̵l̵e̵m̵?̵_̵c̵o̵n̵s̵_̵s̵u̵c̵c̵]

Note: This linter can be disabled with `set_option linter.unusedSimpArgs false`
warning: denote/Denote.lean:12004:51: Variable name `hidx` is not explicitly referenced.

The binding can be removed (if unused) or named `_` (if used implicitly).

Note: This linter can be disabled with `set_option linter.unusedVariables false`
warning: denote/Denote.lean:12009:51: Variable name `hidx` is not explicitly referenced.

The binding can be removed (if unused) or named `_` (if used implicitly).

Note: This linter can be disabled with `set_option linter.unusedVariables false`
warning: denote/Denote.lean:12045:23: This simp argument is unused:
  List.getElem?_cons_zero

Hint: Omit it from the simp argument list.
  simp [List.getD, L̵i̵s̵t̵.̵g̵e̵t̵E̵l̵e̵m̵?̵_̵c̵o̵n̵s̵_̵z̵e̵r̵o̵,̵ ̵List.getElem?_cons_succ, h0, h1, h2, h3]

Note: This linter can be disabled with `set_option linter.unusedSimpArgs false`
warning: denote/Denote.lean:12045:48: This simp argument is unused:
  List.getElem?_cons_succ

Hint: Omit it from the simp argument list.
  simp [List.getD, List.getElem?_cons_zero, L̵i̵s̵t̵.̵g̵e̵t̵E̵l̵e̵m̵?̵_̵c̵o̵n̵s̵_̵s̵u̵c̵c̵,̵ ̵h0, h1, h2, h3]

Note: This linter can be disabled with `set_option linter.unusedSimpArgs false`
warning: denote/Denote.lean:12073:23: This simp argument is unused:
  List.getElem?_cons_zero

Hint: Omit it from the simp argument list.
  simp [List.getD, L̵i̵s̵t̵.̵g̵e̵t̵E̵l̵e̵m̵?̵_̵c̵o̵n̵s̵_̵z̵e̵r̵o̵,̵ ̵List.getElem?_cons_succ]

Note: This linter can be disabled with `set_option linter.unusedSimpArgs false`
warning: denote/Denote.lean:12073:48: This simp argument is unused:
  List.getElem?_cons_succ

Hint: Omit it from the simp argument list.
  simp [List.getD, List.getElem?_cons_zero,̵ ̵L̵i̵s̵t̵.̵g̵e̵t̵E̵l̵e̵m̵?̵_̵c̵o̵n̵s̵_̵s̵u̵c̵c̵]

Note: This linter can be disabled with `set_option linter.unusedSimpArgs false`
warning: denote/Denote.lean:12118:2: The `show` tactic should only be used to indicate intermediate goal states for readability.
However, this tactic invocation changed the goal. Please use `change` instead for these purposes.

Note: This linter can be disabled with `set_option linter.style.show false`
warning: denote/Denote.lean:12147:2: The `show` tactic should only be used to indicate intermediate goal states for readability.
However, this tactic invocation changed the goal. Please use `change` instead for these purposes.

Note: This linter can be disabled with `set_option linter.style.show false`
warning: denote/Denote.lean:12152:10: Used `tac1 <;> tac2` where `(tac1; tac2)` would suffice

Note: This linter can be disabled with `set_option linter.unnecessarySeqFocus false`
warning: denote/Denote.lean:12174:48: Variable name `hl` is not explicitly referenced.

The binding can be removed (if unused) or named `_` (if used implicitly).

Note: This linter can be disabled with `set_option linter.unusedVariables false`
warning: denote/Denote.lean:12185:63: Variable name `hidx` is not explicitly referenced.

The binding can be removed (if unused) or named `_` (if used implicitly).

Note: This linter can be disabled with `set_option linter.unusedVariables false`
warning: denote/Denote.lean:12192:50: Variable name `hidx` is not explicitly referenced.

The binding can be removed (if unused) or named `_` (if used implicitly).

Note: This linter can be disabled with `set_option linter.unusedVariables false`
warning: denote/Denote.lean:12218:23: This simp argument is unused:
  List.getElem?_cons_zero

Hint: Omit it from the simp argument list.
  simp [List.getD, L̵i̵s̵t̵.̵g̵e̵t̵E̵l̵e̵m̵?̵_̵c̵o̵n̵s̵_̵z̵e̵r̵o̵,̵ ̵List.getElem?_cons_succ, h0, h1, h2, h3]

Note: This linter can be disabled with `set_option linter.unusedSimpArgs false`
warning: denote/Denote.lean:12218:48: This simp argument is unused:
  List.getElem?_cons_succ

Hint: Omit it from the simp argument list.
  simp [List.getD, List.getElem?_cons_zero, L̵i̵s̵t̵.̵g̵e̵t̵E̵l̵e̵m̵?̵_̵c̵o̵n̵s̵_̵s̵u̵c̵c̵,̵ ̵h0, h1, h2, h3]

Note: This linter can be disabled with `set_option linter.unusedSimpArgs false`
warning: denote/Denote.lean:12257:23: This simp argument is unused:
  List.getElem?_cons_zero

Hint: Omit it from the simp argument list.
  simp [List.getD, L̵i̵s̵t̵.̵g̵e̵t̵E̵l̵e̵m̵?̵_̵c̵o̵n̵s̵_̵z̵e̵r̵o̵,̵ ̵List.getElem?_cons_succ]

Note: This linter can be disabled with `set_option linter.unusedSimpArgs false`
warning: denote/Denote.lean:12257:48: This simp argument is unused:
  List.getElem?_cons_succ

Hint: Omit it from the simp argument list.
  simp [List.getD, List.getElem?_cons_zero,̵ ̵L̵i̵s̵t̵.̵g̵e̵t̵E̵l̵e̵m̵?̵_̵c̵o̵n̵s̵_̵s̵u̵c̵c̵]

Note: This linter can be disabled with `set_option linter.unusedSimpArgs false`
warning: denote/Denote.lean:12385:0: Please, add a comment explaining the need for modifying the maxHeartbeat limit, as in
set_option maxHeartbeats 2000000 in
-- reason for change
...

Note: This linter can be disabled with `set_option linter.style.maxHeartbeats false`
warning: denote/Denote.lean:12391:25: missing space in the source

This part of the code
  '[1,8,8])'
should be written as
  '[1, 8, 8])'


Note: This linter can be disabled with `set_option linter.style.whitespace false`
warning: denote/Denote.lean:12391:27: missing space in the source

This part of the code
  '[1,8,8]) (hg1'
should be written as
  '8, 8])'


Note: This linter can be disabled with `set_option linter.style.whitespace false`
warning: denote/Denote.lean:12391:52: missing space in the source

This part of the code
  '[1,8,8])'
should be written as
  '[1, 8, 8])'


Note: This linter can be disabled with `set_option linter.style.whitespace false`
warning: denote/Denote.lean:12391:54: missing space in the source

This part of the code
  '[1,8,8])
'
should be written as
  '8, 8])'


Note: This linter can be disabled with `set_option linter.style.whitespace false`
warning: denote/Denote.lean:12392:25: missing space in the source

This part of the code
  '[1,8,8])'
should be written as
  '[1, 8, 8])'


Note: This linter can be disabled with `set_option linter.style.whitespace false`
warning: denote/Denote.lean:12392:27: missing space in the source

This part of the code
  '[1,8,8]) (hg3'
should be written as
  '8, 8])'


Note: This linter can be disabled with `set_option linter.style.whitespace false`
warning: denote/Denote.lean:12392:52: missing space in the source

This part of the code
  '[1,8,8])'
should be written as
  '[1, 8, 8])'


Note: This linter can be disabled with `set_option linter.style.whitespace false`
warning: denote/Denote.lean:12392:54: missing space in the source

This part of the code
  '[1,8,8])
'
should be written as
  '8, 8])'


Note: This linter can be disabled with `set_option linter.style.whitespace false`
warning: denote/Denote.lean:12393:23: missing space in the source

This part of the code
  '[1,8,32])'
should be written as
  '[1, 8, 32])'


Note: This linter can be disabled with `set_option linter.style.whitespace false`
warning: denote/Denote.lean:12393:25: missing space in the source

This part of the code
  '[1,8,32])'
should be written as
  '8, 32])'


Note: This linter can be disabled with `set_option linter.style.whitespace false`
warning: denote/Denote.lean:12394:25: missing space in the source

This part of the code
  '[8,32])'
should be written as
  '[8, 32])'


Note: This linter can be disabled with `set_option linter.style.whitespace false`
warning: denote/Denote.lean:12394:51: missing space in the source

This part of the code
  '[8,32])'
should be written as
  '[8, 32])'


Note: This linter can be disabled with `set_option linter.style.whitespace false`
warning: denote/Denote.lean:12395:25: missing space in the source

This part of the code
  '[8,32])'
should be written as
  '[8, 32])'


Note: This linter can be disabled with `set_option linter.style.whitespace false`
warning: denote/Denote.lean:12395:51: missing space in the source

This part of the code
  '[8,32])'
should be written as
  '[8, 32])'


Note: This linter can be disabled with `set_option linter.style.whitespace false`
warning: denote/Denote.lean:12479:56: This simp argument is unused:
  List.getElem?_cons_succ

Hint: Omit it from the simp argument list.
  simp only [hhead, List.getD, List.getElem?_cons_zero, L̵i̵s̵t̵.̵g̵e̵t̵E̵l̵e̵m̵?̵_̵c̵o̵n̵s̵_̵s̵u̵c̵c̵,̵
  ̵ ̵ ̵ ̵ ̵Option.getD_some, List.drop, List.foldl,
  ̲  ̲ ̲ ̲List.set,
  ̵  ̵ ̵ ̵show (32 : Nat) ≠ 0 from by omega, show (128 : Nat) ≠ 0 from by omega,
      show (4096 : Nat) ≠ 0 from by omega, show (4 : Nat) ≠ 0 from by omega,
  ̵  ̵ ̵ ̵ite_false]

Note: This linter can be disabled with `set_option linter.unusedSimpArgs false`
warning: denote/Denote.lean:12480:45: This simp argument is unused:
  List.set

Hint: Omit it from the simp argument list.
  simp only [hhead, List.getD, List.getElem?_cons_zero, List.getElem?_cons_succ,
  ̵  ̵ ̵ ̵Option.getD_some,
  ̲  ̲ ̲ ̲List.drop, List.foldl, L̵i̵st̵.̵s̵e̵t̵,̵
  ̵ ̵ ̵ ̵ ̵s̵how (32 : Nat) ≠ 0 from by omega, show (128 : Nat) ≠ 0 from by omega,
      show (4096 : Nat) ≠ 0 from by omega, show (4 : Nat) ≠ 0 from by omega,
  ̵  ̵ ̵ ̵ite_false]

Note: This linter can be disabled with `set_option linter.unusedSimpArgs false`
warning: denote/Denote.lean:12481:39: This simp argument is unused:
  show (128 : Nat) ≠ 0 from by omega

Hint: Omit it from the simp argument list.
  simp only [hhead, List.getD, List.getElem?_cons_zero, List.getElem?_cons_succ, Option.getD_some,
  ̲  ̲ ̲ ̲List.drop, List.foldl, List.set, show (32 : Nat) ≠ 0 from by omega,
  ̲  ̲ ̲ ̲show (̵1̵2̵8̵ ̵:̵ ̵N̵a̵t̵)̵ ̵≠̵ ̵0̵ ̵f̵r̵o̵m̵ ̵b̵y̵ ̵o̵m̵e̵g̵a̵,̵
  ̵ ̵ ̵ ̵ ̵s̵h̵o̵w̵ ̵(4096 : Nat) ≠ 0 from by omega, show (4 : Nat) ≠ 0 from by omega, ite_false]

Note: This linter can be disabled with `set_option linter.unusedSimpArgs false`
warning: denote/Denote.lean:12482:41: This simp argument is unused:
  show (4 : Nat) ≠ 0 from by omega

Hint: Omit it from the simp argument list.
  simp only [hhead, List.getD, List.getElem?_cons_zero, List.getElem?_cons_succ, Option.getD_some,
  ̲  ̲ ̲ ̲List.drop, List.foldl, List.set, show (32 : Nat) ≠ 0 from by omega,
  ̲  ̲ ̲ ̲show (128 : Nat) ≠ 0 from by omega, show (4096 : Nat) ≠ 0 from by omega, s̵h̵o̵w̵ ̵(̵4̵ ̵:̵ ̵N̵a̵t̵)̵ ̵≠̵ ̵0̵ ̵f̵r̵o̵m̵ ̵b̵y̵ ̵o̵m̵e̵g̵a̵,̵ite_false]

Note: This linter can be disabled with `set_option linter.unusedSimpArgs false`
warning: denote/Denote.lean:12493:0: Please, add a comment explaining the need for modifying the maxHeartbeat limit, as in
set_option maxHeartbeats 1600000 in
-- reason for change
...

Note: This linter can be disabled with `set_option linter.style.maxHeartbeats false`
warning: denote/Denote.lean:12669:61: This simp argument is unused:
  List.getElem?_cons_succ

Hint: Omit it from the simp argument list.
  simp only [List.getD, List.getElem?_cons_zero, L̵i̵s̵t̵.̵g̵e̵t̵E̵l̵e̵m̵?̵_̵c̵o̵n̵s̵_̵s̵u̵c̵c̵,̵ ̵Option.getD_some]

Note: This linter can be disabled with `set_option linter.unusedSimpArgs false`
warning: denote/Denote.lean:12599:0: Please, add a comment explaining the need for modifying the maxHeartbeat limit, as in
set_option maxHeartbeats 1600000 in
-- reason for change
...

Note: This linter can be disabled with `set_option linter.style.maxHeartbeats false`
warning: denote/Denote.lean:12698:0: Please, add a comment explaining the need for modifying the maxHeartbeat limit, as in
set_option maxHeartbeats 800000 in
-- reason for change
...

Note: This linter can be disabled with `set_option linter.style.maxHeartbeats false`
warning: denote/Denote.lean:12802:0: Please, add a comment explaining the need for modifying the maxHeartbeat limit, as in
set_option maxHeartbeats 800000 in
-- reason for change
...

Note: This linter can be disabled with `set_option linter.style.maxHeartbeats false`
warning: denote/Denote.lean:12893:0: Please, add a comment explaining the need for modifying the maxHeartbeat limit, as in
set_option maxHeartbeats 800000 in
-- reason for change
...

Note: This linter can be disabled with `set_option linter.style.maxHeartbeats false`
warning: denote/Denote.lean:13007:0: Please, add a comment explaining the need for modifying the maxHeartbeat limit, as in
set_option maxHeartbeats 2000000 in
-- reason for change
...

Note: This linter can be disabled with `set_option linter.style.maxHeartbeats false`
warning: denote/Denote.lean:13014:25: missing space in the source

This part of the code
  '[1,2,32])'
should be written as
  '[1, 2, 32])'


Note: This linter can be disabled with `set_option linter.style.whitespace false`
warning: denote/Denote.lean:13014:27: missing space in the source

This part of the code
  '[1,2,32])'
should be written as
  '2, 32])'


Note: This linter can be disabled with `set_option linter.style.whitespace false`
warning: denote/Denote.lean:13014:53: missing space in the source

This part of the code
  '[1,2,32])'
should be written as
  '[1, 2, 32])'


Note: This linter can be disabled with `set_option linter.style.whitespace false`
warning: denote/Denote.lean:13014:55: missing space in the source

This part of the code
  '[1,2,32])'
should be written as
  '2, 32])'


Note: This linter can be disabled with `set_option linter.style.whitespace false`
warning: denote/Denote.lean:13015:25: missing space in the source

This part of the code
  '[1,2,32])'
should be written as
  '[1, 2, 32])'


Note: This linter can be disabled with `set_option linter.style.whitespace false`
warning: denote/Denote.lean:13015:27: missing space in the source

This part of the code
  '[1,2,32])'
should be written as
  '2, 32])'


Note: This linter can be disabled with `set_option linter.style.whitespace false`
warning: denote/Denote.lean:13015:53: missing space in the source

This part of the code
  '[1,2,32])'
should be written as
  '[1, 2, 32])'


Note: This linter can be disabled with `set_option linter.style.whitespace false`
warning: denote/Denote.lean:13015:55: missing space in the source

This part of the code
  '[1,2,32])'
should be written as
  '2, 32])'


Note: This linter can be disabled with `set_option linter.style.whitespace false`
warning: denote/Denote.lean:13016:23: missing space in the source

This part of the code
  '[1,8,32])'
should be written as
  '[1, 8, 32])'


Note: This linter can be disabled with `set_option linter.style.whitespace false`
warning: denote/Denote.lean:13016:25: missing space in the source

This part of the code
  '[1,8,32])'
should be written as
  '8, 32])'


Note: This linter can be disabled with `set_option linter.style.whitespace false`
warning: denote/Denote.lean:13016:50: missing space in the source

This part of the code
  '[32,32])'
should be written as
  '[32, 32])'


Note: This linter can be disabled with `set_option linter.style.whitespace false`
warning: denote/Denote.lean:13121:0: Please, add a comment explaining the need for modifying the maxHeartbeat limit, as in
set_option maxHeartbeats 2000000 in
-- reason for change
...

Note: This linter can be disabled with `set_option linter.style.maxHeartbeats false`
warning: denote/Denote.lean:13127:25: missing space in the source

This part of the code
  '[1,8,32])'
should be written as
  '[1, 8, 32])'


Note: This linter can be disabled with `set_option linter.style.whitespace false`
warning: denote/Denote.lean:13127:27: missing space in the source

This part of the code
  '[1,8,32])'
should be written as
  '8, 32])'


Note: This linter can be disabled with `set_option linter.style.whitespace false`
warning: denote/Denote.lean:13127:53: missing space in the source

This part of the code
  '[1,8,32])'
should be written as
  '[1, 8, 32])'


Note: This linter can be disabled with `set_option linter.style.whitespace false`
warning: denote/Denote.lean:13127:55: missing space in the source

This part of the code
  '[1,8,32])'
should be written as
  '8, 32])'


Note: This linter can be disabled with `set_option linter.style.whitespace false`
warning: denote/Denote.lean:13128:25: missing space in the source

This part of the code
  '[1,8,32])'
should be written as
  '[1, 8, 32])'


Note: This linter can be disabled with `set_option linter.style.whitespace false`
warning: denote/Denote.lean:13128:27: missing space in the source

This part of the code
  '[1,8,32])'
should be written as
  '8, 32])'


Note: This linter can be disabled with `set_option linter.style.whitespace false`
warning: denote/Denote.lean:13128:53: missing space in the source

This part of the code
  '[1,8,32])'
should be written as
  '[1, 8, 32])'


Note: This linter can be disabled with `set_option linter.style.whitespace false`
warning: denote/Denote.lean:13128:55: missing space in the source

This part of the code
  '[1,8,32])'
should be written as
  '8, 32])'


Note: This linter can be disabled with `set_option linter.style.whitespace false`
warning: denote/Denote.lean:13129:23: missing space in the source

This part of the code
  '[1,8,32])'
should be written as
  '[1, 8, 32])'


Note: This linter can be disabled with `set_option linter.style.whitespace false`
warning: denote/Denote.lean:13129:25: missing space in the source

This part of the code
  '[1,8,32])'
should be written as
  '8, 32])'


Note: This linter can be disabled with `set_option linter.style.whitespace false`
warning: denote/Denote.lean:13130:26: missing space in the source

This part of the code
  '[32,32])'
should be written as
  '[32, 32])'


Note: This linter can be disabled with `set_option linter.style.whitespace false`
warning: denote/Denote.lean:13130:53: missing space in the source

This part of the code
  '[32,32])'
should be written as
  '[32, 32])'


Note: This linter can be disabled with `set_option linter.style.whitespace false`
warning: denote/Denote.lean:13131:26: missing space in the source

This part of the code
  '[32,32])'
should be written as
  '[32, 32])'


Note: This linter can be disabled with `set_option linter.style.whitespace false`
warning: denote/Denote.lean:13131:53: missing space in the source

This part of the code
  '[32,32])'
should be written as
  '[32, 32])'


Note: This linter can be disabled with `set_option linter.style.whitespace false`
warning: denote/Denote.lean:13216:4: This simp argument is unused:
  show (8 : Nat) ≠ 0 by omega

Hint: Omit it from the simp argument list.
  simp only [hhead, List.getD, List.getElem?_cons_zero, List.getElem?_cons_succ, Option.getD_some,
  ̲  ̲ ̲ ̲List.drop, List.foldl, show (̵8̵ ̵:̵ ̵N̵a̵t̵)̵ ̵≠̵ ̵0̵ ̵b̵y̵ ̵o̵m̵e̵g̵a̵,̵ ̵s̵h̵o̵w̵ ̵(128 : Nat) ≠ 0 by omega, show (4 : Nat) ≠ 0 by omega,
  ̲  ̲ ̲ ̲show (32 : Nat) ≠ 0 by omega, show (1 : Nat) ≠ 0 by omega, ite_false]

Note: This linter can be disabled with `set_option linter.unusedSimpArgs false`
warning: denote/Denote.lean:13217:4: This simp argument is unused:
  show (4 : Nat) ≠ 0 by omega

Hint: Omit it from the simp argument list.
  simp only [hhead, List.getD, List.getElem?_cons_zero, List.getElem?_cons_succ,
  ̵  ̵ ̵ ̵Option.getD_some,
  ̲  ̲ ̲ ̲List.drop, List.foldl,
  ̵  ̵ ̵ ̵show (8 : Nat) ≠ 0 by omega, show (128 : Nat) ≠ 0 by omega,
      show (4̵ ̵:̵ ̵N̵a̵t̵)̵ ̵≠̵ ̵0̵ ̵b̵y̵ ̵o̵m̵e̵g̵a̵,̵ ̵s̵h̵o̵w̵ ̵(̵32 : Nat) ≠ 0 by omega,
  ̵  ̵ ̵ ̵show (1 : Nat) ≠ 0 by omega, ite_false]

Note: This linter can be disabled with `set_option linter.unusedSimpArgs false`
warning: denote/Denote.lean:13240:56: This simp argument is unused:
  List.getElem?_cons_succ

Hint: Omit it from the simp argument list.
  simp only [hhead, List.getD, List.getElem?_cons_zero, L̵i̵s̵t̵.̵g̵e̵t̵E̵l̵e̵m̵?̵_̵c̵o̵n̵s̵_̵s̵u̵c̵c̵,̵
  ̵ ̵ ̵ ̵ ̵Option.getD_some, List.drop, List.foldl,
      show (32 : Nat) ≠ 0 by omega, show (128 : Nat) ≠ 0 by omega,
  ̵  ̵ ̵ ̵show (4 : Nat) ≠ 0 by omega,
  ̲  ̲ ̲ ̲show (4096 : Nat) ≠ 0 by omega,
  ̵  ̵ ̵ ̵show (1 : Nat) ≠ 0 by omega, ite_false]

Note: This linter can be disabled with `set_option linter.unusedSimpArgs false`
warning: denote/Denote.lean:13242:34: This simp argument is unused:
  show (128 : Nat) ≠ 0 by omega

Hint: Omit it from the simp argument list.
  simp only [hhead, List.getD, List.getElem?_cons_zero, List.getElem?_cons_succ,
  ̵  ̵ ̵ ̵Option.getD_some,
  ̲  ̲ ̲ ̲List.drop, List.foldl,
  ̵  ̵ ̵ ̵show (32 : Nat) ≠ 0 by omega, show (1̵2̵8̵4̲ : Nat) ≠ 0 by omega,
      show (4 ̵:̵ ̵N̵a̵t̵)̵ ̵≠̵ ̵0 ̵b̵y̵ ̵o̵m̵e̵g̵a̵,̵ ̵s̵h̵o̵w̵ ̵(̵4̵0̵96 : Nat) ≠ 0 by omega,
  ̵  ̵ ̵ ̵show (1 : Nat) ≠ 0 by omega, ite_false]

Note: This linter can be disabled with `set_option linter.unusedSimpArgs false`
warning: denote/Denote.lean:13243:4: This simp argument is unused:
  show (4 : Nat) ≠ 0 by omega

Hint: Omit it from the simp argument list.
  simp only [hhead, List.getD, List.getElem?_cons_zero, List.getElem?_cons_succ,
  ̵  ̵ ̵ ̵Option.getD_some,
  ̲  ̲ ̲ ̲List.drop, List.foldl,
  ̵  ̵ ̵ ̵show (32 : Nat) ≠ 0 by omega, show (128 : Nat) ≠ 0 by omega,
      show (4 ̵:̵ ̵N̵a̵t̵)̵ ̵≠̵ ̵0 ̵b̵y̵ ̵o̵m̵e̵g̵a̵,̵ ̵s̵h̵o̵w̵ ̵(̵4̵0̵96 : Nat) ≠ 0 by omega,
  ̵  ̵ ̵ ̵show (1 : Nat) ≠ 0 by omega, ite_false]

Note: This linter can be disabled with `set_option linter.unusedSimpArgs false`
warning: denote/Denote.lean:13244:4: This simp argument is unused:
  show (1 : Nat) ≠ 0 by omega

Hint: Omit it from the simp argument list.
  simp only [hhead, List.getD, List.getElem?_cons_zero, List.getElem?_cons_succ,
  ̵  ̵ ̵ ̵Option.getD_some,
  ̲  ̲ ̲ ̲List.drop, List.foldl,
  ̵  ̵ ̵ ̵show (32 : Nat) ≠ 0 by omega, show (128 : Nat) ≠ 0 by omega,
      show (4 : Nat) ≠ 0 by omega, show (4096 : Nat) ≠ 0 by omega,
  ̵  ̵ ̵ ̵s̵h̵o̵w̵ ̵(̵1̵ ̵:̵ ̵N̵a̵t̵)̵ ̵≠̵ ̵0̵ ̵b̵y̵ ̵o̵m̵e̵g̵a̵,̵ ̵ite_false]

Note: This linter can be disabled with `set_option linter.unusedSimpArgs false`
warning: denote/Denote.lean:13289:0: Please, add a comment explaining the need for modifying the maxHeartbeat limit, as in
set_option maxHeartbeats 1600000 in
-- reason for change
...

Note: This linter can be disabled with `set_option linter.style.maxHeartbeats false`
warning: denote/Denote.lean:13407:0: Please, add a comment explaining the need for modifying the maxHeartbeat limit, as in
set_option maxHeartbeats 1600000 in
-- reason for change
...

Note: This linter can be disabled with `set_option linter.style.maxHeartbeats false`
warning: denote/Denote.lean:13513:0: Please, add a comment explaining the need for modifying the maxHeartbeat limit, as in
set_option maxHeartbeats 800000 in
-- reason for change
...

Note: This linter can be disabled with `set_option linter.style.maxHeartbeats false`
warning: denote/Denote.lean:13537:0: Please, add a comment explaining the need for modifying the maxHeartbeat limit, as in
set_option maxHeartbeats 2000000 in
-- reason for change
...

Note: This linter can be disabled with `set_option linter.style.maxHeartbeats false`
warning: denote/Denote.lean:13543:25: missing space in the source

This part of the code
  '[1,8,8])'
should be written as
  '[1, 8, 8])'


Note: This linter can be disabled with `set_option linter.style.whitespace false`
warning: denote/Denote.lean:13543:27: missing space in the source

This part of the code
  '[1,8,8]) (hg1'
should be written as
  '8, 8])'


Note: This linter can be disabled with `set_option linter.style.whitespace false`
warning: denote/Denote.lean:13543:52: missing space in the source

This part of the code
  '[1,8,8])'
should be written as
  '[1, 8, 8])'


Note: This linter can be disabled with `set_option linter.style.whitespace false`
warning: denote/Denote.lean:13543:54: missing space in the source

This part of the code
  '[1,8,8])
'
should be written as
  '8, 8])'


Note: This linter can be disabled with `set_option linter.style.whitespace false`
warning: denote/Denote.lean:13544:25: missing space in the source

This part of the code
  '[1,8,8])'
should be written as
  '[1, 8, 8])'


Note: This linter can be disabled with `set_option linter.style.whitespace false`
warning: denote/Denote.lean:13544:27: missing space in the source

This part of the code
  '[1,8,8]) (hg3'
should be written as
  '8, 8])'


Note: This linter can be disabled with `set_option linter.style.whitespace false`
warning: denote/Denote.lean:13544:52: missing space in the source

This part of the code
  '[1,8,8])'
should be written as
  '[1, 8, 8])'


Note: This linter can be disabled with `set_option linter.style.whitespace false`
warning: denote/Denote.lean:13544:54: missing space in the source

This part of the code
  '[1,8,8])
'
should be written as
  '8, 8])'


Note: This linter can be disabled with `set_option linter.style.whitespace false`
warning: denote/Denote.lean:13545:23: missing space in the source

This part of the code
  '[1,8,128])'
should be written as
  '[1, 8, 128])'


Note: This linter can be disabled with `set_option linter.style.whitespace false`
warning: denote/Denote.lean:13545:25: missing space in the source

This part of the code
  '[1,8,128])'
should be written as
  '8, 128])'


Note: This linter can be disabled with `set_option linter.style.whitespace false`
warning: denote/Denote.lean:13546:25: missing space in the source

This part of the code
  '[8,128])'
should be written as
  '[8, 128])'


Note: This linter can be disabled with `set_option linter.style.whitespace false`
warning: denote/Denote.lean:13546:52: missing space in the source

This part of the code
  '[8,128])'
should be written as
  '[8, 128])'


Note: This linter can be disabled with `set_option linter.style.whitespace false`
warning: denote/Denote.lean:13547:25: missing space in the source

This part of the code
  '[8,128])'
should be written as
  '[8, 128])'


Note: This linter can be disabled with `set_option linter.style.whitespace false`
warning: denote/Denote.lean:13547:52: missing space in the source

This part of the code
  '[8,128])'
should be written as
  '[8, 128])'


Note: This linter can be disabled with `set_option linter.style.whitespace false`
warning: denote/Denote.lean:13622:0: Please, add a comment explaining the need for modifying the maxHeartbeat limit, as in
set_option maxHeartbeats 800000 in
-- reason for change
...

Note: This linter can be disabled with `set_option linter.style.maxHeartbeats false`
warning: denote/Denote.lean:13765:0: Please, add a comment explaining the need for modifying the maxHeartbeat limit, as in
set_option maxHeartbeats 2000000 in
-- reason for change
...

Note: This linter can be disabled with `set_option linter.style.maxHeartbeats false`
warning: denote/Denote.lean:13772:23: missing space in the source

This part of the code
  '[1,8,32])'
should be written as
  '[1, 8, 32])'


Note: This linter can be disabled with `set_option linter.style.whitespace false`
warning: denote/Denote.lean:13772:25: missing space in the source

This part of the code
  '[1,8,32])'
should be written as
  '8, 32])'


Note: This linter can be disabled with `set_option linter.style.whitespace false`
warning: denote/Denote.lean:13772:49: missing space in the source

This part of the code
  '[1,8,32])'
should be written as
  '[1, 8, 32])'


Note: This linter can be disabled with `set_option linter.style.whitespace false`
warning: denote/Denote.lean:13772:51: missing space in the source

This part of the code
  '[1,8,32])'
should be written as
  '8, 32])'


Note: This linter can be disabled with `set_option linter.style.whitespace false`
warning: denote/Denote.lean:13773:26: missing space in the source

This part of the code
  '[32,8]) (hw1'
should be written as
  '[32, 8])'


Note: This linter can be disabled with `set_option linter.style.whitespace false`
warning: denote/Denote.lean:13773:52: missing space in the source

This part of the code
  '[32,8])
'
should be written as
  '[32, 8])'


Note: This linter can be disabled with `set_option linter.style.whitespace false`
warning: denote/Denote.lean:13774:26: missing space in the source

This part of the code
  '[32,8]) (hw3'
should be written as
  '[32, 8])'


Note: This linter can be disabled with `set_option linter.style.whitespace false`
warning: denote/Denote.lean:13774:52: missing space in the source

This part of the code
  '[32,8]) :'
should be written as
  '[32, 8])'


Note: This linter can be disabled with `set_option linter.style.whitespace false`
warning: denote/Denote.lean:13876:0: Please, add a comment explaining the need for modifying the maxHeartbeat limit, as in
set_option maxHeartbeats 800000 in
-- reason for change
...

Note: This linter can be disabled with `set_option linter.style.maxHeartbeats false`
warning: denote/Denote.lean:13932:29: Variable name `ho` is not explicitly referenced.

The binding can be removed (if unused) or named `_` (if used implicitly).

Note: This linter can be disabled with `set_option linter.unusedVariables false`
warning: denote/Denote.lean:13995:13: This simp argument is unused:
  Nat.mul_one

Hint: Omit it from the simp argument list.
  simp only [̵N̵a̵t̵.̵m̵u̵l̵_̵o̵n̵e̵,̵ ̵N̵a̵t̵.̵a̵d̵d̵_̵z̵e̵r̵o̵,̵[̲N̲a̲t̲.̲a̲d̲d̲_̲z̲e̲r̲o̲,̲ valAt, hidx_lt_Wr, dif_pos]

Note: This linter can be disabled with `set_option linter.unusedSimpArgs false`
warning: denote/Denote.lean:13997:0: Please, add a comment explaining the need for modifying the maxHeartbeat limit, as in
set_option maxHeartbeats 1600000 in
-- reason for change
...

Note: This linter can be disabled with `set_option linter.style.maxHeartbeats false`
warning: denote/Denote.lean:14082:61: This simp argument is unused:
  List.getElem?_cons_succ

Hint: Omit it from the simp argument list.
  simp only [List.getD, List.getElem?_cons_zero, L̵i̵s̵t̵.̵g̵e̵t̵E̵l̵e̵m̵?̵_̵c̵o̵n̵s̵_̵s̵u̵c̵c̵,̵ ̵Option.getD_some]

Note: This linter can be disabled with `set_option linter.unusedSimpArgs false`
warning: denote/Denote.lean:14015:0: Please, add a comment explaining the need for modifying the maxHeartbeat limit, as in
set_option maxHeartbeats 1600000 in
-- reason for change
...

Note: This linter can be disabled with `set_option linter.style.maxHeartbeats false`
warning: denote/Denote.lean:14113:0: Please, add a comment explaining the need for modifying the maxHeartbeat limit, as in
set_option maxHeartbeats 800000 in
-- reason for change
...

Note: This linter can be disabled with `set_option linter.style.maxHeartbeats false`
warning: denote/Denote.lean:14203:0: Please, add a comment explaining the need for modifying the maxHeartbeat limit, as in
set_option maxHeartbeats 2000000 in
-- reason for change
...

Note: This linter can be disabled with `set_option linter.style.maxHeartbeats false`
warning: denote/Denote.lean:14211:23: missing space in the source

This part of the code
  '[1,8,32])'
should be written as
  '[1, 8, 32])'


Note: This linter can be disabled with `set_option linter.style.whitespace false`
warning: denote/Denote.lean:14211:25: missing space in the source

This part of the code
  '[1,8,32])'
should be written as
  '8, 32])'


Note: This linter can be disabled with `set_option linter.style.whitespace false`
warning: denote/Denote.lean:14212:25: missing space in the source

This part of the code
  '[1,2,32])'
should be written as
  '[1, 2, 32])'


Note: This linter can be disabled with `set_option linter.style.whitespace false`
warning: denote/Denote.lean:14212:27: missing space in the source

This part of the code
  '[1,2,32])'
should be written as
  '2, 32])'


Note: This linter can be disabled with `set_option linter.style.whitespace false`
warning: denote/Denote.lean:14212:53: missing space in the source

This part of the code
  '[1,2,32])'
should be written as
  '[1, 2, 32])'


Note: This linter can be disabled with `set_option linter.style.whitespace false`
warning: denote/Denote.lean:14212:55: missing space in the source

This part of the code
  '[1,2,32])'
should be written as
  '2, 32])'


Note: This linter can be disabled with `set_option linter.style.whitespace false`
warning: denote/Denote.lean:14213:25: missing space in the source

This part of the code
  '[1,2,32])'
should be written as
  '[1, 2, 32])'


Note: This linter can be disabled with `set_option linter.style.whitespace false`
warning: denote/Denote.lean:14213:27: missing space in the source

This part of the code
  '[1,2,32])'
should be written as
  '2, 32])'


Note: This linter can be disabled with `set_option linter.style.whitespace false`
warning: denote/Denote.lean:14213:53: missing space in the source

This part of the code
  '[1,2,32])'
should be written as
  '[1, 2, 32])'


Note: This linter can be disabled with `set_option linter.style.whitespace false`
warning: denote/Denote.lean:14213:55: missing space in the source

This part of the code
  '[1,2,32])'
should be written as
  '2, 32])'


Note: This linter can be disabled with `set_option linter.style.whitespace false`
warning: denote/Denote.lean:14214:24: missing space in the source

This part of the code
  '[32,32])'
should be written as
  '[32, 32])'


Note: This linter can be disabled with `set_option linter.style.whitespace false`
warning: denote/Denote.lean:14307:0: Please, add a comment explaining the need for modifying the maxHeartbeat limit, as in
set_option maxHeartbeats 2000000 in
-- reason for change
...

Note: This linter can be disabled with `set_option linter.style.maxHeartbeats false`
warning: denote/Denote.lean:14316:23: missing space in the source

This part of the code
  '[1,8,32])'
should be written as
  '[1, 8, 32])'


Note: This linter can be disabled with `set_option linter.style.whitespace false`
warning: denote/Denote.lean:14316:25: missing space in the source

This part of the code
  '[1,8,32])'
should be written as
  '8, 32])'


Note: This linter can be disabled with `set_option linter.style.whitespace false`
warning: denote/Denote.lean:14316:49: missing space in the source

This part of the code
  '[1,8,32])'
should be written as
  '[1, 8, 32])'


Note: This linter can be disabled with `set_option linter.style.whitespace false`
warning: denote/Denote.lean:14316:51: missing space in the source

This part of the code
  '[1,8,32])'
should be written as
  '8, 32])'


Note: This linter can be disabled with `set_option linter.style.whitespace false`
warning: denote/Denote.lean:14317:25: missing space in the source

This part of the code
  '[1,2,32])'
should be written as
  '[1, 2, 32])'


Note: This linter can be disabled with `set_option linter.style.whitespace false`
warning: denote/Denote.lean:14317:27: missing space in the source

This part of the code
  '[1,2,32])'
should be written as
  '2, 32])'


Note: This linter can be disabled with `set_option linter.style.whitespace false`
warning: denote/Denote.lean:14317:53: missing space in the source

This part of the code
  '[1,2,32])'
should be written as
  '[1, 2, 32])'


Note: This linter can be disabled with `set_option linter.style.whitespace false`
warning: denote/Denote.lean:14317:55: missing space in the source

This part of the code
  '[1,2,32])'
should be written as
  '2, 32])'


Note: This linter can be disabled with `set_option linter.style.whitespace false`
warning: denote/Denote.lean:14318:25: missing space in the source

This part of the code
  '[1,2,32])'
should be written as
  '[1, 2, 32])'


Note: This linter can be disabled with `set_option linter.style.whitespace false`
warning: denote/Denote.lean:14318:27: missing space in the source

This part of the code
  '[1,2,32])'
should be written as
  '2, 32])'


Note: This linter can be disabled with `set_option linter.style.whitespace false`
warning: denote/Denote.lean:14318:53: missing space in the source

This part of the code
  '[1,2,32])'
should be written as
  '[1, 2, 32])'


Note: This linter can be disabled with `set_option linter.style.whitespace false`
warning: denote/Denote.lean:14318:55: missing space in the source

This part of the code
  '[1,2,32])'
should be written as
  '2, 32])'


Note: This linter can be disabled with `set_option linter.style.whitespace false`
warning: denote/Denote.lean:14319:24: missing space in the source

This part of the code
  '[32,32])'
should be written as
  '[32, 32])'


Note: This linter can be disabled with `set_option linter.style.whitespace false`
warning: denote/Denote.lean:14418:0: Please, add a comment explaining the need for modifying the maxHeartbeat limit, as in
set_option maxHeartbeats 1600000 in
-- reason for change
...

Note: This linter can be disabled with `set_option linter.style.maxHeartbeats false`
warning: denote/Denote.lean:14532:2: The `show` tactic should only be used to indicate intermediate goal states for readability.
However, this tactic invocation changed the goal. Please use `change` instead for these purposes.

Note: This linter can be disabled with `set_option linter.style.show false`
warning: denote/Denote.lean:14537:10: Used `tac1 <;> tac2` where `(tac1; tac2)` would suffice

Note: This linter can be disabled with `set_option linter.unnecessarySeqFocus false`
warning: denote/Denote.lean:14634:49: This simp argument is unused:
  Nat.reduceAdd

Hint: Omit it from the simp argument list.
  simp only [Finset.sum_range_succ, Finset.sum_range_zero, zero_add, Nat.reduceDiv, Nat.reduceMod,
  ̲  ̲ ̲ ̲Nat.reduceMul, N̵a̵t̵.̵r̵e̵d̵u̵c̵e̵A̵d̵d̵,̵Nat.zero_mul, Nat.add_zero, List.getD, List.getElem?_cons_zero,
  ̲  ̲ ̲ ̲List.getElem?_cons_succ, Option.getD_some]

Note: This linter can be disabled with `set_option linter.unusedSimpArgs false`
warning: denote/Denote.lean:14653:45: Variable name `hl` is not explicitly referenced.

The binding can be removed (if unused) or named `_` (if used implicitly).

Note: This linter can be disabled with `set_option linter.unusedVariables false`
warning: denote/Denote.lean:14656:43: Variable name `hl` is not explicitly referenced.

The binding can be removed (if unused) or named `_` (if used implicitly).

Note: This linter can be disabled with `set_option linter.unusedVariables false`
warning: denote/Denote.lean:14661:0: Please, add a comment explaining the need for modifying the maxHeartbeat limit, as in
set_option maxHeartbeats 1600000 in
-- reason for change
...

Note: This linter can be disabled with `set_option linter.style.maxHeartbeats false`
warning: denote/Denote.lean:14722:51: This simp argument is unused:
  List.getElem?_cons_succ

Hint: Omit it from the simp argument list.
  simp only [List.getD, List.getElem?_cons_zero, L̵i̵s̵t̵.̵g̵e̵t̵E̵l̵e̵m̵?̵_̵c̵o̵n̵s̵_̵s̵u̵c̵c̵,̵ ̵Option.getD_some]

Note: This linter can be disabled with `set_option linter.unusedSimpArgs false`
warning: denote/Denote.lean:14856:34: This simp argument is unused:
  Nat.reduceAdd

Hint: Omit it from the simp argument list.
  simp only [Finset.sum_range_succ, Finset.sum_range_zero, List.getD, List.getElem?_cons_zero,
  ̲  ̲ ̲ ̲List.getElem?_cons_succ, Option.getD_some, Nat.reduceDiv, Nat.reduceMod, N̵a̵t̵.̵r̵e̵d̵u̵c̵e̵A̵d̵d̵,̵ ̵Nat.add_zero,
  ̲  ̲ ̲ ̲Nat.zero_add]

Note: This linter can be disabled with `set_option linter.unusedSimpArgs false`
warning: denote/Denote.lean:14856:63: This simp argument is unused:
  Nat.zero_add

Hint: Omit it from the simp argument list.
  simp only [Finset.sum_range_succ, Finset.sum_range_zero,
  ̵  ̵ ̵ ̵List.getD, List.getElem?_cons_zero,
  ̲  ̲ ̲ ̲List.getElem?_cons_succ, Option.getD_some,
  ̵  ̵ ̵ ̵Nat.reduceDiv, Nat.reduceMod, Nat.reduceAdd,
  ̲ N̵a̵t̵.̵a̵d̵d̵_̵z̵e̵r̵o̵,̵  ̲ ̲Nat.z̵e̵r̵o̵_̵add_̲z̲e̲r̲o̲]

Note: This linter can be disabled with `set_option linter.unusedSimpArgs false`
warning: denote/Denote.lean:14911:2: The `show` tactic should only be used to indicate intermediate goal states for readability.
However, this tactic invocation changed the goal. Please use `change` instead for these purposes.

Note: This linter can be disabled with `set_option linter.style.show false`
warning: denote/Denote.lean:14935:2: The `show` tactic should only be used to indicate intermediate goal states for readability.
However, this tactic invocation changed the goal. Please use `change` instead for these purposes.

Note: This linter can be disabled with `set_option linter.style.show false`
warning: denote/Denote.lean:14962:2: The `show` tactic should only be used to indicate intermediate goal states for readability.
However, this tactic invocation changed the goal. Please use `change` instead for these purposes.

Note: This linter can be disabled with `set_option linter.style.show false`
warning: denote/Denote.lean:14999:33: This simp argument is unused:
  show (8 : Nat) ≠ 0 by omega

Hint: Omit it from the simp argument list.
  simp only [hx, List.getD, List.getElem?_cons_zero, List.getElem?_cons_succ,
  ̵  ̵ ̵ ̵Option.getD_some,
  ̲  ̲ ̲ ̲List.drop, List.foldl,
  ̵  ̵ ̵ ̵show (4 : Nat) ≠ 0 by omega, show (8̵ ̵:̵ ̵N̵a̵t̵)̵ ̵≠̵ ̵0̵ ̵b̵y̵ ̵o̵m̵e̵g̵a̵,̵
  ̵ ̵ ̵ ̵ ̵s̵h̵o̵w̵ ̵(̵32 : Nat) ≠ 0 by omega,
  ̲  ̲ ̲ ̲show (1 : Nat) ≠ 0 by omega, ite_false,
  ̵  ̵ ̵ ̵Nat.reduceMul, Nat.reduceDiv, Nat.reduceAdd,
      show (2 : Nat) ≠ 0 by omega, show (64 : Nat) ≠ 0 by omega]

Note: This linter can be disabled with `set_option linter.unusedSimpArgs false`
warning: denote/Denote.lean:15000:34: This simp argument is unused:
  show (1 : Nat) ≠ 0 by omega

Hint: Omit it from the simp argument list.
  simp only [hx, List.getD, List.getElem?_cons_zero, List.getElem?_cons_succ,
  ̵  ̵ ̵ ̵Option.getD_some,
  ̲  ̲ ̲ ̲List.drop, List.foldl,
  ̵  ̵ ̵ ̵show (4 : Nat) ≠ 0 by omega, show (8 : Nat) ≠ 0 by omega,
      show (32 : Nat) ≠ 0 by omega, s̵h̵o̵w̵ ̵(̵1̵ ̵:̵ ̵N̵a̵t̵)̵ ̵≠̵ ̵0̵ ̵b̵y̵ ̵o̵m̵e̵g̵a̵,̵ ̵ite_false,
  ̵  ̵ ̵ ̵Nat.reduceMul, Nat.reduceDiv, Nat.reduceAdd,
      show (2 : Nat) ≠ 0 by omega, show (64 : Nat) ≠ 0 by omega]

Note: This linter can be disabled with `set_option linter.unusedSimpArgs false`
warning: denote/Denote.lean:15002:4: This simp argument is unused:
  show (2 : Nat) ≠ 0 by omega

Hint: Omit it from the simp argument list.
  simp only [hx, List.getD, List.getElem?_cons_zero, List.getElem?_cons_succ,
  ̵  ̵ ̵ ̵Option.getD_some,
  ̲  ̲ ̲ ̲List.drop, List.foldl,
  ̵  ̵ ̵ ̵show (4 : Nat) ≠ 0 by omega, show (8 : Nat) ≠ 0 by omega,
      show (32 : Nat) ≠ 0 by omega, show (1 : Nat) ≠ 0 by omega, ite_false,
  ̵  ̵ ̵ ̵Nat.reduceMul,
  ̲  ̲ ̲ ̲Nat.reduceDiv, Nat.reduceAdd,
  ̵  ̵ ̵ ̵show (2̵ ̵:̵ ̵N̵a̵t̵)̵ ̵≠̵ ̵0̵ ̵b̵y̵ ̵o̵m̵e̵g̵a̵,̵ ̵s̵h̵o̵w̵ ̵(̵64 : Nat) ≠ 0 by omega]

Note: This linter can be disabled with `set_option linter.unusedSimpArgs false`
warning: denote/Denote.lean:15024:4: This simp argument is unused:
  Nat.reduceDiv

Hint: Omit it from the simp argument list.
  simp only [hhead, List.getD, List.getElem?_cons_zero, List.getElem?_cons_succ, Option.getD_some,
  ̲  ̲ ̲ ̲List.drop, List.foldl, Nat.reduceMul, Nat.reduceAdd, N̵a̵t̵.̵r̵e̵d̵u̵c̵e̵D̵i̵v̵,̵ ̵Nat.reduceMod, Nat.div_one, Nat.mod_one,
  ̲  ̲ ̲ ̲Nat.mul_one, Nat.add_zero, Nat.zero_add, show (2 : Nat) ≠ 0 from by omega,
      show (32 : Nat) ≠ 0 from by omega, show (64 : Nat) ≠ 0 from by omega,
      show (256 : Nat) ≠ 0 from by omega, ite_false]

Note: This linter can be disabled with `set_option linter.unusedSimpArgs false`
warning: denote/Denote.lean:15024:19: This simp argument is unused:
  Nat.reduceMod

Hint: Omit it from the simp argument list.
  simp only [hhead, List.getD, List.getElem?_cons_zero, List.getElem?_cons_succ,
  ̵  ̵ ̵ ̵Option.getD_some,
  ̲  ̲ ̲ ̲List.drop, List.foldl, Nat.reduceMul, Nat.reduceAdd,
  ̵  ̵ ̵ ̵Nat.reduceDiv, Nat.r̵e̵du̵c̵e̵M̵o̵d̵,̵ ̵N̵a̵t̵.̵d̵iv_one, Nat.mod_one,
  ̲  ̲ ̲ ̲Nat.mul_one,
  ̵  ̵ ̵ ̵Nat.add_zero, Nat.zero_add, show (2 : Nat) ≠ 0 from by omega,
      show (32 : Nat) ≠ 0 from by omega, show (64 : Nat) ≠ 0 from by omega,
      show (256 : Nat) ≠ 0 from by omega, ite_false]

Note: This linter can be disabled with `set_option linter.unusedSimpArgs false`
warning: denote/Denote.lean:15024:34: This simp argument is unused:
  Nat.div_one

Hint: Omit it from the simp argument list.
  simp only [hhead, List.getD, List.getElem?_cons_zero, List.getElem?_cons_succ,
  ̵  ̵ ̵ ̵Option.getD_some,
  ̲  ̲ ̲ ̲List.drop, List.foldl, Nat.reduceMul, Nat.reduceAdd,
  ̵  ̵ ̵ ̵Nat.reduceDiv, Nat.reduceMod, Nat.d̵i̵v̵_̵o̵n̵e̵,̵ ̵N̵a̵t̵.̵mod_one, ̵N̵a̵t̵.̵m̵u̵l̵_̵o̵n̵e̵,̵
      Nat.m̲u̲l̲_̲o̲n̲e̲,̲ ̲N̲at̲.̲a̲dd_zero, Nat.zero_add, show (2 : Nat) ≠ 0 from by omega,
      show (32 : Nat) ≠ 0 from by omega, show (64 : Nat) ≠ 0 from by omega,
      show (256 : Nat) ≠ 0 from by omega, ite_false]

Note: This linter can be disabled with `set_option linter.unusedSimpArgs false`
warning: denote/Denote.lean:15024:47: This simp argument is unused:
  Nat.mod_one

Hint: Omit it from the simp argument list.
  simp only [hhead, List.getD, List.getElem?_cons_zero, List.getElem?_cons_succ,
  ̵  ̵ ̵ ̵Option.getD_some,
  ̲  ̲ ̲ ̲List.drop, List.foldl, Nat.reduceMul, Nat.reduceAdd,
  ̵  ̵ ̵ ̵Nat.reduceDiv, Nat.reduceMod, Nat.div_one, ̵N̵a̵t̵.̵m̵o̵d̵_̵o̵n̵e̵,̵ ̵N̵a̵t̵.̵m̵u̵l̵_̵o̵n̵e̵,̵
      Nat.m̲u̲l̲_̲o̲n̲e̲,̲ ̲N̲at̲.̲a̲dd_zero, Nat.zero_add, show (2 : Nat) ≠ 0 from by omega,
      show (32 : Nat) ≠ 0 from by omega, show (64 : Nat) ≠ 0 from by omega,
      show (256 : Nat) ≠ 0 from by omega, ite_false]

Note: This linter can be disabled with `set_option linter.unusedSimpArgs false`
warning: denote/Denote.lean:15024:60: This simp argument is unused:
  Nat.mul_one

Hint: Omit it from the simp argument list.
  simp only [hhead, List.getD, List.getElem?_cons_zero, List.getElem?_cons_succ,
  ̵  ̵ ̵ ̵Option.getD_some,
  ̲  ̲ ̲ ̲List.drop, List.foldl, Nat.reduceMul, Nat.reduceAdd,
  ̵  ̵ ̵ ̵Nat.reduceDiv, Nat.reduceMod, Nat.div_one,
  ̲  ̲ ̲ ̲Nat.mod_one, Nat.m̵u̵l̵_̵o̵n̵e̵,̵
  ̵ ̵ ̵ ̵ ̵N̵at̵.̵a̵dd_zero, Nat.zero_add, show (2 : Nat) ≠ 0 from by omega,
      show (32 : Nat) ≠ 0 from by omega, show (64 : Nat) ≠ 0 from by omega,
      show (256 : Nat) ≠ 0 from by omega, ite_false]

Note: This linter can be disabled with `set_option linter.unusedSimpArgs false`
warning: denote/Denote.lean:15025:4: This simp argument is unused:
  Nat.add_zero

Hint: Omit it from the simp argument list.
  simp only [hhead, List.getD, List.getElem?_cons_zero, List.getElem?_cons_succ,
  ̵  ̵ ̵ ̵Option.getD_some,
  ̲  ̲ ̲ ̲List.drop, List.foldl, Nat.reduceMul, Nat.reduceAdd,
  ̵  ̵ ̵ ̵Nat.reduceDiv, Nat.reduceMod, Nat.div_one, ̵N̵a̵t̵.̵m̵o̵d̵_̵o̵n̵e̵,̵ ̵N̵a̵t̵.̵m̵u̵l̵_̵o̵n̵e̵,̵
      Nat.m̲o̲d̲_̲o̲n̲e̲,̲ ̲N̲ad̵d̵t̲.̲m̲u̲l̲_z̵o̲n̲er̵o̵, Nat.zero_add, show (2 : Nat) ≠ 0 from by omega,
      show (32 : Nat) ≠ 0 from by omega, show (64 : Nat) ≠ 0 from by omega,
      show (256 : Nat) ≠ 0 from by omega, ite_false]

Note: This linter can be disabled with `set_option linter.unusedSimpArgs false`
warning: denote/Denote.lean:15025:18: This simp argument is unused:
  Nat.zero_add

Hint: Omit it from the simp argument list.
  simp only [hhead, List.getD, List.getElem?_cons_zero, List.getElem?_cons_succ,
  ̵  ̵ ̵ ̵Option.getD_some,
  ̲  ̲ ̲ ̲List.drop, List.foldl, Nat.reduceMul, Nat.reduceAdd,
  ̵  ̵ ̵ ̵Nat.reduceDiv, Nat.reduceMod, Nat.div_one, ̵N̵a̵t̵.̵m̵o̵d̵_̵o̵n̵e̵,̵ ̵N̵a̵t̵.̵m̵u̵l̵_̵o̵n̵e̵,̵
      Nat.m̲o̲d̲_̲o̲n̲e̲,̲ ̲N̲ad̵d̵t̲.̲m̲u̲l̲_z̵o̲n̲er̵o̵, Nat.z̵e̵r̵o̵_̵add_̲z̲e̲r̲o̲, show (2 : Nat) ≠ 0 from by omega,
      show (32 : Nat) ≠ 0 from by omega, show (64 : Nat) ≠ 0 from by omega,
      show (256 : Nat) ≠ 0 from by omega, ite_false]

Note: This linter can be disabled with `set_option linter.unusedSimpArgs false`
warning: denote/Denote.lean:15026:39: This simp argument is unused:
  show (64 : Nat) ≠ 0 from by omega

Hint: Omit it from the simp argument list.
  simp only [hhead, List.getD, List.getElem?_cons_zero, List.getElem?_cons_succ,
  ̵  ̵ ̵ ̵Option.getD_some,
  ̲  ̲ ̲ ̲List.drop, List.foldl, Nat.reduceMul, Nat.reduceAdd,
  ̵  ̵ ̵ ̵Nat.reduceDiv, Nat.reduceMod, Nat.div_one,
  ̲  ̲ ̲ ̲Nat.mod_one, Nat.mul_one,
  ̵  ̵ ̵ ̵Nat.add_zero, Nat.zero_add, show (2 : Nat) ≠ 0 from by omega,
      show (32 : Nat) ≠ 0 from by omega, show (6̵4̵ ̵:̵ ̵N̵a̵t̵)̵ ̵≠̵ ̵0̵ ̵f̵r̵o̵m̵ ̵b̵y̵ ̵o̵m̵e̵g̵a̵,̵
  ̵ ̵ ̵ ̵ ̵s̵h̵o̵w̵ ̵(̵256 : Nat) ≠ 0 from by omega, ite_false]

Note: This linter can be disabled with `set_option linter.unusedSimpArgs false`
warning: denote/Denote.lean:15067:23: This simp argument is unused:
  List.getElem?_cons_zero

Hint: Omit it from the simp argument list.
  simp [List.getD, L̵i̵s̵t̵.̵g̵e̵t̵E̵l̵e̵m̵?̵_̵c̵o̵n̵s̵_̵z̵e̵r̵o̵,̵ ̵List.getElem?_cons_succ]

Note: This linter can be disabled with `set_option linter.unusedSimpArgs false`
warning: denote/Denote.lean:15067:48: This simp argument is unused:
  List.getElem?_cons_succ

Hint: Omit it from the simp argument list.
  simp [List.getD, List.getElem?_cons_zero,̵ ̵L̵i̵s̵t̵.̵g̵e̵t̵E̵l̵e̵m̵?̵_̵c̵o̵n̵s̵_̵s̵u̵c̵c̵]

Note: This linter can be disabled with `set_option linter.unusedSimpArgs false`
warning: denote/Denote.lean:15075:2: The `show` tactic should only be used to indicate intermediate goal states for readability.
However, this tactic invocation changed the goal. Please use `change` instead for these purposes.

Note: This linter can be disabled with `set_option linter.style.show false`
warning: denote/Denote.lean:15102:2: The `show` tactic should only be used to indicate intermediate goal states for readability.
However, this tactic invocation changed the goal. Please use `change` instead for these purposes.

Note: This linter can be disabled with `set_option linter.style.show false`
warning: denote/Denote.lean:15169:24: This simp argument is unused:
  List.getD

Hint: Omit it from the simp argument list.
  simp only [List.getD̵,̵ ̵L̵i̵s̵t̵.̵g̵e̵t̵Elem?_cons_zero, List.getElem?_cons_succ, Option.getD_some]

Note: This linter can be disabled with `set_option linter.unusedSimpArgs false`
warning: denote/Denote.lean:15169:60: This simp argument is unused:
  List.getElem?_cons_succ

Hint: Omit it from the simp argument list.
  simp only [List.getD, List.getElem?_cons_zero, L̵i̵s̵t̵.̵g̵e̵t̵E̵l̵e̵m̵?̵_̵c̵o̵n̵s̵_̵s̵u̵c̵c̵,̵ ̵Option.getD_some]

Note: This linter can be disabled with `set_option linter.unusedSimpArgs false`
warning: denote/Denote.lean:15173:24: This simp argument is unused:
  List.getD

Hint: Omit it from the simp argument list.
  simp only [List.getD̵,̵ ̵L̵i̵s̵t̵.̵g̵e̵t̵Elem?_cons_zero, List.getElem?_cons_succ, Option.getD_some]

Note: This linter can be disabled with `set_option linter.unusedSimpArgs false`
warning: denote/Denote.lean:15177:24: This simp argument is unused:
  List.getD

Hint: Omit it from the simp argument list.
  simp only [List.getD̵,̵ ̵L̵i̵s̵t̵.̵g̵e̵t̵Elem?_cons_zero, List.getElem?_cons_succ, Option.getD_some]

Note: This linter can be disabled with `set_option linter.unusedSimpArgs false`
warning: denote/Denote.lean:15181:24: This simp argument is unused:
  List.getD

Hint: Omit it from the simp argument list.
  simp only [List.getD̵,̵ ̵L̵i̵s̵t̵.̵g̵e̵t̵Elem?_cons_zero, List.getElem?_cons_succ, Option.getD_some]

Note: This linter can be disabled with `set_option linter.unusedSimpArgs false`
warning: denote/Denote.lean:15189:2: The `show` tactic should only be used to indicate intermediate goal states for readability.
However, this tactic invocation changed the goal. Please use `change` instead for these purposes.

Note: This linter can be disabled with `set_option linter.style.show false`
warning: denote/Denote.lean:15213:2: The `show` tactic should only be used to indicate intermediate goal states for readability.
However, this tactic invocation changed the goal. Please use `change` instead for these purposes.

Note: This linter can be disabled with `set_option linter.style.show false`
warning: denote/Denote.lean:15233:25: This simp argument is unused:
  hne.symm

Hint: Omit it from the simp argument list.
  simp [List.find?, hne,̵ ̵h̵n̵e̵.̵s̵y̵m̵m̵]

Note: This linter can be disabled with `set_option linter.unusedSimpArgs false`
warning: denote/Denote.lean:15237:2: The `show` tactic should only be used to indicate intermediate goal states for readability.
However, this tactic invocation changed the goal. Please use `change` instead for these purposes.

Note: This linter can be disabled with `set_option linter.style.show false`
warning: denote/Denote.lean:15261:2: The `show` tactic should only be used to indicate intermediate goal states for readability.
However, this tactic invocation changed the goal. Please use `change` instead for these purposes.

Note: This linter can be disabled with `set_option linter.style.show false`
warning: denote/Denote.lean:15281:25: This simp argument is unused:
  hne.symm

Hint: Omit it from the simp argument list.
  simp [List.find?, hne,̵ ̵h̵n̵e̵.̵s̵y̵m̵m̵]

Note: This linter can be disabled with `set_option linter.unusedSimpArgs false`
warning: denote/Denote.lean:15289:0: Please, add a comment explaining the need for modifying the maxHeartbeat limit, as in
set_option maxHeartbeats 1600000 in
-- reason for change
...

Note: This linter can be disabled with `set_option linter.style.maxHeartbeats false`
warning: denote/Denote.lean:15357:12: Used `tac1 <;> tac2` where `(tac1; tac2)` would suffice

Note: This linter can be disabled with `set_option linter.unnecessarySeqFocus false`
warning: denote/Denote.lean:15367:12: Used `tac1 <;> tac2` where `(tac1; tac2)` would suffice

Note: This linter can be disabled with `set_option linter.unnecessarySeqFocus false`
warning: denote/Denote.lean:15377:12: Used `tac1 <;> tac2` where `(tac1; tac2)` would suffice

Note: This linter can be disabled with `set_option linter.unnecessarySeqFocus false`
warning: denote/Denote.lean:15387:12: Used `tac1 <;> tac2` where `(tac1; tac2)` would suffice

Note: This linter can be disabled with `set_option linter.unnecessarySeqFocus false`
warning: denote/Denote.lean:15458:23: This simp argument is unused:
  List.getElem?_cons_zero

Hint: Omit it from the simp argument list.
  simp [List.getD, L̵i̵s̵t̵.̵g̵e̵t̵E̵l̵e̵m̵?̵_̵c̵o̵n̵s̵_̵z̵e̵r̵o̵,̵ ̵List.getElem?_cons_succ, h0, h1, h2, h3]

Note: This linter can be disabled with `set_option linter.unusedSimpArgs false`
warning: denote/Denote.lean:15458:48: This simp argument is unused:
  List.getElem?_cons_succ

Hint: Omit it from the simp argument list.
  simp [List.getD, List.getElem?_cons_zero, L̵i̵s̵t̵.̵g̵e̵t̵E̵l̵e̵m̵?̵_̵c̵o̵n̵s̵_̵s̵u̵c̵c̵,̵ ̵h0, h1, h2, h3]

Note: This linter can be disabled with `set_option linter.unusedSimpArgs false`
warning: denote/Denote.lean:15466:23: This simp argument is unused:
  List.getElem?_cons_zero

Hint: Omit it from the simp argument list.
  simp [List.getD, L̵i̵s̵t̵.̵g̵e̵t̵E̵l̵e̵m̵?̵_̵c̵o̵n̵s̵_̵z̵e̵r̵o̵,̵ ̵List.getElem?_cons_succ]

Note: This linter can be disabled with `set_option linter.unusedSimpArgs false`
warning: denote/Denote.lean:15466:48: This simp argument is unused:
  List.getElem?_cons_succ

Hint: Omit it from the simp argument list.
  simp [List.getD, List.getElem?_cons_zero,̵ ̵L̵i̵s̵t̵.̵g̵e̵t̵E̵l̵e̵m̵?̵_̵c̵o̵n̵s̵_̵s̵u̵c̵c̵]

Note: This linter can be disabled with `set_option linter.unusedSimpArgs false`
warning: denote/Denote.lean:15544:35: This simp argument is unused:
  List.foldl

Hint: Omit it from the simp argument list.
  simp [tensorSum, Tensor.mkShape,̵ ̵L̵i̵s̵t̵.̵f̵o̵l̵d̵l̵]

Note: This linter can be disabled with `set_option linter.unusedSimpArgs false`
warning: denote/Denote.lean:15554:35: Variable name `hb1` is not explicitly referenced.

The binding can be removed (if unused) or named `_` (if used implicitly).

Note: This linter can be disabled with `set_option linter.unusedVariables false`
warning: denote/Denote.lean:15555:5: Variable name `hb2` is not explicitly referenced.

The binding can be removed (if unused) or named `_` (if used implicitly).

Note: This linter can be disabled with `set_option linter.unusedVariables false`
warning: denote/Denote.lean:15555:35: Variable name `hb3` is not explicitly referenced.

The binding can be removed (if unused) or named `_` (if used implicitly).

Note: This linter can be disabled with `set_option linter.unusedVariables false`
warning: denote/Denote.lean:15630:0: Please, add a comment explaining the need for modifying the maxHeartbeat limit, as in
set_option maxHeartbeats 1600000 in
-- reason for change
...

Note: This linter can be disabled with `set_option linter.style.maxHeartbeats false`
warning: denote/Denote.lean:15755:2: The `show` tactic should only be used to indicate intermediate goal states for readability.
However, this tactic invocation changed the goal. Please use `change` instead for these purposes.

Note: This linter can be disabled with `set_option linter.style.show false`
warning: denote/Denote.lean:15760:10: Used `tac1 <;> tac2` where `(tac1; tac2)` would suffice

Note: This linter can be disabled with `set_option linter.unnecessarySeqFocus false`
warning: denote/Denote.lean:15762:0: Please, add a comment explaining the need for modifying the maxHeartbeat limit, as in
set_option maxHeartbeats 4000000 in
-- reason for change
...

Note: This linter can be disabled with `set_option linter.style.maxHeartbeats false`
warning: denote/Denote.lean:15868:35: This simp argument is unused:
  List.foldl

Hint: Omit it from the simp argument list.
  simp [tensorSum, Tensor.mkShape,̵ ̵L̵i̵s̵t̵.̵f̵o̵l̵d̵l̵]

Note: This linter can be disabled with `set_option linter.unusedSimpArgs false`
warning: denote/Denote.lean:15876:35: Variable name `hb1` is not explicitly referenced.

The binding can be removed (if unused) or named `_` (if used implicitly).

Note: This linter can be disabled with `set_option linter.unusedVariables false`
warning: denote/Denote.lean:15877:5: Variable name `hb2` is not explicitly referenced.

The binding can be removed (if unused) or named `_` (if used implicitly).

Note: This linter can be disabled with `set_option linter.unusedVariables false`
warning: denote/Denote.lean:15877:35: Variable name `hb3` is not explicitly referenced.

The binding can be removed (if unused) or named `_` (if used implicitly).

Note: This linter can be disabled with `set_option linter.unusedVariables false`
warning: denote/Denote.lean:15956:35: Variable name `hb1` is not explicitly referenced.

The binding can be removed (if unused) or named `_` (if used implicitly).

Note: This linter can be disabled with `set_option linter.unusedVariables false`
warning: denote/Denote.lean:15957:5: Variable name `hb2` is not explicitly referenced.

The binding can be removed (if unused) or named `_` (if used implicitly).

Note: This linter can be disabled with `set_option linter.unusedVariables false`
warning: denote/Denote.lean:15957:35: Variable name `hb3` is not explicitly referenced.

The binding can be removed (if unused) or named `_` (if used implicitly).

Note: This linter can be disabled with `set_option linter.unusedVariables false`
warning: denote/Denote.lean:16023:35: This simp argument is unused:
  List.foldl

Hint: Omit it from the simp argument list.
  simp [tensorSum, Tensor.mkShape,̵ ̵L̵i̵s̵t̵.̵f̵o̵l̵d̵l̵]

Note: This linter can be disabled with `set_option linter.unusedSimpArgs false`
warning: denote/Denote.lean:16030:35: Variable name `hc1` is not explicitly referenced.

The binding can be removed (if unused) or named `_` (if used implicitly).

Note: This linter can be disabled with `set_option linter.unusedVariables false`
warning: denote/Denote.lean:16031:5: Variable name `hc2` is not explicitly referenced.

The binding can be removed (if unused) or named `_` (if used implicitly).

Note: This linter can be disabled with `set_option linter.unusedVariables false`
warning: denote/Denote.lean:16031:35: Variable name `hc3` is not explicitly referenced.

The binding can be removed (if unused) or named `_` (if used implicitly).

Note: This linter can be disabled with `set_option linter.unusedVariables false`
warning: denote/Denote.lean:16092:51: This simp argument is unused:
  List.getElem?_cons_succ

Hint: Omit it from the simp argument list.
  simp only [List.getD, List.getElem?_cons_zero, L̵i̵s̵t̵.̵g̵e̵t̵E̵l̵e̵m̵?̵_̵c̵o̵n̵s̵_̵s̵u̵c̵c̵,̵ ̵Option.getD_some]

Note: This linter can be disabled with `set_option linter.unusedSimpArgs false`
warning: denote/Denote.lean:16126:35: Variable name `hb1` is not explicitly referenced.

The binding can be removed (if unused) or named `_` (if used implicitly).

Note: This linter can be disabled with `set_option linter.unusedVariables false`
warning: denote/Denote.lean:16127:5: Variable name `hb2` is not explicitly referenced.

The binding can be removed (if unused) or named `_` (if used implicitly).

Note: This linter can be disabled with `set_option linter.unusedVariables false`
warning: denote/Denote.lean:16127:35: Variable name `hb3` is not explicitly referenced.

The binding can be removed (if unused) or named `_` (if used implicitly).

Note: This linter can be disabled with `set_option linter.unusedVariables false`
warning: denote/Denote.lean:16173:4: The `show` tactic should only be used to indicate intermediate goal states for readability.
However, this tactic invocation changed the goal. Please use `change` instead for these purposes.

Note: This linter can be disabled with `set_option linter.style.show false`
warning: denote/Denote.lean:16176:4: The `show` tactic should only be used to indicate intermediate goal states for readability.
However, this tactic invocation changed the goal. Please use `change` instead for these purposes.

Note: This linter can be disabled with `set_option linter.style.show false`
warning: denote/Denote.lean:16179:4: The `show` tactic should only be used to indicate intermediate goal states for readability.
However, this tactic invocation changed the goal. Please use `change` instead for these purposes.

Note: This linter can be disabled with `set_option linter.style.show false`
warning: denote/Denote.lean:16182:4: The `show` tactic should only be used to indicate intermediate goal states for readability.
However, this tactic invocation changed the goal. Please use `change` instead for these purposes.

Note: This linter can be disabled with `set_option linter.style.show false`
warning: denote/Denote.lean:16193:5: Variable name `hb1` is not explicitly referenced.

The binding can be removed (if unused) or named `_` (if used implicitly).

Note: This linter can be disabled with `set_option linter.unusedVariables false`
warning: denote/Denote.lean:16193:35: Variable name `hb2` is not explicitly referenced.

The binding can be removed (if unused) or named `_` (if used implicitly).

Note: This linter can be disabled with `set_option linter.unusedVariables false`
warning: denote/Denote.lean:16194:5: Variable name `hb3` is not explicitly referenced.

The binding can be removed (if unused) or named `_` (if used implicitly).

Note: This linter can be disabled with `set_option linter.unusedVariables false`
warning: denote/Denote.lean:16238:35: This simp argument is unused:
  List.foldl

Hint: Omit it from the simp argument list.
  simp [tensorSum, Tensor.mkShape,̵ ̵L̵i̵s̵t̵.̵f̵o̵l̵d̵l̵]

Note: This linter can be disabled with `set_option linter.unusedSimpArgs false`
warning: denote/Denote.lean:16245:35: Variable name `hc1` is not explicitly referenced.

The binding can be removed (if unused) or named `_` (if used implicitly).

Note: This linter can be disabled with `set_option linter.unusedVariables false`
warning: denote/Denote.lean:16246:5: Variable name `hc2` is not explicitly referenced.

The binding can be removed (if unused) or named `_` (if used implicitly).

Note: This linter can be disabled with `set_option linter.unusedVariables false`
warning: denote/Denote.lean:16246:35: Variable name `hc3` is not explicitly referenced.

The binding can be removed (if unused) or named `_` (if used implicitly).

Note: This linter can be disabled with `set_option linter.unusedVariables false`
warning: denote/Denote.lean:16258:20: The `show` tactic should only be used to indicate intermediate goal states for readability.
However, this tactic invocation changed the goal. Please use `change` instead for these purposes.

Note: This linter can be disabled with `set_option linter.style.show false`
warning: denote/Denote.lean:16325:35: Variable name `hb1` is not explicitly referenced.

The binding can be removed (if unused) or named `_` (if used implicitly).

Note: This linter can be disabled with `set_option linter.unusedVariables false`
warning: denote/Denote.lean:16326:5: Variable name `hb2` is not explicitly referenced.

The binding can be removed (if unused) or named `_` (if used implicitly).

Note: This linter can be disabled with `set_option linter.unusedVariables false`
warning: denote/Denote.lean:16326:35: Variable name `hb3` is not explicitly referenced.

The binding can be removed (if unused) or named `_` (if used implicitly).

Note: This linter can be disabled with `set_option linter.unusedVariables false`
warning: denote/Denote.lean:16375:0: Please, add a comment explaining the need for modifying the maxHeartbeat limit, as in
set_option maxHeartbeats 1600000 in
-- reason for change
...

Note: This linter can be disabled with `set_option linter.style.maxHeartbeats false`
warning: denote/Denote.lean:16504:0: Please, add a comment explaining the need for modifying the maxHeartbeat limit, as in
set_option maxHeartbeats 2000000 in
-- reason for change
...

Note: This linter can be disabled with `set_option linter.style.maxHeartbeats false`
warning: denote/Denote.lean:16512:23: missing space in the source

This part of the code
  '[1,8,128])'
should be written as
  '[1, 8, 128])'


Note: This linter can be disabled with `set_option linter.style.whitespace false`
warning: denote/Denote.lean:16512:25: missing space in the source

This part of the code
  '[1,8,128])'
should be written as
  '8, 128])'


Note: This linter can be disabled with `set_option linter.style.whitespace false`
warning: denote/Denote.lean:16512:52: missing space in the source

This part of the code
  '[1,8,32])'
should be written as
  '[1, 8, 32])'


Note: This linter can be disabled with `set_option linter.style.whitespace false`
warning: denote/Denote.lean:16512:54: missing space in the source

This part of the code
  '[1,8,32])'
should be written as
  '8, 32])'


Note: This linter can be disabled with `set_option linter.style.whitespace false`
warning: denote/Denote.lean:16513:25: missing space in the source

This part of the code
  '[1,8,8])'
should be written as
  '[1, 8, 8])'


Note: This linter can be disabled with `set_option linter.style.whitespace false`
warning: denote/Denote.lean:16513:27: missing space in the source

This part of the code
  '[1,8,8]) (hx1'
should be written as
  '8, 8])'


Note: This linter can be disabled with `set_option linter.style.whitespace false`
warning: denote/Denote.lean:16513:52: missing space in the source

This part of the code
  '[1,8,8])'
should be written as
  '[1, 8, 8])'


Note: This linter can be disabled with `set_option linter.style.whitespace false`
warning: denote/Denote.lean:16513:54: missing space in the source

This part of the code
  '[1,8,8])
'
should be written as
  '8, 8])'


Note: This linter can be disabled with `set_option linter.style.whitespace false`
warning: denote/Denote.lean:16514:25: missing space in the source

This part of the code
  '[1,8,8])'
should be written as
  '[1, 8, 8])'


Note: This linter can be disabled with `set_option linter.style.whitespace false`
warning: denote/Denote.lean:16514:27: missing space in the source

This part of the code
  '[1,8,8]) (hx3'
should be written as
  '8, 8])'


Note: This linter can be disabled with `set_option linter.style.whitespace false`
warning: denote/Denote.lean:16514:52: missing space in the source

This part of the code
  '[1,8,8])'
should be written as
  '[1, 8, 8])'


Note: This linter can be disabled with `set_option linter.style.whitespace false`
warning: denote/Denote.lean:16514:54: missing space in the source

This part of the code
  '[1,8,8])
'
should be written as
  '8, 8])'


Note: This linter can be disabled with `set_option linter.style.whitespace false`
warning: denote/Denote.lean:16515:27: missing space in the source

This part of the code
  '[128,8]) (hw1'
should be written as
  '[128, 8])'


Note: This linter can be disabled with `set_option linter.style.whitespace false`
warning: denote/Denote.lean:16515:54: missing space in the source

This part of the code
  '[128,8])
'
should be written as
  '[128, 8])'


Note: This linter can be disabled with `set_option linter.style.whitespace false`
warning: denote/Denote.lean:16516:27: missing space in the source

This part of the code
  '[128,8]) (hw3'
should be written as
  '[128, 8])'


Note: This linter can be disabled with `set_option linter.style.whitespace false`
warning: denote/Denote.lean:16516:54: missing space in the source

This part of the code
  '[128,8]) :'
should be written as
  '[128, 8])'


Note: This linter can be disabled with `set_option linter.style.whitespace false`
warning: denote/Denote.lean:16583:0: Please, add a comment explaining the need for modifying the maxHeartbeat limit, as in
set_option maxHeartbeats 800000 in
-- reason for change
...

Note: This linter can be disabled with `set_option linter.style.maxHeartbeats false`
warning: denote/Denote.lean:16683:45: This simp argument is unused:
  List.set

Hint: Omit it from the simp argument list.
  simp only [allGatherPrimDimN, Tensor.mkShape, hhead, List.getD,
  ̵  ̵ ̵ ̵List.getElem?_cons_zero,
  ̲  ̲ ̲ ̲List.getElem?_cons_succ,
  ̵  ̵ ̵ ̵Option.getD_some, List.drop, List.foldl, List.s̵e̵t̵,̵ ̵L̵i̵s̵t̵.̵length, List.take,
      show (32 : Nat) ≠ 0 from by omega,
  ̵  ̵ ̵ ̵show (128 : Nat) ≠ 0 from by omega,
      show (4 : Nat) ≠ 0 from by omega, show (1 : Nat) ≠ 0 from by omega]

Note: This linter can be disabled with `set_option linter.unusedSimpArgs false`
warning: denote/Denote.lean:16683:55: This simp argument is unused:
  List.length

Hint: Omit it from the simp argument list.
  simp only [allGatherPrimDimN, Tensor.mkShape, hhead, List.getD,
  ̵  ̵ ̵ ̵List.getElem?_cons_zero,
  ̲  ̲ ̲ ̲List.getElem?_cons_succ,
  ̵  ̵ ̵ ̵Option.getD_some, List.drop, List.foldl, List.set, List.l̵e̵n̵g̵th̵,̵ ̵L̵i̵s̵t̵.̵t̵ake,
      show (32 : Nat) ≠ 0 from by omega,
  ̵  ̵ ̵ ̵show (128 : Nat) ≠ 0 from by omega,
      show (4 : Nat) ≠ 0 from by omega, show (1 : Nat) ≠ 0 from by omega]

Note: This linter can be disabled with `set_option linter.unusedSimpArgs false`
warning: denote/Denote.lean:16683:68: This simp argument is unused:
  List.take

Hint: Omit it from the simp argument list.
  simp only [allGatherPrimDimN, Tensor.mkShape, hhead, List.getD,
  ̵  ̵ ̵ ̵List.getElem?_cons_zero,
  ̲  ̲ ̲ ̲List.getElem?_cons_succ,
  ̵  ̵ ̵ ̵Option.getD_some, List.drop, List.foldl, List.set, List.length, ̵L̵i̵s̵t̵.̵t̵a̵k̵e̵,̵
      show (32 : Nat) ≠ 0 from by omega,
  ̵  ̵ ̵ ̵show (128 : Nat) ≠ 0 from by omega,
      show (4 : Nat) ≠ 0 from by omega, show (1 : Nat) ≠ 0 from by omega]

Note: This linter can be disabled with `set_option linter.unusedSimpArgs false`
warning: denote/Denote.lean:16686:4: This simp argument is unused:
  show (4 : Nat) ≠ 0 from by omega

Hint: Omit it from the simp argument list.
  simp only [allGatherPrimDimN, Tensor.mkShape, hhead, List.getD,
  ̵  ̵ ̵ ̵List.getElem?_cons_zero,
  ̲  ̲ ̲ ̲List.getElem?_cons_succ,
  ̵  ̵ ̵ ̵Option.getD_some, List.drop, List.foldl, List.set, List.length,
  ̲  ̲ ̲ ̲List.take,
  ̵  ̵ ̵ ̵show (32 : Nat) ≠ 0 from by omega,
  ̵  ̵ ̵ ̵show (128 : Nat) ≠ 0 from by omega,
      show (4̵ ̵:̵ ̵N̵a̵t̵)̵ ̵≠̵ ̵0̵ ̵f̵r̵o̵m̵ ̵b̵y̵ ̵o̵m̵e̵g̵a̵,̵ ̵s̵h̵o̵w̵ ̵(̵1 : Nat) ≠ 0 from by omega]

Note: This linter can be disabled with `set_option linter.unusedSimpArgs false`
warning: denote/Denote.lean:16687:28: This simp argument is unused:
  Nat.reduceAdd

Hint: Omit it from the simp argument list.
  simp only [Nat.reduceMul, Nat.reduceA̵d̵d̵,̵ ̵N̵a̵t̵.̵r̵e̵d̵u̵c̵e̵Pow, Nat.reduceDiv, Nat.reduceMod,
  ̵  ̵ ̵ ̵ite_false, ite_true,
  ̲  ̲ ̲ ̲Nat.div_one, Nat.mod_one, Nat.mul_one, Nat.add_zero, Nat.zero_add,
  ̵  ̵ ̵ ̵List.prod_cons,
  ̲  ̲ ̲ ̲List.prod_nil, Nat.one_mul]

Note: This linter can be disabled with `set_option linter.unusedSimpArgs false`
warning: denote/Denote.lean:16687:43: This simp argument is unused:
  Nat.reducePow

Hint: Omit it from the simp argument list.
  simp only [Nat.reduceMul, Nat.reduceAdd, Nat.reduceP̵o̵w̵,̵ ̵N̵a̵t̵.̵r̵e̵d̵u̵c̵e̵Div, Nat.reduceMod,
  ̵  ̵ ̵ ̵ite_false, ite_true,
  ̲  ̲ ̲ ̲Nat.div_one, Nat.mod_one, Nat.mul_one, Nat.add_zero, Nat.zero_add,
  ̵  ̵ ̵ ̵List.prod_cons,
  ̲  ̲ ̲ ̲List.prod_nil, Nat.one_mul]

Note: This linter can be disabled with `set_option linter.unusedSimpArgs false`
warning: denote/Denote.lean:16687:58: This simp argument is unused:
  Nat.reduceDiv

Hint: Omit it from the simp argument list.
  simp only [Nat.reduceMul, Nat.reduceAdd, Nat.reducePow, Nat.reduceD̵i̵v̵,̵ ̵N̵a̵t̵.̵r̵e̵d̵u̵c̵e̵Mod,
  ̵  ̵ ̵ ̵ite_false, ite_true,
  ̲  ̲ ̲ ̲Nat.div_one, Nat.mod_one, Nat.mul_one, Nat.add_zero, Nat.zero_add,
  ̵  ̵ ̵ ̵List.prod_cons,
  ̲  ̲ ̲ ̲List.prod_nil, Nat.one_mul]

Note: This linter can be disabled with `set_option linter.unusedSimpArgs false`
warning: denote/Denote.lean:16687:73: This simp argument is unused:
  Nat.reduceMod

Hint: Omit it from the simp argument list.
  simp only [Nat.reduceMul, Nat.reduceAdd, Nat.reducePow, Nat.reduceDiv, N̵a̵t̵.̵r̵e̵d̵u̵c̵e̵M̵o̵d̵,̵
  ̵ ̵ ̵ ̵ ̵ite_false, ite_true,
  ̲  ̲ ̲ ̲Nat.div_one, Nat.mod_one, Nat.mul_one, Nat.add_zero, Nat.zero_add,
  ̵  ̵ ̵ ̵List.prod_cons,
  ̲  ̲ ̲ ̲List.prod_nil, Nat.one_mul]

Note: This linter can be disabled with `set_option linter.unusedSimpArgs false`
warning: denote/Denote.lean:16688:15: This simp argument is unused:
  ite_true

Hint: Omit it from the simp argument list.
  simp only [Nat.reduceMul, Nat.reduceAdd, Nat.reducePow, Nat.reduceDiv, Nat.reduceMod, ite_false,
  ̲  ̲ ̲ ̲i̵t̵e̵_̵t̵r̵u̵e̵,̵ ̵Nat.div_one, Nat.mod_one, Nat.mul_one, Nat.add_zero, Nat.zero_add, List.prod_cons,
  ̲  ̲ ̲ ̲List.prod_nil, Nat.one_mul]

Note: This linter can be disabled with `set_option linter.unusedSimpArgs false`
warning: denote/Denote.lean:16688:78: This simp argument is unused:
  Nat.zero_add

Hint: Omit it from the simp argument list.
  simp only [Nat.reduceMul, Nat.reduceAdd, Nat.reducePow, Nat.reduceDiv, Nat.reduceMod, ite_false,
  ̲  ̲ ̲ ̲ite_true, Nat.div_one, Nat.mod_one, Nat.mul_one, Nat.add_zero, N̵a̵t̵.̵z̵e̵r̵o̵_̵a̵d̵d̵,̵List.prod_cons, List.prod_nil,
  ̲  ̲ ̲ ̲Nat.one_mul]

Note: This linter can be disabled with `set_option linter.unusedSimpArgs false`
warning: denote/Denote.lean:16689:4: This simp argument is unused:
  List.prod_cons

Hint: Omit it from the simp argument list.
  simp only [Nat.reduceMul, Nat.reduceAdd, Nat.reducePow, Nat.reduceDiv, Nat.reduceMod, ite_false,
  ̲  ̲ ̲ ̲ite_true, Nat.div_one, Nat.mod_one, Nat.mul_one, Nat.add_zero, Nat.zero_add, L̵i̵s̵t̵.̵p̵r̵o̵d̵_̵c̵o̵n̵s̵,̵ ̵List.prod_nil,
  ̲  ̲ ̲ ̲Nat.one_mul]

Note: This linter can be disabled with `set_option linter.unusedSimpArgs false`
warning: denote/Denote.lean:16689:20: This simp argument is unused:
  List.prod_nil

Hint: Omit it from the simp argument list.
  simp only [Nat.reduceMul, Nat.reduceAdd, Nat.reducePow, Nat.reduceDiv, Nat.reduceMod, ite_false,
  ̲  ̲ ̲ ̲ite_true, Nat.div_one, Nat.mod_one, Nat.mul_one, Nat.add_zero, Nat.zero_add, List.prod_cons,
  ̲  ̲ ̲ ̲L̵i̵s̵t̵.̵p̵r̵o̵d̵_̵n̵i̵l̵,̵ ̵Nat.one_mul]

Note: This linter can be disabled with `set_option linter.unusedSimpArgs false`
warning: denote/Denote.lean:16689:35: This simp argument is unused:
  Nat.one_mul

Hint: Omit it from the simp argument list.
  simp only [Nat.reduceMul, Nat.reduceAdd, Nat.reducePow, Nat.reduceDiv, Nat.reduceMod, ite_false,
  ̲  ̲ ̲ ̲ite_true, Nat.div_one, Nat.mod_one, Nat.mul_one, Nat.add_zero, Nat.zero_add, List.prod_cons,
  ̲  ̲ ̲ ̲L̵i̵s̵t̵.̵p̵r̵o̵d̵_̵n̵i̵l̵,̵ ̵N̵a̵t̵.̵o̵n̵e̵_̵m̵u̵l̵]̵L̲i̲s̲t̲.̲p̲r̲o̲d̲_̲n̲i̲l̲]̲

Note: This linter can be disabled with `set_option linter.unusedSimpArgs false`
warning: denote/Denote.lean:16696:0: Please, add a comment explaining the need for modifying the maxHeartbeat limit, as in
set_option maxHeartbeats 2000000 in
-- reason for change
...

Note: This linter can be disabled with `set_option linter.style.maxHeartbeats false`
warning: denote/Denote.lean:16704:23: missing space in the source

This part of the code
  '[1,8,32])'
should be written as
  '[1, 8, 32])'


Note: This linter can be disabled with `set_option linter.style.whitespace false`
warning: denote/Denote.lean:16704:25: missing space in the source

This part of the code
  '[1,8,32])'
should be written as
  '8, 32])'


Note: This linter can be disabled with `set_option linter.style.whitespace false`
warning: denote/Denote.lean:16704:49: missing space in the source

This part of the code
  '[1,8,128])'
should be written as
  '[1, 8, 128])'


Note: This linter can be disabled with `set_option linter.style.whitespace false`
warning: denote/Denote.lean:16704:51: missing space in the source

This part of the code
  '[1,8,128])'
should be written as
  '8, 128])'


Note: This linter can be disabled with `set_option linter.style.whitespace false`
warning: denote/Denote.lean:16705:25: missing space in the source

This part of the code
  '[1,8,32])'
should be written as
  '[1, 8, 32])'


Note: This linter can be disabled with `set_option linter.style.whitespace false`
warning: denote/Denote.lean:16705:27: missing space in the source

This part of the code
  '[1,8,32])'
should be written as
  '8, 32])'


Note: This linter can be disabled with `set_option linter.style.whitespace false`
warning: denote/Denote.lean:16705:53: missing space in the source

This part of the code
  '[1,8,32])'
should be written as
  '[1, 8, 32])'


Note: This linter can be disabled with `set_option linter.style.whitespace false`
warning: denote/Denote.lean:16705:55: missing space in the source

This part of the code
  '[1,8,32])'
should be written as
  '8, 32])'


Note: This linter can be disabled with `set_option linter.style.whitespace false`
warning: denote/Denote.lean:16706:25: missing space in the source

This part of the code
  '[1,8,32])'
should be written as
  '[1, 8, 32])'


Note: This linter can be disabled with `set_option linter.style.whitespace false`
warning: denote/Denote.lean:16706:27: missing space in the source

This part of the code
  '[1,8,32])'
should be written as
  '8, 32])'


Note: This linter can be disabled with `set_option linter.style.whitespace false`
warning: denote/Denote.lean:16706:53: missing space in the source

This part of the code
  '[1,8,32])'
should be written as
  '[1, 8, 32])'


Note: This linter can be disabled with `set_option linter.style.whitespace false`
warning: denote/Denote.lean:16706:55: missing space in the source

This part of the code
  '[1,8,32])'
should be written as
  '8, 32])'


Note: This linter can be disabled with `set_option linter.style.whitespace false`
warning: denote/Denote.lean:16707:26: missing space in the source

This part of the code
  '[32,32])'
should be written as
  '[32, 32])'


Note: This linter can be disabled with `set_option linter.style.whitespace false`
warning: denote/Denote.lean:16707:53: missing space in the source

This part of the code
  '[32,32])'
should be written as
  '[32, 32])'


Note: This linter can be disabled with `set_option linter.style.whitespace false`
warning: denote/Denote.lean:16708:26: missing space in the source

This part of the code
  '[32,32])'
should be written as
  '[32, 32])'


Note: This linter can be disabled with `set_option linter.style.whitespace false`
warning: denote/Denote.lean:16708:53: missing space in the source

This part of the code
  '[32,32])'
should be written as
  '[32, 32])'


Note: This linter can be disabled with `set_option linter.style.whitespace false`
warning: denote/Denote.lean:16775:0: Please, add a comment explaining the need for modifying the maxHeartbeat limit, as in
set_option maxHeartbeats 800000 in
-- reason for change
...

Note: This linter can be disabled with `set_option linter.style.maxHeartbeats false`
warning: denote/Denote.lean:16889:0: Please, add a comment explaining the need for modifying the maxHeartbeat limit, as in
set_option maxHeartbeats 1600000 in
-- reason for change
...

Note: This linter can be disabled with `set_option linter.style.maxHeartbeats false`
warning: denote/Denote.lean:16999:0: Please, add a comment explaining the need for modifying the maxHeartbeat limit, as in
set_option maxHeartbeats 2000000 in
-- reason for change
...

Note: This linter can be disabled with `set_option linter.style.maxHeartbeats false`
warning: denote/Denote.lean:17009:25: missing space in the source

This part of the code
  '[1,2,32])'
should be written as
  '[1, 2, 32])'


Note: This linter can be disabled with `set_option linter.style.whitespace false`
warning: denote/Denote.lean:17009:27: missing space in the source

This part of the code
  '[1,2,32])'
should be written as
  '2, 32])'


Note: This linter can be disabled with `set_option linter.style.whitespace false`
warning: denote/Denote.lean:17009:53: missing space in the source

This part of the code
  '[1,2,32])'
should be written as
  '[1, 2, 32])'


Note: This linter can be disabled with `set_option linter.style.whitespace false`
warning: denote/Denote.lean:17009:55: missing space in the source

This part of the code
  '[1,2,32])'
should be written as
  '2, 32])'


Note: This linter can be disabled with `set_option linter.style.whitespace false`
warning: denote/Denote.lean:17010:25: missing space in the source

This part of the code
  '[1,2,32])'
should be written as
  '[1, 2, 32])'


Note: This linter can be disabled with `set_option linter.style.whitespace false`
warning: denote/Denote.lean:17010:27: missing space in the source

This part of the code
  '[1,2,32])'
should be written as
  '2, 32])'


Note: This linter can be disabled with `set_option linter.style.whitespace false`
warning: denote/Denote.lean:17010:53: missing space in the source

This part of the code
  '[1,2,32])'
should be written as
  '[1, 2, 32])'


Note: This linter can be disabled with `set_option linter.style.whitespace false`
warning: denote/Denote.lean:17010:55: missing space in the source

This part of the code
  '[1,2,32])'
should be written as
  '2, 32])'


Note: This linter can be disabled with `set_option linter.style.whitespace false`
warning: denote/Denote.lean:17011:23: missing space in the source

This part of the code
  '[1,8,128])'
should be written as
  '[1, 8, 128])'


Note: This linter can be disabled with `set_option linter.style.whitespace false`
warning: denote/Denote.lean:17011:25: missing space in the source

This part of the code
  '[1,8,128])'
should be written as
  '8, 128])'


Note: This linter can be disabled with `set_option linter.style.whitespace false`
warning: denote/Denote.lean:17012:25: missing space in the source

This part of the code
  '[1,2,128])'
should be written as
  '[1, 2, 128])'


Note: This linter can be disabled with `set_option linter.style.whitespace false`
warning: denote/Denote.lean:17012:27: missing space in the source

This part of the code
  '[1,2,128])'
should be written as
  '2, 128])'


Note: This linter can be disabled with `set_option linter.style.whitespace false`
warning: denote/Denote.lean:17012:54: missing space in the source

This part of the code
  '[1,2,128])'
should be written as
  '[1, 2, 128])'


Note: This linter can be disabled with `set_option linter.style.whitespace false`
warning: denote/Denote.lean:17012:56: missing space in the source

This part of the code
  '[1,2,128])'
should be written as
  '2, 128])'


Note: This linter can be disabled with `set_option linter.style.whitespace false`
warning: denote/Denote.lean:17013:25: missing space in the source

This part of the code
  '[1,2,128])'
should be written as
  '[1, 2, 128])'


Note: This linter can be disabled with `set_option linter.style.whitespace false`
warning: denote/Denote.lean:17013:27: missing space in the source

This part of the code
  '[1,2,128])'
should be written as
  '2, 128])'


Note: This linter can be disabled with `set_option linter.style.whitespace false`
warning: denote/Denote.lean:17013:54: missing space in the source

This part of the code
  '[1,2,128])'
should be written as
  '[1, 2, 128])'


Note: This linter can be disabled with `set_option linter.style.whitespace false`
warning: denote/Denote.lean:17013:56: missing space in the source

This part of the code
  '[1,2,128])'
should be written as
  '2, 128])'


Note: This linter can be disabled with `set_option linter.style.whitespace false`
warning: denote/Denote.lean:17014:24: missing space in the source

This part of the code
  '[32,128])'
should be written as
  '[32, 128])'


Note: This linter can be disabled with `set_option linter.style.whitespace false`
warning: denote/Denote.lean:17077:0: Please, add a comment explaining the need for modifying the maxHeartbeat limit, as in
set_option maxHeartbeats 1600000 in
-- reason for change
...

Note: This linter can be disabled with `set_option linter.style.maxHeartbeats false`
warning: denote/Denote.lean:17164:61: This simp argument is unused:
  List.getElem?_cons_succ

Hint: Omit it from the simp argument list.
  simp only [List.getD, List.getElem?_cons_zero, L̵i̵s̵t̵.̵g̵e̵t̵E̵l̵e̵m̵?̵_̵c̵o̵n̵s̵_̵s̵u̵c̵c̵,̵ ̵Option.getD_some]

Note: This linter can be disabled with `set_option linter.unusedSimpArgs false`
warning: denote/Denote.lean:17096:0: Please, add a comment explaining the need for modifying the maxHeartbeat limit, as in
set_option maxHeartbeats 1600000 in
-- reason for change
...

Note: This linter can be disabled with `set_option linter.style.maxHeartbeats false`
warning: denote/Denote.lean:17185:0: Please, add a comment explaining the need for modifying the maxHeartbeat limit, as in
set_option maxHeartbeats 2000000 in
-- reason for change
...

Note: This linter can be disabled with `set_option linter.style.maxHeartbeats false`
warning: denote/Denote.lean:17194:23: missing space in the source

This part of the code
  '[1,8,32])'
should be written as
  '[1, 8, 32])'


Note: This linter can be disabled with `set_option linter.style.whitespace false`
warning: denote/Denote.lean:17194:25: missing space in the source

This part of the code
  '[1,8,32])'
should be written as
  '8, 32])'


Note: This linter can be disabled with `set_option linter.style.whitespace false`
warning: denote/Denote.lean:17194:49: missing space in the source

This part of the code
  '[1,8,128])'
should be written as
  '[1, 8, 128])'


Note: This linter can be disabled with `set_option linter.style.whitespace false`
warning: denote/Denote.lean:17194:51: missing space in the source

This part of the code
  '[1,8,128])'
should be written as
  '8, 128])'


Note: This linter can be disabled with `set_option linter.style.whitespace false`
warning: denote/Denote.lean:17195:25: missing space in the source

This part of the code
  '[1,8,32])'
should be written as
  '[1, 8, 32])'


Note: This linter can be disabled with `set_option linter.style.whitespace false`
warning: denote/Denote.lean:17195:27: missing space in the source

This part of the code
  '[1,8,32])'
should be written as
  '8, 32])'


Note: This linter can be disabled with `set_option linter.style.whitespace false`
warning: denote/Denote.lean:17195:53: missing space in the source

This part of the code
  '[1,8,32])'
should be written as
  '[1, 8, 32])'


Note: This linter can be disabled with `set_option linter.style.whitespace false`
warning: denote/Denote.lean:17195:55: missing space in the source

This part of the code
  '[1,8,32])'
should be written as
  '8, 32])'


Note: This linter can be disabled with `set_option linter.style.whitespace false`
warning: denote/Denote.lean:17196:25: missing space in the source

This part of the code
  '[1,8,32])'
should be written as
  '[1, 8, 32])'


Note: This linter can be disabled with `set_option linter.style.whitespace false`
warning: denote/Denote.lean:17196:27: missing space in the source

This part of the code
  '[1,8,32])'
should be written as
  '8, 32])'


Note: This linter can be disabled with `set_option linter.style.whitespace false`
warning: denote/Denote.lean:17196:53: missing space in the source

This part of the code
  '[1,8,32])'
should be written as
  '[1, 8, 32])'


Note: This linter can be disabled with `set_option linter.style.whitespace false`
warning: denote/Denote.lean:17196:55: missing space in the source

This part of the code
  '[1,8,32])'
should be written as
  '8, 32])'


Note: This linter can be disabled with `set_option linter.style.whitespace false`
warning: denote/Denote.lean:17197:26: missing space in the source

This part of the code
  '[32,32])'
should be written as
  '[32, 32])'


Note: This linter can be disabled with `set_option linter.style.whitespace false`
warning: denote/Denote.lean:17197:53: missing space in the source

This part of the code
  '[32,32])'
should be written as
  '[32, 32])'


Note: This linter can be disabled with `set_option linter.style.whitespace false`
warning: denote/Denote.lean:17198:26: missing space in the source

This part of the code
  '[32,32])'
should be written as
  '[32, 32])'


Note: This linter can be disabled with `set_option linter.style.whitespace false`
warning: denote/Denote.lean:17198:53: missing space in the source

This part of the code
  '[32,32])'
should be written as
  '[32, 32])'


Note: This linter can be disabled with `set_option linter.style.whitespace false`
warning: denote/Denote.lean:17377:61: This simp argument is unused:
  List.getElem?_cons_succ

Hint: Omit it from the simp argument list.
  simp only [List.getD, List.getElem?_cons_zero, L̵i̵s̵t̵.̵g̵e̵t̵E̵l̵e̵m̵?̵_̵c̵o̵n̵s̵_̵s̵u̵c̵c̵,̵ ̵Option.getD_some]

Note: This linter can be disabled with `set_option linter.unusedSimpArgs false`
warning: denote/Denote.lean:17309:0: Please, add a comment explaining the need for modifying the maxHeartbeat limit, as in
set_option maxHeartbeats 1600000 in
-- reason for change
...

Note: This linter can be disabled with `set_option linter.style.maxHeartbeats false`
warning: denote/Denote.lean:17510:23: This simp argument is unused:
  List.getElem?_cons_zero

Hint: Omit it from the simp argument list.
  simp [List.getD, L̵i̵s̵t̵.̵g̵e̵t̵E̵l̵e̵m̵?̵_̵c̵o̵n̵s̵_̵z̵e̵r̵o̵,̵ ̵List.getElem?_cons_succ]

Note: This linter can be disabled with `set_option linter.unusedSimpArgs false`
warning: denote/Denote.lean:17510:48: This simp argument is unused:
  List.getElem?_cons_succ

Hint: Omit it from the simp argument list.
  simp [List.getD, List.getElem?_cons_zero,̵ ̵L̵i̵s̵t̵.̵g̵e̵t̵E̵l̵e̵m̵?̵_̵c̵o̵n̵s̵_̵s̵u̵c̵c̵]

Note: This linter can be disabled with `set_option linter.unusedSimpArgs false`
warning: denote/Denote.lean:17525:65: This simp argument is unused:
  Ne.symm hne

Hint: Omit it from the simp argument list.
  simp [List.zip, List.zipWith, List.replicate, List.find?, hne,̵ ̵N̵e̵.̵s̵y̵m̵m̵ ̵h̵n̵e̵]

Note: This linter can be disabled with `set_option linter.unusedSimpArgs false`
warning: denote/Denote.lean:17539:59: This simp argument is unused:
  List.find?

Hint: Omit it from the simp argument list.
  simp [List.zip, List.zipWith, List.replicate,̵ ̵L̵i̵s̵t̵.̵f̵i̵n̵d̵?̵]

Note: This linter can be disabled with `set_option linter.unusedSimpArgs false`
warning: denote/Denote.lean:17553:48: This simp argument is unused:
  List.find?

Hint: Omit it from the simp argument list.
  simp [List.zip, List.zipWith, List.replicate,̵ ̵L̵i̵s̵t̵.̵f̵i̵n̵d̵?̵]

Note: This linter can be disabled with `set_option linter.unusedSimpArgs false`
warning: denote/Denote.lean:17663:48: This simp argument is unused:
  List.find?

Hint: Omit it from the simp argument list.
  simp [List.zip, List.zipWith, List.replicate,̵ ̵L̵i̵s̵t̵.̵f̵i̵n̵d̵?̵]

Note: This linter can be disabled with `set_option linter.unusedSimpArgs false`
warning: denote/Denote.lean:17758:48: This simp argument is unused:
  List.find?

Hint: Omit it from the simp argument list.
  simp [List.zip, List.zipWith, List.replicate,̵ ̵L̵i̵s̵t̵.̵f̵i̵n̵d̵?̵]

Note: This linter can be disabled with `set_option linter.unusedSimpArgs false`
warning: denote/Denote.lean:17794:23: This simp argument is unused:
  List.getElem?_cons_zero

Hint: Omit it from the simp argument list.
  simp [List.getD, L̵i̵s̵t̵.̵g̵e̵t̵E̵l̵e̵m̵?̵_̵c̵o̵n̵s̵_̵z̵e̵r̵o̵,̵ ̵List.getElem?_cons_succ]

Note: This linter can be disabled with `set_option linter.unusedSimpArgs false`
warning: denote/Denote.lean:17794:48: This simp argument is unused:
  List.getElem?_cons_succ

Hint: Omit it from the simp argument list.
  simp [List.getD, List.getElem?_cons_zero,̵ ̵L̵i̵s̵t̵.̵g̵e̵t̵E̵l̵e̵m̵?̵_̵c̵o̵n̵s̵_̵s̵u̵c̵c̵]

Note: This linter can be disabled with `set_option linter.unusedSimpArgs false`
warning: denote/Denote.lean:17825:40: This simp argument is unused:
  List.zipWith

Hint: Omit it from the simp argument list.
  simp [List.replicate, List.zip, List.z̵i̵p̵W̵i̵t̵h̵,̵ ̵L̵i̵s̵t̵.̵find?]

Note: This linter can be disabled with `set_option linter.unusedSimpArgs false`
warning: denote/Denote.lean:17825:54: This simp argument is unused:
  List.find?

Hint: Omit it from the simp argument list.
  simp [List.replicate, List.zip, List.zipWith,̵ ̵L̵i̵s̵t̵.̵f̵i̵n̵d̵?̵]

Note: This linter can be disabled with `set_option linter.unusedSimpArgs false`
warning: denote/Denote.lean:17885:0: Please, add a comment explaining the need for modifying the maxHeartbeat limit, as in
set_option maxHeartbeats 800000 in
-- reason for change
...

Note: This linter can be disabled with `set_option linter.style.maxHeartbeats false`
warning: denote/Denote.lean:18017:50: This simp argument is unused:
  List.find?

Hint: Omit it from the simp argument list.
  simp [List.zip, List.zipWith, List.replicate, L̵i̵s̵t̵.̵f̵i̵n̵d̵?̵,̵ ̵h]

Note: This linter can be disabled with `set_option linter.unusedSimpArgs false`
warning: denote/Denote.lean:18071:0: Please, add a comment explaining the need for modifying the maxHeartbeat limit, as in
set_option maxHeartbeats 3200000 in
-- reason for change
...

Note: This linter can be disabled with `set_option linter.style.maxHeartbeats false`
warning: denote/Denote.lean:18166:2: The `show` tactic should only be used to indicate intermediate goal states for readability.
However, this tactic invocation changed the goal. Please use `change` instead for these purposes.

Note: This linter can be disabled with `set_option linter.style.show false`
warning: denote/Denote.lean:18177:2: The `show` tactic should only be used to indicate intermediate goal states for readability.
However, this tactic invocation changed the goal. Please use `change` instead for these purposes.

Note: This linter can be disabled with `set_option linter.style.show false`
warning: denote/Denote.lean:18296:4: This simp argument is unused:
  Nat.reduceDiv

Hint: Omit it from the simp argument list.
  simp only [hhead, List.getD, List.getElem?_cons_zero, List.getElem?_cons_succ, Option.getD_some,
  ̲  ̲ ̲ ̲List.drop, List.foldl, Nat.reduceMul, Nat.reduceAdd, N̵a̵t̵.̵r̵e̵d̵u̵c̵e̵D̵i̵v̵,̵ ̵Nat.reduceMod, Nat.div_one, Nat.mod_one,
  ̲  ̲ ̲ ̲Nat.mul_one, Nat.add_zero, Nat.zero_add, show (8 : Nat) ≠ 0 from by omega,
      show (16 : Nat) ≠ 0 from by omega, show (64 : Nat) ≠ 0 from by omega,
      show (2 : Nat) ≠ 0 from by omega, show (1 : Nat) ≠ 0 from by omega, ite_false, List.set]

Note: This linter can be disabled with `set_option linter.unusedSimpArgs false`
warning: denote/Denote.lean:18296:19: This simp argument is unused:
  Nat.reduceMod

Hint: Omit it from the simp argument list.
  simp only [hhead, List.getD, List.getElem?_cons_zero, List.getElem?_cons_succ,
  ̵  ̵ ̵ ̵Option.getD_some,
  ̲  ̲ ̲ ̲List.drop, List.foldl, Nat.reduceMul, Nat.reduceAdd,
  ̵  ̵ ̵ ̵Nat.reduceDiv, Nat.r̵e̵du̵c̵e̵M̵o̵d̵,̵ ̵N̵a̵t̵.̵d̵iv_one, Nat.mod_one,
  ̲  ̲ ̲ ̲Nat.mul_one,
  ̵  ̵ ̵ ̵Nat.add_zero, Nat.zero_add, show (8 : Nat) ≠ 0 from by omega,
      show (16 : Nat) ≠ 0 from by omega, show (64 : Nat) ≠ 0 from by omega,
      show (2 : Nat) ≠ 0 from by omega, show (1 : Nat) ≠ 0 from by omega, ite_false, List.set]

Note: This linter can be disabled with `set_option linter.unusedSimpArgs false`
warning: denote/Denote.lean:18296:34: This simp argument is unused:
  Nat.div_one

Hint: Omit it from the simp argument list.
  simp only [hhead, List.getD, List.getElem?_cons_zero, List.getElem?_cons_succ,
  ̵  ̵ ̵ ̵Option.getD_some,
  ̲  ̲ ̲ ̲List.drop, List.foldl, Nat.reduceMul, Nat.reduceAdd,
  ̵  ̵ ̵ ̵Nat.reduceDiv, Nat.reduceMod, Nat.d̵i̵v̵_̵o̵n̵e̵,̵ ̵N̵a̵t̵.̵mod_one, ̵N̵a̵t̵.̵m̵u̵l̵_̵o̵n̵e̵,̵
      Nat.m̲u̲l̲_̲o̲n̲e̲,̲ ̲N̲at̲.̲a̲dd_zero, Nat.zero_add, show (8 : Nat) ≠ 0 from by omega,
      show (16 : Nat) ≠ 0 from by omega, show (64 : Nat) ≠ 0 from by omega,
      show (2 : Nat) ≠ 0 from by omega, show (1 : Nat) ≠ 0 from by omega, ite_false, List.set]

Note: This linter can be disabled with `set_option linter.unusedSimpArgs false`
warning: denote/Denote.lean:18296:47: This simp argument is unused:
  Nat.mod_one

Hint: Omit it from the simp argument list.
  simp only [hhead, List.getD, List.getElem?_cons_zero, List.getElem?_cons_succ,
  ̵  ̵ ̵ ̵Option.getD_some,
  ̲  ̲ ̲ ̲List.drop, List.foldl, Nat.reduceMul, Nat.reduceAdd,
  ̵  ̵ ̵ ̵Nat.reduceDiv, Nat.reduceMod, Nat.div_one, ̵N̵a̵t̵.̵m̵o̵d̵_̵o̵n̵e̵,̵ ̵N̵a̵t̵.̵m̵u̵l̵_̵o̵n̵e̵,̵
      Nat.m̲u̲l̲_̲o̲n̲e̲,̲ ̲N̲at̲.̲a̲dd_zero, Nat.zero_add, show (8 : Nat) ≠ 0 from by omega,
      show (16 : Nat) ≠ 0 from by omega, show (64 : Nat) ≠ 0 from by omega,
      show (2 : Nat) ≠ 0 from by omega, show (1 : Nat) ≠ 0 from by omega, ite_false, List.set]

Note: This linter can be disabled with `set_option linter.unusedSimpArgs false`
warning: denote/Denote.lean:18296:60: This simp argument is unused:
  Nat.mul_one

Hint: Omit it from the simp argument list.
  simp only [hhead, List.getD, List.getElem?_cons_zero, List.getElem?_cons_succ,
  ̵  ̵ ̵ ̵Option.getD_some,
  ̲  ̲ ̲ ̲List.drop, List.foldl, Nat.reduceMul, Nat.reduceAdd,
  ̵  ̵ ̵ ̵Nat.reduceDiv, Nat.reduceMod, Nat.div_one,
  ̲  ̲ ̲ ̲Nat.mod_one, Nat.m̵u̵l̵_̵o̵n̵e̵,̵
  ̵ ̵ ̵ ̵ ̵N̵at̵.̵a̵dd_zero, Nat.zero_add, show (8 : Nat) ≠ 0 from by omega,
      show (16 : Nat) ≠ 0 from by omega, show (64 : Nat) ≠ 0 from by omega,
      show (2 : Nat) ≠ 0 from by omega, show (1 : Nat) ≠ 0 from by omega, ite_false, List.set]

Note: This linter can be disabled with `set_option linter.unusedSimpArgs false`
warning: denote/Denote.lean:18297:4: This simp argument is unused:
  Nat.add_zero

Hint: Omit it from the simp argument list.
  simp only [hhead, List.getD, List.getElem?_cons_zero, List.getElem?_cons_succ,
  ̵  ̵ ̵ ̵Option.getD_some,
  ̲  ̲ ̲ ̲List.drop, List.foldl, Nat.reduceMul, Nat.reduceAdd,
  ̵  ̵ ̵ ̵Nat.reduceDiv, Nat.reduceMod, Nat.div_one, ̵N̵a̵t̵.̵m̵o̵d̵_̵o̵n̵e̵,̵ ̵N̵a̵t̵.̵m̵u̵l̵_̵o̵n̵e̵,̵
      Nat.m̲o̲d̲_̲o̲n̲e̲,̲ ̲N̲ad̵d̵t̲.̲m̲u̲l̲_z̵o̲n̲er̵o̵, Nat.zero_add, show (8 : Nat) ≠ 0 from by omega,
      show (16 : Nat) ≠ 0 from by omega, show (64 : Nat) ≠ 0 from by omega,
      show (2 : Nat) ≠ 0 from by omega, show (1 : Nat) ≠ 0 from by omega, ite_false, List.set]

Note: This linter can be disabled with `set_option linter.unusedSimpArgs false`
warning: denote/Denote.lean:18297:18: This simp argument is unused:
  Nat.zero_add

Hint: Omit it from the simp argument list.
  simp only [hhead, List.getD, List.getElem?_cons_zero, List.getElem?_cons_succ,
  ̵  ̵ ̵ ̵Option.getD_some,
  ̲  ̲ ̲ ̲List.drop, List.foldl, Nat.reduceMul, Nat.reduceAdd,
  ̵  ̵ ̵ ̵Nat.reduceDiv, Nat.reduceMod, Nat.div_one, ̵N̵a̵t̵.̵m̵o̵d̵_̵o̵n̵e̵,̵ ̵N̵a̵t̵.̵m̵u̵l̵_̵o̵n̵e̵,̵
      Nat.m̲o̲d̲_̲o̲n̲e̲,̲ ̲N̲ad̵d̵t̲.̲m̲u̲l̲_z̵o̲n̲er̵o̵, Nat.z̵e̵r̵o̵_̵add_̲z̲e̲r̲o̲, show (8 : Nat) ≠ 0 from by omega,
      show (16 : Nat) ≠ 0 from by omega, show (64 : Nat) ≠ 0 from by omega,
      show (2 : Nat) ≠ 0 from by omega, show (1 : Nat) ≠ 0 from by omega, ite_false, List.set]

Note: This linter can be disabled with `set_option linter.unusedSimpArgs false`
warning: denote/Denote.lean:18298:4: This simp argument is unused:
  show (16 : Nat) ≠ 0 from by omega

Hint: Omit it from the simp argument list.
  simp only [hhead, List.getD, List.getElem?_cons_zero, List.getElem?_cons_succ,
  ̵  ̵ ̵ ̵Option.getD_some,
  ̲  ̲ ̲ ̲List.drop, List.foldl, Nat.reduceMul, Nat.reduceAdd,
  ̵  ̵ ̵ ̵Nat.reduceDiv, Nat.reduceMod, Nat.div_one,
  ̲  ̲ ̲ ̲Nat.mod_one, Nat.mul_one,
  ̵  ̵ ̵ ̵Nat.add_zero, Nat.zero_add, show (8 : Nat) ≠ 0 from by omega,
      show (1̵6 ̵:̵ ̵N̵a̵t̵)̵ ̵≠̵ ̵0̵ ̵f̵r̵o̵m̵ ̵b̵y̵ ̵o̵m̵e̵g̵a̵,̵ ̵s̵h̵o̵w̵ ̵(̵6̵4 : Nat) ≠ 0 from by omega,
  ̵  ̵ ̵ ̵show (2 : Nat) ≠ 0 from by omega,
  ̲  ̲ ̲ ̲show (1 : Nat) ≠ 0 from by omega, ite_false, List.set]

Note: This linter can be disabled with `set_option linter.unusedSimpArgs false`
warning: denote/Denote.lean:18299:38: This simp argument is unused:
  show (1 : Nat) ≠ 0 from by omega

Hint: Omit it from the simp argument list.
  simp only [hhead, List.getD, List.getElem?_cons_zero, List.getElem?_cons_succ,
  ̵  ̵ ̵ ̵Option.getD_some,
  ̲  ̲ ̲ ̲List.drop, List.foldl, Nat.reduceMul, Nat.reduceAdd,
  ̵  ̵ ̵ ̵Nat.reduceDiv, Nat.reduceMod, Nat.div_one,
  ̲  ̲ ̲ ̲Nat.mod_one, Nat.mul_one,
  ̵  ̵ ̵ ̵Nat.add_zero, Nat.zero_add, show (8 : Nat) ≠ 0 from by omega,
      show (16 : Nat) ≠ 0 from by omega, show (64 : Nat) ≠ 0 from by omega,
      show (2 : Nat) ≠ 0 from by omega, s̵h̵o̵w̵ ̵(̵1̵ ̵:̵ ̵N̵a̵t̵)̵ ̵≠̵ ̵0̵ ̵f̵r̵o̵m̵ ̵b̵y̵ ̵o̵m̵e̵g̵a̵,̵ ̵ite_false, List.set]

Note: This linter can be disabled with `set_option linter.unusedSimpArgs false`
warning: denote/Denote.lean:18299:83: This simp argument is unused:
  List.set

Hint: Omit it from the simp argument list.
  simp only [hhead, List.getD, List.getElem?_cons_zero, List.getElem?_cons_succ,
  ̵  ̵ ̵ ̵Option.getD_some,
  ̲  ̲ ̲ ̲List.drop, List.foldl, Nat.reduceMul, Nat.reduceAdd,
  ̵  ̵ ̵ ̵Nat.reduceDiv, Nat.reduceMod, Nat.div_one,
  ̲  ̲ ̲ ̲Nat.mod_one, Nat.mul_one,
  ̵  ̵ ̵ ̵Nat.add_zero, Nat.zero_add, show (8 : Nat) ≠ 0 from by omega,
      show (16 : Nat) ≠ 0 from by omega, show (64 : Nat) ≠ 0 from by omega,
      show (2 : Nat) ≠ 0 from by omega, show (1 : Nat) ≠ 0 from by omega, ite_false,̵ ̵L̵i̵s̵t̵.̵s̵e̵t̵]

Note: This linter can be disabled with `set_option linter.unusedSimpArgs false`
warning: denote/Denote.lean:18385:2: The `show` tactic should only be used to indicate intermediate goal states for readability.
However, this tactic invocation changed the goal. Please use `change` instead for these purposes.

Note: This linter can be disabled with `set_option linter.style.show false`
warning: denote/Denote.lean:18398:2: The `show` tactic should only be used to indicate intermediate goal states for readability.
However, this tactic invocation changed the goal. Please use `change` instead for these purposes.

Note: This linter can be disabled with `set_option linter.style.show false`
warning: denote/Denote.lean:18436:4: This simp argument is unused:
  Nat.reduceDiv

Hint: Omit it from the simp argument list.
  simp only [hhead, List.getD, List.getElem?_cons_zero, List.getElem?_cons_succ,
  ̵  ̵ ̵ ̵Option.getD_some,
  ̲  ̲ ̲ ̲List.drop, List.foldl, Nat.reduceMul, Nat.reduceAdd,
  ̵  ̵ ̵ ̵Nat.reduceD̵i̵v̵,̵ ̵N̵a̵t̵.̵r̵e̵d̵u̵c̵e̵Mod, Nat.div_one, Nat.mod_one,
  ̲  ̲ ̲ ̲Nat.mul_one,
  ̵  ̵ ̵ ̵Nat.add_zero, Nat.zero_add, show (2 : Nat) ≠ 0 from by omega,
      show (8 : Nat) ≠ 0 from by omega, show (64 : Nat) ≠ 0 from by omega,
  ̵  ̵ ̵ ̵ite_false, List.set]

Note: This linter can be disabled with `set_option linter.unusedSimpArgs false`
warning: denote/Denote.lean:18436:19: This simp argument is unused:
  Nat.reduceMod

Hint: Omit it from the simp argument list.
  simp only [hhead, List.getD, List.getElem?_cons_zero, List.getElem?_cons_succ,
  ̵  ̵ ̵ ̵Option.getD_some,
  ̲  ̲ ̲ ̲List.drop, List.foldl, Nat.reduceMul, Nat.reduceAdd,
  ̵  ̵ ̵ ̵Nat.reduceDiv, Nat.r̵e̵du̵c̵e̵M̵o̵d̵,̵ ̵N̵a̵t̵.̵d̵iv_one, Nat.mod_one,
  ̲  ̲ ̲ ̲Nat.mul_one,
  ̵  ̵ ̵ ̵Nat.add_zero, Nat.zero_add, show (2 : Nat) ≠ 0 from by omega,
      show (8 : Nat) ≠ 0 from by omega, show (64 : Nat) ≠ 0 from by omega,
  ̵  ̵ ̵ ̵ite_false, List.set]

Note: This linter can be disabled with `set_option linter.unusedSimpArgs false`
warning: denote/Denote.lean:18436:34: This simp argument is unused:
  Nat.div_one

Hint: Omit it from the simp argument list.
  simp only [hhead, List.getD, List.getElem?_cons_zero, List.getElem?_cons_succ,
  ̵  ̵ ̵ ̵Option.getD_some,
  ̲  ̲ ̲ ̲List.drop, List.foldl, Nat.reduceMul, Nat.reduceAdd,
  ̵  ̵ ̵ ̵Nat.reduceDiv, Nat.reduceMod, Nat.m̲o̲di̵v̵_one,
  ̲ N̵a̵t̵.̵m̵o̵d̵_̵o̵n̵e̵,̵  ̲ ̲Nat.mul_one,
  ̵  ̵ ̵ ̵Nat.add_zero, Nat.zero_add, show (2 : Nat) ≠ 0 from by omega,
      show (8 : Nat) ≠ 0 from by omega, show (64 : Nat) ≠ 0 from by omega,
  ̵  ̵ ̵ ̵ite_false, List.set]

Note: This linter can be disabled with `set_option linter.unusedSimpArgs false`
warning: denote/Denote.lean:18436:47: This simp argument is unused:
  Nat.mod_one

Hint: Omit it from the simp argument list.
  simp only [hhead, List.getD, List.getElem?_cons_zero, List.getElem?_cons_succ,
  ̵  ̵ ̵ ̵Option.getD_some,
  ̲  ̲ ̲ ̲List.drop, List.foldl, Nat.reduceMul, Nat.reduceAdd,
  ̵  ̵ ̵ ̵Nat.reduceDiv, Nat.reduceMod, Nat.div_one,
  ̲ N̵a̵t̵.̵m̵o̵d̵_̵o̵n̵e̵,̵  ̲ ̲Nat.mul_one,
  ̵  ̵ ̵ ̵Nat.add_zero, Nat.zero_add, show (2 : Nat) ≠ 0 from by omega,
      show (8 : Nat) ≠ 0 from by omega, show (64 : Nat) ≠ 0 from by omega,
  ̵  ̵ ̵ ̵ite_false, List.set]

Note: This linter can be disabled with `set_option linter.unusedSimpArgs false`
warning: denote/Denote.lean:18436:60: This simp argument is unused:
  Nat.mul_one

Hint: Omit it from the simp argument list.
  simp only [hhead, List.getD, List.getElem?_cons_zero, List.getElem?_cons_succ,
  ̵  ̵ ̵ ̵Option.getD_some,
  ̲  ̲ ̲ ̲List.drop, List.foldl, Nat.reduceMul, Nat.reduceAdd,
  ̵  ̵ ̵ ̵Nat.reduceDiv, Nat.reduceMod, Nat.div_one,
  ̲  ̲ ̲ ̲Nat.mod_one, Nat.m̵u̵l̵_̵o̵n̵e̵,̵
  ̵ ̵ ̵ ̵ ̵N̵at̵.̵a̵dd_zero, Nat.zero_add, show (2 : Nat) ≠ 0 from by omega,
      show (8 : Nat) ≠ 0 from by omega, show (64 : Nat) ≠ 0 from by omega,
  ̵  ̵ ̵ ̵ite_false, List.set]

Note: This linter can be disabled with `set_option linter.unusedSimpArgs false`
warning: denote/Denote.lean:18437:4: This simp argument is unused:
  Nat.add_zero

Hint: Omit it from the simp argument list.
  simp only [hhead, List.getD, List.getElem?_cons_zero, List.getElem?_cons_succ,
  ̵  ̵ ̵ ̵Option.getD_some,
  ̲  ̲ ̲ ̲List.drop, List.foldl, Nat.reduceMul, Nat.reduceAdd,
  ̵  ̵ ̵ ̵Nat.reduceDiv, Nat.reduceMod, Nat.div_one,
  ̲  ̲ ̲ ̲Nat.mod_one, Nat.mul_one,
  ̵  ̵ ̵ ̵Nat.a̵d̵d̵_̵zero,̵ ̵N̵a̵t̵.̵z̵e̵r̵o̵_add, show (2 : Nat) ≠ 0 from by omega,
      show (8 : Nat) ≠ 0 from by omega, show (64 : Nat) ≠ 0 from by omega,
  ̵  ̵ ̵ ̵ite_false, List.set]

Note: This linter can be disabled with `set_option linter.unusedSimpArgs false`
warning: denote/Denote.lean:18437:18: This simp argument is unused:
  Nat.zero_add

Hint: Omit it from the simp argument list.
  simp only [hhead, List.getD, List.getElem?_cons_zero, List.getElem?_cons_succ,
  ̵  ̵ ̵ ̵Option.getD_some,
  ̲  ̲ ̲ ̲List.drop, List.foldl, Nat.reduceMul, Nat.reduceAdd,
  ̵  ̵ ̵ ̵Nat.reduceDiv, Nat.reduceMod, Nat.div_one,
  ̲  ̲ ̲ ̲Nat.mod_one, Nat.mul_one,
  ̵  ̵ ̵ ̵Nat.add_zero, N̵a̵t̵.̵z̵e̵r̵o̵_̵a̵d̵d̵,̵ ̵show (2 : Nat) ≠ 0 from by omega,
      show (8 : Nat) ≠ 0 from by omega, show (64 : Nat) ≠ 0 from by omega,
  ̵  ̵ ̵ ̵ite_false, List.set]

Note: This linter can be disabled with `set_option linter.unusedSimpArgs false`
warning: denote/Denote.lean:18439:15: This simp argument is unused:
  List.set

Hint: Omit it from the simp argument list.
  simp only [hhead, List.getD, List.getElem?_cons_zero, List.getElem?_cons_succ,
  ̵  ̵ ̵ ̵Option.getD_some,
  ̲  ̲ ̲ ̲List.drop, List.foldl, Nat.reduceMul, Nat.reduceAdd,
  ̵  ̵ ̵ ̵Nat.reduceDiv, Nat.reduceMod, Nat.div_one,
  ̲  ̲ ̲ ̲Nat.mod_one, Nat.mul_one,
  ̵  ̵ ̵ ̵Nat.add_zero, Nat.zero_add, show (2 : Nat) ≠ 0 from by omega,
      show (8 : Nat) ≠ 0 from by omega, show (64 : Nat) ≠ 0 from by omega,
  ̵  ̵ ̵ ̵ite_false,̵ ̵L̵i̵s̵t̵.̵s̵e̵t̵]

Note: This linter can be disabled with `set_option linter.unusedSimpArgs false`
warning: denote/Denote.lean:18873:37: Variable name `hg1` is not explicitly referenced.

The binding can be removed (if unused) or named `_` (if used implicitly).

Note: This linter can be disabled with `set_option linter.unusedVariables false`
warning: denote/Denote.lean:18874:5: Variable name `hg2` is not explicitly referenced.

The binding can be removed (if unused) or named `_` (if used implicitly).

Note: This linter can be disabled with `set_option linter.unusedVariables false`
warning: denote/Denote.lean:18874:37: Variable name `hg3` is not explicitly referenced.

The binding can be removed (if unused) or named `_` (if used implicitly).

Note: This linter can be disabled with `set_option linter.unusedVariables false`
warning: denote/Denote.lean:18969:2: The `show` tactic should only be used to indicate intermediate goal states for readability.
However, this tactic invocation changed the goal. Please use `change` instead for these purposes.

Note: This linter can be disabled with `set_option linter.style.show false`
warning: denote/Denote.lean:19212:2: The `show` tactic should only be used to indicate intermediate goal states for readability.
However, this tactic invocation changed the goal. Please use `change` instead for these purposes.

Note: This linter can be disabled with `set_option linter.style.show false`
warning: denote/Denote.lean:19317:61: This simp argument is unused:
  List.foldl

Hint: Omit it from the simp argument list.
  simp only [zeroTensor, Tensor.mkShape, valAt, prodShape,̵ ̵L̵i̵s̵t̵.̵f̵o̵l̵d̵l̵]

Note: This linter can be disabled with `set_option linter.unusedSimpArgs false`
warning: denote/Denote.lean:19409:61: This simp argument is unused:
  List.foldl

Hint: Omit it from the simp argument list.
  simp only [zeroTensor, Tensor.mkShape, valAt, prodShape,̵ ̵L̵i̵s̵t̵.̵f̵o̵l̵d̵l̵]

Note: This linter can be disabled with `set_option linter.unusedSimpArgs false`
warning: denote/Denote.lean:19503:61: This simp argument is unused:
  List.foldl

Hint: Omit it from the simp argument list.
  simp only [zeroTensor, Tensor.mkShape, valAt, prodShape,̵ ̵L̵i̵s̵t̵.̵f̵o̵l̵d̵l̵]

Note: This linter can be disabled with `set_option linter.unusedSimpArgs false`
warning: denote/Denote.lean:19594:61: This simp argument is unused:
  List.foldl

Hint: Omit it from the simp argument list.
  simp only [zeroTensor, Tensor.mkShape, valAt, prodShape,̵ ̵L̵i̵s̵t̵.̵f̵o̵l̵d̵l̵]

Note: This linter can be disabled with `set_option linter.unusedSimpArgs false`
warning: denote/Denote.lean:19849:61: This simp argument is unused:
  List.foldl

Hint: Omit it from the simp argument list.
  simp only [zeroTensor, Tensor.mkShape, valAt, prodShape,̵ ̵L̵i̵s̵t̵.̵f̵o̵l̵d̵l̵]

Note: This linter can be disabled with `set_option linter.unusedSimpArgs false`
warning: denote/Denote.lean:19914:0: Please, add a comment explaining the need for modifying the maxHeartbeat limit, as in
set_option maxHeartbeats 1600000 in
-- reason for change
...

Note: This linter can be disabled with `set_option linter.style.maxHeartbeats false`
warning: denote/Denote.lean:19981:23: This simp argument is unused:
  List.getElem?_cons_zero

Hint: Omit it from the simp argument list.
  simp [List.getD, L̵i̵s̵t̵.̵g̵e̵t̵E̵l̵e̵m̵?̵_̵c̵o̵n̵s̵_̵z̵e̵r̵o̵,̵ ̵List.getElem?_cons_succ]

Note: This linter can be disabled with `set_option linter.unusedSimpArgs false`
warning: denote/Denote.lean:19981:48: This simp argument is unused:
  List.getElem?_cons_succ

Hint: Omit it from the simp argument list.
  simp [List.getD, List.getElem?_cons_zero,̵ ̵L̵i̵s̵t̵.̵g̵e̵t̵E̵l̵e̵m̵?̵_̵c̵o̵n̵s̵_̵s̵u̵c̵c̵]

Note: This linter can be disabled with `set_option linter.unusedSimpArgs false`
warning: denote/Denote.lean:19934:0: Please, add a comment explaining the need for modifying the maxHeartbeat limit, as in
set_option maxHeartbeats 3200000 in
-- reason for change
...

Note: This linter can be disabled with `set_option linter.style.maxHeartbeats false`
warning: denote/Denote.lean:20008:0: Please, add a comment explaining the need for modifying the maxHeartbeat limit, as in
set_option maxHeartbeats 3200000 in
-- reason for change
...

Note: This linter can be disabled with `set_option linter.style.maxHeartbeats false`
warning: denote/Denote.lean:20070:2: The `show` tactic should only be used to indicate intermediate goal states for readability.
However, this tactic invocation changed the goal. Please use `change` instead for these purposes.

Note: This linter can be disabled with `set_option linter.style.show false`
warning: denote/Denote.lean:20128:23: This simp argument is unused:
  List.getElem?_cons_zero

Hint: Omit it from the simp argument list.
  simp [List.getD, L̵i̵s̵t̵.̵g̵e̵t̵E̵l̵e̵m̵?̵_̵c̵o̵n̵s̵_̵z̵e̵r̵o̵,̵ ̵List.getElem?_cons_succ]

Note: This linter can be disabled with `set_option linter.unusedSimpArgs false`
warning: denote/Denote.lean:20128:48: This simp argument is unused:
  List.getElem?_cons_succ

Hint: Omit it from the simp argument list.
  simp [List.getD, List.getElem?_cons_zero,̵ ̵L̵i̵s̵t̵.̵g̵e̵t̵E̵l̵e̵m̵?̵_̵c̵o̵n̵s̵_̵s̵u̵c̵c̵]

Note: This linter can be disabled with `set_option linter.unusedSimpArgs false`
warning: denote/Denote.lean:20190:23: This simp argument is unused:
  List.getElem?_cons_zero

Hint: Omit it from the simp argument list.
  simp [List.getD, L̵i̵s̵t̵.̵g̵e̵t̵E̵l̵e̵m̵?̵_̵c̵o̵n̵s̵_̵z̵e̵r̵o̵,̵ ̵List.getElem?_cons_succ]

Note: This linter can be disabled with `set_option linter.unusedSimpArgs false`
warning: denote/Denote.lean:20190:48: This simp argument is unused:
  List.getElem?_cons_succ

Hint: Omit it from the simp argument list.
  simp [List.getD, List.getElem?_cons_zero,̵ ̵L̵i̵s̵t̵.̵g̵e̵t̵E̵l̵e̵m̵?̵_̵c̵o̵n̵s̵_̵s̵u̵c̵c̵]

Note: This linter can be disabled with `set_option linter.unusedSimpArgs false`
warning: denote/Denote.lean:20242:23: This simp argument is unused:
  List.getElem?_cons_zero

Hint: Omit it from the simp argument list.
  simp [List.getD, L̵i̵s̵t̵.̵g̵e̵t̵E̵l̵e̵m̵?̵_̵c̵o̵n̵s̵_̵z̵e̵r̵o̵,̵ ̵List.getElem?_cons_succ]

Note: This linter can be disabled with `set_option linter.unusedSimpArgs false`
warning: denote/Denote.lean:20242:48: This simp argument is unused:
  List.getElem?_cons_succ

Hint: Omit it from the simp argument list.
  simp [List.getD, List.getElem?_cons_zero,̵ ̵L̵i̵s̵t̵.̵g̵e̵t̵E̵l̵e̵m̵?̵_̵c̵o̵n̵s̵_̵s̵u̵c̵c̵]

Note: This linter can be disabled with `set_option linter.unusedSimpArgs false`
warning: denote/Denote.lean:20281:4: This simp argument is unused:
  Nat.reduceDiv

Hint: Omit it from the simp argument list.
  simp only [hhead, List.getD, List.getElem?_cons_zero, List.getElem?_cons_succ,
  ̵  ̵ ̵ ̵Option.getD_some,
  ̲  ̲ ̲ ̲List.drop, List.foldl, Nat.reduceMul, Nat.reduceAdd,
  ̵  ̵ ̵ ̵Nat.reduceD̵i̵v̵,̵ ̵N̵a̵t̵.̵r̵e̵d̵u̵c̵e̵Mod, Nat.div_one, Nat.mod_one,
  ̲  ̲ ̲ ̲Nat.mul_one,
  ̵  ̵ ̵ ̵Nat.add_zero, Nat.zero_add, show (8 : Nat) ≠ 0 from by omega,
      show (4 : Nat) ≠ 0 from by omega, show (1 : Nat) ≠ 0 from by omega,
      show (32 : Nat) ≠ 0 from by omega,
  ̵  ̵ ̵ ̵show (256 : Nat) ≠ 0 from by omega, ite_false]

Note: This linter can be disabled with `set_option linter.unusedSimpArgs false`
warning: denote/Denote.lean:20281:19: This simp argument is unused:
  Nat.reduceMod

Hint: Omit it from the simp argument list.
  simp only [hhead, List.getD, List.getElem?_cons_zero, List.getElem?_cons_succ,
  ̵  ̵ ̵ ̵Option.getD_some,
  ̲  ̲ ̲ ̲List.drop, List.foldl, Nat.reduceMul, Nat.reduceAdd,
  ̵  ̵ ̵ ̵Nat.reduceDiv, Nat.r̵e̵du̵c̵e̵M̵o̵d̵,̵ ̵N̵a̵t̵.̵d̵iv_one, Nat.mod_one,
  ̲  ̲ ̲ ̲Nat.mul_one,
  ̵  ̵ ̵ ̵Nat.add_zero, Nat.zero_add, show (8 : Nat) ≠ 0 from by omega,
      show (4 : Nat) ≠ 0 from by omega, show (1 : Nat) ≠ 0 from by omega,
      show (32 : Nat) ≠ 0 from by omega,
  ̵  ̵ ̵ ̵show (256 : Nat) ≠ 0 from by omega, ite_false]

Note: This linter can be disabled with `set_option linter.unusedSimpArgs false`
warning: denote/Denote.lean:20281:60: This simp argument is unused:
  Nat.mul_one

Hint: Omit it from the simp argument list.
  simp only [hhead, List.getD, List.getElem?_cons_zero, List.getElem?_cons_succ,
  ̵  ̵ ̵ ̵Option.getD_some,
  ̲  ̲ ̲ ̲List.drop, List.foldl, Nat.reduceMul, Nat.reduceAdd,
  ̵  ̵ ̵ ̵Nat.reduceDiv, Nat.reduceMod, Nat.div_one,
  ̲  ̲ ̲ ̲Nat.mod_one, Nat.m̵u̵l̵_̵o̵n̵e̵,̵
  ̵ ̵ ̵ ̵ ̵N̵at̵.̵a̵dd_zero, Nat.zero_add, show (8 : Nat) ≠ 0 from by omega,
      show (4 : Nat) ≠ 0 from by omega, show (1 : Nat) ≠ 0 from by omega,
      show (32 : Nat) ≠ 0 from by omega,
  ̵  ̵ ̵ ̵show (256 : Nat) ≠ 0 from by omega, ite_false]

Note: This linter can be disabled with `set_option linter.unusedSimpArgs false`
warning: denote/Denote.lean:20282:18: This simp argument is unused:
  Nat.zero_add

Hint: Omit it from the simp argument list.
  simp only [hhead, List.getD, List.getElem?_cons_zero, List.getElem?_cons_succ,
  ̵  ̵ ̵ ̵Option.getD_some,
  ̲  ̲ ̲ ̲List.drop, List.foldl, Nat.reduceMul, Nat.reduceAdd,
  ̵  ̵ ̵ ̵Nat.reduceDiv, Nat.reduceMod, Nat.div_one,
  ̲  ̲ ̲ ̲Nat.mod_one, Nat.mul_one,
  ̵  ̵ ̵ ̵Nat.add_zero, N̵a̵t̵.̵z̵e̵r̵o̵_̵a̵d̵d̵,̵ ̵show (8 : Nat) ≠ 0 from by omega,
      show (4 : Nat) ≠ 0 from by omega, show (1 : Nat) ≠ 0 from by omega,
      show (32 : Nat) ≠ 0 from by omega,
  ̵  ̵ ̵ ̵show (256 : Nat) ≠ 0 from by omega, ite_false]

Note: This linter can be disabled with `set_option linter.unusedSimpArgs false`
warning: denote/Denote.lean:20283:4: This simp argument is unused:
  show (4 : Nat) ≠ 0 from by omega

Hint: Omit it from the simp argument list.
  simp only [hhead, List.getD, List.getElem?_cons_zero, List.getElem?_cons_succ,
  ̵  ̵ ̵ ̵Option.getD_some,
  ̲  ̲ ̲ ̲List.drop, List.foldl, Nat.reduceMul, Nat.reduceAdd,
  ̵  ̵ ̵ ̵Nat.reduceDiv, Nat.reduceMod, Nat.div_one,
  ̲  ̲ ̲ ̲Nat.mod_one, Nat.mul_one,
  ̵  ̵ ̵ ̵Nat.add_zero, Nat.zero_add, show (8 : Nat) ≠ 0 from by omega,
      show (4̵ ̵:̵ ̵N̵a̵t̵)̵ ̵≠̵ ̵0̵ ̵f̵r̵o̵m̵ ̵b̵y̵ ̵o̵m̵e̵g̵a̵,̵ ̵s̵h̵o̵w̵ ̵(̵1 : Nat) ≠ 0 from by omega,
  ̵  ̵ ̵ ̵show (32 : Nat) ≠ 0 from by omega,
      show (256 : Nat) ≠ 0 from by omega, ite_false]

Note: This linter can be disabled with `set_option linter.unusedSimpArgs false`
warning: denote/Denote.lean:20285:4: This simp argument is unused:
  show (256 : Nat) ≠ 0 from by omega

Hint: Omit it from the simp argument list.
  simp only [hhead, List.getD, List.getElem?_cons_zero, List.getElem?_cons_succ,
  ̵  ̵ ̵ ̵Option.getD_some,
  ̲  ̲ ̲ ̲List.drop, List.foldl, Nat.reduceMul, Nat.reduceAdd,
  ̵  ̵ ̵ ̵Nat.reduceDiv, Nat.reduceMod, Nat.div_one,
  ̲  ̲ ̲ ̲Nat.mod_one, Nat.mul_one,
  ̵  ̵ ̵ ̵Nat.add_zero, Nat.zero_add, show (8 : Nat) ≠ 0 from by omega,
      show (4 : Nat) ≠ 0 from by omega, show (1 : Nat) ≠ 0 from by omega,
      show (32 : Nat) ≠ 0 from by omega,
  ̵  ̵ ̵ ̵s̵h̵o̵w̵ ̵(̵2̵5̵6̵ ̵:̵ ̵N̵a̵t̵)̵ ̵≠̵ ̵0̵ ̵f̵r̵o̵m̵ ̵b̵y̵ ̵o̵m̵e̵g̵a̵,̵ ̵ite_false]

Note: This linter can be disabled with `set_option linter.unusedSimpArgs false`
warning: denote/Denote.lean:20304:34: This simp argument is unused:
  Nat.reduceDiv

Hint: Omit it from the simp argument list.
  simp only [chunkPrimDimN, Tensor.mkShape, hx, List.getD, List.getElem?_cons_zero,
      List.getElem?_cons_succ, Option.getD_some, List.drop, List.foldl,
  ̵  ̵ ̵ ̵Nat.reduceMul, Nat.reduceAdd,
  ̲ N̵a̵t̵.̵r̵e̵d̵u̵c̵e̵D̵i̵v̵,̵  ̲ ̲Nat.reduceMod,
  ̵  ̵ ̵ ̵Nat.div_one, Nat.mod_one, Nat.mul_one, Nat.add_zero, Nat.zero_add,
      show (8 : Nat) ≠ 0 from by omega, show (4 : Nat) ≠ 0 from by omega,
      show (1 : Nat) ≠ 0 from by omega, show (32 : Nat) ≠ 0 from by omega,
      show (64 : Nat) ≠ 0 from by omega, show (4 / 4 : Nat) = 1 by norm_num,
  ̵  ̵ ̵ ̵ite_false]

Note: This linter can be disabled with `set_option linter.unusedSimpArgs false`
warning: denote/Denote.lean:20304:49: This simp argument is unused:
  Nat.reduceMod

Hint: Omit it from the simp argument list.
  simp only [chunkPrimDimN, Tensor.mkShape, hx, List.getD, List.getElem?_cons_zero,
      List.getElem?_cons_succ, Option.getD_some, List.drop, List.foldl,
  ̵  ̵ ̵ ̵Nat.reduceMul, Nat.reduceAdd,
  ̲  ̲ ̲ ̲Nat.reduceDiv, Nat.r̵e̵du̵c̵e̵M̵o̵d̵,̵
  ̵ ̵ ̵ ̵ ̵N̵a̵t̵.̵d̵iv_one, Nat.mod_one, Nat.mul_one, Nat.add_zero, Nat.zero_add,
      show (8 : Nat) ≠ 0 from by omega, show (4 : Nat) ≠ 0 from by omega,
      show (1 : Nat) ≠ 0 from by omega, show (32 : Nat) ≠ 0 from by omega,
      show (64 : Nat) ≠ 0 from by omega, show (4 / 4 : Nat) = 1 by norm_num,
  ̵  ̵ ̵ ̵ite_false]

Note: This linter can be disabled with `set_option linter.unusedSimpArgs false`
warning: denote/Denote.lean:20305:4: This simp argument is unused:
  Nat.div_one

Hint: Omit it from the simp argument list.
  simp only [chunkPrimDimN, Tensor.mkShape, hx, List.getD, List.getElem?_cons_zero,
      List.getElem?_cons_succ, Option.getD_some, List.drop, List.foldl,
  ̵  ̵ ̵ ̵Nat.reduceMul, Nat.reduceAdd,
  ̲  ̲ ̲ ̲Nat.reduceDiv, Nat.reduceMod,
  ̵  ̵ ̵ ̵Nat.d̵i̵v̵_̵o̵n̵e̵,̵ ̵N̵a̵t̵.̵mod_one, Nat.mul_one, Nat.add_zero, Nat.zero_add,
      show (8 : Nat) ≠ 0 from by omega, show (4 : Nat) ≠ 0 from by omega,
      show (1 : Nat) ≠ 0 from by omega, show (32 : Nat) ≠ 0 from by omega,
      show (64 : Nat) ≠ 0 from by omega, show (4 / 4 : Nat) = 1 by norm_num,
  ̵  ̵ ̵ ̵ite_false]

Note: This linter can be disabled with `set_option linter.unusedSimpArgs false`
warning: denote/Denote.lean:20305:17: This simp argument is unused:
  Nat.mod_one

Hint: Omit it from the simp argument list.
  simp only [chunkPrimDimN, Tensor.mkShape, hx, List.getD, List.getElem?_cons_zero,
      List.getElem?_cons_succ, Option.getD_some, List.drop, List.foldl,
  ̵  ̵ ̵ ̵Nat.reduceMul, Nat.reduceAdd,
  ̲  ̲ ̲ ̲Nat.reduceDiv, Nat.reduceMod,
  ̵  ̵ ̵ ̵Nat.div_one, Nat.mo̵d̵_̵o̵n̵e̵,̵ ̵N̵a̵t̵.̵m̵ul_one, Nat.add_zero, Nat.zero_add,
      show (8 : Nat) ≠ 0 from by omega, show (4 : Nat) ≠ 0 from by omega,
      show (1 : Nat) ≠ 0 from by omega, show (32 : Nat) ≠ 0 from by omega,
      show (64 : Nat) ≠ 0 from by omega, show (4 / 4 : Nat) = 1 by norm_num,
  ̵  ̵ ̵ ̵ite_false]

Note: This linter can be disabled with `set_option linter.unusedSimpArgs false`
warning: denote/Denote.lean:20305:43: This simp argument is unused:
  Nat.add_zero

Hint: Omit it from the simp argument list.
  simp only [chunkPrimDimN, Tensor.mkShape, hx, List.getD, List.getElem?_cons_zero,
      List.getElem?_cons_succ, Option.getD_some, List.drop, List.foldl,
  ̵  ̵ ̵ ̵Nat.reduceMul, Nat.reduceAdd,
  ̲  ̲ ̲ ̲Nat.reduceDiv, Nat.reduceMod,
  ̵  ̵ ̵ ̵Nat.div_one, Nat.mod_one, Nat.mul_one, Nat.a̵d̵d̵_̵zero,̵ ̵N̵a̵t̵.̵z̵e̵r̵o̵_add,
      show (8 : Nat) ≠ 0 from by omega, show (4 : Nat) ≠ 0 from by omega,
      show (1 : Nat) ≠ 0 from by omega, show (32 : Nat) ≠ 0 from by omega,
      show (64 : Nat) ≠ 0 from by omega, show (4 / 4 : Nat) = 1 by norm_num,
  ̵  ̵ ̵ ̵ite_false]

Note: This linter can be disabled with `set_option linter.unusedSimpArgs false`
warning: denote/Denote.lean:20305:57: This simp argument is unused:
  Nat.zero_add

Hint: Omit it from the simp argument list.
  simp only [chunkPrimDimN, Tensor.mkShape, hx, List.getD, List.getElem?_cons_zero,
      List.getElem?_cons_succ, Option.getD_some, List.drop, List.foldl,
  ̵  ̵ ̵ ̵Nat.reduceMul, Nat.reduceAdd,
  ̲  ̲ ̲ ̲Nat.reduceDiv, Nat.reduceMod,
  ̵  ̵ ̵ ̵Nat.div_one, Nat.mod_one, Nat.mul_one, Nat.add_zero, ̵N̵a̵t̵.̵z̵e̵r̵o̵_̵a̵d̵d̵,̵
      show (8 : Nat) ≠ 0 from by omega, show (4 : Nat) ≠ 0 from by omega,
      show (1 : Nat) ≠ 0 from by omega, show (32 : Nat) ≠ 0 from by omega,
      show (64 : Nat) ≠ 0 from by omega, show (4 / 4 : Nat) = 1 by norm_num,
  ̵  ̵ ̵ ̵ite_false]

Note: This linter can be disabled with `set_option linter.unusedSimpArgs false`
warning: denote/Denote.lean:20307:4: This simp argument is unused:
  show (1 : Nat) ≠ 0 from by omega

Hint: Omit it from the simp argument list.
  simp only [chunkPrimDimN, Tensor.mkShape, hx, List.getD, List.getElem?_cons_zero,
      List.getElem?_cons_succ, Option.getD_some, List.drop, List.foldl,
  ̵  ̵ ̵ ̵Nat.reduceMul, Nat.reduceAdd,
  ̲  ̲ ̲ ̲Nat.reduceDiv, Nat.reduceMod,
  ̵  ̵ ̵ ̵Nat.div_one, Nat.mod_one, Nat.mul_one, Nat.add_zero, Nat.zero_add,
      show (8 : Nat) ≠ 0 from by omega, show (4 : Nat) ≠ 0 from by omega,
      show (1̵3̲2̲ : Nat) ≠ 0 from by omega, show (3̵2̵6̲4̲ : Nat) ≠ 0 from by omega,
      show (6̵4 :̵ ̵N̵a̵t̵)̵ ̵≠̵ ̵0̵ ̵f̵r̵o̵m̵ ̵b̵y̵ ̵o̵m̵e̵g̵a̵,̵ ̵s̵h̵o̵w̵ ̵(̵4̵ ̵/ 4 : Nat) = 1 by norm_num,
  ̵  ̵ ̵ ̵ite_false]

Note: This linter can be disabled with `set_option linter.unusedSimpArgs false`
warning: denote/Denote.lean:20307:38: This simp argument is unused:
  show (32 : Nat) ≠ 0 from by omega

Hint: Omit it from the simp argument list.
  simp only [chunkPrimDimN, Tensor.mkShape, hx, List.getD, List.getElem?_cons_zero,
      List.getElem?_cons_succ, Option.getD_some, List.drop, List.foldl,
  ̵  ̵ ̵ ̵Nat.reduceMul, Nat.reduceAdd,
  ̲  ̲ ̲ ̲Nat.reduceDiv, Nat.reduceMod,
  ̵  ̵ ̵ ̵Nat.div_one, Nat.mod_one, Nat.mul_one, Nat.add_zero, Nat.zero_add,
      show (8 : Nat) ≠ 0 from by omega, show (4 : Nat) ≠ 0 from by omega,
      show (1 : Nat) ≠ 0 from by omega, show (3̵2̵6̲4̲ : Nat) ≠ 0 from by omega,
      show (6̵4 :̵ ̵N̵a̵t̵)̵ ̵≠̵ ̵0̵ ̵f̵r̵o̵m̵ ̵b̵y̵ ̵o̵m̵e̵g̵a̵,̵ ̵s̵h̵o̵w̵ ̵(̵4̵ ̵/ 4 : Nat) = 1 by norm_num,
  ̵  ̵ ̵ ̵ite_false]

Note: This linter can be disabled with `set_option linter.unusedSimpArgs false`
warning: denote/Denote.lean:20308:4: This simp argument is unused:
  show (64 : Nat) ≠ 0 from by omega

Hint: Omit it from the simp argument list.
  simp only [chunkPrimDimN, Tensor.mkShape, hx, List.getD, List.getElem?_cons_zero,
      List.getElem?_cons_succ, Option.getD_some, List.drop, List.foldl,
  ̵  ̵ ̵ ̵Nat.reduceMul, Nat.reduceAdd,
  ̲  ̲ ̲ ̲Nat.reduceDiv, Nat.reduceMod,
  ̵  ̵ ̵ ̵Nat.div_one, Nat.mod_one, Nat.mul_one, Nat.add_zero, Nat.zero_add,
      show (8 : Nat) ≠ 0 from by omega, show (4 : Nat) ≠ 0 from by omega,
      show (1 : Nat) ≠ 0 from by omega, show (32 : Nat) ≠ 0 from by omega,
      show (6̵4 :̵ ̵N̵a̵t̵)̵ ̵≠̵ ̵0̵ ̵f̵r̵o̵m̵ ̵b̵y̵ ̵o̵m̵e̵g̵a̵,̵ ̵s̵h̵o̵w̵ ̵(̵4̵ ̵/ 4 : Nat) = 1 by norm_num,
  ̵  ̵ ̵ ̵ite_false]

Note: This linter can be disabled with `set_option linter.unusedSimpArgs false`
warning: denote/Denote.lean:20347:23: This simp argument is unused:
  List.getElem?_cons_zero

Hint: Omit it from the simp argument list.
  simp [List.getD, L̵i̵s̵t̵.̵g̵e̵t̵E̵l̵e̵m̵?̵_̵c̵o̵n̵s̵_̵z̵e̵r̵o̵,̵ ̵List.getElem?_cons_succ]

Note: This linter can be disabled with `set_option linter.unusedSimpArgs false`
warning: denote/Denote.lean:20347:48: This simp argument is unused:
  List.getElem?_cons_succ

Hint: Omit it from the simp argument list.
  simp [List.getD, List.getElem?_cons_zero,̵ ̵L̵i̵s̵t̵.̵g̵e̵t̵E̵l̵e̵m̵?̵_̵c̵o̵n̵s̵_̵s̵u̵c̵c̵]

Note: This linter can be disabled with `set_option linter.unusedSimpArgs false`
warning: denote/Denote.lean:20397:23: This simp argument is unused:
  List.getElem?_cons_zero

Hint: Omit it from the simp argument list.
  simp [List.getD, L̵i̵s̵t̵.̵g̵e̵t̵E̵l̵e̵m̵?̵_̵c̵o̵n̵s̵_̵z̵e̵r̵o̵,̵ ̵List.getElem?_cons_succ]

Note: This linter can be disabled with `set_option linter.unusedSimpArgs false`
warning: denote/Denote.lean:20397:48: This simp argument is unused:
  List.getElem?_cons_succ

Hint: Omit it from the simp argument list.
  simp [List.getD, List.getElem?_cons_zero,̵ ̵L̵i̵s̵t̵.̵g̵e̵t̵E̵l̵e̵m̵?̵_̵c̵o̵n̵s̵_̵s̵u̵c̵c̵]

Note: This linter can be disabled with `set_option linter.unusedSimpArgs false`
warning: denote/Denote.lean:20437:23: This simp argument is unused:
  List.getElem?_cons_zero

Hint: Omit it from the simp argument list.
  simp [List.getD, L̵i̵s̵t̵.̵g̵e̵t̵E̵l̵e̵m̵?̵_̵c̵o̵n̵s̵_̵z̵e̵r̵o̵,̵ ̵List.getElem?_cons_succ]

Note: This linter can be disabled with `set_option linter.unusedSimpArgs false`
warning: denote/Denote.lean:20437:48: This simp argument is unused:
  List.getElem?_cons_succ

Hint: Omit it from the simp argument list.
  simp [List.getD, List.getElem?_cons_zero,̵ ̵L̵i̵s̵t̵.̵g̵e̵t̵E̵l̵e̵m̵?̵_̵c̵o̵n̵s̵_̵s̵u̵c̵c̵]

Note: This linter can be disabled with `set_option linter.unusedSimpArgs false`
warning: denote/Denote.lean:20489:23: This simp argument is unused:
  List.getElem?_cons_zero

Hint: Omit it from the simp argument list.
  simp [List.getD, L̵i̵s̵t̵.̵g̵e̵t̵E̵l̵e̵m̵?̵_̵c̵o̵n̵s̵_̵z̵e̵r̵o̵,̵ ̵List.getElem?_cons_succ]

Note: This linter can be disabled with `set_option linter.unusedSimpArgs false`
warning: denote/Denote.lean:20489:48: This simp argument is unused:
  List.getElem?_cons_succ

Hint: Omit it from the simp argument list.
  simp [List.getD, List.getElem?_cons_zero,̵ ̵L̵i̵s̵t̵.̵g̵e̵t̵E̵l̵e̵m̵?̵_̵c̵o̵n̵s̵_̵s̵u̵c̵c̵]

Note: This linter can be disabled with `set_option linter.unusedSimpArgs false`
warning: denote/Denote.lean:20529:23: This simp argument is unused:
  List.getElem?_cons_zero

Hint: Omit it from the simp argument list.
  simp [List.getD, L̵i̵s̵t̵.̵g̵e̵t̵E̵l̵e̵m̵?̵_̵c̵o̵n̵s̵_̵z̵e̵r̵o̵,̵ ̵List.getElem?_cons_succ]

Note: This linter can be disabled with `set_option linter.unusedSimpArgs false`
warning: denote/Denote.lean:20529:48: This simp argument is unused:
  List.getElem?_cons_succ

Hint: Omit it from the simp argument list.
  simp [List.getD, List.getElem?_cons_zero,̵ ̵L̵i̵s̵t̵.̵g̵e̵t̵E̵l̵e̵m̵?̵_̵c̵o̵n̵s̵_̵s̵u̵c̵c̵]

Note: This linter can be disabled with `set_option linter.unusedSimpArgs false`
warning: denote/Denote.lean:20580:23: This simp argument is unused:
  List.getElem?_cons_zero

Hint: Omit it from the simp argument list.
  simp [List.getD, L̵i̵s̵t̵.̵g̵e̵t̵E̵l̵e̵m̵?̵_̵c̵o̵n̵s̵_̵z̵e̵r̵o̵,̵ ̵List.getElem?_cons_succ]

Note: This linter can be disabled with `set_option linter.unusedSimpArgs false`
warning: denote/Denote.lean:20580:48: This simp argument is unused:
  List.getElem?_cons_succ

Hint: Omit it from the simp argument list.
  simp [List.getD, List.getElem?_cons_zero,̵ ̵L̵i̵s̵t̵.̵g̵e̵t̵E̵l̵e̵m̵?̵_̵c̵o̵n̵s̵_̵s̵u̵c̵c̵]

Note: This linter can be disabled with `set_option linter.unusedSimpArgs false`
warning: denote/Denote.lean:20620:23: This simp argument is unused:
  List.getElem?_cons_zero

Hint: Omit it from the simp argument list.
  simp [List.getD, L̵i̵s̵t̵.̵g̵e̵t̵E̵l̵e̵m̵?̵_̵c̵o̵n̵s̵_̵z̵e̵r̵o̵,̵ ̵List.getElem?_cons_succ]

Note: This linter can be disabled with `set_option linter.unusedSimpArgs false`
warning: denote/Denote.lean:20620:48: This simp argument is unused:
  List.getElem?_cons_succ

Hint: Omit it from the simp argument list.
  simp [List.getD, List.getElem?_cons_zero,̵ ̵L̵i̵s̵t̵.̵g̵e̵t̵E̵l̵e̵m̵?̵_̵c̵o̵n̵s̵_̵s̵u̵c̵c̵]

Note: This linter can be disabled with `set_option linter.unusedSimpArgs false`
warning: denote/Denote.lean:20679:23: This simp argument is unused:
  List.getElem?_cons_zero

Hint: Omit it from the simp argument list.
  simp [List.getD, L̵i̵s̵t̵.̵g̵e̵t̵E̵l̵e̵m̵?̵_̵c̵o̵n̵s̵_̵z̵e̵r̵o̵,̵ ̵List.getElem?_cons_succ]

Note: This linter can be disabled with `set_option linter.unusedSimpArgs false`
warning: denote/Denote.lean:20679:48: This simp argument is unused:
  List.getElem?_cons_succ

Hint: Omit it from the simp argument list.
  simp [List.getD, List.getElem?_cons_zero,̵ ̵L̵i̵s̵t̵.̵g̵e̵t̵E̵l̵e̵m̵?̵_̵c̵o̵n̵s̵_̵s̵u̵c̵c̵]

Note: This linter can be disabled with `set_option linter.unusedSimpArgs false`
warning: denote/Denote.lean:20719:23: This simp argument is unused:
  List.getElem?_cons_zero

Hint: Omit it from the simp argument list.
  simp [List.getD, L̵i̵s̵t̵.̵g̵e̵t̵E̵l̵e̵m̵?̵_̵c̵o̵n̵s̵_̵z̵e̵r̵o̵,̵ ̵List.getElem?_cons_succ]

Note: This linter can be disabled with `set_option linter.unusedSimpArgs false`
warning: denote/Denote.lean:20719:48: This simp argument is unused:
  List.getElem?_cons_succ

Hint: Omit it from the simp argument list.
  simp [List.getD, List.getElem?_cons_zero,̵ ̵L̵i̵s̵t̵.̵g̵e̵t̵E̵l̵e̵m̵?̵_̵c̵o̵n̵s̵_̵s̵u̵c̵c̵]

Note: This linter can be disabled with `set_option linter.unusedSimpArgs false`
⚠ [2625/2630] Replayed denote.GraphSlicing
warning: denote/GraphSlicing.lean:26:0: Unscoped option linter.flexible is not allowed:
Please scope this to individual declarations, as in
```
set_option linter.flexible in
-- comment explaining why this is necessary
example : ... := ...
```

Note: This linter can be disabled with `set_option linter.style.setOption false`
warning: denote/GraphSlicing.lean:440:4: The `show` tactic should only be used to indicate intermediate goal states for readability.
However, this tactic invocation changed the goal. Please use `change` instead for these purposes.

Note: This linter can be disabled with `set_option linter.style.show false`
warning: denote/GraphSlicing.lean:639:6: `push_neg` has been deprecated. Prefer using `push Not` instead.
If you'd rather continue using `push_neg` in your project, you can implement it as follows:
```
open Lean.Parser.Tactic in
macro "push_neg" cfg:optConfig loc:(location)? : tactic =>
  `(tactic| push $cfg:optConfig Not $[$loc]?)
```
⚠ [2626/2630] Replayed denote.yoco_goals.Pattern_4
warning: denote/yoco_goals/Pattern_4.lean:18:0: Unscoped option maxHeartbeats is not allowed:
Please scope this to individual declarations, as in
```
set_option maxHeartbeats in
-- comment explaining why this is necessary
example : ... := ...
```

Note: This linter can be disabled with `set_option linter.style.setOption false`
warning: denote/yoco_goals/Pattern_4.lean:53:5: Variable name `h_prefix_no_write_scores` is not explicitly referenced.

The binding can be removed (if unused) or named `_` (if used implicitly).

Note: This linter can be disabled with `set_option linter.unusedVariables false`
warning: denote/yoco_goals/Pattern_4.lean:49:42: missing space in the source

This part of the code
  '(k+1) ='
should be written as
  '(k + 1)'


Note: This linter can be disabled with `set_option linter.style.whitespace false`
warning: denote/yoco_goals/Pattern_4.lean:51:19: missing space in the source

This part of the code
  '(0:Nat),'
should be written as
  '(0 : Nat),'


Note: This linter can be disabled with `set_option linter.style.whitespace false`
warning: denote/yoco_goals/Pattern_4.lean:58:36: missing space in the source

This part of the code
  '(k+1)).take'
should be written as
  '(k + 1)).take'


Note: This linter can be disabled with `set_option linter.style.whitespace false`
warning: denote/yoco_goals/Pattern_4.lean:58:54: missing space in the source

This part of the code
  '(k+1)),'
should be written as
  '(k + 1)),'


Note: This linter can be disabled with `set_option linter.style.whitespace false`
warning: denote/yoco_goals/Pattern_4.lean:294:39: 'decide' tactic does nothing

Note: This linter can be disabled with `set_option linter.unusedTactic false`
warning: denote/yoco_goals/Pattern_4.lean:120:2: The `show` tactic should only be used to indicate intermediate goal states for readability.
However, this tactic invocation changed the goal. Please use `change` instead for these purposes.

Note: This linter can be disabled with `set_option linter.style.show false`
warning: denote/yoco_goals/Pattern_4.lean:294:39: this tactic is never executed

Note: This linter can be disabled with `set_option linter.unreachableTactic false`
warning: denote/yoco_goals/Pattern_4.lean:138:35: Used `tac1 <;> tac2` where `(tac1; tac2)` would suffice

Note: This linter can be disabled with `set_option linter.unnecessarySeqFocus false`
warning: denote/yoco_goals/Pattern_4.lean:139:35: Used `tac1 <;> tac2` where `(tac1; tac2)` would suffice

Note: This linter can be disabled with `set_option linter.unnecessarySeqFocus false`
warning: denote/yoco_goals/Pattern_4.lean:287:35: Used `tac1 <;> tac2` where `(tac1; tac2)` would suffice

Note: This linter can be disabled with `set_option linter.unnecessarySeqFocus false`
warning: denote/yoco_goals/Pattern_4.lean:320:42: missing space in the source

This part of the code
  '(k+1) ='
should be written as
  '(k + 1)'


Note: This linter can be disabled with `set_option linter.style.whitespace false`
warning: denote/yoco_goals/Pattern_4.lean:327:36: missing space in the source

This part of the code
  '(k+1)).take'
should be written as
  '(k + 1)).take'


Note: This linter can be disabled with `set_option linter.style.whitespace false`
warning: denote/yoco_goals/Pattern_4.lean:327:54: missing space in the source

This part of the code
  '(k+1)),'
should be written as
  '(k + 1)),'


Note: This linter can be disabled with `set_option linter.style.whitespace false`
warning: denote/yoco_goals/Pattern_4.lean:353:42: missing space in the source

This part of the code
  '(k+1) ='
should be written as
  '(k + 1)'


Note: This linter can be disabled with `set_option linter.style.whitespace false`
warning: denote/yoco_goals/Pattern_4.lean:360:36: missing space in the source

This part of the code
  '(k+1)).take'
should be written as
  '(k + 1)).take'


Note: This linter can be disabled with `set_option linter.style.whitespace false`
warning: denote/yoco_goals/Pattern_4.lean:360:54: missing space in the source

This part of the code
  '(k+1)),'
should be written as
  '(k + 1)),'


Note: This linter can be disabled with `set_option linter.style.whitespace false`
warning: denote/yoco_goals/Pattern_4.lean:501:10: Using `native_decide` is not allowed in mathlib: because it trusts the entire Lean compiler (not just the Lean kernel), it could quite possibly be used to prove false.

Note: This linter can be disabled with `set_option linter.style.nativeDecide false`
warning: denote/yoco_goals/Pattern_4.lean:505:75: Using `native_decide` is not allowed in mathlib: because it trusts the entire Lean compiler (not just the Lean kernel), it could quite possibly be used to prove false.

Note: This linter can be disabled with `set_option linter.style.nativeDecide false`
warning: denote/yoco_goals/Pattern_4.lean:506:10: Using `native_decide` is not allowed in mathlib: because it trusts the entire Lean compiler (not just the Lean kernel), it could quite possibly be used to prove false.

Note: This linter can be disabled with `set_option linter.style.nativeDecide false`
warning: denote/yoco_goals/Pattern_4.lean:510:75: Using `native_decide` is not allowed in mathlib: because it trusts the entire Lean compiler (not just the Lean kernel), it could quite possibly be used to prove false.

Note: This linter can be disabled with `set_option linter.style.nativeDecide false`
warning: denote/yoco_goals/Pattern_4.lean:511:10: Using `native_decide` is not allowed in mathlib: because it trusts the entire Lean compiler (not just the Lean kernel), it could quite possibly be used to prove false.

Note: This linter can be disabled with `set_option linter.style.nativeDecide false`
warning: denote/yoco_goals/Pattern_4.lean:515:75: Using `native_decide` is not allowed in mathlib: because it trusts the entire Lean compiler (not just the Lean kernel), it could quite possibly be used to prove false.

Note: This linter can be disabled with `set_option linter.style.nativeDecide false`
warning: denote/yoco_goals/Pattern_4.lean:516:10: Using `native_decide` is not allowed in mathlib: because it trusts the entire Lean compiler (not just the Lean kernel), it could quite possibly be used to prove false.

Note: This linter can be disabled with `set_option linter.style.nativeDecide false`
warning: denote/yoco_goals/Pattern_4.lean:522:12: Using `native_decide` is not allowed in mathlib: because it trusts the entire Lean compiler (not just the Lean kernel), it could quite possibly be used to prove false.

Note: This linter can be disabled with `set_option linter.style.nativeDecide false`
warning: denote/yoco_goals/Pattern_4.lean:523:12: Using `native_decide` is not allowed in mathlib: because it trusts the entire Lean compiler (not just the Lean kernel), it could quite possibly be used to prove false.

Note: This linter can be disabled with `set_option linter.style.nativeDecide false`
warning: denote/yoco_goals/Pattern_4.lean:524:10: Using `native_decide` is not allowed in mathlib: because it trusts the entire Lean compiler (not just the Lean kernel), it could quite possibly be used to prove false.

Note: This linter can be disabled with `set_option linter.style.nativeDecide false`
warning: denote/yoco_goals/Pattern_4.lean:531:12: Using `native_decide` is not allowed in mathlib: because it trusts the entire Lean compiler (not just the Lean kernel), it could quite possibly be used to prove false.

Note: This linter can be disabled with `set_option linter.style.nativeDecide false`
warning: denote/yoco_goals/Pattern_4.lean:532:12: Using `native_decide` is not allowed in mathlib: because it trusts the entire Lean compiler (not just the Lean kernel), it could quite possibly be used to prove false.

Note: This linter can be disabled with `set_option linter.style.nativeDecide false`
warning: denote/yoco_goals/Pattern_4.lean:533:10: Using `native_decide` is not allowed in mathlib: because it trusts the entire Lean compiler (not just the Lean kernel), it could quite possibly be used to prove false.

Note: This linter can be disabled with `set_option linter.style.nativeDecide false`
warning: denote/yoco_goals/Pattern_4.lean:540:12: Using `native_decide` is not allowed in mathlib: because it trusts the entire Lean compiler (not just the Lean kernel), it could quite possibly be used to prove false.

Note: This linter can be disabled with `set_option linter.style.nativeDecide false`
warning: denote/yoco_goals/Pattern_4.lean:541:12: Using `native_decide` is not allowed in mathlib: because it trusts the entire Lean compiler (not just the Lean kernel), it could quite possibly be used to prove false.

Note: This linter can be disabled with `set_option linter.style.nativeDecide false`
warning: denote/yoco_goals/Pattern_4.lean:542:10: Using `native_decide` is not allowed in mathlib: because it trusts the entire Lean compiler (not just the Lean kernel), it could quite possibly be used to prove false.

Note: This linter can be disabled with `set_option linter.style.nativeDecide false`
warning: denote/yoco_goals/Pattern_4.lean:549:12: Using `native_decide` is not allowed in mathlib: because it trusts the entire Lean compiler (not just the Lean kernel), it could quite possibly be used to prove false.

Note: This linter can be disabled with `set_option linter.style.nativeDecide false`
warning: denote/yoco_goals/Pattern_4.lean:550:12: Using `native_decide` is not allowed in mathlib: because it trusts the entire Lean compiler (not just the Lean kernel), it could quite possibly be used to prove false.

Note: This linter can be disabled with `set_option linter.style.nativeDecide false`
warning: denote/yoco_goals/Pattern_4.lean:551:10: Using `native_decide` is not allowed in mathlib: because it trusts the entire Lean compiler (not just the Lean kernel), it could quite possibly be used to prove false.

Note: This linter can be disabled with `set_option linter.style.nativeDecide false`
warning: denote/yoco_goals/Pattern_4.lean:556:75: Using `native_decide` is not allowed in mathlib: because it trusts the entire Lean compiler (not just the Lean kernel), it could quite possibly be used to prove false.

Note: This linter can be disabled with `set_option linter.style.nativeDecide false`
warning: denote/yoco_goals/Pattern_4.lean:557:10: Using `native_decide` is not allowed in mathlib: because it trusts the entire Lean compiler (not just the Lean kernel), it could quite possibly be used to prove false.

Note: This linter can be disabled with `set_option linter.style.nativeDecide false`
warning: denote/yoco_goals/Pattern_4.lean:562:75: Using `native_decide` is not allowed in mathlib: because it trusts the entire Lean compiler (not just the Lean kernel), it could quite possibly be used to prove false.

Note: This linter can be disabled with `set_option linter.style.nativeDecide false`
warning: denote/yoco_goals/Pattern_4.lean:563:10: Using `native_decide` is not allowed in mathlib: because it trusts the entire Lean compiler (not just the Lean kernel), it could quite possibly be used to prove false.

Note: This linter can be disabled with `set_option linter.style.nativeDecide false`
warning: denote/yoco_goals/Pattern_4.lean:568:75: Using `native_decide` is not allowed in mathlib: because it trusts the entire Lean compiler (not just the Lean kernel), it could quite possibly be used to prove false.

Note: This linter can be disabled with `set_option linter.style.nativeDecide false`
warning: denote/yoco_goals/Pattern_4.lean:569:10: Using `native_decide` is not allowed in mathlib: because it trusts the entire Lean compiler (not just the Lean kernel), it could quite possibly be used to prove false.

Note: This linter can be disabled with `set_option linter.style.nativeDecide false`
warning: denote/yoco_goals/Pattern_4.lean:574:75: Using `native_decide` is not allowed in mathlib: because it trusts the entire Lean compiler (not just the Lean kernel), it could quite possibly be used to prove false.

Note: This linter can be disabled with `set_option linter.style.nativeDecide false`
warning: denote/yoco_goals/Pattern_4.lean:575:10: Using `native_decide` is not allowed in mathlib: because it trusts the entire Lean compiler (not just the Lean kernel), it could quite possibly be used to prove false.

Note: This linter can be disabled with `set_option linter.style.nativeDecide false`
warning: denote/yoco_goals/Pattern_4.lean:580:75: Using `native_decide` is not allowed in mathlib: because it trusts the entire Lean compiler (not just the Lean kernel), it could quite possibly be used to prove false.

Note: This linter can be disabled with `set_option linter.style.nativeDecide false`
warning: denote/yoco_goals/Pattern_4.lean:581:10: Using `native_decide` is not allowed in mathlib: because it trusts the entire Lean compiler (not just the Lean kernel), it could quite possibly be used to prove false.

Note: This linter can be disabled with `set_option linter.style.nativeDecide false`
warning: denote/yoco_goals/Pattern_4.lean:586:75: Using `native_decide` is not allowed in mathlib: because it trusts the entire Lean compiler (not just the Lean kernel), it could quite possibly be used to prove false.

Note: This linter can be disabled with `set_option linter.style.nativeDecide false`
warning: denote/yoco_goals/Pattern_4.lean:587:10: Using `native_decide` is not allowed in mathlib: because it trusts the entire Lean compiler (not just the Lean kernel), it could quite possibly be used to prove false.

Note: This linter can be disabled with `set_option linter.style.nativeDecide false`
warning: denote/yoco_goals/Pattern_4.lean:592:75: Using `native_decide` is not allowed in mathlib: because it trusts the entire Lean compiler (not just the Lean kernel), it could quite possibly be used to prove false.

Note: This linter can be disabled with `set_option linter.style.nativeDecide false`
warning: denote/yoco_goals/Pattern_4.lean:593:10: Using `native_decide` is not allowed in mathlib: because it trusts the entire Lean compiler (not just the Lean kernel), it could quite possibly be used to prove false.

Note: This linter can be disabled with `set_option linter.style.nativeDecide false`
warning: denote/yoco_goals/Pattern_4.lean:598:75: Using `native_decide` is not allowed in mathlib: because it trusts the entire Lean compiler (not just the Lean kernel), it could quite possibly be used to prove false.

Note: This linter can be disabled with `set_option linter.style.nativeDecide false`
warning: denote/yoco_goals/Pattern_4.lean:599:10: Using `native_decide` is not allowed in mathlib: because it trusts the entire Lean compiler (not just the Lean kernel), it could quite possibly be used to prove false.

Note: This linter can be disabled with `set_option linter.style.nativeDecide false`
warning: denote/yoco_goals/Pattern_4.lean:604:75: Using `native_decide` is not allowed in mathlib: because it trusts the entire Lean compiler (not just the Lean kernel), it could quite possibly be used to prove false.

Note: This linter can be disabled with `set_option linter.style.nativeDecide false`
warning: denote/yoco_goals/Pattern_4.lean:605:10: Using `native_decide` is not allowed in mathlib: because it trusts the entire Lean compiler (not just the Lean kernel), it could quite possibly be used to prove false.

Note: This linter can be disabled with `set_option linter.style.nativeDecide false`
warning: denote/yoco_goals/Pattern_4.lean:610:75: Using `native_decide` is not allowed in mathlib: because it trusts the entire Lean compiler (not just the Lean kernel), it could quite possibly be used to prove false.

Note: This linter can be disabled with `set_option linter.style.nativeDecide false`
warning: denote/yoco_goals/Pattern_4.lean:611:10: Using `native_decide` is not allowed in mathlib: because it trusts the entire Lean compiler (not just the Lean kernel), it could quite possibly be used to prove false.

Note: This linter can be disabled with `set_option linter.style.nativeDecide false`
warning: denote/yoco_goals/Pattern_4.lean:616:75: Using `native_decide` is not allowed in mathlib: because it trusts the entire Lean compiler (not just the Lean kernel), it could quite possibly be used to prove false.

Note: This linter can be disabled with `set_option linter.style.nativeDecide false`
warning: denote/yoco_goals/Pattern_4.lean:617:10: Using `native_decide` is not allowed in mathlib: because it trusts the entire Lean compiler (not just the Lean kernel), it could quite possibly be used to prove false.

Note: This linter can be disabled with `set_option linter.style.nativeDecide false`
warning: denote/yoco_goals/Pattern_4.lean:622:75: Using `native_decide` is not allowed in mathlib: because it trusts the entire Lean compiler (not just the Lean kernel), it could quite possibly be used to prove false.

Note: This linter can be disabled with `set_option linter.style.nativeDecide false`
warning: denote/yoco_goals/Pattern_4.lean:623:10: Using `native_decide` is not allowed in mathlib: because it trusts the entire Lean compiler (not just the Lean kernel), it could quite possibly be used to prove false.

Note: This linter can be disabled with `set_option linter.style.nativeDecide false`
warning: denote/yoco_goals/Pattern_4.lean:628:75: Using `native_decide` is not allowed in mathlib: because it trusts the entire Lean compiler (not just the Lean kernel), it could quite possibly be used to prove false.

Note: This linter can be disabled with `set_option linter.style.nativeDecide false`
warning: denote/yoco_goals/Pattern_4.lean:629:10: Using `native_decide` is not allowed in mathlib: because it trusts the entire Lean compiler (not just the Lean kernel), it could quite possibly be used to prove false.

Note: This linter can be disabled with `set_option linter.style.nativeDecide false`
warning: denote/yoco_goals/Pattern_4.lean:634:75: Using `native_decide` is not allowed in mathlib: because it trusts the entire Lean compiler (not just the Lean kernel), it could quite possibly be used to prove false.

Note: This linter can be disabled with `set_option linter.style.nativeDecide false`
warning: denote/yoco_goals/Pattern_4.lean:635:10: Using `native_decide` is not allowed in mathlib: because it trusts the entire Lean compiler (not just the Lean kernel), it could quite possibly be used to prove false.

Note: This linter can be disabled with `set_option linter.style.nativeDecide false`
warning: denote/yoco_goals/Pattern_4.lean:640:75: Using `native_decide` is not allowed in mathlib: because it trusts the entire Lean compiler (not just the Lean kernel), it could quite possibly be used to prove false.

Note: This linter can be disabled with `set_option linter.style.nativeDecide false`
warning: denote/yoco_goals/Pattern_4.lean:641:10: Using `native_decide` is not allowed in mathlib: because it trusts the entire Lean compiler (not just the Lean kernel), it could quite possibly be used to prove false.

Note: This linter can be disabled with `set_option linter.style.nativeDecide false`
warning: denote/yoco_goals/Pattern_4.lean:646:75: Using `native_decide` is not allowed in mathlib: because it trusts the entire Lean compiler (not just the Lean kernel), it could quite possibly be used to prove false.

Note: This linter can be disabled with `set_option linter.style.nativeDecide false`
warning: denote/yoco_goals/Pattern_4.lean:647:10: Using `native_decide` is not allowed in mathlib: because it trusts the entire Lean compiler (not just the Lean kernel), it could quite possibly be used to prove false.

Note: This linter can be disabled with `set_option linter.style.nativeDecide false`
warning: denote/yoco_goals/Pattern_4.lean:652:75: Using `native_decide` is not allowed in mathlib: because it trusts the entire Lean compiler (not just the Lean kernel), it could quite possibly be used to prove false.

Note: This linter can be disabled with `set_option linter.style.nativeDecide false`
warning: denote/yoco_goals/Pattern_4.lean:653:10: Using `native_decide` is not allowed in mathlib: because it trusts the entire Lean compiler (not just the Lean kernel), it could quite possibly be used to prove false.

Note: This linter can be disabled with `set_option linter.style.nativeDecide false`
warning: denote/yoco_goals/Pattern_4.lean:658:75: Using `native_decide` is not allowed in mathlib: because it trusts the entire Lean compiler (not just the Lean kernel), it could quite possibly be used to prove false.

Note: This linter can be disabled with `set_option linter.style.nativeDecide false`
warning: denote/yoco_goals/Pattern_4.lean:659:10: Using `native_decide` is not allowed in mathlib: because it trusts the entire Lean compiler (not just the Lean kernel), it could quite possibly be used to prove false.

Note: This linter can be disabled with `set_option linter.style.nativeDecide false`
warning: denote/yoco_goals/Pattern_4.lean:664:75: Using `native_decide` is not allowed in mathlib: because it trusts the entire Lean compiler (not just the Lean kernel), it could quite possibly be used to prove false.

Note: This linter can be disabled with `set_option linter.style.nativeDecide false`
warning: denote/yoco_goals/Pattern_4.lean:665:10: Using `native_decide` is not allowed in mathlib: because it trusts the entire Lean compiler (not just the Lean kernel), it could quite possibly be used to prove false.

Note: This linter can be disabled with `set_option linter.style.nativeDecide false`
warning: denote/yoco_goals/Pattern_4.lean:670:75: Using `native_decide` is not allowed in mathlib: because it trusts the entire Lean compiler (not just the Lean kernel), it could quite possibly be used to prove false.

Note: This linter can be disabled with `set_option linter.style.nativeDecide false`
warning: denote/yoco_goals/Pattern_4.lean:671:10: Using `native_decide` is not allowed in mathlib: because it trusts the entire Lean compiler (not just the Lean kernel), it could quite possibly be used to prove false.

Note: This linter can be disabled with `set_option linter.style.nativeDecide false`
warning: denote/yoco_goals/Pattern_4.lean:676:75: Using `native_decide` is not allowed in mathlib: because it trusts the entire Lean compiler (not just the Lean kernel), it could quite possibly be used to prove false.

Note: This linter can be disabled with `set_option linter.style.nativeDecide false`
warning: denote/yoco_goals/Pattern_4.lean:677:10: Using `native_decide` is not allowed in mathlib: because it trusts the entire Lean compiler (not just the Lean kernel), it could quite possibly be used to prove false.

Note: This linter can be disabled with `set_option linter.style.nativeDecide false`
warning: denote/yoco_goals/Pattern_4.lean:682:75: Using `native_decide` is not allowed in mathlib: because it trusts the entire Lean compiler (not just the Lean kernel), it could quite possibly be used to prove false.

Note: This linter can be disabled with `set_option linter.style.nativeDecide false`
warning: denote/yoco_goals/Pattern_4.lean:683:10: Using `native_decide` is not allowed in mathlib: because it trusts the entire Lean compiler (not just the Lean kernel), it could quite possibly be used to prove false.

Note: This linter can be disabled with `set_option linter.style.nativeDecide false`
warning: denote/yoco_goals/Pattern_4.lean:688:75: Using `native_decide` is not allowed in mathlib: because it trusts the entire Lean compiler (not just the Lean kernel), it could quite possibly be used to prove false.

Note: This linter can be disabled with `set_option linter.style.nativeDecide false`
warning: denote/yoco_goals/Pattern_4.lean:689:10: Using `native_decide` is not allowed in mathlib: because it trusts the entire Lean compiler (not just the Lean kernel), it could quite possibly be used to prove false.

Note: This linter can be disabled with `set_option linter.style.nativeDecide false`
warning: denote/yoco_goals/Pattern_4.lean:694:75: Using `native_decide` is not allowed in mathlib: because it trusts the entire Lean compiler (not just the Lean kernel), it could quite possibly be used to prove false.

Note: This linter can be disabled with `set_option linter.style.nativeDecide false`
warning: denote/yoco_goals/Pattern_4.lean:695:10: Using `native_decide` is not allowed in mathlib: because it trusts the entire Lean compiler (not just the Lean kernel), it could quite possibly be used to prove false.

Note: This linter can be disabled with `set_option linter.style.nativeDecide false`
warning: denote/yoco_goals/Pattern_4.lean:700:76: Using `native_decide` is not allowed in mathlib: because it trusts the entire Lean compiler (not just the Lean kernel), it could quite possibly be used to prove false.

Note: This linter can be disabled with `set_option linter.style.nativeDecide false`
warning: denote/yoco_goals/Pattern_4.lean:701:10: Using `native_decide` is not allowed in mathlib: because it trusts the entire Lean compiler (not just the Lean kernel), it could quite possibly be used to prove false.

Note: This linter can be disabled with `set_option linter.style.nativeDecide false`
warning: denote/yoco_goals/Pattern_4.lean:706:76: Using `native_decide` is not allowed in mathlib: because it trusts the entire Lean compiler (not just the Lean kernel), it could quite possibly be used to prove false.

Note: This linter can be disabled with `set_option linter.style.nativeDecide false`
warning: denote/yoco_goals/Pattern_4.lean:707:10: Using `native_decide` is not allowed in mathlib: because it trusts the entire Lean compiler (not just the Lean kernel), it could quite possibly be used to prove false.

Note: This linter can be disabled with `set_option linter.style.nativeDecide false`
warning: denote/yoco_goals/Pattern_4.lean:712:76: Using `native_decide` is not allowed in mathlib: because it trusts the entire Lean compiler (not just the Lean kernel), it could quite possibly be used to prove false.

Note: This linter can be disabled with `set_option linter.style.nativeDecide false`
warning: denote/yoco_goals/Pattern_4.lean:713:10: Using `native_decide` is not allowed in mathlib: because it trusts the entire Lean compiler (not just the Lean kernel), it could quite possibly be used to prove false.

Note: This linter can be disabled with `set_option linter.style.nativeDecide false`
warning: denote/yoco_goals/Pattern_4.lean:718:76: Using `native_decide` is not allowed in mathlib: because it trusts the entire Lean compiler (not just the Lean kernel), it could quite possibly be used to prove false.

Note: This linter can be disabled with `set_option linter.style.nativeDecide false`
warning: denote/yoco_goals/Pattern_4.lean:719:10: Using `native_decide` is not allowed in mathlib: because it trusts the entire Lean compiler (not just the Lean kernel), it could quite possibly be used to prove false.

Note: This linter can be disabled with `set_option linter.style.nativeDecide false`
warning: denote/yoco_goals/Pattern_4.lean:724:76: Using `native_decide` is not allowed in mathlib: because it trusts the entire Lean compiler (not just the Lean kernel), it could quite possibly be used to prove false.

Note: This linter can be disabled with `set_option linter.style.nativeDecide false`
warning: denote/yoco_goals/Pattern_4.lean:725:10: Using `native_decide` is not allowed in mathlib: because it trusts the entire Lean compiler (not just the Lean kernel), it could quite possibly be used to prove false.

Note: This linter can be disabled with `set_option linter.style.nativeDecide false`
warning: denote/yoco_goals/Pattern_4.lean:730:76: Using `native_decide` is not allowed in mathlib: because it trusts the entire Lean compiler (not just the Lean kernel), it could quite possibly be used to prove false.

Note: This linter can be disabled with `set_option linter.style.nativeDecide false`
warning: denote/yoco_goals/Pattern_4.lean:731:10: Using `native_decide` is not allowed in mathlib: because it trusts the entire Lean compiler (not just the Lean kernel), it could quite possibly be used to prove false.

Note: This linter can be disabled with `set_option linter.style.nativeDecide false`
warning: denote/yoco_goals/Pattern_4.lean:736:76: Using `native_decide` is not allowed in mathlib: because it trusts the entire Lean compiler (not just the Lean kernel), it could quite possibly be used to prove false.

Note: This linter can be disabled with `set_option linter.style.nativeDecide false`
warning: denote/yoco_goals/Pattern_4.lean:737:10: Using `native_decide` is not allowed in mathlib: because it trusts the entire Lean compiler (not just the Lean kernel), it could quite possibly be used to prove false.

Note: This linter can be disabled with `set_option linter.style.nativeDecide false`
warning: denote/yoco_goals/Pattern_4.lean:742:76: Using `native_decide` is not allowed in mathlib: because it trusts the entire Lean compiler (not just the Lean kernel), it could quite possibly be used to prove false.

Note: This linter can be disabled with `set_option linter.style.nativeDecide false`
warning: denote/yoco_goals/Pattern_4.lean:743:10: Using `native_decide` is not allowed in mathlib: because it trusts the entire Lean compiler (not just the Lean kernel), it could quite possibly be used to prove false.

Note: This linter can be disabled with `set_option linter.style.nativeDecide false`
warning: denote/yoco_goals/Pattern_4.lean:748:76: Using `native_decide` is not allowed in mathlib: because it trusts the entire Lean compiler (not just the Lean kernel), it could quite possibly be used to prove false.

Note: This linter can be disabled with `set_option linter.style.nativeDecide false`
warning: denote/yoco_goals/Pattern_4.lean:749:10: Using `native_decide` is not allowed in mathlib: because it trusts the entire Lean compiler (not just the Lean kernel), it could quite possibly be used to prove false.

Note: This linter can be disabled with `set_option linter.style.nativeDecide false`
warning: denote/yoco_goals/Pattern_4.lean:754:76: Using `native_decide` is not allowed in mathlib: because it trusts the entire Lean compiler (not just the Lean kernel), it could quite possibly be used to prove false.

Note: This linter can be disabled with `set_option linter.style.nativeDecide false`
warning: denote/yoco_goals/Pattern_4.lean:755:10: Using `native_decide` is not allowed in mathlib: because it trusts the entire Lean compiler (not just the Lean kernel), it could quite possibly be used to prove false.

Note: This linter can be disabled with `set_option linter.style.nativeDecide false`
warning: denote/yoco_goals/Pattern_4.lean:760:76: Using `native_decide` is not allowed in mathlib: because it trusts the entire Lean compiler (not just the Lean kernel), it could quite possibly be used to prove false.

Note: This linter can be disabled with `set_option linter.style.nativeDecide false`
warning: denote/yoco_goals/Pattern_4.lean:761:10: Using `native_decide` is not allowed in mathlib: because it trusts the entire Lean compiler (not just the Lean kernel), it could quite possibly be used to prove false.

Note: This linter can be disabled with `set_option linter.style.nativeDecide false`
warning: denote/yoco_goals/Pattern_4.lean:766:76: Using `native_decide` is not allowed in mathlib: because it trusts the entire Lean compiler (not just the Lean kernel), it could quite possibly be used to prove false.

Note: This linter can be disabled with `set_option linter.style.nativeDecide false`
warning: denote/yoco_goals/Pattern_4.lean:767:10: Using `native_decide` is not allowed in mathlib: because it trusts the entire Lean compiler (not just the Lean kernel), it could quite possibly be used to prove false.

Note: This linter can be disabled with `set_option linter.style.nativeDecide false`
warning: denote/yoco_goals/Pattern_4.lean:772:76: Using `native_decide` is not allowed in mathlib: because it trusts the entire Lean compiler (not just the Lean kernel), it could quite possibly be used to prove false.

Note: This linter can be disabled with `set_option linter.style.nativeDecide false`
warning: denote/yoco_goals/Pattern_4.lean:773:10: Using `native_decide` is not allowed in mathlib: because it trusts the entire Lean compiler (not just the Lean kernel), it could quite possibly be used to prove false.

Note: This linter can be disabled with `set_option linter.style.nativeDecide false`
warning: denote/yoco_goals/Pattern_4.lean:778:76: Using `native_decide` is not allowed in mathlib: because it trusts the entire Lean compiler (not just the Lean kernel), it could quite possibly be used to prove false.

Note: This linter can be disabled with `set_option linter.style.nativeDecide false`
warning: denote/yoco_goals/Pattern_4.lean:779:10: Using `native_decide` is not allowed in mathlib: because it trusts the entire Lean compiler (not just the Lean kernel), it could quite possibly be used to prove false.

Note: This linter can be disabled with `set_option linter.style.nativeDecide false`
warning: denote/yoco_goals/Pattern_4.lean:784:76: Using `native_decide` is not allowed in mathlib: because it trusts the entire Lean compiler (not just the Lean kernel), it could quite possibly be used to prove false.

Note: This linter can be disabled with `set_option linter.style.nativeDecide false`
warning: denote/yoco_goals/Pattern_4.lean:785:10: Using `native_decide` is not allowed in mathlib: because it trusts the entire Lean compiler (not just the Lean kernel), it could quite possibly be used to prove false.

Note: This linter can be disabled with `set_option linter.style.nativeDecide false`
warning: denote/yoco_goals/Pattern_4.lean:790:76: Using `native_decide` is not allowed in mathlib: because it trusts the entire Lean compiler (not just the Lean kernel), it could quite possibly be used to prove false.

Note: This linter can be disabled with `set_option linter.style.nativeDecide false`
warning: denote/yoco_goals/Pattern_4.lean:791:10: Using `native_decide` is not allowed in mathlib: because it trusts the entire Lean compiler (not just the Lean kernel), it could quite possibly be used to prove false.

Note: This linter can be disabled with `set_option linter.style.nativeDecide false`
warning: denote/yoco_goals/Pattern_4.lean:796:76: Using `native_decide` is not allowed in mathlib: because it trusts the entire Lean compiler (not just the Lean kernel), it could quite possibly be used to prove false.

Note: This linter can be disabled with `set_option linter.style.nativeDecide false`
warning: denote/yoco_goals/Pattern_4.lean:797:10: Using `native_decide` is not allowed in mathlib: because it trusts the entire Lean compiler (not just the Lean kernel), it could quite possibly be used to prove false.

Note: This linter can be disabled with `set_option linter.style.nativeDecide false`
warning: denote/yoco_goals/Pattern_4.lean:802:76: Using `native_decide` is not allowed in mathlib: because it trusts the entire Lean compiler (not just the Lean kernel), it could quite possibly be used to prove false.

Note: This linter can be disabled with `set_option linter.style.nativeDecide false`
warning: denote/yoco_goals/Pattern_4.lean:803:10: Using `native_decide` is not allowed in mathlib: because it trusts the entire Lean compiler (not just the Lean kernel), it could quite possibly be used to prove false.

Note: This linter can be disabled with `set_option linter.style.nativeDecide false`
warning: denote/yoco_goals/Pattern_4.lean:808:76: Using `native_decide` is not allowed in mathlib: because it trusts the entire Lean compiler (not just the Lean kernel), it could quite possibly be used to prove false.

Note: This linter can be disabled with `set_option linter.style.nativeDecide false`
warning: denote/yoco_goals/Pattern_4.lean:809:10: Using `native_decide` is not allowed in mathlib: because it trusts the entire Lean compiler (not just the Lean kernel), it could quite possibly be used to prove false.

Note: This linter can be disabled with `set_option linter.style.nativeDecide false`
warning: denote/yoco_goals/Pattern_4.lean:814:76: Using `native_decide` is not allowed in mathlib: because it trusts the entire Lean compiler (not just the Lean kernel), it could quite possibly be used to prove false.

Note: This linter can be disabled with `set_option linter.style.nativeDecide false`
warning: denote/yoco_goals/Pattern_4.lean:815:10: Using `native_decide` is not allowed in mathlib: because it trusts the entire Lean compiler (not just the Lean kernel), it could quite possibly be used to prove false.

Note: This linter can be disabled with `set_option linter.style.nativeDecide false`
warning: denote/yoco_goals/Pattern_4.lean:489:4: The `show` tactic should only be used to indicate intermediate goal states for readability.
However, this tactic invocation changed the goal. Please use `change` instead for these purposes.

Note: This linter can be disabled with `set_option linter.style.show false`
warning: denote/yoco_goals/Pattern_4.lean:492:4: The `show` tactic should only be used to indicate intermediate goal states for readability.
However, this tactic invocation changed the goal. Please use `change` instead for these purposes.

Note: This linter can be disabled with `set_option linter.style.show false`
warning: denote/yoco_goals/Pattern_4.lean:495:4: The `show` tactic should only be used to indicate intermediate goal states for readability.
However, this tactic invocation changed the goal. Please use `change` instead for these purposes.

Note: This linter can be disabled with `set_option linter.style.show false`
warning: denote/yoco_goals/Pattern_4.lean:818:4: The `show` tactic should only be used to indicate intermediate goal states for readability.
However, this tactic invocation changed the goal. Please use `change` instead for these purposes.

Note: This linter can be disabled with `set_option linter.style.show false`
warning: denote/yoco_goals/Pattern_4.lean:821:4: The `show` tactic should only be used to indicate intermediate goal states for readability.
However, this tactic invocation changed the goal. Please use `change` instead for these purposes.

Note: This linter can be disabled with `set_option linter.style.show false`
warning: denote/yoco_goals/Pattern_4.lean:824:4: The `show` tactic should only be used to indicate intermediate goal states for readability.
However, this tactic invocation changed the goal. Please use `change` instead for these purposes.

Note: This linter can be disabled with `set_option linter.style.show false`
warning: denote/yoco_goals/Pattern_4.lean:827:4: The `show` tactic should only be used to indicate intermediate goal states for readability.
However, this tactic invocation changed the goal. Please use `change` instead for these purposes.

Note: This linter can be disabled with `set_option linter.style.show false`
warning: denote/yoco_goals/Pattern_4.lean:830:4: The `show` tactic should only be used to indicate intermediate goal states for readability.
However, this tactic invocation changed the goal. Please use `change` instead for these purposes.

Note: This linter can be disabled with `set_option linter.style.show false`
warning: denote/yoco_goals/Pattern_4.lean:833:4: The `show` tactic should only be used to indicate intermediate goal states for readability.
However, this tactic invocation changed the goal. Please use `change` instead for these purposes.

Note: This linter can be disabled with `set_option linter.style.show false`
warning: denote/yoco_goals/Pattern_4.lean:836:4: The `show` tactic should only be used to indicate intermediate goal states for readability.
However, this tactic invocation changed the goal. Please use `change` instead for these purposes.

Note: This linter can be disabled with `set_option linter.style.show false`
warning: denote/yoco_goals/Pattern_4.lean:839:4: The `show` tactic should only be used to indicate intermediate goal states for readability.
However, this tactic invocation changed the goal. Please use `change` instead for these purposes.

Note: This linter can be disabled with `set_option linter.style.show false`
warning: denote/yoco_goals/Pattern_4.lean:842:4: The `show` tactic should only be used to indicate intermediate goal states for readability.
However, this tactic invocation changed the goal. Please use `change` instead for these purposes.

Note: This linter can be disabled with `set_option linter.style.show false`
warning: denote/yoco_goals/Pattern_4.lean:845:4: The `show` tactic should only be used to indicate intermediate goal states for readability.
However, this tactic invocation changed the goal. Please use `change` instead for these purposes.

Note: This linter can be disabled with `set_option linter.style.show false`
warning: denote/yoco_goals/Pattern_4.lean:848:4: The `show` tactic should only be used to indicate intermediate goal states for readability.
However, this tactic invocation changed the goal. Please use `change` instead for these purposes.

Note: This linter can be disabled with `set_option linter.style.show false`
warning: denote/yoco_goals/Pattern_4.lean:851:4: The `show` tactic should only be used to indicate intermediate goal states for readability.
However, this tactic invocation changed the goal. Please use `change` instead for these purposes.

Note: This linter can be disabled with `set_option linter.style.show false`
warning: denote/yoco_goals/Pattern_4.lean:854:4: The `show` tactic should only be used to indicate intermediate goal states for readability.
However, this tactic invocation changed the goal. Please use `change` instead for these purposes.

Note: This linter can be disabled with `set_option linter.style.show false`
warning: denote/yoco_goals/Pattern_4.lean:857:4: The `show` tactic should only be used to indicate intermediate goal states for readability.
However, this tactic invocation changed the goal. Please use `change` instead for these purposes.

Note: This linter can be disabled with `set_option linter.style.show false`
warning: denote/yoco_goals/Pattern_4.lean:860:4: The `show` tactic should only be used to indicate intermediate goal states for readability.
However, this tactic invocation changed the goal. Please use `change` instead for these purposes.

Note: This linter can be disabled with `set_option linter.style.show false`
warning: denote/yoco_goals/Pattern_4.lean:863:4: The `show` tactic should only be used to indicate intermediate goal states for readability.
However, this tactic invocation changed the goal. Please use `change` instead for these purposes.

Note: This linter can be disabled with `set_option linter.style.show false`
warning: denote/yoco_goals/Pattern_4.lean:866:4: The `show` tactic should only be used to indicate intermediate goal states for readability.
However, this tactic invocation changed the goal. Please use `change` instead for these purposes.

Note: This linter can be disabled with `set_option linter.style.show false`
warning: denote/yoco_goals/Pattern_4.lean:869:4: The `show` tactic should only be used to indicate intermediate goal states for readability.
However, this tactic invocation changed the goal. Please use `change` instead for these purposes.

Note: This linter can be disabled with `set_option linter.style.show false`
warning: denote/yoco_goals/Pattern_4.lean:872:4: The `show` tactic should only be used to indicate intermediate goal states for readability.
However, this tactic invocation changed the goal. Please use `change` instead for these purposes.

Note: This linter can be disabled with `set_option linter.style.show false`
warning: denote/yoco_goals/Pattern_4.lean:875:4: The `show` tactic should only be used to indicate intermediate goal states for readability.
However, this tactic invocation changed the goal. Please use `change` instead for these purposes.

Note: This linter can be disabled with `set_option linter.style.show false`
warning: denote/yoco_goals/Pattern_4.lean:878:4: The `show` tactic should only be used to indicate intermediate goal states for readability.
However, this tactic invocation changed the goal. Please use `change` instead for these purposes.

Note: This linter can be disabled with `set_option linter.style.show false`
warning: denote/yoco_goals/Pattern_4.lean:881:4: The `show` tactic should only be used to indicate intermediate goal states for readability.
However, this tactic invocation changed the goal. Please use `change` instead for these purposes.

Note: This linter can be disabled with `set_option linter.style.show false`
warning: denote/yoco_goals/Pattern_4.lean:884:4: The `show` tactic should only be used to indicate intermediate goal states for readability.
However, this tactic invocation changed the goal. Please use `change` instead for these purposes.

Note: This linter can be disabled with `set_option linter.style.show false`
warning: denote/yoco_goals/Pattern_4.lean:887:4: The `show` tactic should only be used to indicate intermediate goal states for readability.
However, this tactic invocation changed the goal. Please use `change` instead for these purposes.

Note: This linter can be disabled with `set_option linter.style.show false`
warning: denote/yoco_goals/Pattern_4.lean:1212:15: This simp argument is unused:
  if_false

Hint: Omit it from the simp argument list.
  simp only [show (2048 : Nat) = 0 ↔ False by decide, show (64 : Nat) = 0 ↔ False by decide,
        show (2048 * 2 * 64 : Nat) = 0 ↔ False by decide, i̵f̵_̵f̵a̵l̵s̵e̵,̵ ̵iff_false, ↓reduceIte]

Note: This linter can be disabled with `set_option linter.unusedSimpArgs false`
warning: denote/yoco_goals/Pattern_4.lean:1212:25: This simp argument is unused:
  iff_false

Hint: Omit it from the simp argument list.
  simp only [show (2048 : Nat) = 0 ↔ False by decide, show (64 : Nat) = 0 ↔ False by decide,
        show (2048 * 2 * 64 : Nat) = 0 ↔ False by decide, if_false, i̵f̵f̵_̵f̵a̵l̵s̵e̵,̵ ̵↓reduceIte]

Note: This linter can be disabled with `set_option linter.unusedSimpArgs false`
warning: denote/yoco_goals/Pattern_4.lean:1257:68: This simp argument is unused:
  if_false

Hint: Omit it from the simp argument list.
  simp only [hshard, show (131072 : Nat) = 0 ↔ False by decide, i̵f̵_̵f̵a̵l̵s̵e̵,̵ ̵↓reduceIte, iff_false]

Note: This linter can be disabled with `set_option linter.unusedSimpArgs false`
warning: denote/yoco_goals/Pattern_4.lean:1257:90: This simp argument is unused:
  iff_false

Hint: Omit it from the simp argument list.
  simp only [hshard, show (131072 : Nat) = 0 ↔ False by decide, if_false, ↓reduceIte,̵ ̵i̵f̵f̵_̵f̵a̵l̵s̵e̵]

Note: This linter can be disabled with `set_option linter.unusedSimpArgs false`
warning: denote/yoco_goals/Pattern_4.lean:1048:4: The `show` tactic should only be used to indicate intermediate goal states for readability.
However, this tactic invocation changed the goal. Please use `change` instead for these purposes.

Note: This linter can be disabled with `set_option linter.style.show false`
warning: denote/yoco_goals/Pattern_4.lean:1214:4: The `show` tactic should only be used to indicate intermediate goal states for readability.
However, this tactic invocation changed the goal. Please use `change` instead for these purposes.

Note: This linter can be disabled with `set_option linter.style.show false`
warning: denote/yoco_goals/Pattern_4.lean:1268:6: The `show` tactic should only be used to indicate intermediate goal states for readability.
However, this tactic invocation changed the goal. Please use `change` instead for these purposes.

Note: This linter can be disabled with `set_option linter.style.show false`
warning: denote/yoco_goals/Pattern_4.lean:1273:6: The `show` tactic should only be used to indicate intermediate goal states for readability.
However, this tactic invocation changed the goal. Please use `change` instead for these purposes.

Note: This linter can be disabled with `set_option linter.style.show false`
warning: denote/yoco_goals/Pattern_4.lean:1340:27: This simp argument is unused:
  iff_false

Hint: Omit it from the simp argument list.
  simp only [show (2 : Nat) = 0 ↔ False by decide, show (64 : Nat) = 0 ↔ False by decide,
        show (2048 * 64 : Nat) = 0 ↔ False by decide, ↓̵r̵e̵d̵u̵c̵e̵I̵t̵e̵,̵ ̵i̵f̵f̵_̵f̵a̵l̵s̵e̵]̵↓̲r̲e̲d̲u̲c̲e̲I̲t̲e̲]̲

Note: This linter can be disabled with `set_option linter.unusedSimpArgs false`
warning: denote/yoco_goals/Pattern_4.lean:1361:15: This simp argument is unused:
  show (131072 : Nat) = 0 ↔ False by decide

Hint: Omit it from the simp argument list.
  simp only [̵s̵h̵o̵w̵ ̵(̵1̵3̵1̵0̵7̵2̵ ̵:̵ ̵N̵a̵t̵)̵ ̵=̵ ̵0̵ ̵↔̵ ̵F̵a̵l̵s̵e̵ ̵b̵y̵ ̵d̵e̵c̵i̵d̵e̵,̵ ̵↓̵r̵e̵d̵u̵c̵e̵I̵t̵e̵,̵[̲↓̲r̲e̲d̲u̲c̲e̲I̲t̲e̲,̲ iff_false, hDivBig, hModBig, hjc_div, hjc_mod]

Note: This linter can be disabled with `set_option linter.unusedSimpArgs false`
warning: denote/yoco_goals/Pattern_4.lean:1361:58: This simp argument is unused:
  ↓reduceIte

Hint: Omit it from the simp argument list.
  simp only [show (131072 : Nat) = 0 ↔ False by decide, ↓̵r̵e̵d̵u̵c̵e̵I̵t̵e̵,̵ ̵iff_false, hDivBig, hModBig, hjc_div,
  ̲  ̲ ̲ ̲ ̲ ̲hjc_mod]

Note: This linter can be disabled with `set_option linter.unusedSimpArgs false`
warning: denote/yoco_goals/Pattern_4.lean:1361:70: This simp argument is unused:
  iff_false

Hint: Omit it from the simp argument list.
  simp only [show (131072 : Nat) = 0 ↔ False by decide, ↓reduceIte, i̵f̵f̵_̵f̵a̵l̵s̵e̵,̵hDivBig, hModBig, hjc_div,
  ̲  ̲ ̲ ̲ ̲ ̲hjc_mod]

Note: This linter can be disabled with `set_option linter.unusedSimpArgs false`
warning: denote/yoco_goals/Pattern_4.lean:1561:85: This simp argument is unused:
  iff_false

Hint: Omit it from the simp argument list.
  simp only [List.head?, Option.map_some, Option.getD_some, hp0_shape,
             ̵ ̵ ̵ ̵ ̵ ̵ ̵ ̵ ̵show ([2048, 64] : List Nat) = [1] ↔ False by decide, ↓reduceIte,̵ ̵i̵f̵f̵_̵f̵a̵l̵s̵e̵]

Note: This linter can be disabled with `set_option linter.unusedSimpArgs false`
warning: denote/yoco_goals/Pattern_4.lean:1810:32: This simp argument is unused:
  List.mem_singleton

Hint: Omit it from the simp argument list.
  simp only [List.mem_cons, L̵i̵s̵t̵.̵m̵e̵m̵_̵s̵i̵n̵g̵l̵e̵t̵o̵n̵,̵ ̵List.not_mem_nil, or_false] at ha

Note: This linter can be disabled with `set_option linter.unusedSimpArgs false`
warning: denote/yoco_goals/Pattern_4.lean:1840:32: This simp argument is unused:
  List.mem_singleton

Hint: Omit it from the simp argument list.
  simp only [List.mem_cons, L̵i̵s̵t̵.̵m̵e̵m̵_̵s̵i̵n̵g̵l̵e̵t̵o̵n̵,̵ ̵List.not_mem_nil, or_false] at hb

Note: This linter can be disabled with `set_option linter.unusedSimpArgs false`
warning: denote/yoco_goals/Pattern_4.lean:1369:78: Using `native_decide` is not allowed in mathlib: because it trusts the entire Lean compiler (not just the Lean kernel), it could quite possibly be used to prove false.

Note: This linter can be disabled with `set_option linter.style.nativeDecide false`
warning: denote/yoco_goals/Pattern_4.lean:1409:80: Using `native_decide` is not allowed in mathlib: because it trusts the entire Lean compiler (not just the Lean kernel), it could quite possibly be used to prove false.

Note: This linter can be disabled with `set_option linter.style.nativeDecide false`
warning: denote/yoco_goals/Pattern_4.lean:1514:80: Using `native_decide` is not allowed in mathlib: because it trusts the entire Lean compiler (not just the Lean kernel), it could quite possibly be used to prove false.

Note: This linter can be disabled with `set_option linter.style.nativeDecide false`
warning: denote/yoco_goals/Pattern_4.lean:1515:80: Using `native_decide` is not allowed in mathlib: because it trusts the entire Lean compiler (not just the Lean kernel), it could quite possibly be used to prove false.

Note: This linter can be disabled with `set_option linter.style.nativeDecide false`
warning: denote/yoco_goals/Pattern_4.lean:1535:58: Using `native_decide` is not allowed in mathlib: because it trusts the entire Lean compiler (not just the Lean kernel), it could quite possibly be used to prove false.

Note: This linter can be disabled with `set_option linter.style.nativeDecide false`
warning: denote/yoco_goals/Pattern_4.lean:1539:58: Using `native_decide` is not allowed in mathlib: because it trusts the entire Lean compiler (not just the Lean kernel), it could quite possibly be used to prove false.

Note: This linter can be disabled with `set_option linter.style.nativeDecide false`
warning: denote/yoco_goals/Pattern_4.lean:1565:80: Using `native_decide` is not allowed in mathlib: because it trusts the entire Lean compiler (not just the Lean kernel), it could quite possibly be used to prove false.

Note: This linter can be disabled with `set_option linter.style.nativeDecide false`
warning: denote/yoco_goals/Pattern_4.lean:1567:45: Using `native_decide` is not allowed in mathlib: because it trusts the entire Lean compiler (not just the Lean kernel), it could quite possibly be used to prove false.

Note: This linter can be disabled with `set_option linter.style.nativeDecide false`
warning: denote/yoco_goals/Pattern_4.lean:1569:80: Using `native_decide` is not allowed in mathlib: because it trusts the entire Lean compiler (not just the Lean kernel), it could quite possibly be used to prove false.

Note: This linter can be disabled with `set_option linter.style.nativeDecide false`
warning: denote/yoco_goals/Pattern_4.lean:1571:45: Using `native_decide` is not allowed in mathlib: because it trusts the entire Lean compiler (not just the Lean kernel), it could quite possibly be used to prove false.

Note: This linter can be disabled with `set_option linter.style.nativeDecide false`
warning: denote/yoco_goals/Pattern_4.lean:1573:80: Using `native_decide` is not allowed in mathlib: because it trusts the entire Lean compiler (not just the Lean kernel), it could quite possibly be used to prove false.

Note: This linter can be disabled with `set_option linter.style.nativeDecide false`
warning: denote/yoco_goals/Pattern_4.lean:1575:45: Using `native_decide` is not allowed in mathlib: because it trusts the entire Lean compiler (not just the Lean kernel), it could quite possibly be used to prove false.

Note: This linter can be disabled with `set_option linter.style.nativeDecide false`
warning: denote/yoco_goals/Pattern_4.lean:1577:80: Using `native_decide` is not allowed in mathlib: because it trusts the entire Lean compiler (not just the Lean kernel), it could quite possibly be used to prove false.

Note: This linter can be disabled with `set_option linter.style.nativeDecide false`
warning: denote/yoco_goals/Pattern_4.lean:1579:45: Using `native_decide` is not allowed in mathlib: because it trusts the entire Lean compiler (not just the Lean kernel), it could quite possibly be used to prove false.

Note: This linter can be disabled with `set_option linter.style.nativeDecide false`
warning: denote/yoco_goals/Pattern_4.lean:1581:80: Using `native_decide` is not allowed in mathlib: because it trusts the entire Lean compiler (not just the Lean kernel), it could quite possibly be used to prove false.

Note: This linter can be disabled with `set_option linter.style.nativeDecide false`
warning: denote/yoco_goals/Pattern_4.lean:1583:45: Using `native_decide` is not allowed in mathlib: because it trusts the entire Lean compiler (not just the Lean kernel), it could quite possibly be used to prove false.

Note: This linter can be disabled with `set_option linter.style.nativeDecide false`
warning: denote/yoco_goals/Pattern_4.lean:1585:80: Using `native_decide` is not allowed in mathlib: because it trusts the entire Lean compiler (not just the Lean kernel), it could quite possibly be used to prove false.

Note: This linter can be disabled with `set_option linter.style.nativeDecide false`
warning: denote/yoco_goals/Pattern_4.lean:1587:45: Using `native_decide` is not allowed in mathlib: because it trusts the entire Lean compiler (not just the Lean kernel), it could quite possibly be used to prove false.

Note: This linter can be disabled with `set_option linter.style.nativeDecide false`
warning: denote/yoco_goals/Pattern_4.lean:1589:80: Using `native_decide` is not allowed in mathlib: because it trusts the entire Lean compiler (not just the Lean kernel), it could quite possibly be used to prove false.

Note: This linter can be disabled with `set_option linter.style.nativeDecide false`
warning: denote/yoco_goals/Pattern_4.lean:1591:45: Using `native_decide` is not allowed in mathlib: because it trusts the entire Lean compiler (not just the Lean kernel), it could quite possibly be used to prove false.

Note: This linter can be disabled with `set_option linter.style.nativeDecide false`
warning: denote/yoco_goals/Pattern_4.lean:1593:80: Using `native_decide` is not allowed in mathlib: because it trusts the entire Lean compiler (not just the Lean kernel), it could quite possibly be used to prove false.

Note: This linter can be disabled with `set_option linter.style.nativeDecide false`
warning: denote/yoco_goals/Pattern_4.lean:1595:45: Using `native_decide` is not allowed in mathlib: because it trusts the entire Lean compiler (not just the Lean kernel), it could quite possibly be used to prove false.

Note: This linter can be disabled with `set_option linter.style.nativeDecide false`
warning: denote/yoco_goals/Pattern_4.lean:1597:80: Using `native_decide` is not allowed in mathlib: because it trusts the entire Lean compiler (not just the Lean kernel), it could quite possibly be used to prove false.

Note: This linter can be disabled with `set_option linter.style.nativeDecide false`
warning: denote/yoco_goals/Pattern_4.lean:1599:45: Using `native_decide` is not allowed in mathlib: because it trusts the entire Lean compiler (not just the Lean kernel), it could quite possibly be used to prove false.

Note: This linter can be disabled with `set_option linter.style.nativeDecide false`
warning: denote/yoco_goals/Pattern_4.lean:1601:80: Using `native_decide` is not allowed in mathlib: because it trusts the entire Lean compiler (not just the Lean kernel), it could quite possibly be used to prove false.

Note: This linter can be disabled with `set_option linter.style.nativeDecide false`
warning: denote/yoco_goals/Pattern_4.lean:1603:45: Using `native_decide` is not allowed in mathlib: because it trusts the entire Lean compiler (not just the Lean kernel), it could quite possibly be used to prove false.

Note: This linter can be disabled with `set_option linter.style.nativeDecide false`
warning: denote/yoco_goals/Pattern_4.lean:1605:80: Using `native_decide` is not allowed in mathlib: because it trusts the entire Lean compiler (not just the Lean kernel), it could quite possibly be used to prove false.

Note: This linter can be disabled with `set_option linter.style.nativeDecide false`
warning: denote/yoco_goals/Pattern_4.lean:1607:45: Using `native_decide` is not allowed in mathlib: because it trusts the entire Lean compiler (not just the Lean kernel), it could quite possibly be used to prove false.

Note: This linter can be disabled with `set_option linter.style.nativeDecide false`
warning: denote/yoco_goals/Pattern_4.lean:1609:80: Using `native_decide` is not allowed in mathlib: because it trusts the entire Lean compiler (not just the Lean kernel), it could quite possibly be used to prove false.

Note: This linter can be disabled with `set_option linter.style.nativeDecide false`
warning: denote/yoco_goals/Pattern_4.lean:1611:45: Using `native_decide` is not allowed in mathlib: because it trusts the entire Lean compiler (not just the Lean kernel), it could quite possibly be used to prove false.

Note: This linter can be disabled with `set_option linter.style.nativeDecide false`
warning: denote/yoco_goals/Pattern_4.lean:1613:83: Using `native_decide` is not allowed in mathlib: because it trusts the entire Lean compiler (not just the Lean kernel), it could quite possibly be used to prove false.

Note: This linter can be disabled with `set_option linter.style.nativeDecide false`
warning: denote/yoco_goals/Pattern_4.lean:1615:45: Using `native_decide` is not allowed in mathlib: because it trusts the entire Lean compiler (not just the Lean kernel), it could quite possibly be used to prove false.

Note: This linter can be disabled with `set_option linter.style.nativeDecide false`
warning: denote/yoco_goals/Pattern_4.lean:1617:83: Using `native_decide` is not allowed in mathlib: because it trusts the entire Lean compiler (not just the Lean kernel), it could quite possibly be used to prove false.

Note: This linter can be disabled with `set_option linter.style.nativeDecide false`
warning: denote/yoco_goals/Pattern_4.lean:1619:45: Using `native_decide` is not allowed in mathlib: because it trusts the entire Lean compiler (not just the Lean kernel), it could quite possibly be used to prove false.

Note: This linter can be disabled with `set_option linter.style.nativeDecide false`
warning: denote/yoco_goals/Pattern_4.lean:1621:83: Using `native_decide` is not allowed in mathlib: because it trusts the entire Lean compiler (not just the Lean kernel), it could quite possibly be used to prove false.

Note: This linter can be disabled with `set_option linter.style.nativeDecide false`
warning: denote/yoco_goals/Pattern_4.lean:1623:45: Using `native_decide` is not allowed in mathlib: because it trusts the entire Lean compiler (not just the Lean kernel), it could quite possibly be used to prove false.

Note: This linter can be disabled with `set_option linter.style.nativeDecide false`
warning: denote/yoco_goals/Pattern_4.lean:1625:83: Using `native_decide` is not allowed in mathlib: because it trusts the entire Lean compiler (not just the Lean kernel), it could quite possibly be used to prove false.

Note: This linter can be disabled with `set_option linter.style.nativeDecide false`
warning: denote/yoco_goals/Pattern_4.lean:1627:45: Using `native_decide` is not allowed in mathlib: because it trusts the entire Lean compiler (not just the Lean kernel), it could quite possibly be used to prove false.

Note: This linter can be disabled with `set_option linter.style.nativeDecide false`
warning: denote/yoco_goals/Pattern_4.lean:1629:83: Using `native_decide` is not allowed in mathlib: because it trusts the entire Lean compiler (not just the Lean kernel), it could quite possibly be used to prove false.

Note: This linter can be disabled with `set_option linter.style.nativeDecide false`
warning: denote/yoco_goals/Pattern_4.lean:1631:45: Using `native_decide` is not allowed in mathlib: because it trusts the entire Lean compiler (not just the Lean kernel), it could quite possibly be used to prove false.

Note: This linter can be disabled with `set_option linter.style.nativeDecide false`
warning: denote/yoco_goals/Pattern_4.lean:1633:83: Using `native_decide` is not allowed in mathlib: because it trusts the entire Lean compiler (not just the Lean kernel), it could quite possibly be used to prove false.

Note: This linter can be disabled with `set_option linter.style.nativeDecide false`
warning: denote/yoco_goals/Pattern_4.lean:1635:45: Using `native_decide` is not allowed in mathlib: because it trusts the entire Lean compiler (not just the Lean kernel), it could quite possibly be used to prove false.

Note: This linter can be disabled with `set_option linter.style.nativeDecide false`
warning: denote/yoco_goals/Pattern_4.lean:1637:83: Using `native_decide` is not allowed in mathlib: because it trusts the entire Lean compiler (not just the Lean kernel), it could quite possibly be used to prove false.

Note: This linter can be disabled with `set_option linter.style.nativeDecide false`
warning: denote/yoco_goals/Pattern_4.lean:1639:45: Using `native_decide` is not allowed in mathlib: because it trusts the entire Lean compiler (not just the Lean kernel), it could quite possibly be used to prove false.

Note: This linter can be disabled with `set_option linter.style.nativeDecide false`
warning: denote/yoco_goals/Pattern_4.lean:1641:83: Using `native_decide` is not allowed in mathlib: because it trusts the entire Lean compiler (not just the Lean kernel), it could quite possibly be used to prove false.

Note: This linter can be disabled with `set_option linter.style.nativeDecide false`
warning: denote/yoco_goals/Pattern_4.lean:1643:45: Using `native_decide` is not allowed in mathlib: because it trusts the entire Lean compiler (not just the Lean kernel), it could quite possibly be used to prove false.

Note: This linter can be disabled with `set_option linter.style.nativeDecide false`
warning: denote/yoco_goals/Pattern_4.lean:1645:83: Using `native_decide` is not allowed in mathlib: because it trusts the entire Lean compiler (not just the Lean kernel), it could quite possibly be used to prove false.

Note: This linter can be disabled with `set_option linter.style.nativeDecide false`
warning: denote/yoco_goals/Pattern_4.lean:1647:45: Using `native_decide` is not allowed in mathlib: because it trusts the entire Lean compiler (not just the Lean kernel), it could quite possibly be used to prove false.

Note: This linter can be disabled with `set_option linter.style.nativeDecide false`
warning: denote/yoco_goals/Pattern_4.lean:1649:83: Using `native_decide` is not allowed in mathlib: because it trusts the entire Lean compiler (not just the Lean kernel), it could quite possibly be used to prove false.

Note: This linter can be disabled with `set_option linter.style.nativeDecide false`
warning: denote/yoco_goals/Pattern_4.lean:1651:45: Using `native_decide` is not allowed in mathlib: because it trusts the entire Lean compiler (not just the Lean kernel), it could quite possibly be used to prove false.

Note: This linter can be disabled with `set_option linter.style.nativeDecide false`
warning: denote/yoco_goals/Pattern_4.lean:1684:88: Using `native_decide` is not allowed in mathlib: because it trusts the entire Lean compiler (not just the Lean kernel), it could quite possibly be used to prove false.

Note: This linter can be disabled with `set_option linter.style.nativeDecide false`
warning: denote/yoco_goals/Pattern_4.lean:1686:88: Using `native_decide` is not allowed in mathlib: because it trusts the entire Lean compiler (not just the Lean kernel), it could quite possibly be used to prove false.

Note: This linter can be disabled with `set_option linter.style.nativeDecide false`
warning: denote/yoco_goals/Pattern_4.lean:1688:88: Using `native_decide` is not allowed in mathlib: because it trusts the entire Lean compiler (not just the Lean kernel), it could quite possibly be used to prove false.

Note: This linter can be disabled with `set_option linter.style.nativeDecide false`
warning: denote/yoco_goals/Pattern_4.lean:1690:88: Using `native_decide` is not allowed in mathlib: because it trusts the entire Lean compiler (not just the Lean kernel), it could quite possibly be used to prove false.

Note: This linter can be disabled with `set_option linter.style.nativeDecide false`
warning: denote/yoco_goals/Pattern_4.lean:1692:88: Using `native_decide` is not allowed in mathlib: because it trusts the entire Lean compiler (not just the Lean kernel), it could quite possibly be used to prove false.

Note: This linter can be disabled with `set_option linter.style.nativeDecide false`
warning: denote/yoco_goals/Pattern_4.lean:1694:88: Using `native_decide` is not allowed in mathlib: because it trusts the entire Lean compiler (not just the Lean kernel), it could quite possibly be used to prove false.

Note: This linter can be disabled with `set_option linter.style.nativeDecide false`
warning: denote/yoco_goals/Pattern_4.lean:1696:88: Using `native_decide` is not allowed in mathlib: because it trusts the entire Lean compiler (not just the Lean kernel), it could quite possibly be used to prove false.

Note: This linter can be disabled with `set_option linter.style.nativeDecide false`
warning: denote/yoco_goals/Pattern_4.lean:1698:88: Using `native_decide` is not allowed in mathlib: because it trusts the entire Lean compiler (not just the Lean kernel), it could quite possibly be used to prove false.

Note: This linter can be disabled with `set_option linter.style.nativeDecide false`
warning: denote/yoco_goals/Pattern_4.lean:1700:88: Using `native_decide` is not allowed in mathlib: because it trusts the entire Lean compiler (not just the Lean kernel), it could quite possibly be used to prove false.

Note: This linter can be disabled with `set_option linter.style.nativeDecide false`
warning: denote/yoco_goals/Pattern_4.lean:1702:88: Using `native_decide` is not allowed in mathlib: because it trusts the entire Lean compiler (not just the Lean kernel), it could quite possibly be used to prove false.

Note: This linter can be disabled with `set_option linter.style.nativeDecide false`
warning: denote/yoco_goals/Pattern_4.lean:1704:88: Using `native_decide` is not allowed in mathlib: because it trusts the entire Lean compiler (not just the Lean kernel), it could quite possibly be used to prove false.

Note: This linter can be disabled with `set_option linter.style.nativeDecide false`
warning: denote/yoco_goals/Pattern_4.lean:1706:88: Using `native_decide` is not allowed in mathlib: because it trusts the entire Lean compiler (not just the Lean kernel), it could quite possibly be used to prove false.

Note: This linter can be disabled with `set_option linter.style.nativeDecide false`
warning: denote/yoco_goals/Pattern_4.lean:1708:90: Using `native_decide` is not allowed in mathlib: because it trusts the entire Lean compiler (not just the Lean kernel), it could quite possibly be used to prove false.

Note: This linter can be disabled with `set_option linter.style.nativeDecide false`
warning: denote/yoco_goals/Pattern_4.lean:1710:90: Using `native_decide` is not allowed in mathlib: because it trusts the entire Lean compiler (not just the Lean kernel), it could quite possibly be used to prove false.

Note: This linter can be disabled with `set_option linter.style.nativeDecide false`
warning: denote/yoco_goals/Pattern_4.lean:1712:90: Using `native_decide` is not allowed in mathlib: because it trusts the entire Lean compiler (not just the Lean kernel), it could quite possibly be used to prove false.

Note: This linter can be disabled with `set_option linter.style.nativeDecide false`
warning: denote/yoco_goals/Pattern_4.lean:1714:90: Using `native_decide` is not allowed in mathlib: because it trusts the entire Lean compiler (not just the Lean kernel), it could quite possibly be used to prove false.

Note: This linter can be disabled with `set_option linter.style.nativeDecide false`
warning: denote/yoco_goals/Pattern_4.lean:1716:90: Using `native_decide` is not allowed in mathlib: because it trusts the entire Lean compiler (not just the Lean kernel), it could quite possibly be used to prove false.

Note: This linter can be disabled with `set_option linter.style.nativeDecide false`
warning: denote/yoco_goals/Pattern_4.lean:1718:90: Using `native_decide` is not allowed in mathlib: because it trusts the entire Lean compiler (not just the Lean kernel), it could quite possibly be used to prove false.

Note: This linter can be disabled with `set_option linter.style.nativeDecide false`
warning: denote/yoco_goals/Pattern_4.lean:1720:90: Using `native_decide` is not allowed in mathlib: because it trusts the entire Lean compiler (not just the Lean kernel), it could quite possibly be used to prove false.

Note: This linter can be disabled with `set_option linter.style.nativeDecide false`
warning: denote/yoco_goals/Pattern_4.lean:1722:90: Using `native_decide` is not allowed in mathlib: because it trusts the entire Lean compiler (not just the Lean kernel), it could quite possibly be used to prove false.

Note: This linter can be disabled with `set_option linter.style.nativeDecide false`
warning: denote/yoco_goals/Pattern_4.lean:1724:90: Using `native_decide` is not allowed in mathlib: because it trusts the entire Lean compiler (not just the Lean kernel), it could quite possibly be used to prove false.

Note: This linter can be disabled with `set_option linter.style.nativeDecide false`
warning: denote/yoco_goals/Pattern_4.lean:1726:90: Using `native_decide` is not allowed in mathlib: because it trusts the entire Lean compiler (not just the Lean kernel), it could quite possibly be used to prove false.

Note: This linter can be disabled with `set_option linter.style.nativeDecide false`
warning: denote/yoco_goals/Pattern_4.lean:1841:82: Using `native_decide` is not allowed in mathlib: because it trusts the entire Lean compiler (not just the Lean kernel), it could quite possibly be used to prove false.

Note: This linter can be disabled with `set_option linter.style.nativeDecide false`
warning: denote/yoco_goals/Pattern_4.lean:1842:82: Using `native_decide` is not allowed in mathlib: because it trusts the entire Lean compiler (not just the Lean kernel), it could quite possibly be used to prove false.

Note: This linter can be disabled with `set_option linter.style.nativeDecide false`
warning: denote/yoco_goals/Pattern_4.lean:1843:82: Using `native_decide` is not allowed in mathlib: because it trusts the entire Lean compiler (not just the Lean kernel), it could quite possibly be used to prove false.

Note: This linter can be disabled with `set_option linter.style.nativeDecide false`
warning: denote/yoco_goals/Pattern_4.lean:1844:82: Using `native_decide` is not allowed in mathlib: because it trusts the entire Lean compiler (not just the Lean kernel), it could quite possibly be used to prove false.

Note: This linter can be disabled with `set_option linter.style.nativeDecide false`
warning: denote/yoco_goals/Pattern_4.lean:1845:82: Using `native_decide` is not allowed in mathlib: because it trusts the entire Lean compiler (not just the Lean kernel), it could quite possibly be used to prove false.

Note: This linter can be disabled with `set_option linter.style.nativeDecide false`
warning: denote/yoco_goals/Pattern_4.lean:1846:82: Using `native_decide` is not allowed in mathlib: because it trusts the entire Lean compiler (not just the Lean kernel), it could quite possibly be used to prove false.

Note: This linter can be disabled with `set_option linter.style.nativeDecide false`
warning: denote/yoco_goals/Pattern_4.lean:1847:82: Using `native_decide` is not allowed in mathlib: because it trusts the entire Lean compiler (not just the Lean kernel), it could quite possibly be used to prove false.

Note: This linter can be disabled with `set_option linter.style.nativeDecide false`
warning: denote/yoco_goals/Pattern_4.lean:1848:82: Using `native_decide` is not allowed in mathlib: because it trusts the entire Lean compiler (not just the Lean kernel), it could quite possibly be used to prove false.

Note: This linter can be disabled with `set_option linter.style.nativeDecide false`
warning: denote/yoco_goals/Pattern_4.lean:1849:82: Using `native_decide` is not allowed in mathlib: because it trusts the entire Lean compiler (not just the Lean kernel), it could quite possibly be used to prove false.

Note: This linter can be disabled with `set_option linter.style.nativeDecide false`
warning: denote/yoco_goals/Pattern_4.lean:1850:82: Using `native_decide` is not allowed in mathlib: because it trusts the entire Lean compiler (not just the Lean kernel), it could quite possibly be used to prove false.

Note: This linter can be disabled with `set_option linter.style.nativeDecide false`
warning: denote/yoco_goals/Pattern_4.lean:1851:82: Using `native_decide` is not allowed in mathlib: because it trusts the entire Lean compiler (not just the Lean kernel), it could quite possibly be used to prove false.

Note: This linter can be disabled with `set_option linter.style.nativeDecide false`
warning: denote/yoco_goals/Pattern_4.lean:1852:82: Using `native_decide` is not allowed in mathlib: because it trusts the entire Lean compiler (not just the Lean kernel), it could quite possibly be used to prove false.

Note: This linter can be disabled with `set_option linter.style.nativeDecide false`
warning: denote/yoco_goals/Pattern_4.lean:1853:85: Using `native_decide` is not allowed in mathlib: because it trusts the entire Lean compiler (not just the Lean kernel), it could quite possibly be used to prove false.

Note: This linter can be disabled with `set_option linter.style.nativeDecide false`
warning: denote/yoco_goals/Pattern_4.lean:1854:85: Using `native_decide` is not allowed in mathlib: because it trusts the entire Lean compiler (not just the Lean kernel), it could quite possibly be used to prove false.

Note: This linter can be disabled with `set_option linter.style.nativeDecide false`
warning: denote/yoco_goals/Pattern_4.lean:1855:85: Using `native_decide` is not allowed in mathlib: because it trusts the entire Lean compiler (not just the Lean kernel), it could quite possibly be used to prove false.

Note: This linter can be disabled with `set_option linter.style.nativeDecide false`
warning: denote/yoco_goals/Pattern_4.lean:1856:85: Using `native_decide` is not allowed in mathlib: because it trusts the entire Lean compiler (not just the Lean kernel), it could quite possibly be used to prove false.

Note: This linter can be disabled with `set_option linter.style.nativeDecide false`
warning: denote/yoco_goals/Pattern_4.lean:1857:85: Using `native_decide` is not allowed in mathlib: because it trusts the entire Lean compiler (not just the Lean kernel), it could quite possibly be used to prove false.

Note: This linter can be disabled with `set_option linter.style.nativeDecide false`
warning: denote/yoco_goals/Pattern_4.lean:1858:85: Using `native_decide` is not allowed in mathlib: because it trusts the entire Lean compiler (not just the Lean kernel), it could quite possibly be used to prove false.

Note: This linter can be disabled with `set_option linter.style.nativeDecide false`
warning: denote/yoco_goals/Pattern_4.lean:1859:85: Using `native_decide` is not allowed in mathlib: because it trusts the entire Lean compiler (not just the Lean kernel), it could quite possibly be used to prove false.

Note: This linter can be disabled with `set_option linter.style.nativeDecide false`
warning: denote/yoco_goals/Pattern_4.lean:1860:85: Using `native_decide` is not allowed in mathlib: because it trusts the entire Lean compiler (not just the Lean kernel), it could quite possibly be used to prove false.

Note: This linter can be disabled with `set_option linter.style.nativeDecide false`
warning: denote/yoco_goals/Pattern_4.lean:1861:85: Using `native_decide` is not allowed in mathlib: because it trusts the entire Lean compiler (not just the Lean kernel), it could quite possibly be used to prove false.

Note: This linter can be disabled with `set_option linter.style.nativeDecide false`
warning: denote/yoco_goals/Pattern_4.lean:1862:85: Using `native_decide` is not allowed in mathlib: because it trusts the entire Lean compiler (not just the Lean kernel), it could quite possibly be used to prove false.

Note: This linter can be disabled with `set_option linter.style.nativeDecide false`
warning: denote/yoco_goals/Pattern_4.lean:1374:4: The `show` tactic should only be used to indicate intermediate goal states for readability.
However, this tactic invocation changed the goal. Please use `change` instead for these purposes.

Note: This linter can be disabled with `set_option linter.style.show false`
warning: denote/yoco_goals/Pattern_4.lean:1902:40: '' starts on column 40, but all commands should start at the beginning of the line.

Note: This linter can be disabled with `set_option linter.style.whitespace false`
⚠ [2627/2630] Replayed denote.DenoteMoE
warning: denote/DenoteMoE.lean:1079:2: The `show` tactic should only be used to indicate intermediate goal states for readability.
However, this tactic invocation changed the goal. Please use `change` instead for these purposes.

Note: This linter can be disabled with `set_option linter.style.show false`
⚠ [2628/2630] Replayed denote.yoco_goals.Pattern_1
warning: denote/yoco_goals/Pattern_1.lean:10:0: Unscoped option maxHeartbeats is not allowed:
Please scope this to individual declarations, as in
```
set_option maxHeartbeats in
-- comment explaining why this is necessary
example : ... := ...
```

Note: This linter can be disabled with `set_option linter.style.setOption false`
warning: denote/yoco_goals/Pattern_1.lean:78:12: This simp argument is unused:
  h

Hint: Omit it from the simp argument list.
  simp [h̵,̵ ̵Tensor.mkShape]

Note: This linter can be disabled with `set_option linter.unusedSimpArgs false`
warning: denote/yoco_goals/Pattern_1.lean:178:0: Please, write a comment here or remove this line, but do not place empty lines within commands!
Context:
                                                                                                  ↓
  ⏎  set S23 : Store := (sm_goal_1.nodes.take 23).foldl (applyNode sm_goal_1) initSM with hS23_def⏎⏎  -- Sj=24 written by node_23 (FW_rms_norm), outs=[5930], tid=5930⏎

Note: This linter can be disabled with `set_option linter.style.emptyLine false`
warning: denote/yoco_goals/Pattern_1.lean:182:4: The `show` tactic should only be used to indicate intermediate goal states for readability.
However, this tactic invocation changed the goal. Please use `change` instead for these purposes.

Note: This linter can be disabled with `set_option linter.style.show false`
warning: denote/yoco_goals/Pattern_1.lean:196:4: The `show` tactic should only be used to indicate intermediate goal states for readability.
However, this tactic invocation changed the goal. Please use `change` instead for these purposes.

Note: This linter can be disabled with `set_option linter.style.show false`
warning: denote/yoco_goals/Pattern_1.lean:207:4: The `show` tactic should only be used to indicate intermediate goal states for readability.
However, this tactic invocation changed the goal. Please use `change` instead for these purposes.

Note: This linter can be disabled with `set_option linter.style.show false`
warning: denote/yoco_goals/Pattern_1.lean:221:4: The `show` tactic should only be used to indicate intermediate goal states for readability.
However, this tactic invocation changed the goal. Please use `change` instead for these purposes.

Note: This linter can be disabled with `set_option linter.style.show false`
warning: denote/yoco_goals/Pattern_1.lean:229:4: The `show` tactic should only be used to indicate intermediate goal states for readability.
However, this tactic invocation changed the goal. Please use `change` instead for these purposes.

Note: This linter can be disabled with `set_option linter.style.show false`
warning: denote/yoco_goals/Pattern_1.lean:238:4: The `show` tactic should only be used to indicate intermediate goal states for readability.
However, this tactic invocation changed the goal. Please use `change` instead for these purposes.

Note: This linter can be disabled with `set_option linter.style.show false`
warning: denote/yoco_goals/Pattern_1.lean:249:4: The `show` tactic should only be used to indicate intermediate goal states for readability.
However, this tactic invocation changed the goal. Please use `change` instead for these purposes.

Note: This linter can be disabled with `set_option linter.style.show false`
warning: denote/yoco_goals/Pattern_1.lean:257:4: The `show` tactic should only be used to indicate intermediate goal states for readability.
However, this tactic invocation changed the goal. Please use `change` instead for these purposes.

Note: This linter can be disabled with `set_option linter.style.show false`
warning: denote/yoco_goals/Pattern_1.lean:268:4: The `show` tactic should only be used to indicate intermediate goal states for readability.
However, this tactic invocation changed the goal. Please use `change` instead for these purposes.

Note: This linter can be disabled with `set_option linter.style.show false`
warning: denote/yoco_goals/Pattern_1.lean:291:4: The `show` tactic should only be used to indicate intermediate goal states for readability.
However, this tactic invocation changed the goal. Please use `change` instead for these purposes.

Note: This linter can be disabled with `set_option linter.style.show false`
warning: denote/yoco_goals/Pattern_1.lean:299:4: The `show` tactic should only be used to indicate intermediate goal states for readability.
However, this tactic invocation changed the goal. Please use `change` instead for these purposes.

Note: This linter can be disabled with `set_option linter.style.show false`
warning: denote/yoco_goals/Pattern_1.lean:307:4: The `show` tactic should only be used to indicate intermediate goal states for readability.
However, this tactic invocation changed the goal. Please use `change` instead for these purposes.

Note: This linter can be disabled with `set_option linter.style.show false`
warning: denote/yoco_goals/Pattern_1.lean:315:4: The `show` tactic should only be used to indicate intermediate goal states for readability.
However, this tactic invocation changed the goal. Please use `change` instead for these purposes.

Note: This linter can be disabled with `set_option linter.style.show false`
warning: denote/yoco_goals/Pattern_1.lean:323:4: The `show` tactic should only be used to indicate intermediate goal states for readability.
However, this tactic invocation changed the goal. Please use `change` instead for these purposes.

Note: This linter can be disabled with `set_option linter.style.show false`
warning: denote/yoco_goals/Pattern_1.lean:334:4: The `show` tactic should only be used to indicate intermediate goal states for readability.
However, this tactic invocation changed the goal. Please use `change` instead for these purposes.

Note: This linter can be disabled with `set_option linter.style.show false`
warning: denote/yoco_goals/Pattern_1.lean:351:4: The `show` tactic should only be used to indicate intermediate goal states for readability.
However, this tactic invocation changed the goal. Please use `change` instead for these purposes.

Note: This linter can be disabled with `set_option linter.style.show false`
warning: denote/yoco_goals/Pattern_1.lean:359:4: The `show` tactic should only be used to indicate intermediate goal states for readability.
However, this tactic invocation changed the goal. Please use `change` instead for these purposes.

Note: This linter can be disabled with `set_option linter.style.show false`
warning: denote/yoco_goals/Pattern_1.lean:376:4: The `show` tactic should only be used to indicate intermediate goal states for readability.
However, this tactic invocation changed the goal. Please use `change` instead for these purposes.

Note: This linter can be disabled with `set_option linter.style.show false`
warning: denote/yoco_goals/Pattern_1.lean:384:4: The `show` tactic should only be used to indicate intermediate goal states for readability.
However, this tactic invocation changed the goal. Please use `change` instead for these purposes.

Note: This linter can be disabled with `set_option linter.style.show false`
warning: denote/yoco_goals/Pattern_1.lean:392:4: The `show` tactic should only be used to indicate intermediate goal states for readability.
However, this tactic invocation changed the goal. Please use `change` instead for these purposes.

Note: This linter can be disabled with `set_option linter.style.show false`
warning: denote/yoco_goals/Pattern_1.lean:412:4: The `show` tactic should only be used to indicate intermediate goal states for readability.
However, this tactic invocation changed the goal. Please use `change` instead for these purposes.

Note: This linter can be disabled with `set_option linter.style.show false`
warning: denote/yoco_goals/Pattern_1.lean:420:4: The `show` tactic should only be used to indicate intermediate goal states for readability.
However, this tactic invocation changed the goal. Please use `change` instead for these purposes.

Note: This linter can be disabled with `set_option linter.style.show false`
warning: denote/yoco_goals/Pattern_1.lean:428:4: The `show` tactic should only be used to indicate intermediate goal states for readability.
However, this tactic invocation changed the goal. Please use `change` instead for these purposes.

Note: This linter can be disabled with `set_option linter.style.show false`
warning: denote/yoco_goals/Pattern_1.lean:436:4: The `show` tactic should only be used to indicate intermediate goal states for readability.
However, this tactic invocation changed the goal. Please use `change` instead for these purposes.

Note: This linter can be disabled with `set_option linter.style.show false`
warning: denote/yoco_goals/Pattern_1.lean:456:4: The `show` tactic should only be used to indicate intermediate goal states for readability.
However, this tactic invocation changed the goal. Please use `change` instead for these purposes.

Note: This linter can be disabled with `set_option linter.style.show false`
warning: denote/yoco_goals/Pattern_1.lean:464:4: The `show` tactic should only be used to indicate intermediate goal states for readability.
However, this tactic invocation changed the goal. Please use `change` instead for these purposes.

Note: This linter can be disabled with `set_option linter.style.show false`
warning: denote/yoco_goals/Pattern_1.lean:478:4: The `show` tactic should only be used to indicate intermediate goal states for readability.
However, this tactic invocation changed the goal. Please use `change` instead for these purposes.

Note: This linter can be disabled with `set_option linter.style.show false`
warning: denote/yoco_goals/Pattern_1.lean:486:4: The `show` tactic should only be used to indicate intermediate goal states for readability.
However, this tactic invocation changed the goal. Please use `change` instead for these purposes.

Note: This linter can be disabled with `set_option linter.style.show false`
warning: denote/yoco_goals/Pattern_1.lean:344:35: Used `tac1 <;> tac2` where `(tac1; tac2)` would suffice

Note: This linter can be disabled with `set_option linter.unnecessarySeqFocus false`
warning: denote/yoco_goals/Pattern_1.lean:471:35: Used `tac1 <;> tac2` where `(tac1; tac2)` would suffice

Note: This linter can be disabled with `set_option linter.unnecessarySeqFocus false`
warning: denote/yoco_goals/Pattern_1.lean:581:23: This simp argument is unused:
  List.map_cons

Hint: Omit it from the simp argument list.
  simp only [List.map, L̵i̵s̵t̵.̵m̵a̵p̵_̵c̵o̵n̵s̵,̵ ̵List.map_nil]

Note: This linter can be disabled with `set_option linter.unusedSimpArgs false`
warning: denote/yoco_goals/Pattern_1.lean:581:38: This simp argument is unused:
  List.map_nil

Hint: Omit it from the simp argument list.
  simp only [List.map, List.map_cons,̵ ̵L̵i̵s̵t̵.̵m̵a̵p̵_̵n̵i̵l̵]

Note: This linter can be disabled with `set_option linter.unusedSimpArgs false`
warning: denote/yoco_goals/Pattern_1.lean:588:4: The `show` tactic should only be used to indicate intermediate goal states for readability.
However, this tactic invocation changed the goal. Please use `change` instead for these purposes.

Note: This linter can be disabled with `set_option linter.style.show false`
warning: denote/yoco_goals/Pattern_1.lean:596:4: The `show` tactic should only be used to indicate intermediate goal states for readability.
However, this tactic invocation changed the goal. Please use `change` instead for these purposes.

Note: This linter can be disabled with `set_option linter.style.show false`
warning: denote/yoco_goals/Pattern_1.lean:622:4: The `show` tactic should only be used to indicate intermediate goal states for readability.
However, this tactic invocation changed the goal. Please use `change` instead for these purposes.

Note: This linter can be disabled with `set_option linter.style.show false`
warning: denote/yoco_goals/Pattern_1.lean:630:4: The `show` tactic should only be used to indicate intermediate goal states for readability.
However, this tactic invocation changed the goal. Please use `change` instead for these purposes.

Note: This linter can be disabled with `set_option linter.style.show false`
warning: denote/yoco_goals/Pattern_1.lean:638:4: The `show` tactic should only be used to indicate intermediate goal states for readability.
However, this tactic invocation changed the goal. Please use `change` instead for these purposes.

Note: This linter can be disabled with `set_option linter.style.show false`
warning: denote/yoco_goals/Pattern_1.lean:646:4: The `show` tactic should only be used to indicate intermediate goal states for readability.
However, this tactic invocation changed the goal. Please use `change` instead for these purposes.

Note: This linter can be disabled with `set_option linter.style.show false`
warning: denote/yoco_goals/Pattern_1.lean:670:4: The `show` tactic should only be used to indicate intermediate goal states for readability.
However, this tactic invocation changed the goal. Please use `change` instead for these purposes.

Note: This linter can be disabled with `set_option linter.style.show false`
warning: denote/yoco_goals/Pattern_1.lean:678:4: The `show` tactic should only be used to indicate intermediate goal states for readability.
However, this tactic invocation changed the goal. Please use `change` instead for these purposes.

Note: This linter can be disabled with `set_option linter.style.show false`
warning: denote/yoco_goals/Pattern_1.lean:698:4: The `show` tactic should only be used to indicate intermediate goal states for readability.
However, this tactic invocation changed the goal. Please use `change` instead for these purposes.

Note: This linter can be disabled with `set_option linter.style.show false`
warning: denote/yoco_goals/Pattern_1.lean:706:4: The `show` tactic should only be used to indicate intermediate goal states for readability.
However, this tactic invocation changed the goal. Please use `change` instead for these purposes.

Note: This linter can be disabled with `set_option linter.style.show false`
warning: denote/yoco_goals/Pattern_1.lean:726:4: The `show` tactic should only be used to indicate intermediate goal states for readability.
However, this tactic invocation changed the goal. Please use `change` instead for these purposes.

Note: This linter can be disabled with `set_option linter.style.show false`
warning: denote/yoco_goals/Pattern_1.lean:734:4: The `show` tactic should only be used to indicate intermediate goal states for readability.
However, this tactic invocation changed the goal. Please use `change` instead for these purposes.

Note: This linter can be disabled with `set_option linter.style.show false`
warning: denote/yoco_goals/Pattern_1.lean:742:4: The `show` tactic should only be used to indicate intermediate goal states for readability.
However, this tactic invocation changed the goal. Please use `change` instead for these purposes.

Note: This linter can be disabled with `set_option linter.style.show false`
warning: denote/yoco_goals/Pattern_1.lean:750:4: The `show` tactic should only be used to indicate intermediate goal states for readability.
However, this tactic invocation changed the goal. Please use `change` instead for these purposes.

Note: This linter can be disabled with `set_option linter.style.show false`
warning: denote/yoco_goals/Pattern_1.lean:770:4: The `show` tactic should only be used to indicate intermediate goal states for readability.
However, this tactic invocation changed the goal. Please use `change` instead for these purposes.

Note: This linter can be disabled with `set_option linter.style.show false`
warning: denote/yoco_goals/Pattern_1.lean:778:4: The `show` tactic should only be used to indicate intermediate goal states for readability.
However, this tactic invocation changed the goal. Please use `change` instead for these purposes.

Note: This linter can be disabled with `set_option linter.style.show false`
warning: denote/yoco_goals/Pattern_1.lean:798:4: The `show` tactic should only be used to indicate intermediate goal states for readability.
However, this tactic invocation changed the goal. Please use `change` instead for these purposes.

Note: This linter can be disabled with `set_option linter.style.show false`
warning: denote/yoco_goals/Pattern_1.lean:808:4: The `show` tactic should only be used to indicate intermediate goal states for readability.
However, this tactic invocation changed the goal. Please use `change` instead for these purposes.

Note: This linter can be disabled with `set_option linter.style.show false`
warning: denote/yoco_goals/Pattern_1.lean:816:4: The `show` tactic should only be used to indicate intermediate goal states for readability.
However, this tactic invocation changed the goal. Please use `change` instead for these purposes.

Note: This linter can be disabled with `set_option linter.style.show false`
warning: denote/yoco_goals/Pattern_1.lean:826:4: The `show` tactic should only be used to indicate intermediate goal states for readability.
However, this tactic invocation changed the goal. Please use `change` instead for these purposes.

Note: This linter can be disabled with `set_option linter.style.show false`
warning: denote/yoco_goals/Pattern_1.lean:888:4: The `show` tactic should only be used to indicate intermediate goal states for readability.
However, this tactic invocation changed the goal. Please use `change` instead for these purposes.

Note: This linter can be disabled with `set_option linter.style.show false`
warning: denote/yoco_goals/Pattern_1.lean:896:4: The `show` tactic should only be used to indicate intermediate goal states for readability.
However, this tactic invocation changed the goal. Please use `change` instead for these purposes.

Note: This linter can be disabled with `set_option linter.style.show false`
warning: denote/yoco_goals/Pattern_1.lean:904:4: The `show` tactic should only be used to indicate intermediate goal states for readability.
However, this tactic invocation changed the goal. Please use `change` instead for these purposes.

Note: This linter can be disabled with `set_option linter.style.show false`
warning: denote/yoco_goals/Pattern_1.lean:912:4: The `show` tactic should only be used to indicate intermediate goal states for readability.
However, this tactic invocation changed the goal. Please use `change` instead for these purposes.

Note: This linter can be disabled with `set_option linter.style.show false`
warning: denote/yoco_goals/Pattern_1.lean:920:4: The `show` tactic should only be used to indicate intermediate goal states for readability.
However, this tactic invocation changed the goal. Please use `change` instead for these purposes.

Note: This linter can be disabled with `set_option linter.style.show false`
warning: denote/yoco_goals/Pattern_1.lean:928:4: The `show` tactic should only be used to indicate intermediate goal states for readability.
However, this tactic invocation changed the goal. Please use `change` instead for these purposes.

Note: This linter can be disabled with `set_option linter.style.show false`
warning: denote/yoco_goals/Pattern_1.lean:936:4: The `show` tactic should only be used to indicate intermediate goal states for readability.
However, this tactic invocation changed the goal. Please use `change` instead for these purposes.

Note: This linter can be disabled with `set_option linter.style.show false`
warning: denote/yoco_goals/Pattern_1.lean:944:4: The `show` tactic should only be used to indicate intermediate goal states for readability.
However, this tactic invocation changed the goal. Please use `change` instead for these purposes.

Note: This linter can be disabled with `set_option linter.style.show false`
warning: denote/yoco_goals/Pattern_1.lean:952:4: The `show` tactic should only be used to indicate intermediate goal states for readability.
However, this tactic invocation changed the goal. Please use `change` instead for these purposes.

Note: This linter can be disabled with `set_option linter.style.show false`
warning: denote/yoco_goals/Pattern_1.lean:960:4: The `show` tactic should only be used to indicate intermediate goal states for readability.
However, this tactic invocation changed the goal. Please use `change` instead for these purposes.

Note: This linter can be disabled with `set_option linter.style.show false`
warning: denote/yoco_goals/Pattern_1.lean:992:4: The `show` tactic should only be used to indicate intermediate goal states for readability.
However, this tactic invocation changed the goal. Please use `change` instead for these purposes.

Note: This linter can be disabled with `set_option linter.style.show false`
warning: denote/yoco_goals/Pattern_1.lean:1000:4: The `show` tactic should only be used to indicate intermediate goal states for readability.
However, this tactic invocation changed the goal. Please use `change` instead for these purposes.

Note: This linter can be disabled with `set_option linter.style.show false`
warning: denote/yoco_goals/Pattern_1.lean:1008:4: The `show` tactic should only be used to indicate intermediate goal states for readability.
However, this tactic invocation changed the goal. Please use `change` instead for these purposes.

Note: This linter can be disabled with `set_option linter.style.show false`
warning: denote/yoco_goals/Pattern_1.lean:1016:4: The `show` tactic should only be used to indicate intermediate goal states for readability.
However, this tactic invocation changed the goal. Please use `change` instead for these purposes.

Note: This linter can be disabled with `set_option linter.style.show false`
warning: denote/yoco_goals/Pattern_1.lean:1042:4: The `show` tactic should only be used to indicate intermediate goal states for readability.
However, this tactic invocation changed the goal. Please use `change` instead for these purposes.

Note: This linter can be disabled with `set_option linter.style.show false`
warning: denote/yoco_goals/Pattern_1.lean:1050:4: The `show` tactic should only be used to indicate intermediate goal states for readability.
However, this tactic invocation changed the goal. Please use `change` instead for these purposes.

Note: This linter can be disabled with `set_option linter.style.show false`
warning: denote/yoco_goals/Pattern_1.lean:1058:4: The `show` tactic should only be used to indicate intermediate goal states for readability.
However, this tactic invocation changed the goal. Please use `change` instead for these purposes.

Note: This linter can be disabled with `set_option linter.style.show false`
warning: denote/yoco_goals/Pattern_1.lean:1066:4: The `show` tactic should only be used to indicate intermediate goal states for readability.
However, this tactic invocation changed the goal. Please use `change` instead for these purposes.

Note: This linter can be disabled with `set_option linter.style.show false`
warning: denote/yoco_goals/Pattern_1.lean:1092:4: The `show` tactic should only be used to indicate intermediate goal states for readability.
However, this tactic invocation changed the goal. Please use `change` instead for these purposes.

Note: This linter can be disabled with `set_option linter.style.show false`
warning: denote/yoco_goals/Pattern_1.lean:1100:4: The `show` tactic should only be used to indicate intermediate goal states for readability.
However, this tactic invocation changed the goal. Please use `change` instead for these purposes.

Note: This linter can be disabled with `set_option linter.style.show false`
warning: denote/yoco_goals/Pattern_1.lean:1108:4: The `show` tactic should only be used to indicate intermediate goal states for readability.
However, this tactic invocation changed the goal. Please use `change` instead for these purposes.

Note: This linter can be disabled with `set_option linter.style.show false`
warning: denote/yoco_goals/Pattern_1.lean:1116:4: The `show` tactic should only be used to indicate intermediate goal states for readability.
However, this tactic invocation changed the goal. Please use `change` instead for these purposes.

Note: This linter can be disabled with `set_option linter.style.show false`
warning: denote/yoco_goals/Pattern_1.lean:1142:4: The `show` tactic should only be used to indicate intermediate goal states for readability.
However, this tactic invocation changed the goal. Please use `change` instead for these purposes.

Note: This linter can be disabled with `set_option linter.style.show false`
warning: denote/yoco_goals/Pattern_1.lean:1150:4: The `show` tactic should only be used to indicate intermediate goal states for readability.
However, this tactic invocation changed the goal. Please use `change` instead for these purposes.

Note: This linter can be disabled with `set_option linter.style.show false`
warning: denote/yoco_goals/Pattern_1.lean:1158:4: The `show` tactic should only be used to indicate intermediate goal states for readability.
However, this tactic invocation changed the goal. Please use `change` instead for these purposes.

Note: This linter can be disabled with `set_option linter.style.show false`
warning: denote/yoco_goals/Pattern_1.lean:1166:4: The `show` tactic should only be used to indicate intermediate goal states for readability.
However, this tactic invocation changed the goal. Please use `change` instead for these purposes.

Note: This linter can be disabled with `set_option linter.style.show false`
warning: denote/yoco_goals/Pattern_1.lean:1174:4: The `show` tactic should only be used to indicate intermediate goal states for readability.
However, this tactic invocation changed the goal. Please use `change` instead for these purposes.

Note: This linter can be disabled with `set_option linter.style.show false`
warning: denote/yoco_goals/Pattern_1.lean:1182:4: The `show` tactic should only be used to indicate intermediate goal states for readability.
However, this tactic invocation changed the goal. Please use `change` instead for these purposes.

Note: This linter can be disabled with `set_option linter.style.show false`
warning: denote/yoco_goals/Pattern_1.lean:1202:4: The `show` tactic should only be used to indicate intermediate goal states for readability.
However, this tactic invocation changed the goal. Please use `change` instead for these purposes.

Note: This linter can be disabled with `set_option linter.style.show false`
warning: denote/yoco_goals/Pattern_1.lean:1210:4: The `show` tactic should only be used to indicate intermediate goal states for readability.
However, this tactic invocation changed the goal. Please use `change` instead for these purposes.

Note: This linter can be disabled with `set_option linter.style.show false`
warning: denote/yoco_goals/Pattern_1.lean:1218:4: The `show` tactic should only be used to indicate intermediate goal states for readability.
However, this tactic invocation changed the goal. Please use `change` instead for these purposes.

Note: This linter can be disabled with `set_option linter.style.show false`
warning: denote/yoco_goals/Pattern_1.lean:1226:4: The `show` tactic should only be used to indicate intermediate goal states for readability.
However, this tactic invocation changed the goal. Please use `change` instead for these purposes.

Note: This linter can be disabled with `set_option linter.style.show false`
warning: denote/yoco_goals/Pattern_1.lean:1258:4: The `show` tactic should only be used to indicate intermediate goal states for readability.
However, this tactic invocation changed the goal. Please use `change` instead for these purposes.

Note: This linter can be disabled with `set_option linter.style.show false`
warning: denote/yoco_goals/Pattern_1.lean:1266:4: The `show` tactic should only be used to indicate intermediate goal states for readability.
However, this tactic invocation changed the goal. Please use `change` instead for these purposes.

Note: This linter can be disabled with `set_option linter.style.show false`
warning: denote/yoco_goals/Pattern_1.lean:1274:4: The `show` tactic should only be used to indicate intermediate goal states for readability.
However, this tactic invocation changed the goal. Please use `change` instead for these purposes.

Note: This linter can be disabled with `set_option linter.style.show false`
warning: denote/yoco_goals/Pattern_1.lean:1282:4: The `show` tactic should only be used to indicate intermediate goal states for readability.
However, this tactic invocation changed the goal. Please use `change` instead for these purposes.

Note: This linter can be disabled with `set_option linter.style.show false`
warning: denote/yoco_goals/Pattern_1.lean:1302:4: The `show` tactic should only be used to indicate intermediate goal states for readability.
However, this tactic invocation changed the goal. Please use `change` instead for these purposes.

Note: This linter can be disabled with `set_option linter.style.show false`
warning: denote/yoco_goals/Pattern_1.lean:1310:4: The `show` tactic should only be used to indicate intermediate goal states for readability.
However, this tactic invocation changed the goal. Please use `change` instead for these purposes.

Note: This linter can be disabled with `set_option linter.style.show false`
warning: denote/yoco_goals/Pattern_1.lean:1318:4: The `show` tactic should only be used to indicate intermediate goal states for readability.
However, this tactic invocation changed the goal. Please use `change` instead for these purposes.

Note: This linter can be disabled with `set_option linter.style.show false`
warning: denote/yoco_goals/Pattern_1.lean:1326:4: The `show` tactic should only be used to indicate intermediate goal states for readability.
However, this tactic invocation changed the goal. Please use `change` instead for these purposes.

Note: This linter can be disabled with `set_option linter.style.show false`
warning: denote/yoco_goals/Pattern_1.lean:584:35: Used `tac1 <;> tac2` where `(tac1; tac2)` would suffice

Note: This linter can be disabled with `set_option linter.unnecessarySeqFocus false`
warning: denote/yoco_goals/Pattern_1.lean:603:35: Used `tac1 <;> tac2` where `(tac1; tac2)` would suffice

Note: This linter can be disabled with `set_option linter.unnecessarySeqFocus false`
warning: denote/yoco_goals/Pattern_1.lean:612:35: Used `tac1 <;> tac2` where `(tac1; tac2)` would suffice

Note: This linter can be disabled with `set_option linter.unnecessarySeqFocus false`
warning: denote/yoco_goals/Pattern_1.lean:654:35: Used `tac1 <;> tac2` where `(tac1; tac2)` would suffice

Note: This linter can be disabled with `set_option linter.unnecessarySeqFocus false`
warning: denote/yoco_goals/Pattern_1.lean:660:35: Used `tac1 <;> tac2` where `(tac1; tac2)` would suffice

Note: This linter can be disabled with `set_option linter.unnecessarySeqFocus false`
warning: denote/yoco_goals/Pattern_1.lean:663:35: Used `tac1 <;> tac2` where `(tac1; tac2)` would suffice

Note: This linter can be disabled with `set_option linter.unnecessarySeqFocus false`
warning: denote/yoco_goals/Pattern_1.lean:685:35: Used `tac1 <;> tac2` where `(tac1; tac2)` would suffice

Note: This linter can be disabled with `set_option linter.unnecessarySeqFocus false`
warning: denote/yoco_goals/Pattern_1.lean:691:35: Used `tac1 <;> tac2` where `(tac1; tac2)` would suffice

Note: This linter can be disabled with `set_option linter.unnecessarySeqFocus false`
warning: denote/yoco_goals/Pattern_1.lean:716:35: Used `tac1 <;> tac2` where `(tac1; tac2)` would suffice

Note: This linter can be disabled with `set_option linter.unnecessarySeqFocus false`
warning: denote/yoco_goals/Pattern_1.lean:722:35: Used `tac1 <;> tac2` where `(tac1; tac2)` would suffice

Note: This linter can be disabled with `set_option linter.unnecessarySeqFocus false`
warning: denote/yoco_goals/Pattern_1.lean:760:35: Used `tac1 <;> tac2` where `(tac1; tac2)` would suffice

Note: This linter can be disabled with `set_option linter.unnecessarySeqFocus false`
warning: denote/yoco_goals/Pattern_1.lean:766:35: Used `tac1 <;> tac2` where `(tac1; tac2)` would suffice

Note: This linter can be disabled with `set_option linter.unnecessarySeqFocus false`
warning: denote/yoco_goals/Pattern_1.lean:788:35: Used `tac1 <;> tac2` where `(tac1; tac2)` would suffice

Note: This linter can be disabled with `set_option linter.unnecessarySeqFocus false`
warning: denote/yoco_goals/Pattern_1.lean:794:35: Used `tac1 <;> tac2` where `(tac1; tac2)` would suffice

Note: This linter can be disabled with `set_option linter.unnecessarySeqFocus false`
warning: denote/yoco_goals/Pattern_1.lean:857:35: Used `tac1 <;> tac2` where `(tac1; tac2)` would suffice

Note: This linter can be disabled with `set_option linter.unnecessarySeqFocus false`
warning: denote/yoco_goals/Pattern_1.lean:884:35: Used `tac1 <;> tac2` where `(tac1; tac2)` would suffice

Note: This linter can be disabled with `set_option linter.unnecessarySeqFocus false`
warning: denote/yoco_goals/Pattern_1.lean:976:35: Used `tac1 <;> tac2` where `(tac1; tac2)` would suffice

Note: This linter can be disabled with `set_option linter.unnecessarySeqFocus false`
warning: denote/yoco_goals/Pattern_1.lean:988:35: Used `tac1 <;> tac2` where `(tac1; tac2)` would suffice

Note: This linter can be disabled with `set_option linter.unnecessarySeqFocus false`
warning: denote/yoco_goals/Pattern_1.lean:1026:35: Used `tac1 <;> tac2` where `(tac1; tac2)` would suffice

Note: This linter can be disabled with `set_option linter.unnecessarySeqFocus false`
warning: denote/yoco_goals/Pattern_1.lean:1035:35: Used `tac1 <;> tac2` where `(tac1; tac2)` would suffice

Note: This linter can be disabled with `set_option linter.unnecessarySeqFocus false`
warning: denote/yoco_goals/Pattern_1.lean:1079:35: Used `tac1 <;> tac2` where `(tac1; tac2)` would suffice

Note: This linter can be disabled with `set_option linter.unnecessarySeqFocus false`
warning: denote/yoco_goals/Pattern_1.lean:1132:35: Used `tac1 <;> tac2` where `(tac1; tac2)` would suffice

Note: This linter can be disabled with `set_option linter.unnecessarySeqFocus false`
warning: denote/yoco_goals/Pattern_1.lean:1412:2: `simp [elemwiseAdd, Tensor.mkShape, outShape2, hx, hy, broadcastValAtShape,
    alignedMultiIndex, flatToMulti, multiToFlat, prodShape]` is a flexible tactic modifying `⊢`. Try `simp?` and use the suggested `simp only [...]`. Alternatively, use `suffices` to explicitly state the simplified form.

Note: This linter can be disabled with `set_option linter.flexible false`
info: denote/yoco_goals/Pattern_1.lean:1414:2: `have hnorm : idx / 1024 * 1024 + idx % 1024 = idx := by omega` uses `⊢`!
warning: denote/yoco_goals/Pattern_1.lean:1412:2: `simp [elemwiseAdd, Tensor.mkShape, outShape2, hx, hy, broadcastValAtShape,
    alignedMultiIndex, flatToMulti, multiToFlat, prodShape]` is a flexible tactic modifying `⊢`. Try `simp?` and use the suggested `simp only [...]`. Alternatively, use `suffices` to explicitly state the simplified form.

Note: This linter can be disabled with `set_option linter.flexible false`
info: denote/yoco_goals/Pattern_1.lean:1415:2: `rw [hnorm]` uses `⊢`!
warning: denote/yoco_goals/Pattern_1.lean:1424:2: `simp [elemwiseAdd, Tensor.mkShape, outShape2, hx, hy, broadcastValAtShape,
    alignedMultiIndex, flatToMulti, multiToFlat, prodShape]` is a flexible tactic modifying `⊢`. Try `simp?` and use the suggested `simp only [...]`. Alternatively, use `suffices` to explicitly state the simplified form.

Note: This linter can be disabled with `set_option linter.flexible false`
info: denote/yoco_goals/Pattern_1.lean:1426:2: `have hnorm : idx / 1024 * 1024 + idx % 1024 = idx := by omega` uses `⊢`!
warning: denote/yoco_goals/Pattern_1.lean:1424:2: `simp [elemwiseAdd, Tensor.mkShape, outShape2, hx, hy, broadcastValAtShape,
    alignedMultiIndex, flatToMulti, multiToFlat, prodShape]` is a flexible tactic modifying `⊢`. Try `simp?` and use the suggested `simp only [...]`. Alternatively, use `suffices` to explicitly state the simplified form.

Note: This linter can be disabled with `set_option linter.flexible false`
info: denote/yoco_goals/Pattern_1.lean:1427:2: `rw [hnorm]` uses `⊢`!
warning: denote/yoco_goals/Pattern_1.lean:1540:5: Variable name `hS` is not explicitly referenced.

The binding can be removed (if unused) or named `_` (if used implicitly).

Note: This linter can be disabled with `set_option linter.unusedVariables false`
warning: denote/yoco_goals/Pattern_1.lean:1547:2: `simp [elemwiseMul, Tensor.mkShape, outShape2, ha, hc, broadcastValAtShape,
    alignedMultiIndex, flatToMulti, multiToFlat, prodShape, hS_ne1, hH_ne1, hH_ne]` is a flexible tactic modifying `⊢`. Try `simp?` and use the suggested `simp only [...]`. Alternatively, use `suffices` to explicitly state the simplified form.

Note: This linter can be disabled with `set_option linter.flexible false`
info: denote/yoco_goals/Pattern_1.lean:1549:2: `have hnorm : idx / H * H + idx % H = idx :=
  by
  conv_lhs => rw [Nat.mul_comm (idx / H) H]
  exact Nat.div_add_mod idx H` uses `⊢`!
warning: denote/yoco_goals/Pattern_1.lean:1547:2: `simp [elemwiseMul, Tensor.mkShape, outShape2, ha, hc, broadcastValAtShape,
    alignedMultiIndex, flatToMulti, multiToFlat, prodShape, hS_ne1, hH_ne1, hH_ne]` is a flexible tactic modifying `⊢`. Try `simp?` and use the suggested `simp only [...]`. Alternatively, use `suffices` to explicitly state the simplified form.

Note: This linter can be disabled with `set_option linter.flexible false`
info: denote/yoco_goals/Pattern_1.lean:1552:2: `rw [hnorm]` uses `⊢`!
warning: denote/yoco_goals/Pattern_1.lean:1558:5: Variable name `hS` is not explicitly referenced.

The binding can be removed (if unused) or named `_` (if used implicitly).

Note: This linter can be disabled with `set_option linter.unusedVariables false`
warning: denote/yoco_goals/Pattern_1.lean:1567:2: `simp [elemwiseMul, Tensor.mkShape, outShape2, ha, hc, broadcastValAtShape,
    alignedMultiIndex, flatToMulti, multiToFlat, prodShape,
    Nat.max_eq_right hH_ge_1, hS_ne1, hH_ne1, hH_ne]` is a flexible tactic modifying `⊢`. Try `simp?` and use the suggested `simp only [...]`. Alternatively, use `suffices` to explicitly state the simplified form.

Note: This linter can be disabled with `set_option linter.flexible false`
info: denote/yoco_goals/Pattern_1.lean:1570:2: `left` uses `⊢`!
warning: denote/yoco_goals/Pattern_1.lean:1567:2: `simp [elemwiseMul, Tensor.mkShape, outShape2, ha, hc, broadcastValAtShape,
    alignedMultiIndex, flatToMulti, multiToFlat, prodShape,
    Nat.max_eq_right hH_ge_1, hS_ne1, hH_ne1, hH_ne]` is a flexible tactic modifying `⊢`. Try `simp?` and use the suggested `simp only [...]`. Alternatively, use `suffices` to explicitly state the simplified form.

Note: This linter can be disabled with `set_option linter.flexible false`
info: denote/yoco_goals/Pattern_1.lean:1572:2: `conv_lhs => rw [Nat.mul_comm (idx / H) H]` uses `⊢`!
warning: denote/yoco_goals/Pattern_1.lean:1567:2: `simp [elemwiseMul, Tensor.mkShape, outShape2, ha, hc, broadcastValAtShape,
    alignedMultiIndex, flatToMulti, multiToFlat, prodShape,
    Nat.max_eq_right hH_ge_1, hS_ne1, hH_ne1, hH_ne]` is a flexible tactic modifying `⊢`. Try `simp?` and use the suggested `simp only [...]`. Alternatively, use `suffices` to explicitly state the simplified form.

Note: This linter can be disabled with `set_option linter.flexible false`
info: denote/yoco_goals/Pattern_1.lean:1573:2: `exact Nat.div_add_mod idx H` uses `⊢`!
warning: denote/yoco_goals/Pattern_1.lean:1594:6: This simp argument is unused:
  Nat.max_self

Hint: Omit it from the simp argument list.
  simp [elemwiseMul, Tensor.mkShape, outShape2, ha, hc, N̵a̵t̵.̵m̵a̵x̵_̵s̵e̵l̵f̵,̵ ̵Nat.max_eq_right hH_ge_1]

Note: This linter can be disabled with `set_option linter.unusedSimpArgs false`
warning: denote/yoco_goals/Pattern_1.lean:1597:6: This simp argument is unused:
  Nat.max_self

Hint: Omit it from the simp argument list.
  simp [elemwiseMul, Tensor.mkShape, outShape2, hb, hd, N̵a̵t̵.̵m̵a̵x̵_̵s̵e̵l̵f̵,̵ ̵Nat.max_eq_right hH_ge_1]

Note: This linter can be disabled with `set_option linter.unusedSimpArgs false`
warning: denote/yoco_goals/Pattern_1.lean:1604:6: This simp argument is unused:
  Nat.max_self

Hint: Omit it from the simp argument list.
  simp [elemwiseMul, Tensor.mkShape, outShape2, hG_ab, hG_cd, N̵a̵t̵.̵m̵a̵x̵_̵s̵e̵l̵f̵,̵ ̵Nat.max_eq_right hH_ge_1]

Note: This linter can be disabled with `set_option linter.unusedSimpArgs false`
warning: denote/yoco_goals/Pattern_1.lean:1714:50: `simp` is a flexible tactic modifying `⊢`. Try `simp?` and use the suggested `simp only [...]`. Alternatively, use `suffices` to explicitly state the simplified form.

Note: This linter can be disabled with `set_option linter.flexible false`
info: denote/yoco_goals/Pattern_1.lean:1714:56: `exact hc` uses `⊢`!
warning: denote/yoco_goals/Pattern_1.lean:1721:40: `simp` is a flexible tactic modifying `⊢`. Try `simp?` and use the suggested `simp only [...]`. Alternatively, use `suffices` to explicitly state the simplified form.

Note: This linter can be disabled with `set_option linter.flexible false`
info: denote/yoco_goals/Pattern_1.lean:1721:46: `exact hG_shape` uses `⊢`!
warning: denote/yoco_goals/Pattern_1.lean:1725:40: `simp` is a flexible tactic modifying `⊢`. Try `simp?` and use the suggested `simp only [...]`. Alternatively, use `suffices` to explicitly state the simplified form.

Note: This linter can be disabled with `set_option linter.flexible false`
info: denote/yoco_goals/Pattern_1.lean:1725:46: `exact hG_shape` uses `⊢`!
warning: denote/yoco_goals/Pattern_1.lean:1799:51: `simp` is a flexible tactic modifying `⊢`. Try `simp?` and use the suggested `simp only [...]`. Alternatively, use `suffices` to explicitly state the simplified form.

Note: This linter can be disabled with `set_option linter.flexible false`
info: denote/yoco_goals/Pattern_1.lean:1799:57: `exact hu` uses `⊢`!
warning: denote/yoco_goals/Pattern_1.lean:1808:39: `simp` is a flexible tactic modifying `⊢`. Try `simp?` and use the suggested `simp only [...]`. Alternatively, use `suffices` to explicitly state the simplified form.

Note: This linter can be disabled with `set_option linter.flexible false`
info: denote/yoco_goals/Pattern_1.lean:1808:45: `exact hG_cd` uses `⊢`!
warning: denote/yoco_goals/Pattern_1.lean:1812:39: `simp` is a flexible tactic modifying `⊢`. Try `simp?` and use the suggested `simp only [...]`. Alternatively, use `suffices` to explicitly state the simplified form.

Note: This linter can be disabled with `set_option linter.flexible false`
info: denote/yoco_goals/Pattern_1.lean:1812:45: `exact hG_cd` uses `⊢`!
warning: denote/yoco_goals/Pattern_1.lean:1939:23: `simp [prodShape]` is a flexible tactic modifying `⊢`. Try `simp?` and use the suggested `simp only [...]`. Alternatively, use `suffices` to explicitly state the simplified form.

Note: This linter can be disabled with `set_option linter.flexible false`
info: denote/yoco_goals/Pattern_1.lean:1939:41: `exact hidx_bound` uses `⊢`!
warning: denote/yoco_goals/Pattern_1.lean:1992:21: `simp [prodShape]` is a flexible tactic modifying `⊢`. Try `simp?` and use the suggested `simp only [...]`. Alternatively, use `suffices` to explicitly state the simplified form.

Note: This linter can be disabled with `set_option linter.flexible false`
info: denote/yoco_goals/Pattern_1.lean:1992:39: `exact hloc_bound` uses `⊢`!
warning: denote/yoco_goals/Pattern_1.lean:2068:20: This simp argument is unused:
  prodShape

Hint: Omit it from the simp argument list.
  simp [k_matmul,̵ ̵p̵r̵o̵d̵S̵h̵a̵p̵e̵]

Note: This linter can be disabled with `set_option linter.unusedSimpArgs false`
warning: denote/yoco_goals/Pattern_1.lean:2117:20: This simp argument is unused:
  prodShape

Hint: Omit it from the simp argument list.
  simp [k_matmul,̵ ̵p̵r̵o̵d̵S̵h̵a̵p̵e̵]

Note: This linter can be disabled with `set_option linter.unusedSimpArgs false`
warning: denote/yoco_goals/Pattern_1.lean:2068:4: `simp [k_matmul, prodShape]
    -- Row for LHS: outIdx / o = r * bshard + il (from houtIdx_eq)` is a flexible tactic modifying `⊢`. Try `simp?` and use the suggested `simp only [...]`. Alternatively, use `suffices` to explicitly state the simplified form.

Note: This linter can be disabled with `set_option linter.flexible false`
info: denote/yoco_goals/Pattern_1.lean:2070:4: `have hout_div : outIdx / o = r * bshard + il := by
  rw [houtIdx_eq]
  have h1 : ((r * bshard + il) * o + c) / o = c / o + (r * bshard + il) := by
    rw [Nat.add_comm, Nat.add_mul_div_right c (r * bshard + il) ho]
  rw [h1, Nat.div_eq_of_lt hc_lt]; ring` uses `⊢`!
warning: denote/yoco_goals/Pattern_1.lean:2068:4: `simp [k_matmul, prodShape]
    -- Row for LHS: outIdx / o = r * bshard + il (from houtIdx_eq)` is a flexible tactic modifying `⊢`. Try `simp?` and use the suggested `simp only [...]`. Alternatively, use `suffices` to explicitly state the simplified form.

Note: This linter can be disabled with `set_option linter.flexible false`
info: denote/yoco_goals/Pattern_1.lean:2075:4: `have hout_mod : outIdx % o = c := by
  rw [houtIdx_eq]
  have h1 : ((r * bshard + il) * o + c) % o = c % o := by rw [Nat.add_comm, Nat.add_mul_mod_self_right]
  rw [h1, Nat.mod_eq_of_lt hc_lt]` uses `⊢`!
warning: denote/yoco_goals/Pattern_1.lean:2068:4: `simp [k_matmul, prodShape]
    -- Row for LHS: outIdx / o = r * bshard + il (from houtIdx_eq)` is a flexible tactic modifying `⊢`. Try `simp?` and use the suggested `simp only [...]`. Alternatively, use `suffices` to explicitly state the simplified form.

Note: This linter can be disabled with `set_option linter.flexible false`
info: denote/yoco_goals/Pattern_1.lean:2080:4: `rw [hout_div, hout_mod]` uses `⊢`!
warning: denote/yoco_goals/Pattern_1.lean:2068:4: `simp [k_matmul, prodShape]
    -- Row for LHS: outIdx / o = r * bshard + il (from houtIdx_eq)` is a flexible tactic modifying `⊢`. Try `simp?` and use the suggested `simp only [...]`. Alternatively, use `suffices` to explicitly state the simplified form.

Note: This linter can be disabled with `set_option linter.flexible false`
info: denote/yoco_goals/Pattern_1.lean:2082:4: `have hRHS_val :
  valAt (allGatherPrimDimN 0 2 0 [fw_linear a w, fw_linear b w]) outIdx =
    valAt ([fw_linear a w, fw_linear b w].getD r (zeroTensor [bshard, o])) (il * o + c) :=
  by
  rw [houtIdx_eq]
  have hshapes_lin :
    ∀ r' (_ : r' < 2), (([fw_linear a w, fw_linear b w].getD r' (zeroTensor [bshard, o]))).shape = [bshard, o] :=
    by
    intro r' hr'
    have : r' = 0 ∨ r' = 1 := by interval_cases r' <;> [left; right] <;> rfl
    rcases this with h | h <;> rw [h] <;> simp [List.getD, hlin_a, hlin_b]
  exact
    allGatherPrimDimN0_valAt 2 bshard o [fw_linear a w, fw_linear b w] (by omega) hbshard ho hhead_lin hshapes_lin r
      hr_lt il hil_lt c hc_lt` uses `⊢`!
warning: denote/yoco_goals/Pattern_1.lean:2068:4: `simp [k_matmul, prodShape]
    -- Row for LHS: outIdx / o = r * bshard + il (from houtIdx_eq)` is a flexible tactic modifying `⊢`. Try `simp?` and use the suggested `simp only [...]`. Alternatively, use `suffices` to explicitly state the simplified form.

Note: This linter can be disabled with `set_option linter.flexible false`
info: denote/yoco_goals/Pattern_1.lean:2092:4: `rw [hRHS_val]` uses `⊢`!
warning: denote/yoco_goals/Pattern_1.lean:2068:4: `simp [k_matmul, prodShape]
    -- Row for LHS: outIdx / o = r * bshard + il (from houtIdx_eq)` is a flexible tactic modifying `⊢`. Try `simp?` and use the suggested `simp only [...]`. Alternatively, use `suffices` to explicitly state the simplified form.

Note: This linter can be disabled with `set_option linter.flexible false`
info: denote/yoco_goals/Pattern_1.lean:2095:4: `have hgetD_lin :
  [fw_linear a w, fw_linear b w].getD r (zeroTensor [bshard, o]) =
    fw_linear ([a, b].getD r (zeroTensor [bshard, i])) w :=
  by rcases hr_cases with h | h <;> rw [h] <;> simp [List.getD]` uses `⊢`!
warning: denote/yoco_goals/Pattern_1.lean:2068:4: `simp [k_matmul, prodShape]
    -- Row for LHS: outIdx / o = r * bshard + il (from houtIdx_eq)` is a flexible tactic modifying `⊢`. Try `simp?` and use the suggested `simp only [...]`. Alternatively, use `suffices` to explicitly state the simplified form.

Note: This linter can be disabled with `set_option linter.flexible false`
info: denote/yoco_goals/Pattern_1.lean:2099:4: `rw [hgetD_lin]` uses `⊢`!
warning: denote/yoco_goals/Pattern_1.lean:2068:4: `simp [k_matmul, prodShape]
    -- Row for LHS: outIdx / o = r * bshard + il (from houtIdx_eq)` is a flexible tactic modifying `⊢`. Try `simp?` and use the suggested `simp only [...]`. Alternatively, use `suffices` to explicitly state the simplified form.

Note: This linter can be disabled with `set_option linter.flexible false`
info: denote/yoco_goals/Pattern_1.lean:2101:4: `set ear := [a, b].getD r (zeroTensor [bshard, i])` uses `⊢`!
warning: denote/yoco_goals/Pattern_1.lean:2068:4: `simp [k_matmul, prodShape]
    -- Row for LHS: outIdx / o = r * bshard + il (from houtIdx_eq)` is a flexible tactic modifying `⊢`. Try `simp?` and use the suggested `simp only [...]`. Alternatively, use `suffices` to explicitly state the simplified form.

Note: This linter can be disabled with `set_option linter.flexible false`
info: denote/yoco_goals/Pattern_1.lean:2102:4: `have hear_shape : ear.shape = [bshard, i] :=
  by
  show ([a, b].getD r (zeroTensor [bshard, i])).shape = [bshard, i]
  rcases hr_cases with h | h <;> rw [h] <;> simp [List.getD, ha, hb]` uses `⊢`!
warning: denote/yoco_goals/Pattern_1.lean:2068:4: `simp [k_matmul, prodShape]
    -- Row for LHS: outIdx / o = r * bshard + il (from houtIdx_eq)` is a flexible tactic modifying `⊢`. Try `simp?` and use the suggested `simp only [...]`. Alternatively, use `suffices` to explicitly state the simplified form.

Note: This linter can be disabled with `set_option linter.flexible false`
info: denote/yoco_goals/Pattern_1.lean:2105:4: `have hloc_bound : il * o + c < bshard * o :=
  by
  have h1 : il * o + c < il * o + o := by omega
  have h2 : il * o + o = (il + 1) * o := by ring
  have h3 : (il + 1) * o ≤ bshard * o := Nat.mul_le_mul_right _ (by omega)
  omega` uses `⊢`!
warning: denote/yoco_goals/Pattern_1.lean:2068:4: `simp [k_matmul, prodShape]
    -- Row for LHS: outIdx / o = r * bshard + il (from houtIdx_eq)` is a flexible tactic modifying `⊢`. Try `simp?` and use the suggested `simp only [...]`. Alternatively, use `suffices` to explicitly state the simplified form.

Note: This linter can be disabled with `set_option linter.flexible false`
info: denote/yoco_goals/Pattern_1.lean:2110:4: `have hRHS_lin_val :
  valAt (fw_linear ear w) (il * o + c) =
    k_matmul bshard o i ear w ⟨il * o + c, by show il * o + c < prodShape [bshard, o]; simp [prodShape]; linarith⟩ :=
  by
  rw [TrainVerify.Denote.fw_linear_is_matmul bshard i o ear w hear_shape hw]
  rw [valAt_of_lt _ _ (by show il * o + c < prodShape [bshard, o]; simp [prodShape]; linarith)]
  rfl` uses `⊢`!
warning: denote/yoco_goals/Pattern_1.lean:2068:4: `simp [k_matmul, prodShape]
    -- Row for LHS: outIdx / o = r * bshard + il (from houtIdx_eq)` is a flexible tactic modifying `⊢`. Try `simp?` and use the suggested `simp only [...]`. Alternatively, use `suffices` to explicitly state the simplified form.

Note: This linter can be disabled with `set_option linter.flexible false`
info: denote/yoco_goals/Pattern_1.lean:2115:4: `rw [hRHS_lin_val]` uses `⊢`!
warning: denote/yoco_goals/Pattern_1.lean:2068:4: `simp [k_matmul, prodShape]
    -- Row for LHS: outIdx / o = r * bshard + il (from houtIdx_eq)` is a flexible tactic modifying `⊢`. Try `simp?` and use the suggested `simp only [...]`. Alternatively, use `suffices` to explicitly state the simplified form.

Note: This linter can be disabled with `set_option linter.flexible false`
info: denote/yoco_goals/Pattern_1.lean:2119:4: `have hil_div : (il * o + c) / o = il :=
  by
  have h1 : (il * o + c) / o = c / o + il := by rw [Nat.add_comm, Nat.add_mul_div_right c il ho]
  rw [h1, Nat.div_eq_of_lt hc_lt]; ring` uses `⊢`!
warning: denote/yoco_goals/Pattern_1.lean:2068:4: `simp [k_matmul, prodShape]
    -- Row for LHS: outIdx / o = r * bshard + il (from houtIdx_eq)` is a flexible tactic modifying `⊢`. Try `simp?` and use the suggested `simp only [...]`. Alternatively, use `suffices` to explicitly state the simplified form.

Note: This linter can be disabled with `set_option linter.flexible false`
info: denote/yoco_goals/Pattern_1.lean:2124:4: `rw [hil_div, hc_mod']` uses `⊢`!
warning: denote/yoco_goals/Pattern_1.lean:2068:4: `simp [k_matmul, prodShape]
    -- Row for LHS: outIdx / o = r * bshard + il (from houtIdx_eq)` is a flexible tactic modifying `⊢`. Try `simp?` and use the suggested `simp only [...]`. Alternatively, use `suffices` to explicitly state the simplified form.

Note: This linter can be disabled with `set_option linter.flexible false`
info: denote/yoco_goals/Pattern_1.lean:2126:4: `apply Finset.sum_congr rfl` uses `⊢`!
warning: denote/yoco_goals/Pattern_1.lean:2068:4: `simp [k_matmul, prodShape]
    -- Row for LHS: outIdx / o = r * bshard + il (from houtIdx_eq)` is a flexible tactic modifying `⊢`. Try `simp?` and use the suggested `simp only [...]`. Alternatively, use `suffices` to explicitly state the simplified form.

Note: This linter can be disabled with `set_option linter.flexible false`
info: denote/yoco_goals/Pattern_1.lean:2127:4: `intro j hj` uses `⊢`!
warning: denote/yoco_goals/Pattern_1.lean:2128:29: `simp [Finset.mem_range] at hj` is a flexible tactic modifying `hj`. Try `simp?` and use the suggested `simp only [...]`. Alternatively, use `suffices` to explicitly state the simplified form.

Note: This linter can be disabled with `set_option linter.flexible false`
info: denote/yoco_goals/Pattern_1.lean:2128:60: `exact hj` uses `hj`!
warning: denote/yoco_goals/Pattern_1.lean:2068:4: `simp [k_matmul, prodShape]
    -- Row for LHS: outIdx / o = r * bshard + il (from houtIdx_eq)` is a flexible tactic modifying `⊢`. Try `simp?` and use the suggested `simp only [...]`. Alternatively, use `suffices` to explicitly state the simplified form.

Note: This linter can be disabled with `set_option linter.flexible false`
info: denote/yoco_goals/Pattern_1.lean:2129:4: `have hshapes_ab : ∀ r' (_ : r' < 2), (([a, b].getD r' (zeroTensor [bshard, i]))).shape = [bshard, i] :=
  by
  intro r' hr'
  have : r' = 0 ∨ r' = 1 := by interval_cases r' <;> [left; right] <;> rfl
  rcases this with h | h <;> rw [h] <;> simp [List.getD, ha, hb]` uses `⊢`!
warning: denote/yoco_goals/Pattern_1.lean:2068:4: `simp [k_matmul, prodShape]
    -- Row for LHS: outIdx / o = r * bshard + il (from houtIdx_eq)` is a flexible tactic modifying `⊢`. Try `simp?` and use the suggested `simp only [...]`. Alternatively, use `suffices` to explicitly state the simplified form.

Note: This linter can be disabled with `set_option linter.flexible false`
info: denote/yoco_goals/Pattern_1.lean:2135:4: `rw [allGatherPrimDimN0_valAt 2 bshard i [a, b] (by omega) hbshard hi hhead_ab hshapes_ab r hr_lt il hil_lt j
    hj_lt]` uses `⊢`!
warning: denote/yoco_goals/Pattern_1.lean:2044:30: The `show` tactic should only be used to indicate intermediate goal states for readability.
However, this tactic invocation changed the goal. Please use `change` instead for these purposes.

Note: This linter can be disabled with `set_option linter.style.show false`
warning: denote/yoco_goals/Pattern_1.lean:2103:6: The `show` tactic should only be used to indicate intermediate goal states for readability.
However, this tactic invocation changed the goal. Please use `change` instead for these purposes.

Note: This linter can be disabled with `set_option linter.style.show false`
warning: denote/yoco_goals/Pattern_1.lean:2113:30: The `show` tactic should only be used to indicate intermediate goal states for readability.
However, this tactic invocation changed the goal. Please use `change` instead for these purposes.

Note: This linter can be disabled with `set_option linter.style.show false`
warning: denote/yoco_goals/Pattern_1.lean:2150:4: The `show` tactic should only be used to indicate intermediate goal states for readability.
However, this tactic invocation changed the goal. Please use `change` instead for these purposes.

Note: This linter can be disabled with `set_option linter.style.show false`
warning: denote/yoco_goals/Pattern_1.lean:2159:5: Variable name `hshard` is not explicitly referenced.

The binding can be removed (if unused) or named `_` (if used implicitly).

Note: This linter can be disabled with `set_option linter.unusedVariables false`
warning: denote/yoco_goals/Pattern_1.lean:2222:23: This simp argument is unused:
  hmod

Hint: Omit it from the simp argument list.
  simp [hE_ne, hdiv, hm̵o̵d̵,̵ ̵h̵e_mod]

Note: This linter can be disabled with `set_option linter.unusedSimpArgs false`
warning: denote/yoco_goals/Pattern_1.lean:2240:23: This simp argument is unused:
  hmod

Hint: Omit it from the simp argument list.
  simp [hE_ne, hdiv, hm̵o̵d̵,̵ ̵h̵e_mod]

Note: This linter can be disabled with `set_option linter.unusedSimpArgs false`
warning: denote/yoco_goals/Pattern_1.lean:2191:4: `simp [prodShape]` is a flexible tactic modifying `⊢`. Try `simp?` and use the suggested `simp only [...]`. Alternatively, use `suffices` to explicitly state the simplified form.

Note: This linter can be disabled with `set_option linter.flexible false`
info: denote/yoco_goals/Pattern_1.lean:2192:4: `have h1 : (r * S + i) * E + e < (r * S + i) * E + E := by omega` uses `⊢`!
warning: denote/yoco_goals/Pattern_1.lean:2191:4: `simp [prodShape]` is a flexible tactic modifying `⊢`. Try `simp?` and use the suggested `simp only [...]`. Alternatively, use `suffices` to explicitly state the simplified form.

Note: This linter can be disabled with `set_option linter.flexible false`
info: denote/yoco_goals/Pattern_1.lean:2193:4: `have h2 : (r * S + i) * E + E = (r * S + i + 1) * E := by ring` uses `⊢`!
warning: denote/yoco_goals/Pattern_1.lean:2191:4: `simp [prodShape]` is a flexible tactic modifying `⊢`. Try `simp?` and use the suggested `simp only [...]`. Alternatively, use `suffices` to explicitly state the simplified form.

Note: This linter can be disabled with `set_option linter.flexible false`
info: denote/yoco_goals/Pattern_1.lean:2194:4: `have h3 : (r * S + i + 1) * E ≤ S * 2 * E := Nat.mul_le_mul_right E (by nlinarith)` uses `⊢`!
warning: denote/yoco_goals/Pattern_1.lean:2197:4: `simp [prodShape]` is a flexible tactic modifying `⊢`. Try `simp?` and use the suggested `simp only [...]`. Alternatively, use `suffices` to explicitly state the simplified form.

Note: This linter can be disabled with `set_option linter.flexible false`
info: denote/yoco_goals/Pattern_1.lean:2198:4: `have h1 : i * E + e < i * E + E := by omega` uses `⊢`!
warning: denote/yoco_goals/Pattern_1.lean:2197:4: `simp [prodShape]` is a flexible tactic modifying `⊢`. Try `simp?` and use the suggested `simp only [...]`. Alternatively, use `suffices` to explicitly state the simplified form.

Note: This linter can be disabled with `set_option linter.flexible false`
info: denote/yoco_goals/Pattern_1.lean:2199:4: `have h2 : i * E + E = (i + 1) * E := by ring` uses `⊢`!
warning: denote/yoco_goals/Pattern_1.lean:2197:4: `simp [prodShape]` is a flexible tactic modifying `⊢`. Try `simp?` and use the suggested `simp only [...]`. Alternatively, use `suffices` to explicitly state the simplified form.

Note: This linter can be disabled with `set_option linter.flexible false`
info: denote/yoco_goals/Pattern_1.lean:2200:4: `have h3 : (i + 1) * E ≤ S * E := Nat.mul_le_mul_right E (by omega)` uses `⊢`!
warning: denote/yoco_goals/Pattern_1.lean:2212:4: `simp [Tensor.mkShape, List.reverse]` is a flexible tactic modifying `⊢`. Try `simp?` and use the suggested `simp only [...]`. Alternatively, use `suffices` to explicitly state the simplified form.

Note: This linter can be disabled with `set_option linter.flexible false`
info: denote/yoco_goals/Pattern_1.lean:2212:4: Try this:
  [apply] simp only [Lean.Elab.WF.paramLet, ite_mul, zero_mul, dite_eq_ite]
info: denote/yoco_goals/Pattern_1.lean:2214:4: `have hdiv : ((r * S + i) * E + e) / E = r * S + i :=
  by
  have h1 : ((r * S + i) * E + e) / E = e / E + (r * S + i) := by
    rw [Nat.add_comm, Nat.add_mul_div_right e (r * S + i) hE]
  rw [h1, Nat.div_eq_of_lt he]; ring` uses `⊢`!
warning: denote/yoco_goals/Pattern_1.lean:2212:4: `simp [Tensor.mkShape, List.reverse]` is a flexible tactic modifying `⊢`. Try `simp?` and use the suggested `simp only [...]`. Alternatively, use `suffices` to explicitly state the simplified form.

Note: This linter can be disabled with `set_option linter.flexible false`
info: denote/yoco_goals/Pattern_1.lean:2212:4: Try this:
  [apply] simp only [Lean.Elab.WF.paramLet, ite_mul, zero_mul, dite_eq_ite]
info: denote/yoco_goals/Pattern_1.lean:2218:4: `have hmod : ((r * S + i) * E + e) % E = e :=
  by
  have h1 : ((r * S + i) * E + e) % E = e % E := by rw [Nat.add_comm, Nat.add_mul_mod_self_right]
  rw [h1, Nat.mod_eq_of_lt he]` uses `⊢`!
warning: denote/yoco_goals/Pattern_1.lean:2230:4: `simp [Tensor.mkShape, List.reverse]` is a flexible tactic modifying `⊢`. Try `simp?` and use the suggested `simp only [...]`. Alternatively, use `suffices` to explicitly state the simplified form.

Note: This linter can be disabled with `set_option linter.flexible false`
info: denote/yoco_goals/Pattern_1.lean:2230:4: Try this:
  [apply] simp only [Lean.Elab.WF.paramLet, ite_mul, zero_mul, dite_eq_ite]
info: denote/yoco_goals/Pattern_1.lean:2232:4: `have hdiv : (i * E + e) / E = i :=
  by
  have h1 : (i * E + e) / E = e / E + i := by rw [Nat.add_comm, Nat.add_mul_div_right e i hE]
  rw [h1, Nat.div_eq_of_lt he]; ring` uses `⊢`!
warning: denote/yoco_goals/Pattern_1.lean:2230:4: `simp [Tensor.mkShape, List.reverse]` is a flexible tactic modifying `⊢`. Try `simp?` and use the suggested `simp only [...]`. Alternatively, use `suffices` to explicitly state the simplified form.

Note: This linter can be disabled with `set_option linter.flexible false`
info: denote/yoco_goals/Pattern_1.lean:2230:4: Try this:
  [apply] simp only [Lean.Elab.WF.paramLet, ite_mul, zero_mul, dite_eq_ite]
info: denote/yoco_goals/Pattern_1.lean:2236:4: `have hmod : (i * E + e) % E = e :=
  by
  have h1 : (i * E + e) % E = e % E := by rw [Nat.add_comm, Nat.add_mul_mod_self_right]
  rw [h1, Nat.mod_eq_of_lt he]` uses `⊢`!
warning: denote/yoco_goals/Pattern_1.lean:2252:29: `simp [Finset.mem_range] at hj` is a flexible tactic modifying `hj`. Try `simp?` and use the suggested `simp only [...]`. Alternatively, use `suffices` to explicitly state the simplified form.

Note: This linter can be disabled with `set_option linter.flexible false`
info: denote/yoco_goals/Pattern_1.lean:2252:60: `exact hj` uses `hj`!
warning: denote/yoco_goals/Pattern_1.lean:2277:4: `simp [Tensor.mkShape]` is a flexible tactic modifying `⊢`. Try `simp?` and use the suggested `simp only [...]`. Alternatively, use `suffices` to explicitly state the simplified form.

Note: This linter can be disabled with `set_option linter.flexible false`
info: denote/yoco_goals/Pattern_1.lean:2278:4: `rw [ha]` uses `⊢`!
warning: denote/yoco_goals/Pattern_1.lean:2281:4: `simp [Tensor.mkShape]` is a flexible tactic modifying `⊢`. Try `simp?` and use the suggested `simp only [...]`. Alternatively, use `suffices` to explicitly state the simplified form.

Note: This linter can be disabled with `set_option linter.flexible false`
info: denote/yoco_goals/Pattern_1.lean:2282:4: `rw [hb]` uses `⊢`!
warning: denote/yoco_goals/Pattern_1.lean:2289:4: `simp [Tensor.mkShape]` is a flexible tactic modifying `⊢`. Try `simp?` and use the suggested `simp only [...]`. Alternatively, use `suffices` to explicitly state the simplified form.

Note: This linter can be disabled with `set_option linter.flexible false`
info: denote/yoco_goals/Pattern_1.lean:2290:4: `rw [hG_ab]` uses `⊢`!
warning: denote/yoco_goals/Pattern_1.lean:2404:35: `simp [Finset.mem_range] at he''` is a flexible tactic modifying `he''`. Try `simp?` and use the suggested `simp only [...]`. Alternatively, use `suffices` to explicitly state the simplified form.

Note: This linter can be disabled with `set_option linter.flexible false`
info: denote/yoco_goals/Pattern_1.lean:2404:68: `exact he''` uses `he''`!
warning: denote/yoco_goals/Pattern_1.lean:2418:33: `simp [Finset.mem_range] at he'` is a flexible tactic modifying `he'`. Try `simp?` and use the suggested `simp only [...]`. Alternatively, use `suffices` to explicitly state the simplified form.

Note: This linter can be disabled with `set_option linter.flexible false`
info: denote/yoco_goals/Pattern_1.lean:2418:65: `exact he'` uses `he'`!
warning: denote/yoco_goals/Pattern_1.lean:2441:4: `simp [Tensor.mkShape]` is a flexible tactic modifying `⊢`. Try `simp?` and use the suggested `simp only [...]`. Alternatively, use `suffices` to explicitly state the simplified form.

Note: This linter can be disabled with `set_option linter.flexible false`
info: denote/yoco_goals/Pattern_1.lean:2442:4: `rw [ha]` uses `⊢`!
warning: denote/yoco_goals/Pattern_1.lean:2445:4: `simp [Tensor.mkShape]` is a flexible tactic modifying `⊢`. Try `simp?` and use the suggested `simp only [...]`. Alternatively, use `suffices` to explicitly state the simplified form.

Note: This linter can be disabled with `set_option linter.flexible false`
info: denote/yoco_goals/Pattern_1.lean:2446:4: `rw [hb]` uses `⊢`!
warning: denote/yoco_goals/Pattern_1.lean:2453:4: `simp [Tensor.mkShape]` is a flexible tactic modifying `⊢`. Try `simp?` and use the suggested `simp only [...]`. Alternatively, use `suffices` to explicitly state the simplified form.

Note: This linter can be disabled with `set_option linter.flexible false`
info: denote/yoco_goals/Pattern_1.lean:2454:4: `rw [hG_ab]` uses `⊢`!
warning: denote/yoco_goals/Pattern_1.lean:2559:35: `simp [Finset.mem_range] at he''` is a flexible tactic modifying `he''`. Try `simp?` and use the suggested `simp only [...]`. Alternatively, use `suffices` to explicitly state the simplified form.

Note: This linter can be disabled with `set_option linter.flexible false`
info: denote/yoco_goals/Pattern_1.lean:2559:68: `exact he''` uses `he''`!
warning: denote/yoco_goals/Pattern_1.lean:2613:24: This simp argument is unused:
  List.set

Hint: Omit it from the simp argument list.
  simp [Tensor.mkShape, List.s̵e̵t̵,̵ ̵L̵i̵s̵t̵.̵getD, List.drop, List.foldl]

Note: This linter can be disabled with `set_option linter.unusedSimpArgs false`
warning: denote/yoco_goals/Pattern_1.lean:2613:34: This simp argument is unused:
  List.getD

Hint: Omit it from the simp argument list.
  simp [Tensor.mkShape, List.set, List.g̵e̵t̵D̵,̵ ̵L̵i̵s̵t̵.̵drop, List.foldl]

Note: This linter can be disabled with `set_option linter.unusedSimpArgs false`
warning: denote/yoco_goals/Pattern_1.lean:2613:45: This simp argument is unused:
  List.drop

Hint: Omit it from the simp argument list.
  simp [Tensor.mkShape, List.set, List.getD, List.d̵r̵o̵p̵,̵ ̵L̵i̵s̵t̵.̵foldl]

Note: This linter can be disabled with `set_option linter.unusedSimpArgs false`
warning: denote/yoco_goals/Pattern_1.lean:2613:56: This simp argument is unused:
  List.foldl

Hint: Omit it from the simp argument list.
  simp [Tensor.mkShape, List.set, List.getD, List.drop,̵ ̵L̵i̵s̵t̵.̵f̵o̵l̵d̵l̵]

Note: This linter can be disabled with `set_option linter.unusedSimpArgs false`
warning: denote/yoco_goals/Pattern_1.lean:2671:29: This simp argument is unused:
  hE2_ne

Hint: Omit it from the simp argument list.
  simp [hE_ne, hh_ne, hd_ne, hE̵2̵_̵n̵e̵,̵ ̵hh̵d_ne, hEhd_ne, hpre_div, hpre_mod, hjFull_val, hk_val,
  ̵  ̵ ̵ ̵ ̵ ̵ ̵ ̵hr'_val,
  ̲  ̲ ̲ ̲hjLocal_val]

Note: This linter can be disabled with `set_option linter.unusedSimpArgs false`
warning: denote/yoco_goals/Pattern_1.lean:2671:37: This simp argument is unused:
  hhd_ne

Hint: Omit it from the simp argument list.
  simp [hE_ne, hh_ne, hd_ne, hE2_ne, hh̵d̵_̵n̵e̵,̵ ̵h̵Ehd_ne, hpre_div, hpre_mod, hjFull_val, hk_val,
  ̵  ̵ ̵ ̵ ̵ ̵ ̵ ̵hr'_val,
  ̲  ̲ ̲ ̲hjLocal_val]

Note: This linter can be disabled with `set_option linter.unusedSimpArgs false`
warning: denote/yoco_goals/Pattern_1.lean:2671:45: This simp argument is unused:
  hEhd_ne

Hint: Omit it from the simp argument list.
  simp [hE_ne, hh_ne, hd_ne, hE2_ne, hhd_ne, hE̵h̵d̵_̵n̵e̵,̵ ̵h̵pre_div, hpre_mod, hjFull_val, hk_val,
  ̵  ̵ ̵ ̵ ̵ ̵ ̵ ̵hr'_val,
  ̲  ̲ ̲ ̲hjLocal_val]

Note: This linter can be disabled with `set_option linter.unusedSimpArgs false`
warning: denote/yoco_goals/Pattern_1.lean:2613:2: `simp [Tensor.mkShape, List.set, List.getD, List.drop, List.foldl]
  -- The mkShape function computes valAt (Ws.getD r' _) (preIdx * dimStride + jLocal * postStride + k)
  -- shardShape=[E,h,d], gatherDim=0.
  -- dimSize = E, fullDimSize = E*2, postStride = h*d, dimStride = E*h*d, fullDimStride = E*2*h*d` is a flexible tactic modifying `⊢`. Try `simp?` and use the suggested `simp only [...]`. Alternatively, use `suffices` to explicitly state the simplified form.

Note: This linter can be disabled with `set_option linter.flexible false`
info: denote/yoco_goals/Pattern_1.lean:2613:2: Try this:
  [apply] simp only [List.set_cons_zero, List.length_cons, List.length_nil, zero_add, Nat.reduceAdd, Nat.ofNat_pos,
    getElem?_pos, List.getElem_cons_zero, Option.getD_some, one_mul, mul_eq_zero, OfNat.ofNat_ne_zero, or_false]
info: denote/yoco_goals/Pattern_1.lean:2617:2: `set idx := ((r * E + eLocal) * h + hi) * d + di with hidx_def` uses `⊢`!
warning: denote/yoco_goals/Pattern_1.lean:2613:2: `simp [Tensor.mkShape, List.set, List.getD, List.drop, List.foldl]
  -- The mkShape function computes valAt (Ws.getD r' _) (preIdx * dimStride + jLocal * postStride + k)
  -- shardShape=[E,h,d], gatherDim=0.
  -- dimSize = E, fullDimSize = E*2, postStride = h*d, dimStride = E*h*d, fullDimStride = E*2*h*d` is a flexible tactic modifying `⊢`. Try `simp?` and use the suggested `simp only [...]`. Alternatively, use `suffices` to explicitly state the simplified form.

Note: This linter can be disabled with `set_option linter.flexible false`
info: denote/yoco_goals/Pattern_1.lean:2613:2: Try this:
  [apply] simp only [List.set_cons_zero, List.length_cons, List.length_nil, zero_add, Nat.reduceAdd, Nat.ofNat_pos,
    getElem?_pos, List.getElem_cons_zero, Option.getD_some, one_mul, mul_eq_zero, OfNat.ofNat_ne_zero, or_false]
info: denote/yoco_goals/Pattern_1.lean:2621:2: `have hE2_ne : E * 2 ≠ 0 := Nat.mul_ne_zero hE_ne (by omega)` uses `⊢`!
warning: denote/yoco_goals/Pattern_1.lean:2613:2: `simp [Tensor.mkShape, List.set, List.getD, List.drop, List.foldl]
  -- The mkShape function computes valAt (Ws.getD r' _) (preIdx * dimStride + jLocal * postStride + k)
  -- shardShape=[E,h,d], gatherDim=0.
  -- dimSize = E, fullDimSize = E*2, postStride = h*d, dimStride = E*h*d, fullDimStride = E*2*h*d` is a flexible tactic modifying `⊢`. Try `simp?` and use the suggested `simp only [...]`. Alternatively, use `suffices` to explicitly state the simplified form.

Note: This linter can be disabled with `set_option linter.flexible false`
info: denote/yoco_goals/Pattern_1.lean:2613:2: Try this:
  [apply] simp only [List.set_cons_zero, List.length_cons, List.length_nil, zero_add, Nat.reduceAdd, Nat.ofNat_pos,
    getElem?_pos, List.getElem_cons_zero, Option.getD_some, one_mul, mul_eq_zero, OfNat.ofNat_ne_zero, or_false]
info: denote/yoco_goals/Pattern_1.lean:2622:2: `have hhd_ne : h * d ≠ 0 := Nat.mul_ne_zero hh_ne hd_ne` uses `⊢`!
warning: denote/yoco_goals/Pattern_1.lean:2613:2: `simp [Tensor.mkShape, List.set, List.getD, List.drop, List.foldl]
  -- The mkShape function computes valAt (Ws.getD r' _) (preIdx * dimStride + jLocal * postStride + k)
  -- shardShape=[E,h,d], gatherDim=0.
  -- dimSize = E, fullDimSize = E*2, postStride = h*d, dimStride = E*h*d, fullDimStride = E*2*h*d` is a flexible tactic modifying `⊢`. Try `simp?` and use the suggested `simp only [...]`. Alternatively, use `suffices` to explicitly state the simplified form.

Note: This linter can be disabled with `set_option linter.flexible false`
info: denote/yoco_goals/Pattern_1.lean:2613:2: Try this:
  [apply] simp only [List.set_cons_zero, List.length_cons, List.length_nil, zero_add, Nat.reduceAdd, Nat.ofNat_pos,
    getElem?_pos, List.getElem_cons_zero, Option.getD_some, one_mul, mul_eq_zero, OfNat.ofNat_ne_zero, or_false]
info: denote/yoco_goals/Pattern_1.lean:2623:2: `have hEhd_ne : E * 2 * (h * d) ≠ 0 := Nat.mul_ne_zero hE2_ne hhd_ne` uses `⊢`!
warning: denote/yoco_goals/Pattern_1.lean:2613:2: `simp [Tensor.mkShape, List.set, List.getD, List.drop, List.foldl]
  -- The mkShape function computes valAt (Ws.getD r' _) (preIdx * dimStride + jLocal * postStride + k)
  -- shardShape=[E,h,d], gatherDim=0.
  -- dimSize = E, fullDimSize = E*2, postStride = h*d, dimStride = E*h*d, fullDimStride = E*2*h*d` is a flexible tactic modifying `⊢`. Try `simp?` and use the suggested `simp only [...]`. Alternatively, use `suffices` to explicitly state the simplified form.

Note: This linter can be disabled with `set_option linter.flexible false`
info: denote/yoco_goals/Pattern_1.lean:2613:2: Try this:
  [apply] simp only [List.set_cons_zero, List.length_cons, List.length_nil, zero_add, Nat.reduceAdd, Nat.ofNat_pos,
    getElem?_pos, List.getElem_cons_zero, Option.getD_some, one_mul, mul_eq_zero, OfNat.ofNat_ne_zero, or_false]
info: denote/yoco_goals/Pattern_1.lean:2625:2: `have hidx_bound2 : idx < E * 2 * (h * d) := by rw [hidx_def]; simp only [Nat.mul_assoc]; convert hout_bound using 1;
  ring` uses `⊢`!
warning: denote/yoco_goals/Pattern_1.lean:2613:2: `simp [Tensor.mkShape, List.set, List.getD, List.drop, List.foldl]
  -- The mkShape function computes valAt (Ws.getD r' _) (preIdx * dimStride + jLocal * postStride + k)
  -- shardShape=[E,h,d], gatherDim=0.
  -- dimSize = E, fullDimSize = E*2, postStride = h*d, dimStride = E*h*d, fullDimStride = E*2*h*d` is a flexible tactic modifying `⊢`. Try `simp?` and use the suggested `simp only [...]`. Alternatively, use `suffices` to explicitly state the simplified form.

Note: This linter can be disabled with `set_option linter.flexible false`
info: denote/yoco_goals/Pattern_1.lean:2613:2: Try this:
  [apply] simp only [List.set_cons_zero, List.length_cons, List.length_nil, zero_add, Nat.reduceAdd, Nat.ofNat_pos,
    getElem?_pos, List.getElem_cons_zero, Option.getD_some, one_mul, mul_eq_zero, OfNat.ofNat_ne_zero, or_false]
info: denote/yoco_goals/Pattern_1.lean:2627:2: `have hpre_div : idx / (E * 2 * (h * d)) = 0 := Nat.div_eq_of_lt hidx_bound2` uses `⊢`!
warning: denote/yoco_goals/Pattern_1.lean:2613:2: `simp [Tensor.mkShape, List.set, List.getD, List.drop, List.foldl]
  -- The mkShape function computes valAt (Ws.getD r' _) (preIdx * dimStride + jLocal * postStride + k)
  -- shardShape=[E,h,d], gatherDim=0.
  -- dimSize = E, fullDimSize = E*2, postStride = h*d, dimStride = E*h*d, fullDimStride = E*2*h*d` is a flexible tactic modifying `⊢`. Try `simp?` and use the suggested `simp only [...]`. Alternatively, use `suffices` to explicitly state the simplified form.

Note: This linter can be disabled with `set_option linter.flexible false`
info: denote/yoco_goals/Pattern_1.lean:2613:2: Try this:
  [apply] simp only [List.set_cons_zero, List.length_cons, List.length_nil, zero_add, Nat.reduceAdd, Nat.ofNat_pos,
    getElem?_pos, List.getElem_cons_zero, Option.getD_some, one_mul, mul_eq_zero, OfNat.ofNat_ne_zero, or_false]
info: denote/yoco_goals/Pattern_1.lean:2628:2: `have hpre_mod : idx % (E * 2 * (h * d)) = idx := Nat.mod_eq_of_lt hidx_bound2` uses `⊢`!
warning: denote/yoco_goals/Pattern_1.lean:2613:2: `simp [Tensor.mkShape, List.set, List.getD, List.drop, List.foldl]
  -- The mkShape function computes valAt (Ws.getD r' _) (preIdx * dimStride + jLocal * postStride + k)
  -- shardShape=[E,h,d], gatherDim=0.
  -- dimSize = E, fullDimSize = E*2, postStride = h*d, dimStride = E*h*d, fullDimStride = E*2*h*d` is a flexible tactic modifying `⊢`. Try `simp?` and use the suggested `simp only [...]`. Alternatively, use `suffices` to explicitly state the simplified form.

Note: This linter can be disabled with `set_option linter.flexible false`
info: denote/yoco_goals/Pattern_1.lean:2613:2: Try this:
  [apply] simp only [List.set_cons_zero, List.length_cons, List.length_nil, zero_add, Nat.reduceAdd, Nat.ofNat_pos,
    getElem?_pos, List.getElem_cons_zero, Option.getD_some, one_mul, mul_eq_zero, OfNat.ofNat_ne_zero, or_false]
info: denote/yoco_goals/Pattern_1.lean:2630:2: `have hjFull_val : idx / (h * d) = r * E + eLocal := by
  rw [hidx_def]
  have h1 : ((r * E + eLocal) * h + hi) * d + di = ((r * E + eLocal) * h + hi) * d + di := rfl
  have h2 : ((r * E + eLocal) * h + hi) * d + di = (r * E + eLocal) * (h * d) + (hi * d + di) := by ring
  rw [h2]
  have h_small_lt : hi * d + di < h * d := by
    calc
      hi * d + di < hi * d + d := by omega
      _ = (hi + 1) * d := by ring
      _ ≤ h * d := Nat.mul_le_mul_right _ (by omega)
  have h_div : ((r * E + eLocal) * (h * d) + (hi * d + di)) / (h * d) = (hi * d + di) / (h * d) + (r * E + eLocal) := by
    rw [Nat.add_comm, Nat.add_mul_div_right _ _ (by positivity)]
  rw [h_div, Nat.div_eq_of_lt h_small_lt]; ring` uses `⊢`!
warning: denote/yoco_goals/Pattern_1.lean:2613:2: `simp [Tensor.mkShape, List.set, List.getD, List.drop, List.foldl]
  -- The mkShape function computes valAt (Ws.getD r' _) (preIdx * dimStride + jLocal * postStride + k)
  -- shardShape=[E,h,d], gatherDim=0.
  -- dimSize = E, fullDimSize = E*2, postStride = h*d, dimStride = E*h*d, fullDimStride = E*2*h*d` is a flexible tactic modifying `⊢`. Try `simp?` and use the suggested `simp only [...]`. Alternatively, use `suffices` to explicitly state the simplified form.

Note: This linter can be disabled with `set_option linter.flexible false`
info: denote/yoco_goals/Pattern_1.lean:2613:2: Try this:
  [apply] simp only [List.set_cons_zero, List.length_cons, List.length_nil, zero_add, Nat.reduceAdd, Nat.ofNat_pos,
    getElem?_pos, List.getElem_cons_zero, Option.getD_some, one_mul, mul_eq_zero, OfNat.ofNat_ne_zero, or_false]
info: denote/yoco_goals/Pattern_1.lean:2646:2: `have hk_val : idx % (h * d) = hi * d + di := by
  rw [hidx_def]
  have h2 : ((r * E + eLocal) * h + hi) * d + di = (r * E + eLocal) * (h * d) + (hi * d + di) := by ring
  rw [h2]
  have h_small_lt : hi * d + di < h * d := by
    calc
      hi * d + di < hi * d + d := by omega
      _ = (hi + 1) * d := by ring
      _ ≤ h * d := Nat.mul_le_mul_right _ (by omega)
  have h_mod : ((r * E + eLocal) * (h * d) + (hi * d + di)) % (h * d) = (hi * d + di) % (h * d) := by
    rw [Nat.add_comm, Nat.add_mul_mod_self_right]
  rw [h_mod, Nat.mod_eq_of_lt h_small_lt]` uses `⊢`!
warning: denote/yoco_goals/Pattern_1.lean:2613:2: `simp [Tensor.mkShape, List.set, List.getD, List.drop, List.foldl]
  -- The mkShape function computes valAt (Ws.getD r' _) (preIdx * dimStride + jLocal * postStride + k)
  -- shardShape=[E,h,d], gatherDim=0.
  -- dimSize = E, fullDimSize = E*2, postStride = h*d, dimStride = E*h*d, fullDimStride = E*2*h*d` is a flexible tactic modifying `⊢`. Try `simp?` and use the suggested `simp only [...]`. Alternatively, use `suffices` to explicitly state the simplified form.

Note: This linter can be disabled with `set_option linter.flexible false`
info: denote/yoco_goals/Pattern_1.lean:2613:2: Try this:
  [apply] simp only [List.set_cons_zero, List.length_cons, List.length_nil, zero_add, Nat.reduceAdd, Nat.ofNat_pos,
    getElem?_pos, List.getElem_cons_zero, Option.getD_some, one_mul, mul_eq_zero, OfNat.ofNat_ne_zero, or_false]
info: denote/yoco_goals/Pattern_1.lean:2660:2: `have hr'_val : (r * E + eLocal) / E = r :=
  by
  have h1 : (r * E + eLocal) / E = eLocal / E + r := by rw [Nat.add_comm, Nat.add_mul_div_right eLocal r hE]
  rw [h1, Nat.div_eq_of_lt heLocal]; ring` uses `⊢`!
warning: denote/yoco_goals/Pattern_1.lean:2613:2: `simp [Tensor.mkShape, List.set, List.getD, List.drop, List.foldl]
  -- The mkShape function computes valAt (Ws.getD r' _) (preIdx * dimStride + jLocal * postStride + k)
  -- shardShape=[E,h,d], gatherDim=0.
  -- dimSize = E, fullDimSize = E*2, postStride = h*d, dimStride = E*h*d, fullDimStride = E*2*h*d` is a flexible tactic modifying `⊢`. Try `simp?` and use the suggested `simp only [...]`. Alternatively, use `suffices` to explicitly state the simplified form.

Note: This linter can be disabled with `set_option linter.flexible false`
info: denote/yoco_goals/Pattern_1.lean:2613:2: Try this:
  [apply] simp only [List.set_cons_zero, List.length_cons, List.length_nil, zero_add, Nat.reduceAdd, Nat.ofNat_pos,
    getElem?_pos, List.getElem_cons_zero, Option.getD_some, one_mul, mul_eq_zero, OfNat.ofNat_ne_zero, or_false]
info: denote/yoco_goals/Pattern_1.lean:2665:2: `have hjLocal_val : (r * E + eLocal) % E = eLocal :=
  by
  have h1 : (r * E + eLocal) % E = eLocal % E := by rw [Nat.add_comm, Nat.add_mul_mod_self_right]
  rw [h1, Nat.mod_eq_of_lt heLocal]` uses `⊢`!
warning: denote/yoco_goals/Pattern_1.lean:2610:4: The `show` tactic should only be used to indicate intermediate goal states for readability.
However, this tactic invocation changed the goal. Please use `change` instead for these purposes.

Note: This linter can be disabled with `set_option linter.style.show false`
warning: denote/yoco_goals/Pattern_1.lean:2738:35: `simp [Finset.mem_range] at hd` is a flexible tactic modifying `hd`. Try `simp?` and use the suggested `simp only [...]`. Alternatively, use `suffices` to explicitly state the simplified form.

Note: This linter can be disabled with `set_option linter.flexible false`
info: denote/yoco_goals/Pattern_1.lean:2738:66: `exact hd` uses `hd`!
warning: denote/yoco_goals/Pattern_1.lean:2747:36: `simp [Finset.mem_range] at hk` is a flexible tactic modifying `hk`. Try `simp?` and use the suggested `simp only [...]`. Alternatively, use `suffices` to explicitly state the simplified form.

Note: This linter can be disabled with `set_option linter.flexible false`
info: denote/yoco_goals/Pattern_1.lean:2747:67: `exact hk` uses `hk`!
warning: denote/yoco_goals/Pattern_1.lean:2757:36: `simp [Finset.mem_range] at hk` is a flexible tactic modifying `hk`. Try `simp?` and use the suggested `simp only [...]`. Alternatively, use `suffices` to explicitly state the simplified form.

Note: This linter can be disabled with `set_option linter.flexible false`
info: denote/yoco_goals/Pattern_1.lean:2757:67: `exact hk` uses `hk`!
warning: denote/yoco_goals/Pattern_1.lean:2766:5: Variable name `hL` is not explicitly referenced.

The binding can be removed (if unused) or named `_` (if used implicitly).

Note: This linter can be disabled with `set_option linter.unusedVariables false`
warning: denote/yoco_goals/Pattern_1.lean:2766:41: Variable name `hnE` is not explicitly referenced.

The binding can be removed (if unused) or named `_` (if used implicitly).

Note: This linter can be disabled with `set_option linter.unusedVariables false`
warning: denote/yoco_goals/Pattern_1.lean:2766:60: Variable name `hE_total` is not explicitly referenced.

The binding can be removed (if unused) or named `_` (if used implicitly).

Note: This linter can be disabled with `set_option linter.unusedVariables false`
warning: denote/yoco_goals/Pattern_1.lean:2767:5: Variable name `hstart_le_end` is not explicitly referenced.

The binding can be removed (if unused) or named `_` (if used implicitly).

Note: This linter can be disabled with `set_option linter.unusedVariables false`
warning: denote/yoco_goals/Pattern_1.lean:2782:4: `simp [prodShape, List.reverse_cons]` is a flexible tactic modifying `⊢`. Try `simp?` and use the suggested `simp only [...]`. Alternatively, use `suffices` to explicitly state the simplified form.

Note: This linter can be disabled with `set_option linter.flexible false`
info: denote/yoco_goals/Pattern_1.lean:2782:4: Try this:
  [apply] simp only [List.head?_cons, Option.getD_some, List.reverse_cons, List.reverse_nil, List.nil_append,
    List.cons_append]
info: denote/yoco_goals/Pattern_1.lean:2783:4: `calc
  l * hModel + h_col < l * hModel + hModel := by omega
  _ = (l + 1) * hModel := by ring
  _ ≤ L * hModel := Nat.mul_le_mul_right _ (by omega)` uses `⊢`!
warning: denote/yoco_goals/Pattern_1.lean:2868:52: Variable name `ht` is not explicitly referenced.

The binding can be removed (if unused) or named `_` (if used implicitly).

Note: This linter can be disabled with `set_option linter.unusedVariables false`
warning: denote/yoco_goals/Pattern_1.lean:2868:69: Variable name `hd` is not explicitly referenced.

The binding can be removed (if unused) or named `_` (if used implicitly).

Note: This linter can be disabled with `set_option linter.unusedVariables false`
warning: denote/yoco_goals/Pattern_1.lean:2873:51: Variable name `hw13_b` is not explicitly referenced.

The binding can be removed (if unused) or named `_` (if used implicitly).

Note: This linter can be disabled with `set_option linter.unusedVariables false`
warning: denote/yoco_goals/Pattern_1.lean:2874:5: Variable name `hw2_a` is not explicitly referenced.

The binding can be removed (if unused) or named `_` (if used implicitly).

Note: This linter can be disabled with `set_option linter.unusedVariables false`
warning: denote/yoco_goals/Pattern_1.lean:2874:49: Variable name `hw2_b` is not explicitly referenced.

The binding can be removed (if unused) or named `_` (if used implicitly).

Note: This linter can be disabled with `set_option linter.unusedVariables false`
warning: denote/yoco_goals/Pattern_1.lean:3015:41: `simp [Finset.mem_range] at hx` is a flexible tactic modifying `hx`. Try `simp?` and use the suggested `simp only [...]`. Alternatively, use `suffices` to explicitly state the simplified form.

Note: This linter can be disabled with `set_option linter.flexible false`
info: denote/yoco_goals/Pattern_1.lean:3015:72: `exact hx` uses `hx`!
warning: denote/yoco_goals/Pattern_1.lean:3062:41: `simp [Finset.mem_range] at hx` is a flexible tactic modifying `hx`. Try `simp?` and use the suggested `simp only [...]`. Alternatively, use `suffices` to explicitly state the simplified form.

Note: This linter can be disabled with `set_option linter.flexible false`
info: denote/yoco_goals/Pattern_1.lean:3062:72: `exact hx` uses `hx`!
warning: denote/yoco_goals/Pattern_1.lean:2921:4: The `show` tactic should only be used to indicate intermediate goal states for readability.
However, this tactic invocation changed the goal. Please use `change` instead for these purposes.

Note: This linter can be disabled with `set_option linter.style.show false`
warning: denote/yoco_goals/Pattern_1.lean:2926:4: The `show` tactic should only be used to indicate intermediate goal states for readability.
However, this tactic invocation changed the goal. Please use `change` instead for these purposes.

Note: This linter can be disabled with `set_option linter.style.show false`
warning: denote/yoco_goals/Pattern_1.lean:2942:4: The `show` tactic should only be used to indicate intermediate goal states for readability.
However, this tactic invocation changed the goal. Please use `change` instead for these purposes.

Note: This linter can be disabled with `set_option linter.style.show false`
warning: denote/yoco_goals/Pattern_1.lean:3329:19: This simp argument is unused:
  show ∀ (t₁ t₂ : Tensor) (d : Tensor), ([t₁, t₂] : List Tensor).getD 1 d = t₂ from fun _ _ _ => rfl

Hint: Omit it from the simp argument list.
  simp only [Nat.zero_mul, Nat.zero_add,
            show ∀ (t₁ t₂ : Tensor) (d : Tensor), ([t₁, t₂] : List Tensor).getD 0 d = t₁ from
  ̲  ̲ ̲ ̲ ̲ ̲ ̲ ̲ ̲ ̲ ̲ ̲ ̲ ̲fun _ _ _ => r̵f̵l̵,̵
  ̵ ̵ ̵ ̵ ̵ ̵ ̵ ̵ ̵ ̵ ̵ ̵ ̵ ̵ ̵ ̵ ̵ ̵ ̵ ̵s̵h̵o̵w̵ ̵∀̵ ̵(̵t̵₁̵ ̵t̵₂̵ ̵:̵ ̵T̵e̵n̵s̵o̵r̵)̵ ̵(̵d̵ ̵:̵ ̵T̵e̵n̵s̵o̵r̵)̵,̵ ̵(̵[̵t̵₁̵,̵ ̵t̵₂̵]̵ ̵:̵ ̵L̵i̵s̵t̵ ̵T̵e̵n̵s̵o̵r̵)̵.̵g̵e̵t̵D̵ ̵1̵ ̵d̵ ̵=̵ ̵t̵₂̵ ̵f̵r̵o̵m̵ ̵f̵u̵n̵ ̵_̵ ̵_̵ ̵_̵ ̵=̵>̵ ̵rfl] at this

Note: This linter can be disabled with `set_option linter.unusedSimpArgs false`
warning: denote/yoco_goals/Pattern_1.lean:3343:19: This simp argument is unused:
  show ∀ (t₁ t₂ : Tensor) (d : Tensor), ([t₁, t₂] : List Tensor).getD 1 d = t₂ from fun _ _ _ => rfl

Hint: Omit it from the simp argument list.
  simp only [Nat.zero_mul, Nat.zero_add,
            show ∀ (t₁ t₂ : Tensor) (d : Tensor), ([t₁, t₂] : List Tensor).getD 0 d = t₁ from
  ̲  ̲ ̲ ̲ ̲ ̲ ̲ ̲ ̲ ̲ ̲ ̲ ̲ ̲fun _ _ _ => r̵f̵l̵,̵
  ̵ ̵ ̵ ̵ ̵ ̵ ̵ ̵ ̵ ̵ ̵ ̵ ̵ ̵ ̵ ̵ ̵ ̵ ̵ ̵s̵h̵o̵w̵ ̵∀̵ ̵(̵t̵₁̵ ̵t̵₂̵ ̵:̵ ̵T̵e̵n̵s̵o̵r̵)̵ ̵(̵d̵ ̵:̵ ̵T̵e̵n̵s̵o̵r̵)̵,̵ ̵(̵[̵t̵₁̵,̵ ̵t̵₂̵]̵ ̵:̵ ̵L̵i̵s̵t̵ ̵T̵e̵n̵s̵o̵r̵)̵.̵g̵e̵t̵D̵ ̵1̵ ̵d̵ ̵=̵ ̵t̵₂̵ ̵f̵r̵o̵m̵ ̵f̵u̵n̵ ̵_̵ ̵_̵ ̵_̵ ̵=̵>̵ ̵rfl] at this

Note: This linter can be disabled with `set_option linter.unusedSimpArgs false`
warning: denote/yoco_goals/Pattern_1.lean:3357:19: This simp argument is unused:
  show ∀ (t₁ t₂ : Tensor) (d : Tensor), ([t₁, t₂] : List Tensor).getD 1 d = t₂ from fun _ _ _ => rfl

Hint: Omit it from the simp argument list.
  simp only [Nat.zero_mul, Nat.zero_add,
            show ∀ (t₁ t₂ : Tensor) (d : Tensor), ([t₁, t₂] : List Tensor).getD 0 d = t₁ from
  ̲  ̲ ̲ ̲ ̲ ̲ ̲ ̲ ̲ ̲ ̲ ̲ ̲ ̲fun _ _ _ => r̵f̵l̵,̵
  ̵ ̵ ̵ ̵ ̵ ̵ ̵ ̵ ̵ ̵ ̵ ̵ ̵ ̵ ̵ ̵ ̵ ̵ ̵ ̵s̵h̵o̵w̵ ̵∀̵ ̵(̵t̵₁̵ ̵t̵₂̵ ̵:̵ ̵T̵e̵n̵s̵o̵r̵)̵ ̵(̵d̵ ̵:̵ ̵T̵e̵n̵s̵o̵r̵)̵,̵ ̵(̵[̵t̵₁̵,̵ ̵t̵₂̵]̵ ̵:̵ ̵L̵i̵s̵t̵ ̵T̵e̵n̵s̵o̵r̵)̵.̵g̵e̵t̵D̵ ̵1̵ ̵d̵ ̵=̵ ̵t̵₂̵ ̵f̵r̵o̵m̵ ̵f̵u̵n̵ ̵_̵ ̵_̵ ̵_̵ ̵=̵>̵ ̵rfl] at this

Note: This linter can be disabled with `set_option linter.unusedSimpArgs false`
warning: denote/yoco_goals/Pattern_1.lean:3372:19: This simp argument is unused:
  show ∀ (t₁ t₂ : Tensor) (d : Tensor), ([t₁, t₂] : List Tensor).getD 1 d = t₂ from fun _ _ _ => rfl

Hint: Omit it from the simp argument list.
  simp only [Nat.zero_mul, Nat.zero_add,
            show ∀ (t₁ t₂ : Tensor) (d : Tensor), ([t₁, t₂] : List Tensor).getD 0 d = t₁ from
  ̲  ̲ ̲ ̲ ̲ ̲ ̲ ̲ ̲ ̲ ̲ ̲ ̲ ̲fun _ _ _ => r̵f̵l̵,̵
  ̵ ̵ ̵ ̵ ̵ ̵ ̵ ̵ ̵ ̵ ̵ ̵ ̵ ̵ ̵ ̵ ̵ ̵ ̵ ̵s̵h̵o̵w̵ ̵∀̵ ̵(̵t̵₁̵ ̵t̵₂̵ ̵:̵ ̵T̵e̵n̵s̵o̵r̵)̵ ̵(̵d̵ ̵:̵ ̵T̵e̵n̵s̵o̵r̵)̵,̵ ̵(̵[̵t̵₁̵,̵ ̵t̵₂̵]̵ ̵:̵ ̵L̵i̵s̵t̵ ̵T̵e̵n̵s̵o̵r̵)̵.̵g̵e̵t̵D̵ ̵1̵ ̵d̵ ̵=̵ ̵t̵₂̵ ̵f̵r̵o̵m̵ ̵f̵u̵n̵ ̵_̵ ̵_̵ ̵_̵ ̵=̵>̵ ̵rfl] at this

Note: This linter can be disabled with `set_option linter.unusedSimpArgs false`
warning: denote/yoco_goals/Pattern_1.lean:3387:19: This simp argument is unused:
  show ∀ (t₁ t₂ : Tensor) (d : Tensor), ([t₁, t₂] : List Tensor).getD 1 d = t₂ from fun _ _ _ => rfl

Hint: Omit it from the simp argument list.
  simp only [Nat.zero_mul, Nat.zero_add,
            show ∀ (t₁ t₂ : Tensor) (d : Tensor), ([t₁, t₂] : List Tensor).getD 0 d = t₁ from
  ̲  ̲ ̲ ̲ ̲ ̲ ̲ ̲ ̲ ̲ ̲ ̲ ̲ ̲fun _ _ _ => r̵f̵l̵,̵
  ̵ ̵ ̵ ̵ ̵ ̵ ̵ ̵ ̵ ̵ ̵ ̵ ̵ ̵ ̵ ̵ ̵ ̵ ̵ ̵s̵h̵o̵w̵ ̵∀̵ ̵(̵t̵₁̵ ̵t̵₂̵ ̵:̵ ̵T̵e̵n̵s̵o̵r̵)̵ ̵(̵d̵ ̵:̵ ̵T̵e̵n̵s̵o̵r̵)̵,̵ ̵(̵[̵t̵₁̵,̵ ̵t̵₂̵]̵ ̵:̵ ̵L̵i̵s̵t̵ ̵T̵e̵n̵s̵o̵r̵)̵.̵g̵e̵t̵D̵ ̵1̵ ̵d̵ ̵=̵ ̵t̵₂̵ ̵f̵r̵o̵m̵ ̵f̵u̵n̵ ̵_̵ ̵_̵ ̵_̵ ̵=̵>̵ ̵rfl] at this

Note: This linter can be disabled with `set_option linter.unusedSimpArgs false`
warning: denote/yoco_goals/Pattern_1.lean:3401:19: This simp argument is unused:
  show ∀ (t₁ t₂ : Tensor) (d : Tensor), ([t₁, t₂] : List Tensor).getD 1 d = t₂ from fun _ _ _ => rfl

Hint: Omit it from the simp argument list.
  simp only [Nat.zero_mul, Nat.zero_add,
            show ∀ (t₁ t₂ : Tensor) (d : Tensor), ([t₁, t₂] : List Tensor).getD 0 d = t₁ from
  ̲  ̲ ̲ ̲ ̲ ̲ ̲ ̲ ̲ ̲ ̲ ̲ ̲ ̲fun _ _ _ => r̵f̵l̵,̵
  ̵ ̵ ̵ ̵ ̵ ̵ ̵ ̵ ̵ ̵ ̵ ̵ ̵ ̵ ̵ ̵ ̵ ̵ ̵ ̵s̵h̵o̵w̵ ̵∀̵ ̵(̵t̵₁̵ ̵t̵₂̵ ̵:̵ ̵T̵e̵n̵s̵o̵r̵)̵ ̵(̵d̵ ̵:̵ ̵T̵e̵n̵s̵o̵r̵)̵,̵ ̵(̵[̵t̵₁̵,̵ ̵t̵₂̵]̵ ̵:̵ ̵L̵i̵s̵t̵ ̵T̵e̵n̵s̵o̵r̵)̵.̵g̵e̵t̵D̵ ̵1̵ ̵d̵ ̵=̵ ̵t̵₂̵ ̵f̵r̵o̵m̵ ̵f̵u̵n̵ ̵_̵ ̵_̵ ̵_̵ ̵=̵>̵ ̵rfl] at this

Note: This linter can be disabled with `set_option linter.unusedSimpArgs false`
warning: denote/yoco_goals/Pattern_1.lean:3520:21: This simp argument is unused:
  show ∀ (t₁ t₂ : Tensor) (d : Tensor), ([t₁, t₂] : List Tensor).getD 0 d = t₁ from fun _ _ _ => rfl

Hint: Omit it from the simp argument list.
  simp only [show ∀ (t₁ t₂ : Tensor) (d : Tensor), ([t₁, t₂] : List Tensor).getD 0̵ ̵d̵ ̵=̵ ̵t̵₁̵ ̵f̵r̵o̵m̵ ̵f̵u̵n̵ ̵_̵ ̵_̵ ̵_̵ ̵=̵>̵ ̵r̵f̵l̵,̵
  ̵ ̵ ̵ ̵ ̵ ̵ ̵ ̵ ̵ ̵ ̵ ̵ ̵ ̵ ̵ ̵ ̵ ̵ ̵ ̵s̵h̵o̵w̵ ̵∀̵ ̵(̵t̵₁̵ ̵t̵₂̵ ̵:̵ ̵T̵e̵n̵s̵o̵r̵)̵ ̵(̵d̵ ̵:̵ ̵T̵e̵n̵s̵o̵r̵)̵,̵ ̵(̵[̵t̵₁̵,̵ ̵t̵₂̵]̵ ̵:̵ ̵L̵i̵s̵t̵ ̵T̵e̵n̵s̵o̵r̵)̵.̵g̵e̵t̵D̵ ̵1 d = t₂
  ̲  ̲ ̲ ̲ ̲ ̲ ̲ ̲ ̲ ̲ ̲ ̲ ̲ ̲ ̲ ̲from fun _ _ _ => rfl] at this

Note: This linter can be disabled with `set_option linter.unusedSimpArgs false`
warning: denote/yoco_goals/Pattern_1.lean:3284:39: `simp [Finset.mem_range] at hx` is a flexible tactic modifying `hx`. Try `simp?` and use the suggested `simp only [...]`. Alternatively, use `suffices` to explicitly state the simplified form.

Note: This linter can be disabled with `set_option linter.flexible false`
info: denote/yoco_goals/Pattern_1.lean:3284:70: `exact hx` uses `hx`!
warning: denote/yoco_goals/Pattern_1.lean:3317:37: `simp [Finset.mem_range] at hx` is a flexible tactic modifying `hx`. Try `simp?` and use the suggested `simp only [...]`. Alternatively, use `suffices` to explicitly state the simplified form.

Note: This linter can be disabled with `set_option linter.flexible false`
info: denote/yoco_goals/Pattern_1.lean:3317:68: `exact hx` uses `hx`!
warning: denote/yoco_goals/Pattern_1.lean:3434:39: `simp [Finset.mem_range] at hx` is a flexible tactic modifying `hx`. Try `simp?` and use the suggested `simp only [...]`. Alternatively, use `suffices` to explicitly state the simplified form.

Note: This linter can be disabled with `set_option linter.flexible false`
info: denote/yoco_goals/Pattern_1.lean:3434:70: `exact hx` uses `hx`!
warning: denote/yoco_goals/Pattern_1.lean:3458:37: `simp [Finset.mem_range] at hx` is a flexible tactic modifying `hx`. Try `simp?` and use the suggested `simp only [...]`. Alternatively, use `suffices` to explicitly state the simplified form.

Note: This linter can be disabled with `set_option linter.flexible false`
info: denote/yoco_goals/Pattern_1.lean:3458:68: `exact hx` uses `hx`!
warning: denote/yoco_goals/Pattern_1.lean:3500:37: `simp [Finset.mem_range] at hd` is a flexible tactic modifying `hd`. Try `simp?` and use the suggested `simp only [...]`. Alternatively, use `suffices` to explicitly state the simplified form.

Note: This linter can be disabled with `set_option linter.flexible false`
info: denote/yoco_goals/Pattern_1.lean:3500:68: `exact hd` uses `hd`!
warning: denote/yoco_goals/Pattern_1.lean:3551:36: `simp [Finset.mem_range] at hk` is a flexible tactic modifying `hk`. Try `simp?` and use the suggested `simp only [...]`. Alternatively, use `suffices` to explicitly state the simplified form.

Note: This linter can be disabled with `set_option linter.flexible false`
info: denote/yoco_goals/Pattern_1.lean:3551:67: `exact hk` uses `hk`!
warning: denote/yoco_goals/Pattern_1.lean:3561:36: `simp [Finset.mem_range] at hk` is a flexible tactic modifying `hk`. Try `simp?` and use the suggested `simp only [...]`. Alternatively, use `suffices` to explicitly state the simplified form.

Note: This linter can be disabled with `set_option linter.flexible false`
info: denote/yoco_goals/Pattern_1.lean:3561:67: `exact hk` uses `hk`!
warning: denote/yoco_goals/Pattern_1.lean:3168:4: The `show` tactic should only be used to indicate intermediate goal states for readability.
However, this tactic invocation changed the goal. Please use `change` instead for these purposes.

Note: This linter can be disabled with `set_option linter.style.show false`
warning: denote/yoco_goals/Pattern_1.lean:3173:4: The `show` tactic should only be used to indicate intermediate goal states for readability.
However, this tactic invocation changed the goal. Please use `change` instead for these purposes.

Note: This linter can be disabled with `set_option linter.style.show false`
warning: denote/yoco_goals/Pattern_1.lean:3195:4: The `show` tactic should only be used to indicate intermediate goal states for readability.
However, this tactic invocation changed the goal. Please use `change` instead for these purposes.

Note: This linter can be disabled with `set_option linter.style.show false`
warning: denote/yoco_goals/Pattern_1.lean:3611:5: Variable name `hshapes` is not explicitly referenced.

The binding can be removed (if unused) or named `_` (if used implicitly).

Note: This linter can be disabled with `set_option linter.unusedVariables false`
warning: denote/yoco_goals/Pattern_1.lean:3629:24: This simp argument is unused:
  List.set

Hint: Omit it from the simp argument list.
  simp [Tensor.mkShape, List.s̵e̵t̵,̵ ̵L̵i̵s̵t̵.̵getD]

Note: This linter can be disabled with `set_option linter.unusedSimpArgs false`
warning: denote/yoco_goals/Pattern_1.lean:3629:34: This simp argument is unused:
  List.getD

Hint: Omit it from the simp argument list.
  simp [Tensor.mkShape, List.set,̵ ̵L̵i̵s̵t̵.̵g̵e̵t̵D̵]

Note: This linter can be disabled with `set_option linter.unusedSimpArgs false`
warning: denote/yoco_goals/Pattern_1.lean:3654:20: This simp argument is unused:
  hLshard2_ne

Hint: Omit it from the simp argument list.
  simp [hLshard_ne, hL̵s̵h̵a̵r̵d̵2̵_̵n̵e̵,̵ ̵h̵idx_div_full, hidx_mod_full, hjFull_div, hjFull_mod, hmod1]

Note: This linter can be disabled with `set_option linter.unusedSimpArgs false`
warning: denote/yoco_goals/Pattern_1.lean:3627:4: `simp [prodShape, List.set, List.getD]` is a flexible tactic modifying `⊢`. Try `simp?` and use the suggested `simp only [...]`. Alternatively, use `suffices` to explicitly state the simplified form.

Note: This linter can be disabled with `set_option linter.flexible false`
info: denote/yoco_goals/Pattern_1.lean:3627:4: Try this:
  [apply] simp only [List.getD_eq_getElem?_getD, List.length_cons, List.length_nil, zero_add, Order.lt_one_iff,
    getElem?_pos, List.getElem_cons_zero, Option.getD_some, List.set_cons_zero]
info: denote/yoco_goals/Pattern_1.lean:3628:4: `exact hbound` uses `⊢`!
warning: denote/yoco_goals/Pattern_1.lean:3629:2: `simp [Tensor.mkShape, List.set, List.getD]
  -- The mkShape function computes valAt (Ws.getD r' _) (preIdx * dimStride + jLocal * postStride + k)
  -- After all simplifications with dimSize=Lshard, postStride=1, dimStride=Lshard, fullDimStride=Lshard*2:
  -- preIdx = idx / (Lshard*2) = 0 (since idx < Lshard*2)
  -- remainder = idx % (Lshard*2) = idx
  -- jFull = remainder / 1 = idx
  -- k = remainder % 1 = 0
  -- r' = jFull / Lshard = r (given hi)
  -- jLocal = jFull % Lshard = i (given hi)
  -- Reads Ws[r] at (0 * Lshard + i * 1 + 0) = i.` is a flexible tactic modifying `⊢`. Try `simp?` and use the suggested `simp only [...]`. Alternatively, use `suffices` to explicitly state the simplified form.

Note: This linter can be disabled with `set_option linter.flexible false`
info: denote/yoco_goals/Pattern_1.lean:3629:2: Try this:
  [apply] simp only [List.set_cons_zero, List.length_cons, List.length_nil, zero_add, Order.lt_one_iff, getElem?_pos,
    List.getElem_cons_zero, Option.getD_some, one_ne_zero, ↓dreduceIte, mul_one, mul_eq_zero, OfNat.ofNat_ne_zero,
    or_false]
info: denote/yoco_goals/Pattern_1.lean:3640:2: `have hLshard2_ne : Lshard * 2 ≠ 0 := Nat.mul_ne_zero hLshard_ne (by omega)` uses `⊢`!
warning: denote/yoco_goals/Pattern_1.lean:3629:2: `simp [Tensor.mkShape, List.set, List.getD]
  -- The mkShape function computes valAt (Ws.getD r' _) (preIdx * dimStride + jLocal * postStride + k)
  -- After all simplifications with dimSize=Lshard, postStride=1, dimStride=Lshard, fullDimStride=Lshard*2:
  -- preIdx = idx / (Lshard*2) = 0 (since idx < Lshard*2)
  -- remainder = idx % (Lshard*2) = idx
  -- jFull = remainder / 1 = idx
  -- k = remainder % 1 = 0
  -- r' = jFull / Lshard = r (given hi)
  -- jLocal = jFull % Lshard = i (given hi)
  -- Reads Ws[r] at (0 * Lshard + i * 1 + 0) = i.` is a flexible tactic modifying `⊢`. Try `simp?` and use the suggested `simp only [...]`. Alternatively, use `suffices` to explicitly state the simplified form.

Note: This linter can be disabled with `set_option linter.flexible false`
info: denote/yoco_goals/Pattern_1.lean:3629:2: Try this:
  [apply] simp only [List.set_cons_zero, List.length_cons, List.length_nil, zero_add, Order.lt_one_iff, getElem?_pos,
    List.getElem_cons_zero, Option.getD_some, one_ne_zero, ↓dreduceIte, mul_one, mul_eq_zero, OfNat.ofNat_ne_zero,
    or_false]
info: denote/yoco_goals/Pattern_1.lean:3641:2: `have hidx_div_full : (r * Lshard + i) / (Lshard * 2) = 0 := by apply Nat.div_eq_of_lt; exact hbound` uses `⊢`!
warning: denote/yoco_goals/Pattern_1.lean:3629:2: `simp [Tensor.mkShape, List.set, List.getD]
  -- The mkShape function computes valAt (Ws.getD r' _) (preIdx * dimStride + jLocal * postStride + k)
  -- After all simplifications with dimSize=Lshard, postStride=1, dimStride=Lshard, fullDimStride=Lshard*2:
  -- preIdx = idx / (Lshard*2) = 0 (since idx < Lshard*2)
  -- remainder = idx % (Lshard*2) = idx
  -- jFull = remainder / 1 = idx
  -- k = remainder % 1 = 0
  -- r' = jFull / Lshard = r (given hi)
  -- jLocal = jFull % Lshard = i (given hi)
  -- Reads Ws[r] at (0 * Lshard + i * 1 + 0) = i.` is a flexible tactic modifying `⊢`. Try `simp?` and use the suggested `simp only [...]`. Alternatively, use `suffices` to explicitly state the simplified form.

Note: This linter can be disabled with `set_option linter.flexible false`
info: denote/yoco_goals/Pattern_1.lean:3629:2: Try this:
  [apply] simp only [List.set_cons_zero, List.length_cons, List.length_nil, zero_add, Order.lt_one_iff, getElem?_pos,
    List.getElem_cons_zero, Option.getD_some, one_ne_zero, ↓dreduceIte, mul_one, mul_eq_zero, OfNat.ofNat_ne_zero,
    or_false]
info: denote/yoco_goals/Pattern_1.lean:3643:2: `have hidx_mod_full : (r * Lshard + i) % (Lshard * 2) = r * Lshard + i := by apply Nat.mod_eq_of_lt;
  exact hbound` uses `⊢`!
warning: denote/yoco_goals/Pattern_1.lean:3629:2: `simp [Tensor.mkShape, List.set, List.getD]
  -- The mkShape function computes valAt (Ws.getD r' _) (preIdx * dimStride + jLocal * postStride + k)
  -- After all simplifications with dimSize=Lshard, postStride=1, dimStride=Lshard, fullDimStride=Lshard*2:
  -- preIdx = idx / (Lshard*2) = 0 (since idx < Lshard*2)
  -- remainder = idx % (Lshard*2) = idx
  -- jFull = remainder / 1 = idx
  -- k = remainder % 1 = 0
  -- r' = jFull / Lshard = r (given hi)
  -- jLocal = jFull % Lshard = i (given hi)
  -- Reads Ws[r] at (0 * Lshard + i * 1 + 0) = i.` is a flexible tactic modifying `⊢`. Try `simp?` and use the suggested `simp only [...]`. Alternatively, use `suffices` to explicitly state the simplified form.

Note: This linter can be disabled with `set_option linter.flexible false`
info: denote/yoco_goals/Pattern_1.lean:3629:2: Try this:
  [apply] simp only [List.set_cons_zero, List.length_cons, List.length_nil, zero_add, Order.lt_one_iff, getElem?_pos,
    List.getElem_cons_zero, Option.getD_some, one_ne_zero, ↓dreduceIte, mul_one, mul_eq_zero, OfNat.ofNat_ne_zero,
    or_false]
info: denote/yoco_goals/Pattern_1.lean:3645:2: `have hjFull_div : (r * Lshard + i) / Lshard = r :=
  by
  have h1 : (r * Lshard + i) / Lshard = i / Lshard + r := by rw [Nat.add_comm, Nat.add_mul_div_right i r hLshard]
  rw [h1, Nat.div_eq_of_lt hi]; ring` uses `⊢`!
warning: denote/yoco_goals/Pattern_1.lean:3629:2: `simp [Tensor.mkShape, List.set, List.getD]
  -- The mkShape function computes valAt (Ws.getD r' _) (preIdx * dimStride + jLocal * postStride + k)
  -- After all simplifications with dimSize=Lshard, postStride=1, dimStride=Lshard, fullDimStride=Lshard*2:
  -- preIdx = idx / (Lshard*2) = 0 (since idx < Lshard*2)
  -- remainder = idx % (Lshard*2) = idx
  -- jFull = remainder / 1 = idx
  -- k = remainder % 1 = 0
  -- r' = jFull / Lshard = r (given hi)
  -- jLocal = jFull % Lshard = i (given hi)
  -- Reads Ws[r] at (0 * Lshard + i * 1 + 0) = i.` is a flexible tactic modifying `⊢`. Try `simp?` and use the suggested `simp only [...]`. Alternatively, use `suffices` to explicitly state the simplified form.

Note: This linter can be disabled with `set_option linter.flexible false`
info: denote/yoco_goals/Pattern_1.lean:3629:2: Try this:
  [apply] simp only [List.set_cons_zero, List.length_cons, List.length_nil, zero_add, Order.lt_one_iff, getElem?_pos,
    List.getElem_cons_zero, Option.getD_some, one_ne_zero, ↓dreduceIte, mul_one, mul_eq_zero, OfNat.ofNat_ne_zero,
    or_false]
info: denote/yoco_goals/Pattern_1.lean:3649:2: `have hjFull_mod : (r * Lshard + i) % Lshard = i :=
  by
  have h1 : (r * Lshard + i) % Lshard = i % Lshard := by rw [Nat.add_comm, Nat.add_mul_mod_self_right]
  rw [h1, Nat.mod_eq_of_lt hi]` uses `⊢`!
warning: denote/yoco_goals/Pattern_1.lean:3629:2: `simp [Tensor.mkShape, List.set, List.getD]
  -- The mkShape function computes valAt (Ws.getD r' _) (preIdx * dimStride + jLocal * postStride + k)
  -- After all simplifications with dimSize=Lshard, postStride=1, dimStride=Lshard, fullDimStride=Lshard*2:
  -- preIdx = idx / (Lshard*2) = 0 (since idx < Lshard*2)
  -- remainder = idx % (Lshard*2) = idx
  -- jFull = remainder / 1 = idx
  -- k = remainder % 1 = 0
  -- r' = jFull / Lshard = r (given hi)
  -- jLocal = jFull % Lshard = i (given hi)
  -- Reads Ws[r] at (0 * Lshard + i * 1 + 0) = i.` is a flexible tactic modifying `⊢`. Try `simp?` and use the suggested `simp only [...]`. Alternatively, use `suffices` to explicitly state the simplified form.

Note: This linter can be disabled with `set_option linter.flexible false`
info: denote/yoco_goals/Pattern_1.lean:3629:2: Try this:
  [apply] simp only [List.set_cons_zero, List.length_cons, List.length_nil, zero_add, Order.lt_one_iff, getElem?_pos,
    List.getElem_cons_zero, Option.getD_some, one_ne_zero, ↓dreduceIte, mul_one, mul_eq_zero, OfNat.ofNat_ne_zero,
    or_false]
info: denote/yoco_goals/Pattern_1.lean:3653:2: `have hmod1 : (r * Lshard + i) % 1 = 0 := Nat.mod_one _` uses `⊢`!
warning: denote/yoco_goals/Pattern_1.lean:3626:4: The `show` tactic should only be used to indicate intermediate goal states for readability.
However, this tactic invocation changed the goal. Please use `change` instead for these purposes.

Note: This linter can be disabled with `set_option linter.style.show false`
warning: denote/yoco_goals/Pattern_1.lean:3673:24: This simp argument is unused:
  List.set

Hint: Omit it from the simp argument list.
  simp [Tensor.mkShape, L̵i̵s̵t̵.̵s̵e̵t̵,̵ ̵hLshard2_div, hrmod]

Note: This linter can be disabled with `set_option linter.unusedSimpArgs false`
warning: denote/yoco_goals/Pattern_1.lean:3671:4: `simp [prodShape, List.set, hLshard2_div]` is a flexible tactic modifying `⊢`. Try `simp?` and use the suggested `simp only [...]`. Alternatively, use `suffices` to explicitly state the simplified form.

Note: This linter can be disabled with `set_option linter.flexible false`
info: denote/yoco_goals/Pattern_1.lean:3671:4: Try this:
  [apply] simp only [ne_eq, OfNat.ofNat_ne_zero, not_false_eq_true, mul_div_cancel_right₀, List.set_cons_zero]
info: denote/yoco_goals/Pattern_1.lean:3672:4: `exact hi` uses `⊢`!
warning: denote/yoco_goals/Pattern_1.lean:3670:4: The `show` tactic should only be used to indicate intermediate goal states for readability.
However, this tactic invocation changed the goal. Please use `change` instead for these purposes.

Note: This linter can be disabled with `set_option linter.style.show false`
warning: denote/yoco_goals/Pattern_1.lean:3710:4: `simp [Tensor.mkShape]` is a flexible tactic modifying `⊢`. Try `simp?` and use the suggested `simp only [...]`. Alternatively, use `suffices` to explicitly state the simplified form.

Note: This linter can be disabled with `set_option linter.flexible false`
info: denote/yoco_goals/Pattern_1.lean:3711:4: `rw [hxa]` uses `⊢`!
warning: denote/yoco_goals/Pattern_1.lean:3714:4: `simp [Tensor.mkShape]` is a flexible tactic modifying `⊢`. Try `simp?` and use the suggested `simp only [...]`. Alternatively, use `suffices` to explicitly state the simplified form.

Note: This linter can be disabled with `set_option linter.flexible false`
info: denote/yoco_goals/Pattern_1.lean:3715:4: `rw [hxb]` uses `⊢`!
warning: denote/yoco_goals/Pattern_1.lean:3742:4: `simp [Tensor.mkShape]` is a flexible tactic modifying `⊢`. Try `simp?` and use the suggested `simp only [...]`. Alternatively, use `suffices` to explicitly state the simplified form.

Note: This linter can be disabled with `set_option linter.flexible false`
info: denote/yoco_goals/Pattern_1.lean:3743:4: `rw [hG_x]` uses `⊢`!
warning: denote/yoco_goals/Pattern_1.lean:3851:35: `simp [Finset.mem_range] at hj` is a flexible tactic modifying `hj`. Try `simp?` and use the suggested `simp only [...]`. Alternatively, use `suffices` to explicitly state the simplified form.

Note: This linter can be disabled with `set_option linter.flexible false`
info: denote/yoco_goals/Pattern_1.lean:3851:66: `exact hj` uses `hj`!
warning: denote/yoco_goals/Pattern_1.lean:3933:4: The `show` tactic should only be used to indicate intermediate goal states for readability.
However, this tactic invocation changed the goal. Please use `change` instead for these purposes.

Note: This linter can be disabled with `set_option linter.style.show false`
warning: denote/yoco_goals/Pattern_1.lean:3951:4: The `show` tactic should only be used to indicate intermediate goal states for readability.
However, this tactic invocation changed the goal. Please use `change` instead for these purposes.

Note: This linter can be disabled with `set_option linter.style.show false`
warning: denote/yoco_goals/Pattern_1.lean:3970:4: The `show` tactic should only be used to indicate intermediate goal states for readability.
However, this tactic invocation changed the goal. Please use `change` instead for these purposes.

Note: This linter can be disabled with `set_option linter.style.show false`
warning: denote/yoco_goals/Pattern_1.lean:4042:4: The `show` tactic should only be used to indicate intermediate goal states for readability.
However, this tactic invocation changed the goal. Please use `change` instead for these purposes.

Note: This linter can be disabled with `set_option linter.style.show false`
warning: denote/yoco_goals/Pattern_1.lean:4059:4: The `show` tactic should only be used to indicate intermediate goal states for readability.
However, this tactic invocation changed the goal. Please use `change` instead for these purposes.

Note: This linter can be disabled with `set_option linter.style.show false`
warning: denote/yoco_goals/Pattern_1.lean:4077:4: The `show` tactic should only be used to indicate intermediate goal states for readability.
However, this tactic invocation changed the goal. Please use `change` instead for these purposes.

Note: This linter can be disabled with `set_option linter.style.show false`
warning: denote/yoco_goals/Pattern_1.lean:4132:4: The `show` tactic should only be used to indicate intermediate goal states for readability.
However, this tactic invocation changed the goal. Please use `change` instead for these purposes.

Note: This linter can be disabled with `set_option linter.style.show false`
warning: denote/yoco_goals/Pattern_1.lean:4149:4: The `show` tactic should only be used to indicate intermediate goal states for readability.
However, this tactic invocation changed the goal. Please use `change` instead for these purposes.

Note: This linter can be disabled with `set_option linter.style.show false`
warning: denote/yoco_goals/Pattern_1.lean:4167:4: The `show` tactic should only be used to indicate intermediate goal states for readability.
However, this tactic invocation changed the goal. Please use `change` instead for these purposes.

Note: This linter can be disabled with `set_option linter.style.show false`
warning: denote/yoco_goals/Pattern_1.lean:4203:4: The `show` tactic should only be used to indicate intermediate goal states for readability.
However, this tactic invocation changed the goal. Please use `change` instead for these purposes.

Note: This linter can be disabled with `set_option linter.style.show false`
warning: denote/yoco_goals/Pattern_1.lean:4251:42: Using `native_decide` is not allowed in mathlib: because it trusts the entire Lean compiler (not just the Lean kernel), it could quite possibly be used to prove false.

Note: This linter can be disabled with `set_option linter.style.nativeDecide false`
warning: denote/yoco_goals/Pattern_1.lean:4253:42: Using `native_decide` is not allowed in mathlib: because it trusts the entire Lean compiler (not just the Lean kernel), it could quite possibly be used to prove false.

Note: This linter can be disabled with `set_option linter.style.nativeDecide false`
warning: denote/yoco_goals/Pattern_1.lean:4255:42: Using `native_decide` is not allowed in mathlib: because it trusts the entire Lean compiler (not just the Lean kernel), it could quite possibly be used to prove false.

Note: This linter can be disabled with `set_option linter.style.nativeDecide false`
warning: denote/yoco_goals/Pattern_1.lean:4257:42: Using `native_decide` is not allowed in mathlib: because it trusts the entire Lean compiler (not just the Lean kernel), it could quite possibly be used to prove false.

Note: This linter can be disabled with `set_option linter.style.nativeDecide false`
warning: denote/yoco_goals/Pattern_1.lean:4259:42: Using `native_decide` is not allowed in mathlib: because it trusts the entire Lean compiler (not just the Lean kernel), it could quite possibly be used to prove false.

Note: This linter can be disabled with `set_option linter.style.nativeDecide false`
warning: denote/yoco_goals/Pattern_1.lean:4261:42: Using `native_decide` is not allowed in mathlib: because it trusts the entire Lean compiler (not just the Lean kernel), it could quite possibly be used to prove false.

Note: This linter can be disabled with `set_option linter.style.nativeDecide false`
warning: denote/yoco_goals/Pattern_1.lean:4263:42: Using `native_decide` is not allowed in mathlib: because it trusts the entire Lean compiler (not just the Lean kernel), it could quite possibly be used to prove false.

Note: This linter can be disabled with `set_option linter.style.nativeDecide false`
warning: denote/yoco_goals/Pattern_1.lean:4265:42: Using `native_decide` is not allowed in mathlib: because it trusts the entire Lean compiler (not just the Lean kernel), it could quite possibly be used to prove false.

Note: This linter can be disabled with `set_option linter.style.nativeDecide false`
warning: denote/yoco_goals/Pattern_1.lean:4267:90: Using `native_decide` is not allowed in mathlib: because it trusts the entire Lean compiler (not just the Lean kernel), it could quite possibly be used to prove false.

Note: This linter can be disabled with `set_option linter.style.nativeDecide false`
warning: denote/yoco_goals/Pattern_1.lean:4268:90: Using `native_decide` is not allowed in mathlib: because it trusts the entire Lean compiler (not just the Lean kernel), it could quite possibly be used to prove false.

Note: This linter can be disabled with `set_option linter.style.nativeDecide false`
warning: denote/yoco_goals/Pattern_1.lean:4269:86: Using `native_decide` is not allowed in mathlib: because it trusts the entire Lean compiler (not just the Lean kernel), it could quite possibly be used to prove false.

Note: This linter can be disabled with `set_option linter.style.nativeDecide false`
warning: denote/yoco_goals/Pattern_1.lean:4270:98: Using `native_decide` is not allowed in mathlib: because it trusts the entire Lean compiler (not just the Lean kernel), it could quite possibly be used to prove false.

Note: This linter can be disabled with `set_option linter.style.nativeDecide false`
warning: denote/yoco_goals/Pattern_1.lean:4271:96: Using `native_decide` is not allowed in mathlib: because it trusts the entire Lean compiler (not just the Lean kernel), it could quite possibly be used to prove false.

Note: This linter can be disabled with `set_option linter.style.nativeDecide false`
warning: denote/yoco_goals/Pattern_1.lean:4273:45: Using `native_decide` is not allowed in mathlib: because it trusts the entire Lean compiler (not just the Lean kernel), it could quite possibly be used to prove false.

Note: This linter can be disabled with `set_option linter.style.nativeDecide false`
warning: denote/yoco_goals/Pattern_1.lean:4276:45: Using `native_decide` is not allowed in mathlib: because it trusts the entire Lean compiler (not just the Lean kernel), it could quite possibly be used to prove false.

Note: This linter can be disabled with `set_option linter.style.nativeDecide false`
warning: denote/yoco_goals/Pattern_1.lean:4279:45: Using `native_decide` is not allowed in mathlib: because it trusts the entire Lean compiler (not just the Lean kernel), it could quite possibly be used to prove false.

Note: This linter can be disabled with `set_option linter.style.nativeDecide false`
warning: denote/yoco_goals/Pattern_1.lean:4282:37: Using `native_decide` is not allowed in mathlib: because it trusts the entire Lean compiler (not just the Lean kernel), it could quite possibly be used to prove false.

Note: This linter can be disabled with `set_option linter.style.nativeDecide false`
warning: denote/yoco_goals/Pattern_1.lean:4285:37: Using `native_decide` is not allowed in mathlib: because it trusts the entire Lean compiler (not just the Lean kernel), it could quite possibly be used to prove false.

Note: This linter can be disabled with `set_option linter.style.nativeDecide false`
warning: denote/yoco_goals/Pattern_1.lean:4299:90: Using `native_decide` is not allowed in mathlib: because it trusts the entire Lean compiler (not just the Lean kernel), it could quite possibly be used to prove false.

Note: This linter can be disabled with `set_option linter.style.nativeDecide false`
warning: denote/yoco_goals/Pattern_1.lean:4300:90: Using `native_decide` is not allowed in mathlib: because it trusts the entire Lean compiler (not just the Lean kernel), it could quite possibly be used to prove false.

Note: This linter can be disabled with `set_option linter.style.nativeDecide false`
warning: denote/yoco_goals/Pattern_1.lean:4301:86: Using `native_decide` is not allowed in mathlib: because it trusts the entire Lean compiler (not just the Lean kernel), it could quite possibly be used to prove false.

Note: This linter can be disabled with `set_option linter.style.nativeDecide false`
warning: denote/yoco_goals/Pattern_1.lean:4302:98: Using `native_decide` is not allowed in mathlib: because it trusts the entire Lean compiler (not just the Lean kernel), it could quite possibly be used to prove false.

Note: This linter can be disabled with `set_option linter.style.nativeDecide false`
warning: denote/yoco_goals/Pattern_1.lean:4303:96: Using `native_decide` is not allowed in mathlib: because it trusts the entire Lean compiler (not just the Lean kernel), it could quite possibly be used to prove false.

Note: This linter can be disabled with `set_option linter.style.nativeDecide false`
warning: denote/yoco_goals/Pattern_1.lean:4497:6: The `show` tactic should only be used to indicate intermediate goal states for readability.
However, this tactic invocation changed the goal. Please use `change` instead for these purposes.

Note: This linter can be disabled with `set_option linter.style.show false`
warning: denote/yoco_goals/Pattern_1.lean:4510:6: The `show` tactic should only be used to indicate intermediate goal states for readability.
However, this tactic invocation changed the goal. Please use `change` instead for these purposes.

Note: This linter can be disabled with `set_option linter.style.show false`
warning: denote/yoco_goals/Pattern_1.lean:4543:6: The `show` tactic should only be used to indicate intermediate goal states for readability.
However, this tactic invocation changed the goal. Please use `change` instead for these purposes.

Note: This linter can be disabled with `set_option linter.style.show false`
warning: denote/yoco_goals/Pattern_1.lean:4556:6: The `show` tactic should only be used to indicate intermediate goal states for readability.
However, this tactic invocation changed the goal. Please use `change` instead for these purposes.

Note: This linter can be disabled with `set_option linter.style.show false`
warning: denote/yoco_goals/Pattern_1.lean:4636:6: The `show` tactic should only be used to indicate intermediate goal states for readability.
However, this tactic invocation changed the goal. Please use `change` instead for these purposes.

Note: This linter can be disabled with `set_option linter.style.show false`
warning: denote/yoco_goals/Pattern_1.lean:4653:6: The `show` tactic should only be used to indicate intermediate goal states for readability.
However, this tactic invocation changed the goal. Please use `change` instead for these purposes.

Note: This linter can be disabled with `set_option linter.style.show false`
warning: denote/yoco_goals/Pattern_1.lean:4671:6: The `show` tactic should only be used to indicate intermediate goal states for readability.
However, this tactic invocation changed the goal. Please use `change` instead for these purposes.

Note: This linter can be disabled with `set_option linter.style.show false`
warning: denote/yoco_goals/Pattern_1.lean:4718:6: The `show` tactic should only be used to indicate intermediate goal states for readability.
However, this tactic invocation changed the goal. Please use `change` instead for these purposes.

Note: This linter can be disabled with `set_option linter.style.show false`
warning: denote/yoco_goals/Pattern_1.lean:4735:6: The `show` tactic should only be used to indicate intermediate goal states for readability.
However, this tactic invocation changed the goal. Please use `change` instead for these purposes.

Note: This linter can be disabled with `set_option linter.style.show false`
warning: denote/yoco_goals/Pattern_1.lean:4753:6: The `show` tactic should only be used to indicate intermediate goal states for readability.
However, this tactic invocation changed the goal. Please use `change` instead for these purposes.

Note: This linter can be disabled with `set_option linter.style.show false`
warning: denote/yoco_goals/Pattern_1.lean:4868:40: '' starts on column 40, but all commands should start at the beginning of the line.

Note: This linter can be disabled with `set_option linter.style.whitespace false`
Build completed successfully (2630 jobs).
Exporting #[pattern_1_honest_check, propext, Classical.choice, Quot.sound, Lean.ofReduceBool, Lean.trustCompiler, TrainVerify.Denote.GeneratedPatterns.prove_goal_1._native.native_decide.ax_1_2, TrainVerify.Denote.GeneratedPatterns.prove_goal_1._native.native_decide.ax_1_3, TrainVerify.Denote.GeneratedPatterns.prove_goal_1._native.native_decide.ax_1_4, TrainVerify.Denote.GeneratedPatterns.prove_goal_1._native.native_decide.ax_1_5, TrainVerify.Denote.GeneratedPatterns.prove_goal_1._native.native_decide.ax_1_6, TrainVerify.Denote.GeneratedPatterns.prove_goal_1._native.native_decide.ax_1_7, TrainVerify.Denote.GeneratedPatterns.prove_goal_1._native.native_decide.ax_1_8, TrainVerify.Denote.GeneratedPatterns.prove_goal_1._native.native_decide.ax_1_9, TrainVerify.Denote.GeneratedPatterns.prove_goal_1._native.native_decide.ax_1_10, TrainVerify.Denote.GeneratedPatterns.prove_goal_1._native.native_decide.ax_1_11, TrainVerify.Denote.GeneratedPatterns.prove_goal_1._native.native_decide.ax_1_12, TrainVerify.Denote.GeneratedPatterns.prove_goal_1._native.native_decide.ax_1_13, TrainVerify.Denote.GeneratedPatterns.prove_goal_1._native.native_decide.ax_1_14, TrainVerify.Denote.GeneratedPatterns.prove_goal_1._native.native_decide.ax_1_15, TrainVerify.Denote.GeneratedPatterns.prove_goal_1._native.native_decide.ax_1_16, TrainVerify.Denote.GeneratedPatterns.prove_goal_1._native.native_decide.ax_1_17, TrainVerify.Denote.GeneratedPatterns.prove_goal_1._native.native_decide.ax_1_18, TrainVerify.Denote.GeneratedPatterns.prove_goal_1._native.native_decide.ax_1_19, TrainVerify.Denote.GeneratedPatterns.prove_goal_1._native.native_decide.ax_1_20, TrainVerify.Denote.GeneratedPatterns.prove_goal_1._native.native_decide.ax_1_21, TrainVerify.Denote.GeneratedPatterns.prove_goal_1._native.native_decide.ax_1_22, TrainVerify.Denote.GeneratedPatterns.prove_goal_1._native.native_decide.ax_1_23, TrainVerify.Denote.GeneratedPatterns.prove_goal_1._native.native_decide.ax_1_24, Nat.add, Nat.sub, Nat.mul, Nat.pow, Nat.gcd, Nat.div, Nat.mod, Nat.beq, Nat.ble, Nat.land, Nat.lor, Nat.xor, Nat.shiftLeft, Nat.shiftRight, String.ofList] from Solution
Running Lean default kernel on solution.
Lean default kernel accepts the solution
Your solution is okay!
